企业代号,企业名称,估计信用等级,有效销项金额,有效进项金额,月均销项收入,毛利率,有效销项发票数,有效进项发票数,销项作废率,进项作废率,销项负数率,进项负数率,有效经营月份数,最长销项断档月数,销项收入波动系数,客户数,供应商数,客户集中度HHI,供应商集中度HHI,进销匹配差异,经营规模分,经营连续性分,交易真实性分,抗风险能力分,经营综合预评分,信用基础分,信用得分,风险得分,最大作废率,最大负数率,是否一票否决,一票否决原因,是否高风险池,高风险池原因,风险等级,分级依据指标
E124,个体经营E124 ,类A,741780367.830012,785525535.339999,29671214.713200,-0.058973,1099,15264,0.150039,0.123313,0.032483,0.019872,25,0,0.643524,52,1403,0.073443,0.031150,0.058973,90.659439,77.339948,73.090165,76.757393,80.156839,90.000000,80.756869,19.243131,0.150039,0.032483,否,,否,,低风险,信用得分=80.76，有效销项金额=741780367.83，毛利率=-5.90%，有效经营月份=25，最大作废率=15.00%，最大负数率=3.25%，进销匹配差异=0.06，客户HHI=0.073，供应商HHI=0.031
E125,个体经营E125 ,类A,941211364.490018,932383246.020000,26891753.271143,0.009380,1380,17776,0.134796,0.123817,0.026959,0.020012,36,1,0.696809,63,1789,0.059261,0.016835,0.009380,96.518245,90.599874,76.920498,78.450147,86.525596,90.000000,86.169690,13.830310,0.134796,0.026959,否,,否,,低风险,信用得分=86.17，有效销项金额=941211364.49，毛利率=0.94%，有效经营月份=36，最大作废率=13.48%，最大负数率=2.70%，进销匹配差异=0.01，客户HHI=0.059，供应商HHI=0.017
E126,个体经营E126 ,类A,520691097.819999,112773465.190000,14463641.606111,0.783416,1264,515,0.166227,0.033771,0.021108,0.005629,36,0,0.641598,143,72,0.062628,0.294442,0.783416,81.813684,93.866691,59.852229,53.598554,73.693546,90.000000,73.909527,26.090473,0.166227,0.021108,否,,否,,较低风险,信用得分=73.91，有效销项金额=520691097.82，毛利率=78.34%，有效经营月份=36，最大作废率=16.62%，最大负数率=2.11%，进销匹配差异=0.78，客户HHI=0.063，供应商HHI=0.294
E127,个体经营E127 ,类A,651937954.529983,1646702.460000,18109387.625833,0.997474,3904,1424,0.030303,0.017931,0.000994,0.001379,36,0,0.794343,25,297,0.133780,0.062524,0.997474,70.137774,91.745242,78.094882,58.351480,75.171659,90.000000,76.077508,23.922492,0.030303,0.001379,否,,否,,较低风险,信用得分=76.08，有效销项金额=651937954.53，毛利率=99.75%，有效经营月份=36，最大作废率=3.03%，最大负数率=0.14%，进销匹配差异=1.00，客户HHI=0.134，供应商HHI=0.063
E128,个体经营E128 ,类B,242390151.789996,8928032.930000,7345156.114848,0.963167,1161,3134,0.074900,0.027312,0.000000,0.004966,36,2,1.322392,7,532,0.952254,0.026047,0.963167,72.009090,79.411219,71.913648,46.177447,68.669433,75.000000,68.598418,31.401582,0.074900,0.004966,否,,否,,较低风险,信用得分=68.60，有效销项金额=242390151.79，毛利率=96.32%，有效经营月份=36，最大作废率=7.49%，最大负数率=0.50%，进销匹配差异=0.96，客户HHI=0.952，供应商HHI=0.026
E129,个体经营E129 ,类A,324806032.619999,76126149.460000,9022389.795000,0.765626,5181,5928,0.109335,0.062915,0.014956,0.004584,36,0,0.568493,796,1368,0.010669,0.040716,0.765626,82.784047,94.882048,69.051265,99.336020,85.685746,90.000000,85.802441,14.197559,0.109335,0.014956,否,,否,,低风险,信用得分=85.80，有效销项金额=324806032.62，毛利率=76.56%，有效经营月份=36，最大作废率=10.93%，最大负数率=1.50%，进销匹配差异=0.77，客户HHI=0.011，供应商HHI=0.041
E130,个体经营E130 ,类B,110036672.880001,72445153.240000,5001666.949091,0.341627,1321,3123,0.044139,0.039373,0.015195,0.005537,31,7,1.428063,14,517,0.763920,0.046382,0.341627,74.185664,57.943571,85.562769,46.639349,67.460154,75.000000,68.353692,31.646308,0.044139,0.015195,否,,否,,较低风险,信用得分=68.35，有效销项金额=110036672.88，毛利率=34.16%，有效经营月份=31，最大作废率=4.41%，最大负数率=1.52%，进销匹配差异=0.34，客户HHI=0.764，供应商HHI=0.046
E131,个体经营E131 ,类A,209084031.790000,111348020.140000,5807889.771944,0.467448,3097,6527,0.071643,0.077717,0.012890,0.018369,36,0,0.381074,818,906,0.009754,0.064333,0.467448,97.885658,97.485080,78.183930,98.579073,92.998765,90.000000,92.230228,7.769772,0.077717,0.018369,否,,否,,低风险,信用得分=92.23，有效销项金额=209084031.79，毛利率=46.74%，有效经营月份=36，最大作废率=7.77%，最大负数率=1.84%，进销匹配差异=0.47，客户HHI=0.010，供应商HHI=0.064
E132,个体经营E132 ,类A,203358261.850003,64061771.730000,5981125.348530,0.684981,1659,5050,0.077308,0.021128,0.004449,0.001938,34,0,0.670465,99,682,0.026044,0.077028,0.684981,85.503450,90.465771,76.522292,80.569744,83.511999,90.000000,83.713538,16.286462,0.077308,0.004449,否,,否,,低风险,信用得分=83.71，有效销项金额=203358261.85，毛利率=68.50%，有效经营月份=34，最大作废率=7.73%，最大负数率=0.44%，进销匹配差异=0.68，客户HHI=0.026，供应商HHI=0.077
E133,个体经营E133 ,类B,113655014.380000,39108647.880000,5682750.719000,0.655900,140,1599,0.176471,0.027964,0.017647,0.001216,35,6,1.208403,9,282,0.456317,0.072610,0.655900,66.547474,69.494404,61.168802,45.805983,61.791240,75.000000,62.489146,37.510854,0.176471,0.017647,否,,否,,中风险,信用得分=62.49，有效销项金额=113655014.38，毛利率=65.59%，有效经营月份=35，最大作废率=17.65%，最大负数率=1.76%，进销匹配差异=0.66，客户HHI=0.456，供应商HHI=0.073
E134,***工程咨询有限公司,类A,122815469.980001,3928745.500000,3319337.026487,0.968011,2835,1664,0.076547,0.018289,0.018893,0.004130,37,0,0.787400,1672,581,0.007615,0.109889,0.968011,41.730828,91.841668,69.509319,95.236706,71.904336,90.000000,74.225712,25.774288,0.076547,0.018893,否,,否,,较低风险,信用得分=74.23，有效销项金额=122815469.98，毛利率=96.80%，有效经营月份=37，最大作废率=7.65%，最大负数率=1.89%，进销匹配差异=0.97，客户HHI=0.008，供应商HHI=0.110
E135,***建设工程有限公司,类B,135537558.520000,24565279.450000,3872501.672000,0.818757,367,2847,0.111380,0.015220,0.033898,0.001730,37,2,0.796003,73,364,0.092281,0.050838,0.818757,54.895888,86.722177,64.993792,66.594445,67.716648,75.000000,68.135745,31.864255,0.111380,0.033898,否,,否,,较低风险,信用得分=68.14，有效销项金额=135537558.52，毛利率=81.88%，有效经营月份=37，最大作废率=11.14%，最大负数率=3.39%，进销匹配差异=0.82，客户HHI=0.092，供应商HHI=0.051
E136,***机械有限责任公司,类B,116652185.360000,114520005.260000,4166149.477143,0.018278,1284,1286,0.052399,0.001553,0.002952,0.000776,29,1,0.938048,4,16,0.639820,0.999322,0.018278,69.438803,76.749335,91.901535,5.528124,64.099983,75.000000,64.290576,35.709424,0.052399,0.002952,否,,否,,中风险,信用得分=64.29，有效销项金额=116652185.36，毛利率=1.83%，有效经营月份=29，最大作废率=5.24%，最大负数率=0.30%，进销匹配差异=0.02，客户HHI=0.640，供应商HHI=0.999
E137,***建设工程有限公司,类A,143264372.920000,103268584.529999,4775479.097333,0.279175,231,3141,0.090551,0.042670,0.023622,0.011582,37,2,1.052346,25,675,0.137409,0.038214,0.279175,80.403754,83.161856,78.893970,72.318719,79.098827,90.000000,79.920546,20.079454,0.090551,0.023622,否,,否,,较低风险,信用得分=79.92，有效销项金额=143264372.92，毛利率=27.92%，有效经营月份=37，最大作废率=9.06%，最大负数率=2.36%，进销匹配差异=0.28，客户HHI=0.137，供应商HHI=0.038
E138,个体经营E138 ,类B,107831741.030000,20785662.730000,2995326.139722,0.807240,1439,512,0.035523,0.015385,0.008043,0.048077,36,0,0.612094,118,54,0.042573,0.173865,0.807240,45.936143,94.276476,73.688574,55.380114,66.848128,75.000000,67.337497,32.662503,0.035523,0.048077,否,,否,,较低风险,信用得分=67.34，有效销项金额=107831741.03，毛利率=80.72%，有效经营月份=36，最大作废率=3.55%，最大负数率=4.81%，进销匹配差异=0.81，客户HHI=0.043，供应商HHI=0.174
E139,个体经营E139 ,类A,187713527.390002,1210488.040000,5214264.649722,0.993551,12209,457,0.047808,0.031780,0.002574,0.004237,36,0,0.405477,167,77,0.097390,0.076610,0.993551,62.136407,97.146147,75.284074,61.589120,74.066301,90.000000,75.102174,24.897826,0.047808,0.004237,否,,否,,较低风险,信用得分=75.10，有效销项金额=187713527.39，毛利率=99.36%，有效经营月份=36，最大作废率=4.78%，最大负数率=0.42%，进销匹配差异=0.99，客户HHI=0.097，供应商HHI=0.077
E140,***建筑工程有限公司,类B,182429033.050000,6926522.320000,4930514.406757,0.962032,726,2023,0.140828,0.024590,0.026036,0.008679,37,0,0.806396,20,561,0.135180,0.118147,0.962032,61.545831,91.577831,59.543144,66.741205,69.592234,75.000000,69.436051,30.563949,0.140828,0.026036,否,,否,,较低风险,信用得分=69.44，有效销项金额=182429033.05，毛利率=96.20%，有效经营月份=37，最大作废率=14.08%，最大负数率=2.60%，进销匹配差异=0.96，客户HHI=0.135，供应商HHI=0.118
E141,***食品有限公司,类A,159374968.200000,39177009.150000,4553570.520000,0.754183,4458,1357,0.059494,0.039632,0.030380,0.002123,36,0,0.423897,1183,208,0.015721,0.056889,0.754183,66.363085,96.890317,73.915714,81.933806,78.997194,90.000000,79.834524,20.165476,0.059494,0.030380,否,,否,,较低风险,信用得分=79.83，有效销项金额=159374968.20，毛利率=75.42%，有效经营月份=36，最大作废率=5.95%，最大负数率=3.04%，进销匹配差异=0.75，客户HHI=0.016，供应商HHI=0.057
E142,***运业有限公司,类B,97267679.639999,49328650.860000,2628856.206486,0.492857,1366,704,0.074526,0.031637,0.006775,0.015131,37,0,0.617628,66,96,0.300534,0.234734,0.492857,59.296253,94.199606,78.671802,42.686416,69.544011,75.000000,69.369218,30.630782,0.074526,0.015131,否,,否,,较低风险,信用得分=69.37，有效销项金额=97267679.64，毛利率=49.29%，有效经营月份=37，最大作废率=7.45%，最大负数率=1.51%，进销匹配差异=0.49，客户HHI=0.301，供应商HHI=0.235
E143,***电子科技有限公司,类B,90439864.439999,32709212.260000,2512218.456667,0.638332,1099,3579,0.044348,0.036349,0.018261,0.012116,38,1,1.153794,76,598,0.385517,0.079589,0.638332,49.409609,84.252857,79.881365,65.925797,69.041598,75.000000,69.858474,30.141526,0.044348,0.018261,否,,否,,较低风险,信用得分=69.86，有效销项金额=90439864.44，毛利率=63.83%，有效经营月份=38，最大作废率=4.43%，最大负数率=1.83%，进销匹配差异=0.64，客户HHI=0.386，供应商HHI=0.080
E144,***劳务有限公司,类B,104168305.739999,8662197.310000,3858085.397778,0.916844,1245,2434,0.084559,0.017756,0.042647,0.004439,30,1,0.941485,28,671,0.128593,0.074268,0.916844,42.733574,78.201599,65.719932,71.685920,63.137639,75.000000,64.590880,35.409120,0.084559,0.042647,否,,否,,中风险,信用得分=64.59，有效销项金额=104168305.74，毛利率=91.68%，有效经营月份=30，最大作废率=8.46%，最大负数率=4.26%，进销匹配差异=0.92，客户HHI=0.129，供应商HHI=0.074
E145,***工贸有限公司,类A,117569720.060000,112976762.780000,3177560.001622,0.039066,3844,2916,0.099977,0.024096,0.018965,0.006024,37,0,0.394762,394,377,0.087159,0.148676,0.039066,67.333817,97.294974,82.474859,83.636347,81.869873,90.000000,82.638433,17.361567,0.099977,0.018965,否,,否,,低风险,信用得分=82.64，有效销项金额=117569720.06，毛利率=3.91%，有效经营月份=37，最大作废率=10.00%，最大负数率=1.90%，进销匹配差异=0.04，客户HHI=0.087，供应商HHI=0.149
E146,***基础建设工程有限公司,类A,131110608.430000,123019829.789999,3543529.957568,0.061710,1416,3170,0.121588,0.024615,0.021092,0.002462,37,0,0.622431,63,383,0.079834,0.368785,0.061710,72.697818,94.132900,78.733978,56.766192,76.379303,90.000000,77.037768,22.962232,0.121588,0.021092,否,,否,,较低风险,信用得分=77.04，有效销项金额=131110608.43，毛利率=6.17%，有效经营月份=37，最大作废率=12.16%，最大负数率=2.11%，进销匹配差异=0.06，客户HHI=0.080，供应商HHI=0.369
E147,***装饰工程有限责任公司,类A,187669783.070002,147605710.199996,5213049.529722,0.213482,2314,5603,0.024040,0.064764,0.010122,0.010683,37,1,0.728524,145,733,0.060312,0.050908,0.213482,91.770229,90.159383,85.594732,83.992138,88.268025,90.000000,88.171545,11.828455,0.064764,0.010683,否,,否,,低风险,信用得分=88.17，有效销项金额=187669783.07，毛利率=21.35%，有效经营月份=37，最大作废率=6.48%，最大负数率=1.07%，进销匹配差异=0.21，客户HHI=0.060，供应商HHI=0.051
E148,***商贸有限公司,类B,80568173.170000,28869945.280000,4739304.304118,0.641671,270,511,0.039146,0.064103,0.003559,0.003663,36,2,0.927241,186,134,0.011078,0.477567,0.641671,56.303599,84.899424,79.246955,55.032320,68.934138,75.000000,69.373987,30.626013,0.064103,0.003663,否,,否,,较低风险,信用得分=69.37，有效销项金额=80568173.17，毛利率=64.17%，有效经营月份=36，最大作废率=6.41%，最大负数率=0.37%，进销匹配差异=0.64，客户HHI=0.011，供应商HHI=0.478
E149,***建筑劳务有限公司,类C,101240606.260001,566820.350000,3893869.471538,0.994401,1147,285,0.064437,0.027304,0.026101,0.000000,34,3,0.885443,10,109,0.230663,0.191524,0.994401,38.020815,79.979956,69.661600,42.349351,57.286504,60.000000,57.386465,42.613535,0.064437,0.026101,否,,否,,中风险,信用得分=57.39，有效销项金额=101240606.26，毛利率=99.44%，有效经营月份=34，最大作废率=6.44%，最大负数率=2.61%，进销匹配差异=0.99，客户HHI=0.231，供应商HHI=0.192
E150,***建设工程有限公司,类A,114258375.140000,83207437.350000,3173843.753889,0.271761,410,3268,0.116379,0.032850,0.002155,0.004735,37,1,0.804099,126,463,0.073720,0.036822,0.271761,67.542881,89.109733,78.240815,75.864343,77.273370,90.000000,78.440739,21.559261,0.116379,0.004735,否,,否,,较低风险,信用得分=78.44，有效销项金额=114258375.14，毛利率=27.18%，有效经营月份=37，最大作废率=11.64%，最大负数率=0.47%，进销匹配差异=0.27，客户HHI=0.074，供应商HHI=0.037
E151,***路桥工程有限公司,类C,102421152.950000,10289917.700000,4453093.606522,0.899533,140,781,0.054054,0.024969,0.000000,0.001248,31,2,0.856002,5,172,0.274239,0.278050,0.899533,45.759957,78.388861,76.503334,40.312808,60.513598,60.000000,60.306157,39.693843,0.054054,0.001248,否,,否,,中风险,信用得分=60.31，有效销项金额=102421152.95，毛利率=89.95%，有效经营月份=31，最大作废率=5.41%，最大负数率=0.12%，进销匹配差异=0.90，客户HHI=0.274，供应商HHI=0.278
E152,***运贸有限责任公司,类B,119611727.990000,6302403.630000,3232749.405135,0.947309,1488,891,0.024262,0.023026,0.005902,0.025219,37,0,0.302437,15,148,0.696124,0.203977,0.947309,41.812633,98.577270,76.242468,29.000510,62.048827,75.000000,62.529331,37.470669,0.024262,0.025219,否,,否,,中风险,信用得分=62.53，有效销项金额=119611727.99，毛利率=94.73%，有效经营月份=37，最大作废率=2.43%，最大负数率=2.52%，进销匹配差异=0.95，客户HHI=0.696，供应商HHI=0.204
E153,个体经营E153 ,类C,241023767.760000,87916.360000,8311164.405517,0.999635,280,71,0.211268,0.000000,0.002817,0.000000,32,2,1.051019,6,33,0.494476,0.451701,0.999635,70.019896,77.180288,52.506383,22.177857,57.863208,60.000000,56.503199,43.496801,0.211268,0.002817,否,,否,,中风险,信用得分=56.50，有效销项金额=241023767.76，毛利率=99.96%，有效经营月份=32，最大作废率=21.13%，最大负数率=0.28%，进销匹配差异=1.00，客户HHI=0.494，供应商HHI=0.452
E154,***汽车销售服务有限公司,类B,74457899.330000,123056747.009999,2481929.977667,-0.652702,1816,2657,0.055642,0.014466,0.013001,0.020030,30,0,0.611105,303,300,0.364127,0.386617,0.652702,26.116857,85.290212,77.783346,62.962969,61.196040,75.000000,63.125687,36.874313,0.055642,0.020030,否,,否,,中风险,信用得分=63.13，有效销项金额=74457899.33，毛利率=-65.27%，有效经营月份=30，最大作废率=5.56%，最大负数率=2.00%，进销匹配差异=0.65，客户HHI=0.364，供应商HHI=0.387
E155,个体经营E155 ,类B,78595786.980000,74244539.660000,3143831.479200,0.055362,1045,398,0.035088,0.045564,0.008310,0.021583,25,0,0.580139,56,50,0.075685,0.164519,0.055362,59.742183,78.220298,89.414852,49.492766,69.729995,75.000000,70.331871,29.668129,0.045564,0.021583,否,,否,,较低风险,信用得分=70.33，有效销项金额=78595786.98，毛利率=5.54%，有效经营月份=25，最大作废率=4.56%，最大负数率=2.16%，进销匹配差异=0.06，客户HHI=0.076，供应商HHI=0.165
E156,个体经营E156 ,类C,153867406.210000,2141865.020000,4525511.947353,0.986080,384,592,0.135135,0.031097,0.065315,0.018003,36,2,1.463296,32,151,0.178671,0.203084,0.986080,52.412715,77.454217,54.027387,47.096119,58.013439,60.000000,57.520093,42.479907,0.135135,0.065315,否,,否,,中风险,信用得分=57.52，有效销项金额=153867406.21，毛利率=98.61%，有效经营月份=36，最大作废率=13.51%，最大负数率=6.53%，进销匹配差异=0.99，客户HHI=0.179，供应商HHI=0.203
E157,***环境设备工程有限公司,类B,67116525.759999,47908999.590000,1974015.463529,0.286182,918,1472,0.081081,0.052157,0.075075,0.007727,37,2,1.607236,87,307,0.202763,0.051051,0.286182,52.438139,75.455049,72.379206,61.875166,65.065039,75.000000,66.170379,33.829621,0.081081,0.075075,否,,否,,较低风险,信用得分=66.17，有效销项金额=67116525.76，毛利率=28.62%，有效经营月份=37，最大作废率=8.11%，最大负数率=7.51%，进销匹配差异=0.29，客户HHI=0.203，供应商HHI=0.051
E158,***装饰工程有限公司,类B,79121019.390001,62683706.160000,2825750.692500,0.207749,859,1099,0.128803,0.063884,0.000000,0.011073,31,1,1.506759,9,303,0.174574,0.826378,0.207749,58.541112,71.850570,76.670950,32.366999,61.166113,75.000000,62.146529,37.853471,0.128803,0.011073,否,,否,,中风险,信用得分=62.15，有效销项金额=79121019.39，毛利率=20.77%，有效经营月份=31，最大作废率=12.88%，最大负数率=1.11%，进销匹配差异=0.21，客户HHI=0.175，供应商HHI=0.826
E159,个体经营E159 ,类A,103171771.590000,66228852.230000,2947764.902571,0.358072,233,4472,0.079051,0.045260,0.007905,0.002989,35,1,0.678497,80,1037,0.042599,0.041974,0.358072,64.222355,89.354203,81.480776,79.641208,77.903693,90.000000,79.224865,20.775135,0.079051,0.007905,否,,否,,较低风险,信用得分=79.22，有效销项金额=103171771.59，毛利率=35.81%，有效经营月份=35，最大作废率=7.91%，最大负数率=0.79%，进销匹配差异=0.36，客户HHI=0.043，供应商HHI=0.042
E160,***钢结构工程有限公司,类A,222833468.579998,150164582.909999,6022526.177838,0.326113,2814,4245,0.166716,0.031706,0.033758,0.002965,37,0,0.752039,65,424,0.217512,0.094994,0.326113,99.780360,92.332793,65.889114,62.937909,82.077166,90.000000,81.471509,18.528491,0.166716,0.033758,否,,否,,低风险,信用得分=81.47，有效销项金额=222833468.58，毛利率=32.61%，有效经营月份=37，最大作废率=16.67%，最大负数率=3.38%，进销匹配差异=0.33，客户HHI=0.218，供应商HHI=0.095
E161,***建筑劳务有限责任公司,类B,153900098.870000,879826.760000,4663639.359697,0.994283,238,246,0.176471,0.008065,0.010381,0.000000,37,1,0.890082,21,140,0.088263,0.143158,0.994283,52.542963,87.915524,56.337069,50.591265,61.944290,75.000000,62.421366,37.578634,0.176471,0.010381,否,,否,,中风险,信用得分=62.42，有效销项金额=153900098.87，毛利率=99.43%，有效经营月份=37，最大作废率=17.65%，最大负数率=1.04%，进销匹配差异=0.99，客户HHI=0.088，供应商HHI=0.143
E162,***网络信息安全有限公司,类A,136961159.180000,133517857.640000,3804476.643889,0.025141,471,9820,0.078278,0.052398,0.058708,0.023545,38,1,1.434123,100,1277,0.065362,0.052194,0.025141,72.904494,80.359402,79.794871,80.185581,77.947032,90.000000,79.283838,20.716162,0.078278,0.058708,否,,否,,较低风险,信用得分=79.28，有效销项金额=136961159.18，毛利率=2.51%，有效经营月份=38，最大作废率=7.83%，最大负数率=5.87%，进销匹配差异=0.03，客户HHI=0.065，供应商HHI=0.052
E163,***物流有限公司,类B,130693646.520000,75117230.539999,3630379.070000,0.425242,928,2576,0.150183,0.021648,0.008242,0.003798,38,1,0.889786,23,267,0.581995,0.130471,0.425242,72.966875,87.919634,70.296362,40.441090,69.532279,75.000000,68.987954,31.012046,0.150183,0.008242,否,,否,,较低风险,信用得分=68.99，有效销项金额=130693646.52，毛利率=42.52%，有效经营月份=38，最大作废率=15.02%，最大负数率=0.82%，进销匹配差异=0.43，客户HHI=0.582，供应商HHI=0.130
E164,个体经营E164 ,类A,119829636.730000,70610100.740000,3328601.020278,0.410746,1453,4099,0.125226,0.022651,0.012643,0.009061,36,0,0.766524,85,503,0.040809,0.223781,0.410746,69.381518,92.131616,73.383891,69.252507,76.043833,90.000000,76.968177,23.031823,0.125226,0.012643,否,,否,,较低风险,信用得分=76.97，有效销项金额=119829636.73，毛利率=41.07%，有效经营月份=36，最大作废率=12.52%，最大负数率=1.26%，进销匹配差异=0.41，客户HHI=0.041，供应商HHI=0.224
E165,***文化传媒股份有限公司,类A,114219774.230001,86924609.020000,3087020.925135,0.238971,2346,4147,0.099770,0.041156,0.044513,0.011098,37,0,0.491662,246,918,0.040043,0.068418,0.238971,67.175868,95.949142,75.173349,92.168334,81.367050,90.000000,82.210799,17.789201,0.099770,0.044513,否,,否,,低风险,信用得分=82.21，有效销项金额=114219774.23，毛利率=23.90%，有效经营月份=37，最大作废率=9.98%，最大负数率=4.45%，进销匹配差异=0.24，客户HHI=0.040，供应商HHI=0.068
E166,***建筑工程有限公司,类D,77618674.300001,2927643.390000,2587289.143333,0.962282,1397,168,0.111323,0.017544,0.164122,0.000000,34,3,1.507952,14,73,0.498903,0.236909,0.962282,29.289889,71.334003,42.956508,31.169687,43.593532,30.000000,41.562337,58.437663,0.111323,0.164122,否,,是,信用得分41.56 < 50；最大负数率16.41% > 15%,高风险,信用得分=41.56，有效销项金额=77618674.30，毛利率=96.23%，有效经营月份=34，最大作废率=11.13%，最大负数率=16.41%，进销匹配差异=0.96，客户HHI=0.499，供应商HHI=0.237
E167,***体育文化股份有限公司,类A,119627824.720000,138709711.309999,3233184.451892,-0.159510,4642,7071,0.067684,0.031104,0.018678,0.013428,37,0,0.373934,2466,1095,0.076564,0.107029,0.159510,50.985830,97.584255,84.931002,95.397673,80.004098,90.000000,81.575594,18.424406,0.067684,0.018678,否,,否,,低风险,信用得分=81.58，有效销项金额=119627824.72，毛利率=-15.95%，有效经营月份=37，最大作废率=6.77%，最大负数率=1.87%，进销匹配差异=0.16，客户HHI=0.077，供应商HHI=0.107
E168,***建材有限公司,类C,90209902.910000,1361564.030000,3110686.307241,0.984907,399,461,0.038554,0.000000,0.000000,0.000000,30,3,0.684647,12,8,0.410706,0.490479,0.984907,32.928562,76.768790,77.366542,23.094921,53.031386,60.000000,53.546518,46.453482,0.038554,0.000000,否,,否,,中风险,信用得分=53.55，有效销项金额=90209902.91，毛利率=98.49%，有效经营月份=30，最大作废率=3.86%，最大负数率=0.00%，进销匹配差异=0.98，客户HHI=0.411，供应商HHI=0.490
E169,***建筑设计有限公司,类A,114831443.150001,75301296.530000,3103552.517568,0.344245,1410,5811,0.053691,0.037276,0.020134,0.004639,37,0,0.866708,171,1016,0.044147,0.037521,0.344245,67.375835,90.740163,83.438800,87.021307,81.161753,90.000000,82.255953,17.744047,0.053691,0.020134,否,,否,,低风险,信用得分=82.26，有效销项金额=114831443.15，毛利率=34.42%，有效经营月份=37，最大作废率=5.37%，最大负数率=2.01%，进销匹配差异=0.34，客户HHI=0.044，供应商HHI=0.038
E170,***建筑劳务有限公司,类B,71763015.630000,32194310.400000,2657889.467778,0.551380,786,1247,0.012563,0.062406,0.018844,0.041353,34,5,0.725855,11,230,0.171303,0.101427,0.551380,50.733896,77.196461,75.410997,52.086223,63.789278,75.000000,64.892760,35.107240,0.062406,0.041353,否,,否,,中风险,信用得分=64.89，有效销项金额=71763015.63，毛利率=55.14%，有效经营月份=34，最大作废率=6.24%，最大负数率=4.14%，进销匹配差异=0.55，客户HHI=0.171，供应商HHI=0.101
E171,***质量检验测试站,类A,104409268.070001,45206539.150000,2821872.110000,0.567026,7013,1823,0.065930,0.052002,0.015051,0.004160,38,0,0.673016,1439,325,0.018243,0.108714,0.567026,57.585404,93.430334,78.589305,84.978345,77.276200,90.000000,78.725413,21.274587,0.065930,0.015051,否,,否,,较低风险,信用得分=78.73，有效销项金额=104409268.07，毛利率=56.70%，有效经营月份=38，最大作废率=6.59%，最大负数率=1.51%，进销匹配差异=0.57，客户HHI=0.018，供应商HHI=0.109
E172,***物流有限公司,类B,74903266.590000,41265979.180000,2024412.610541,0.449076,1171,464,0.080126,0.014862,0.000000,0.010616,37,0,0.920872,94,53,0.119756,0.116285,0.449076,54.322520,89.987884,79.331211,52.789795,69.184489,75.000000,69.468968,30.531032,0.080126,0.010616,否,,否,,较低风险,信用得分=69.47，有效销项金额=74903266.59，毛利率=44.91%，有效经营月份=37，最大作废率=8.01%，最大负数率=1.06%，进销匹配差异=0.45，客户HHI=0.120，供应商HHI=0.116
E173,***贸易有限责任公司,类A,106836324.760001,105941230.410000,2887468.236757,0.008378,2370,1314,0.052379,0.026667,0.012395,0.004444,37,0,0.326910,342,204,0.036754,0.246056,0.008378,61.194488,98.237355,90.661059,75.172885,80.617527,90.000000,81.645935,18.354065,0.052379,0.012395,否,,否,,低风险,信用得分=81.65，有效销项金额=106836324.76，毛利率=0.84%，有效经营月份=37，最大作废率=5.24%，最大负数率=1.24%，进销匹配差异=0.01，客户HHI=0.037，供应商HHI=0.246
E174,***工程技术有限公司,类A,91150036.850000,75632024.770000,2762122.328788,0.170247,1148,2319,0.080865,0.033347,0.004003,0.002501,34,0,0.690537,83,433,0.049437,0.240552,0.170247,60.867593,90.186986,85.099142,65.462946,75.174399,90.000000,76.621670,23.378330,0.080865,0.004003,否,,否,,较低风险,信用得分=76.62，有效销项金额=91150036.85，毛利率=17.02%，有效经营月份=34，最大作废率=8.09%，最大负数率=0.40%，进销匹配差异=0.17，客户HHI=0.049，供应商HHI=0.241
E175,***食品集团有限公司,类A,74001823.990000,78364272.390000,2466727.466333,-0.058951,3771,3930,0.076867,0.039589,0.016157,0.016373,38,3,1.246690,1788,599,0.034426,0.434367,0.058951,46.617255,77.962646,85.751032,85.098321,71.933260,90.000000,74.704265,25.295735,0.076867,0.016373,否,,否,,较低风险,信用得分=74.70，有效销项金额=74001823.99，毛利率=-5.90%，有效经营月份=38，最大作废率=7.69%，最大负数率=1.64%，进销匹配差异=0.06，客户HHI=0.034，供应商HHI=0.434
E176,***科技有限公司,类B,83492525.800000,4288780.690000,2197171.731579,0.948633,1935,3163,0.107060,0.020440,0.030918,0.005265,38,0,0.378525,165,868,0.107080,0.038171,0.948633,29.687032,97.520485,63.772715,84.502924,66.129995,75.000000,67.269619,32.730381,0.107060,0.030918,否,,否,,较低风险,信用得分=67.27，有效销项金额=83492525.80，毛利率=94.86%，有效经营月份=38，最大作废率=10.71%，最大负数率=3.09%，进销匹配差异=0.95，客户HHI=0.107，供应商HHI=0.038
E177,***电力工程有限公司,类A,97717360.950002,70911921.570000,3908694.438000,0.274316,835,3061,0.139175,0.028871,0.019588,0.001586,37,3,1.333290,154,644,0.073091,0.109778,0.274316,67.018266,76.759855,72.776789,82.416397,73.972920,90.000000,75.784014,24.215986,0.139175,0.019588,否,,否,,较低风险,信用得分=75.78，有效销项金额=97717360.95，毛利率=27.43%，有效经营月份=37，最大作废率=13.92%，最大负数率=1.96%，进销匹配差异=0.27，客户HHI=0.073，供应商HHI=0.110
E178,***贸易有限公司,类B,78541364.380000,80109910.190000,2122739.577838,-0.019971,1019,333,0.086918,0.020588,0.019713,0.014706,37,0,0.652229,181,29,0.023552,0.231176,0.019971,49.514377,93.719042,84.525060,58.192244,71.053787,75.000000,71.392116,28.607884,0.086918,0.019713,否,,否,,较低风险,信用得分=71.39，有效销项金额=78541364.38，毛利率=-2.00%，有效经营月份=37，最大作废率=8.69%，最大负数率=1.97%，进销匹配差异=0.02，客户HHI=0.024，供应商HHI=0.231
E179,***园林有限公司,类B,60347261.569999,36358548.250000,2080940.054138,0.397511,718,2000,0.108075,0.058824,0.031056,0.005176,37,4,0.913759,41,350,0.064820,0.039769,0.397511,51.422744,80.086686,73.254734,64.703873,66.702953,75.000000,67.627481,32.372519,0.108075,0.031056,否,,否,,较低风险,信用得分=67.63，有效销项金额=60347261.57，毛利率=39.75%，有效经营月份=37，最大作废率=10.81%，最大负数率=3.11%，进销匹配差异=0.40，客户HHI=0.065，供应商HHI=0.040
E180,***电气有限公司,类A,74087731.470000,63091063.260000,1949677.143947,0.148428,2023,3545,0.041232,0.035112,0.003318,0.008438,38,0,0.680208,475,608,0.022325,0.742461,0.148428,53.838203,93.330446,90.364354,75.973352,77.269831,90.000000,78.911399,21.088601,0.041232,0.008438,否,,否,,较低风险,信用得分=78.91，有效销项金额=74087731.47，毛利率=14.84%，有效经营月份=38，最大作废率=4.12%，最大负数率=0.84%，进销匹配差异=0.15，客户HHI=0.022，供应商HHI=0.742
E181,***食品有限公司,类B,76977567.970000,86445982.110000,2080474.810000,-0.123002,1475,2974,0.061108,0.024278,0.007002,0.010499,37,0,0.409695,180,373,0.529893,0.070540,0.123002,40.171886,97.087566,87.717597,60.867163,70.426289,75.000000,71.063317,28.936683,0.061108,0.010499,否,,否,,较低风险,信用得分=71.06，有效销项金额=76977567.97，毛利率=-12.30%，有效经营月份=37，最大作废率=6.11%，最大负数率=1.05%，进销匹配差异=0.12，客户HHI=0.530，供应商HHI=0.071
E182,***新材料科技有限公司,类A,77437981.470000,73259105.420000,2092918.418108,0.053964,1049,972,0.026902,0.026052,0.000000,0.000000,37,0,0.490406,42,152,0.086255,0.223877,0.053964,55.151169,95.966588,95.289393,50.232728,74.405892,90.000000,75.850004,24.149996,0.026902,0.000000,否,,否,,较低风险,信用得分=75.85，有效销项金额=77437981.47，毛利率=5.40%，有效经营月份=37，最大作废率=2.69%，最大负数率=0.00%，进销匹配差异=0.05，客户HHI=0.086，供应商HHI=0.224
E183,***建设工程有限公司,类B,65085708.139999,25830954.620000,1807936.337222,0.603124,927,1408,0.098249,0.036277,0.001946,0.008898,37,1,0.954079,9,416,0.725439,0.034454,0.603124,42.962621,87.026686,74.355764,43.792557,61.992910,75.000000,62.993445,37.006555,0.098249,0.008898,否,,否,,中风险,信用得分=62.99，有效销项金额=65085708.14，毛利率=60.31%，有效经营月份=37，最大作废率=9.82%，最大负数率=0.89%，进销匹配差异=0.60，客户HHI=0.725，供应商HHI=0.034
E184,***建筑装饰工程有限公司,类B,53005659.130000,37934598.810000,1766855.304333,0.284329,639,1967,0.027397,0.028162,0.031963,0.003953,35,1,1.368307,39,461,0.172732,0.040841,0.284329,48.544773,79.773511,86.287029,65.514951,69.181557,75.000000,70.265643,29.734357,0.028162,0.031963,否,,否,,较低风险,信用得分=70.27，有效销项金额=53005659.13，毛利率=28.43%，有效经营月份=35，最大作废率=2.82%，最大负数率=3.20%，进销匹配差异=0.28，客户HHI=0.173，供应商HHI=0.041
E185,***生态魔芋有限公司,类B,96329021.710000,704949.160000,3210967.390333,0.992682,5442,67,0.006753,0.014706,0.001460,0.029412,33,2,0.788378,312,20,0.095591,0.245097,0.992682,34.235966,82.328083,76.157479,65.565234,63.005227,75.000000,64.677025,35.322975,0.014706,0.029412,否,,否,,中风险,信用得分=64.68，有效销项金额=96329021.71，毛利率=99.27%，有效经营月份=33，最大作废率=1.47%，最大负数率=2.94%，进销匹配差异=0.99，客户HHI=0.096，供应商HHI=0.245
E186,***建筑劳务有限公司,类C,83555221.120000,2932725.390000,2695329.713548,0.964901,1073,941,0.022769,0.048534,0.000000,0.011122,35,2,1.066411,5,220,0.759118,0.059419,0.964901,30.871293,81.466508,74.651143,33.709712,55.032743,60.000000,55.415853,44.584147,0.048534,0.011122,否,,否,,中风险,信用得分=55.42，有效销项金额=83555221.12，毛利率=96.49%，有效经营月份=35，最大作废率=4.85%，最大负数率=1.11%，进销匹配差异=0.96，客户HHI=0.759，供应商HHI=0.059
E187,个体经营E187 ,类D,3403409.070000,73590154.530000,340340.907000,-20.622483,16,3694,0.909091,0.047938,0.005682,0.010825,25,5,0.954699,12,3694,0.241323,0.002108,20.622483,1.973866,60.518073,28.376289,68.530910,36.521932,30.000000,36.397335,63.602665,0.909091,0.010825,是,最大作废率90.91% > 40%；进销匹配差异20.62 > 4,否,,高风险,信用得分=36.40，有效销项金额=3403409.07，毛利率=-2062.25%，有效经营月份=25，最大作废率=90.91%，最大负数率=1.08%，进销匹配差异=20.62，客户HHI=0.241，供应商HHI=0.002
E188,***硬质合金有限公司,类A,80713142.810000,78297103.650000,2181436.292162,0.029934,2073,2484,0.039388,0.030066,0.004171,0.001171,37,0,0.322294,241,369,0.039322,0.068071,0.029934,54.501912,98.301466,93.336217,81.393552,80.538705,90.000000,81.898536,18.101464,0.039388,0.004171,否,,否,,低风险,信用得分=81.90，有效销项金额=80713142.81，毛利率=2.99%，有效经营月份=37，最大作废率=3.94%，最大负数率=0.42%，进销匹配差异=0.03，客户HHI=0.039，供应商HHI=0.068
E189,***石油工程技术服务有限公司,类B,50709690.270000,29298497.030000,1690323.009000,0.422231,606,3337,0.054602,0.019106,0.020281,0.003233,37,2,1.106926,24,825,0.138739,0.061334,0.422231,47.734356,82.403809,81.924533,71.454975,69.693387,75.000000,70.686479,29.313521,0.054602,0.020281,否,,否,,较低风险,信用得分=70.69，有效销项金额=50709690.27，毛利率=42.22%，有效经营月份=37，最大作废率=5.46%，最大负数率=2.03%，进销匹配差异=0.42，客户HHI=0.139，供应商HHI=0.061
E190,***劳务有限公司,类C,119934393.790000,1530211.560000,3634375.569394,0.987241,344,122,0.142145,0.046875,0.034913,0.007812,36,1,0.825381,22,53,0.125052,0.245217,0.987241,41.363288,88.814155,57.586121,42.722056,57.553467,60.000000,57.044594,42.955406,0.142145,0.034913,否,,否,,中风险,信用得分=57.04，有效销项金额=119934393.79，毛利率=98.72%，有效经营月份=36，最大作废率=14.21%，最大负数率=3.49%，进销匹配差异=0.99，客户HHI=0.125，供应商HHI=0.245
E191,***商贸有限责任公司,类A,256138436.250000,260874688.749999,9486608.750000,-0.018491,2731,1177,0.048763,0.027273,0.000348,0.003306,37,1,0.967090,97,141,0.359213,0.345058,0.018491,94.129344,86.845973,92.353650,41.561876,81.351084,90.000000,81.302318,18.697682,0.048763,0.003306,否,,否,,低风险,信用得分=81.30，有效销项金额=256138436.25，毛利率=-1.85%，有效经营月份=37，最大作废率=4.88%，最大负数率=0.33%，进销匹配差异=0.02，客户HHI=0.359，供应商HHI=0.345
E192,***建设工程有限公司,类D,42118600.170000,17311335.930000,2477564.715882,0.588986,68,98,0.209302,0.117117,0.023256,0.027027,27,11,0.822386,7,28,0.390631,0.124227,0.588986,41.556434,50.355753,56.336366,35.881198,46.316200,30.000000,44.720590,55.279410,0.209302,0.027027,否,,是,信用得分44.72 < 50,高风险,信用得分=44.72，有效销项金额=42118600.17，毛利率=58.90%，有效经营月份=27，最大作废率=20.93%，最大负数率=2.70%，进销匹配差异=0.59，客户HHI=0.391，供应商HHI=0.124
E193,个体经营E193 ,类A,122316829.730005,17081342.110000,3397689.714722,0.860352,30077,1539,0.069141,0.047649,0.011389,0.003713,36,0,0.440138,2484,283,0.008269,0.117747,0.860352,47.819527,96.664752,73.555774,82.999630,73.500916,90.000000,75.276702,24.723298,0.069141,0.011389,否,,否,,较低风险,信用得分=75.28，有效销项金额=122316829.73，毛利率=86.04%，有效经营月份=36，最大作废率=6.91%，最大负数率=1.14%，进销匹配差异=0.86，客户HHI=0.008，供应商HHI=0.118
E194,***文化传播有限公司,类B,88972764.610000,10830459.660000,2696144.382121,0.878272,11053,4757,0.058598,0.018973,0.033472,0.002269,34,0,0.647344,3229,914,0.056973,0.151762,0.878272,36.766030,90.786892,71.405639,94.591829,70.496307,75.000000,71.618661,28.381339,0.058598,0.033472,否,,否,,较低风险,信用得分=71.62，有效销项金额=88972764.61，毛利率=87.83%，有效经营月份=34，最大作废率=5.86%，最大负数率=3.35%，进销匹配差异=0.88，客户HHI=0.057，供应商HHI=0.152
E195,***医药有限公司,类A,109903508.150000,75544254.350000,2970365.085135,0.312631,4626,2267,0.047560,0.029538,0.018324,0.020548,37,0,0.438188,393,511,0.053728,0.108354,0.312631,65.764795,96.691827,84.788333,91.389572,83.377393,90.000000,84.254562,15.745438,0.047560,0.020548,否,,否,,低风险,信用得分=84.25，有效销项金额=109903508.15，毛利率=31.26%，有效经营月份=37，最大作废率=4.76%，最大负数率=2.05%，进销匹配差异=0.31，客户HHI=0.054，供应商HHI=0.108
E196,***地质制图印刷厂,类A,72526203.120000,42300386.200000,1908584.292632,0.416757,2755,1336,0.069885,0.036075,0.029372,0.006494,38,0,0.552514,689,154,0.036755,0.184631,0.416757,53.332297,95.103967,78.517012,75.130683,74.431071,90.000000,76.009258,23.990742,0.069885,0.029372,否,,否,,较低风险,信用得分=76.01，有效销项金额=72526203.12，毛利率=41.68%，有效经营月份=38，最大作废率=6.99%，最大负数率=2.94%，进销匹配差异=0.42，客户HHI=0.037，供应商HHI=0.185
E197,***医疗设备有限公司,类A,181712080.290004,101054533.130000,5344472.949706,0.443876,4050,6349,0.062283,0.024581,0.012040,0.000615,34,0,0.856426,1202,805,0.039393,0.098058,0.443876,91.030746,87.882974,81.706593,96.876570,89.081930,90.000000,89.136244,10.863756,0.062283,0.012040,否,,否,,低风险,信用得分=89.14，有效销项金额=181712080.29，毛利率=44.39%，有效经营月份=34，最大作废率=6.23%，最大负数率=1.20%，进销匹配差异=0.44，客户HHI=0.039，供应商HHI=0.098
E198,***商贸有限公司,类B,57406622.720000,57938852.900000,1739594.627879,-0.009271,728,1109,0.100124,0.033130,0.067985,0.000000,37,3,0.954245,42,210,0.134936,0.077444,0.009271,44.299104,82.024369,75.622673,55.698511,63.841194,75.000000,65.025020,34.974980,0.100124,0.067985,否,,否,,较低风险,信用得分=65.03，有效销项金额=57406622.72，毛利率=-0.93%，有效经营月份=37，最大作废率=10.01%，最大负数率=6.80%，进销匹配差异=0.01，客户HHI=0.135，供应商HHI=0.077
E199,***建筑劳务有限公司,类D,59575542.090001,160238.800000,3971702.806000,0.997310,808,47,0.014634,0.020833,0.109756,0.000000,23,6,1.274163,3,25,0.370991,0.289291,0.997310,29.214909,50.581067,63.166988,30.875266,43.376539,30.000000,42.386741,57.613259,0.020833,0.109756,否,,是,信用得分42.39 < 50,高风险,信用得分=42.39，有效销项金额=59575542.09，毛利率=99.73%，有效经营月份=23，最大作废率=2.08%，最大负数率=10.98%，进销匹配差异=1.00，客户HHI=0.371，供应商HHI=0.289
E200,个体经营E200 ,类B,47163293.450000,47469657.040000,1387155.689706,-0.006496,564,1201,0.079935,0.029887,0.019576,0.005654,36,1,0.874033,50,133,0.059378,0.176276,0.006496,40.875945,88.138427,85.759080,52.496293,66.236419,75.000000,67.285700,32.714300,0.079935,0.019576,否,,否,,较低风险,信用得分=67.29，有效销项金额=47163293.45，毛利率=-0.65%，有效经营月份=36，最大作废率=7.99%，最大负数率=1.96%，进销匹配差异=0.01，客户HHI=0.059，供应商HHI=0.176
E201,***物流有限责任公司,类B,48047952.480000,39212850.350000,1298593.310270,0.183881,1084,463,0.101906,0.035417,0.014085,0.002083,37,0,1.320003,170,105,0.077647,0.149294,0.183881,45.542984,84.444404,80.402631,61.258668,67.126387,75.000000,68.127018,31.872982,0.101906,0.014085,否,,否,,较低风险,信用得分=68.13，有效销项金额=48047952.48，毛利率=18.39%，有效经营月份=37，最大作废率=10.19%，最大负数率=1.41%，进销匹配差异=0.18，客户HHI=0.078，供应商HHI=0.149
E202,个体经营E202 ,类C,99269637.600001,10387155.820000,3102176.175000,0.895364,1096,364,0.009042,0.099010,0.000000,0.004950,36,1,0.975397,5,107,0.902523,0.093614,0.895364,39.727731,86.730600,69.727166,26.758703,56.384501,60.000000,56.061585,43.938415,0.099010,0.004950,否,,否,,中风险,信用得分=56.06，有效销项金额=99269637.60，毛利率=89.54%，有效经营月份=36，最大作废率=9.90%，最大负数率=0.50%，进销匹配差异=0.90，客户HHI=0.903，供应商HHI=0.094
E203,***建设工程有限公司,类B,47646507.180000,23399488.060000,1443833.550909,0.508894,578,1142,0.092622,0.053853,0.003140,0.002486,36,1,1.360851,27,338,0.360680,0.087430,0.508894,42.844223,81.377064,77.656365,52.089893,63.029603,75.000000,64.318539,35.681461,0.092622,0.003140,否,,否,,中风险,信用得分=64.32，有效销项金额=47646507.18，毛利率=50.89%，有效经营月份=36，最大作废率=9.26%，最大负数率=0.31%，进销匹配差异=0.51，客户HHI=0.361，供应商HHI=0.087
E204,***科技发展有限公司,类A,92091768.280000,57409981.430000,2488966.710270,0.376600,1339,5029,0.202976,0.036036,0.020833,0.009009,37,0,0.652847,373,1205,0.024702,0.020765,0.376600,59.941783,93.710453,61.867828,99.824771,76.842059,90.000000,78.159448,21.840552,0.202976,0.020833,否,,否,,较低风险,信用得分=78.16，有效销项金额=92091768.28，毛利率=37.66%，有效经营月份=37，最大作废率=20.30%，最大负数率=2.08%，进销匹配差异=0.38，客户HHI=0.025，供应商HHI=0.021
E205,个体经营E205 ,类B,74253216.710000,23934662.510000,2062589.353056,0.677662,967,137,0.040675,0.092715,0.008929,0.006623,36,0,0.390458,71,15,0.079914,0.397644,0.677662,41.922410,97.354753,73.821504,41.678759,63.706539,75.000000,64.242681,35.757319,0.092715,0.008929,否,,否,,中风险,信用得分=64.24，有效销项金额=74253216.71，毛利率=67.77%，有效经营月份=36，最大作废率=9.27%，最大负数率=0.89%，进销匹配差异=0.68，客户HHI=0.080，供应商HHI=0.398
E206,***建设工程有限公司,类A,96008119.430001,72946880.400000,3310624.807931,0.240201,913,3557,0.051921,0.033161,0.001038,0.002175,37,2,0.870103,307,889,0.095534,0.037131,0.240201,64.179446,85.693020,88.201357,96.277225,81.982873,90.000000,83.489250,16.510750,0.051921,0.002175,否,,否,,低风险,信用得分=83.49，有效销项金额=96008119.43，毛利率=24.02%，有效经营月份=37，最大作废率=5.19%，最大负数率=0.22%，进销匹配差异=0.24，客户HHI=0.096，供应商HHI=0.037
E207,个体经营E207 ,类A,120936342.800002,72195567.270000,3779260.712500,0.403028,1393,3298,0.044582,0.025989,0.006859,0.003839,35,2,1.170401,17,267,0.585927,0.081746,0.403028,71.481620,80.022204,85.676771,41.396323,71.148494,90.000000,72.573303,27.426697,0.044582,0.006859,否,,否,,较低风险,信用得分=72.57，有效销项金额=120936342.80，毛利率=40.30%，有效经营月份=35，最大作废率=4.46%，最大负数率=0.69%，进销匹配差异=0.40，客户HHI=0.586，供应商HHI=0.082
E208,个体经营E208 ,类B,75553782.030000,75862564.990000,2158679.486571,-0.004087,897,963,0.127432,0.013320,0.019455,0.001025,36,1,0.618621,80,44,0.037356,0.329229,0.004087,50.381243,91.685822,79.169724,47.122653,67.252790,75.000000,67.649437,32.350563,0.127432,0.019455,否,,否,,较低风险,信用得分=67.65，有效销项金额=75553782.03，毛利率=-0.41%，有效经营月份=36，最大作废率=12.74%，最大负数率=1.95%，进销匹配差异=0.00，客户HHI=0.037，供应商HHI=0.329
E209,***工程检测有限公司,类A,65700985.170000,43991012.250000,1877171.004857,0.330436,1223,8128,0.170847,0.027751,0.042034,0.002273,37,2,0.669963,488,1599,0.013558,0.023169,0.330436,51.733323,88.472735,63.993641,99.898423,73.616275,90.000000,75.605973,24.394027,0.170847,0.042034,否,,否,,较低风险,信用得分=75.61，有效销项金额=65700985.17，毛利率=33.04%，有效经营月份=37，最大作废率=17.08%，最大负数率=4.20%，进销匹配差异=0.33，客户HHI=0.014，供应商HHI=0.023
E210,***建筑工程有限公司,类C,53682992.720000,5855280.490000,2982388.484444,0.890929,557,536,0.067002,0.025455,0.000000,0.005455,30,6,0.900918,3,153,0.782673,0.111533,0.890929,29.661830,66.265032,74.210334,28.525741,49.722538,60.000000,50.926195,49.073805,0.067002,0.005455,否,,否,,中风险,信用得分=50.93，有效销项金额=53682992.72，毛利率=89.09%，有效经营月份=30，最大作废率=6.70%，最大负数率=0.55%，进销匹配差异=0.89，客户HHI=0.783，供应商HHI=0.112
E211,个体经营E211 ,类B,49070943.990000,21886710.580000,1363081.777500,0.553978,1470,403,0.101467,0.035885,0.009169,0.007177,36,0,0.550388,82,105,0.047979,0.481304,0.553978,40.358084,95.133505,74.724697,44.521457,63.476267,75.000000,64.201688,35.798312,0.101467,0.009169,否,,否,,中风险,信用得分=64.20，有效销项金额=49070943.99，毛利率=55.40%，有效经营月份=36，最大作废率=10.15%，最大负数率=0.92%，进销匹配差异=0.55，客户HHI=0.048，供应商HHI=0.481
E212,***建电管理咨询有限公司,类C,76890077.770000,148331.110000,2023423.099211,0.998071,1497,133,0.109459,0.036232,0.011898,0.000000,38,0,0.963924,121,49,0.062593,0.166436,0.998071,24.851337,89.389940,65.424896,55.015745,57.162259,60.000000,57.450195,42.549805,0.109459,0.011898,否,,否,,中风险,信用得分=57.45，有效销项金额=76890077.77，毛利率=99.81%，有效经营月份=38，最大作废率=10.95%，最大负数率=1.19%，进销匹配差异=1.00，客户HHI=0.063，供应商HHI=0.166
E213,***科技有限公司,类A,57697215.600000,45404788.960000,1559384.205405,0.213051,1148,2103,0.096063,0.040602,0.018110,0.008212,37,0,0.609644,248,592,0.036232,0.065680,0.213051,48.697520,94.310499,80.106260,91.098545,76.433155,90.000000,78.282754,21.717246,0.096063,0.018110,否,,否,,较低风险,信用得分=78.28，有效销项金额=57697215.60，毛利率=21.31%，有效经营月份=37，最大作废率=9.61%，最大负数率=1.81%，进销匹配差异=0.21，客户HHI=0.036，供应商HHI=0.066
E214,***建筑工程有限公司,类B,64252383.440000,36190187.000000,1736550.903784,0.436750,713,692,0.178571,0.063599,0.017281,0.002706,37,0,0.987334,218,154,0.038224,0.066281,0.436750,50.840535,89.064804,64.764718,70.997301,67.909001,75.000000,68.413734,31.586266,0.178571,0.017281,否,,否,,较低风险,信用得分=68.41，有效销项金额=64252383.44，毛利率=43.67%，有效经营月份=37，最大作废率=17.86%，最大负数率=1.73%，进销匹配差异=0.44，客户HHI=0.038，供应商HHI=0.066
E215,***建筑工程有限公司,类C,67502754.200001,216474.130000,3552776.536842,0.996793,756,172,0.092437,0.022727,0.000000,0.000000,28,3,0.987335,8,69,0.281979,0.145542,0.996793,29.218758,69.564797,69.614944,40.409484,51.642459,60.000000,52.703281,47.296719,0.092437,0.000000,否,,否,,中风险,信用得分=52.70，有效销项金额=67502754.20，毛利率=99.68%，有效经营月份=28，最大作废率=9.24%，最大负数率=0.00%，进销匹配差异=1.00，客户HHI=0.282，供应商HHI=0.146
E216,***建设工程有限公司,类B,58325941.250000,33287980.310000,1822685.664062,0.429277,685,3340,0.114987,0.030479,0.006460,0.004935,37,1,0.972425,30,570,0.147153,0.098512,0.429277,49.920673,86.771878,75.420476,68.149516,69.154194,75.000000,69.819566,30.180434,0.114987,0.006460,否,,否,,较低风险,信用得分=69.82，有效销项金额=58325941.25，毛利率=42.93%，有效经营月份=37，最大作废率=11.50%，最大负数率=0.65%，进销匹配差异=0.43，客户HHI=0.147，供应商HHI=0.099
E217,个体经营E217 ,类D,2434236.610000,52913767.230000,221294.237273,-20.737315,34,202,0.954606,0.056075,0.010681,0.000000,25,4,1.398408,15,202,0.148329,0.010418,20.737315,1.273409,56.855443,28.397864,54.626562,32.620662,30.000000,32.714219,67.285781,0.954606,0.010681,是,最大作废率95.46% > 40%；进销匹配差异20.74 > 4,否,,高风险,信用得分=32.71，有效销项金额=2434236.61，毛利率=-2073.73%，有效经营月份=25，最大作废率=95.46%，最大负数率=1.07%，进销匹配差异=20.74，客户HHI=0.148，供应商HHI=0.010
E218,***建设工程有限公司,类C,39328554.230000,40801973.160000,2313444.366471,-0.037464,137,1026,0.409483,0.070652,0.000000,0.003623,36,5,1.478613,43,269,0.524748,0.139792,0.037464,40.361905,69.741480,63.800896,43.659158,54.225997,60.000000,54.720828,45.279172,0.409483,0.003623,是,最大作废率40.95% > 40%,否,,中风险,信用得分=54.72，有效销项金额=39328554.23，毛利率=-3.75%，有效经营月份=36，最大作废率=40.95%，最大负数率=0.36%，进销匹配差异=0.04，客户HHI=0.525，供应商HHI=0.140
E219,***品牌营销策划有限公司,类B,35642623.950000,35677550.270000,1229055.998276,-0.000980,491,4299,0.211878,0.035017,0.052970,0.009203,36,2,1.116380,27,757,0.084432,0.031413,0.000980,38.215626,82.272502,62.374505,74.394828,62.505405,75.000000,63.980999,36.019001,0.211878,0.052970,否,,否,,中风险,信用得分=63.98，有效销项金额=35642623.95，毛利率=-0.10%，有效经营月份=36，最大作废率=21.19%，最大负数率=5.30%，进销匹配差异=0.00，客户HHI=0.084，供应商HHI=0.031
E220,***文化传播有限公司,类A,80286331.100000,55190901.440000,2169900.840541,0.312574,1233,5708,0.049345,0.038734,0.008481,0.008420,37,0,0.689263,147,1570,0.367703,0.010788,0.312574,56.082351,93.204687,86.349536,75.290651,76.771391,90.000000,78.307039,21.692961,0.049345,0.008481,否,,否,,较低风险,信用得分=78.31，有效销项金额=80286331.10，毛利率=31.26%，有效经营月份=37，最大作废率=4.93%，最大负数率=0.85%，进销匹配差异=0.31，客户HHI=0.368，供应商HHI=0.011
E221,***测绘服务有限公司,类A,45971718.410000,33465961.900000,1641847.086071,0.272032,652,4429,0.060519,0.014464,0.020173,0.002448,29,0,0.822389,296,954,0.037524,0.093390,0.272032,46.514188,80.855707,83.740889,95.452542,74.193914,90.000000,76.825419,23.174581,0.060519,0.020173,否,,否,,较低风险,信用得分=76.83，有效销项金额=45971718.41，毛利率=27.20%，有效经营月份=29，最大作废率=6.05%，最大负数率=2.02%，进销匹配差异=0.27，客户HHI=0.038，供应商HHI=0.093
E222,***数码科技有限公司,类B,62615800.410000,52232782.640000,1692318.930000,0.165821,1023,4325,0.256541,0.065471,0.018895,0.025929,37,0,1.136148,66,928,0.071948,0.026267,0.165821,50.305503,86.997947,58.208763,78.082874,67.009903,75.000000,67.644730,32.355270,0.256541,0.025929,否,,是,最大作废率25.65% > 25%,较低风险,信用得分=67.64，有效销项金额=62615800.41，毛利率=16.58%，有效经营月份=37，最大作废率=25.65%，最大负数率=2.59%，进销匹配差异=0.17，客户HHI=0.072，供应商HHI=0.026
E223,***科技有限公司,类C,31385466.780000,38566681.770000,1846203.928235,-0.228807,477,2505,0.098299,0.045351,0.039698,0.007622,19,0,0.572596,52,785,0.251230,0.178802,0.228807,20.320905,69.325062,76.279431,66.326649,55.762725,60.000000,57.280426,42.719574,0.098299,0.039698,否,,否,,中风险,信用得分=57.28，有效销项金额=31385466.78，毛利率=-22.88%，有效经营月份=19，最大作废率=9.83%，最大负数率=3.97%，进销匹配差异=0.23，客户HHI=0.251，供应商HHI=0.179
E224,***纸业有限公司,类A,95946734.500000,98473831.160000,2593154.986486,-0.026339,1110,723,0.015084,0.047431,0.013310,0.006588,37,0,0.521683,41,103,0.123203,0.104801,0.026339,54.658745,95.532178,90.902309,50.814247,73.169094,90.000000,74.659548,25.340452,0.047431,0.013310,否,,否,,较低风险,信用得分=74.66，有效销项金额=95946734.50，毛利率=-2.63%，有效经营月份=37，最大作废率=4.74%，最大负数率=1.33%，进销匹配差异=0.03，客户HHI=0.123，供应商HHI=0.105
E225,***物业服务有限责任公司***分公司,类A,68686418.240000,43661253.970000,1807537.322105,0.364339,8315,4173,0.062782,0.036704,0.011835,0.011080,38,0,0.694309,470,680,0.021020,0.188383,0.364339,52.088278,93.134603,83.059364,94.570417,78.589059,90.000000,80.327915,19.672085,0.062782,0.011835,否,,否,,低风险,信用得分=80.33，有效销项金额=68686418.24，毛利率=36.43%，有效经营月份=38，最大作废率=6.28%，最大负数率=1.18%，进销匹配差异=0.36，客户HHI=0.021，供应商HHI=0.188
E226,***建设工程有限公司,类B,44714111.360000,46066940.460000,1541865.908966,-0.030255,516,1022,0.068592,0.023878,0.010830,0.027698,35,2,1.021991,26,219,0.429420,0.089048,0.030255,38.951403,82.083459,85.712920,44.968704,62.628256,75.000000,64.076513,35.923487,0.068592,0.027698,否,,否,,中风险,信用得分=64.08，有效销项金额=44714111.36，毛利率=-3.03%，有效经营月份=35，最大作废率=6.86%，最大负数率=2.77%，进销匹配差异=0.03，客户HHI=0.429，供应商HHI=0.089
E227,***安全技术有限公司,类A,55848119.350000,50732713.700000,1692367.253030,0.091595,687,2778,0.074124,0.055744,0.008086,0.006118,36,2,0.711883,72,554,0.054501,0.024761,0.091595,48.848896,87.890510,86.806792,76.202677,73.569530,90.000000,75.732559,24.267441,0.074124,0.008086,否,,否,,较低风险,信用得分=75.73，有效销项金额=55848119.35，毛利率=9.16%，有效经营月份=36，最大作废率=7.41%，最大负数率=0.81%，进销匹配差异=0.09，客户HHI=0.055，供应商HHI=0.025
E228,***文化发展有限公司,类B,59965638.310000,29703662.780000,1620692.927297,0.504655,993,2665,0.155612,0.028436,0.088435,0.003646,37,0,0.518572,156,603,0.030832,0.032712,0.504655,46.457916,95.575390,56.117512,85.403635,68.941327,75.000000,69.339662,30.660338,0.155612,0.088435,否,,否,,较低风险,信用得分=69.34，有效销项金额=59965638.31，毛利率=50.47%，有效经营月份=37，最大作废率=15.56%，最大负数率=8.84%，进销匹配差异=0.50，客户HHI=0.031，供应商HHI=0.033
E229,***家贸易有限公司,类B,54774178.320000,56541639.200000,1480383.197838,-0.032268,773,1570,0.103248,0.031462,0.001160,0.004935,37,0,0.274796,30,227,0.682357,0.093855,0.032268,40.690366,98.961173,84.240267,37.349768,65.477423,75.000000,65.994846,34.005154,0.103248,0.004935,否,,否,,较低风险,信用得分=65.99，有效销项金额=54774178.32，毛利率=-3.23%，有效经营月份=37，最大作废率=10.32%，最大负数率=0.49%，进销匹配差异=0.03，客户HHI=0.682，供应商HHI=0.094
E230,***建筑劳务有限公司,类C,49308980.030000,120507.450000,1590612.259032,0.997556,592,83,0.124260,0.011905,0.029586,0.000000,34,1,1.109678,61,17,0.064782,0.664918,0.997556,17.154196,81.865577,60.708449,32.876953,47.365156,60.000000,48.414167,51.585833,0.124260,0.029586,否,,是,信用得分48.41 < 50,高风险,信用得分=48.41，有效销项金额=49308980.03，毛利率=99.76%，有效经营月份=34，最大作废率=12.43%，最大负数率=2.96%，进销匹配差异=1.00，客户HHI=0.065，供应商HHI=0.665
E231,***建筑科技有限公司,类C,33376164.700000,35730036.880000,1390673.529167,-0.070526,370,681,0.093137,0.020144,0.000000,0.000000,36,6,0.896036,7,133,0.295594,0.165880,0.070526,32.434408,75.332833,85.726587,41.815180,58.358213,60.000000,58.969851,41.030149,0.093137,0.000000,否,,否,,中风险,信用得分=58.97，有效销项金额=33376164.70，毛利率=-7.05%，有效经营月份=36，最大作废率=9.31%，最大负数率=0.00%，进销匹配差异=0.07，客户HHI=0.296，供应商HHI=0.166
E232,***投资发展有限责任公司,类C,47970719.640000,35129701.390000,5330079.960000,0.267685,113,782,0.042373,0.055556,0.076271,0.047101,38,4,1.314340,4,151,0.499592,0.623467,0.267685,62.182208,74.523055,76.097065,21.110232,60.531739,60.000000,59.696476,40.303524,0.055556,0.076271,否,,否,,中风险,信用得分=59.70，有效销项金额=47970719.64，毛利率=26.77%，有效经营月份=38，最大作废率=5.56%，最大负数率=7.63%，进销匹配差异=0.27，客户HHI=0.500，供应商HHI=0.623
E233,***劳务有限公司,类D,19988668.900000,401349.690000,2220963.211111,0.979921,223,718,0.063025,0.012380,0.000000,0.000000,26,7,1.306853,3,194,0.854256,0.026479,0.979921,14.408889,52.127035,74.027851,32.345417,42.330472,30.000000,42.003675,57.996325,0.063025,0.000000,否,,是,信用得分42.00 < 50,高风险,信用得分=42.00，有效销项金额=19988668.90，毛利率=97.99%，有效经营月份=26，最大作废率=6.30%，最大负数率=0.00%，进销匹配差异=0.98，客户HHI=0.854，供应商HHI=0.026
E234,***机电设备商贸有限公司,类C,39835337.130000,4551474.640000,1373632.314828,0.885743,580,919,0.039735,0.028541,0.006623,0.001057,29,0,0.657789,137,205,0.019804,0.143239,0.885743,20.317373,83.141822,77.943210,64.679746,59.302419,60.000000,60.129459,39.870541,0.039735,0.006623,否,,否,,中风险,信用得分=60.13，有效销项金额=39835337.13，毛利率=88.57%，有效经营月份=29，最大作废率=3.97%，最大负数率=0.66%，进销匹配差异=0.89，客户HHI=0.020，供应商HHI=0.143
E235,个体经营E235 ,类B,40024592.540000,14054231.020000,1143559.786857,0.648860,944,593,0.069034,0.031046,0.003945,0.000000,35,0,0.664496,191,122,0.100458,0.582269,0.648860,32.328454,92.048661,78.388538,49.015471,62.110930,75.000000,63.392074,36.607926,0.069034,0.003945,否,,否,,中风险,信用得分=63.39，有效销项金额=40024592.54，毛利率=64.89%，有效经营月份=35，最大作废率=6.90%，最大负数率=0.39%，进销匹配差异=0.65，客户HHI=0.100，供应商HHI=0.582
E236,个体经营E236 ,类C,44647209.890000,4980574.770000,1785888.395600,0.888446,518,197,0.223388,0.034314,0.019490,0.004902,35,5,0.905256,29,69,0.229679,0.223292,0.888446,22.908937,76.204775,50.254294,41.275404,46.742529,60.000000,47.786844,52.213156,0.223388,0.019490,否,,是,信用得分47.79 < 50,高风险,信用得分=47.79，有效销项金额=44647209.89，毛利率=88.84%，有效经营月份=35，最大作废率=22.34%，最大负数率=1.95%，进销匹配差异=0.89，客户HHI=0.230，供应商HHI=0.223
E237,个体经营E237 ,类C,19792717.950000,17103901.020000,1522516.765385,0.135849,221,1900,0.250847,0.019102,0.000000,0.053691,27,2,0.799738,8,324,0.307981,0.263539,0.135849,40.385908,73.170309,54.568955,46.049936,53.260575,60.000000,53.582765,46.417235,0.250847,0.053691,否,,是,最大作废率25.08% > 25%,中风险,信用得分=53.58，有效销项金额=19792717.95，毛利率=13.58%，有效经营月份=27，最大作废率=25.08%，最大负数率=5.37%，进销匹配差异=0.14，客户HHI=0.308，供应商HHI=0.264
E238,个体经营E238 ,类A,56429503.980001,15987761.560000,1567486.221667,0.716677,11256,3808,0.068520,0.023339,0.046756,0.005899,36,0,0.423279,2199,760,0.003818,0.119547,0.716677,33.912074,96.898898,70.851892,96.809378,71.473195,90.000000,73.932646,26.067354,0.068520,0.046756,否,,否,,较低风险,信用得分=73.93，有效销项金额=56429503.98，毛利率=71.67%，有效经营月份=36，最大作废率=6.85%，最大负数率=4.68%，进销匹配差异=0.72，客户HHI=0.004，供应商HHI=0.120
E239,个体经营E239 ,类C,26270147.960000,25876475.690000,1094589.498333,0.014986,306,367,0.120690,0.031662,0.008621,0.013193,27,0,0.956067,33,46,0.093024,0.155939,0.014986,37.011039,75.999067,80.862310,47.209382,59.760532,60.000000,60.110027,39.889973,0.120690,0.013193,否,,否,,中风险,信用得分=60.11，有效销项金额=26270147.96，毛利率=1.50%，有效经营月份=27，最大作废率=12.07%，最大负数率=1.32%，进销匹配差异=0.01，客户HHI=0.093，供应商HHI=0.156
E240,个体经营E240 ,类D,17016977.520000,30020619.800000,2836162.920000,-0.764157,20,1085,0.838710,0.032977,0.024194,0.000891,25,7,1.071740,2,1085,0.957017,0.010026,0.764157,15.215655,53.892497,47.998220,50.000000,40.037376,30.000000,39.581968,60.418032,0.838710,0.024194,是,最大作废率83.87% > 40%,否,,高风险,信用得分=39.58，有效销项金额=17016977.52，毛利率=-76.42%，有效经营月份=25，最大作废率=83.87%，最大负数率=2.42%，进销匹配差异=0.76，客户HHI=0.957，供应商HHI=0.010
E241,个体经营E241 ,类C,37898804.220000,5982268.470000,1052744.561667,0.842152,721,415,0.091940,0.028103,0.006297,0.002342,36,0,0.454338,36,112,0.564877,0.102394,0.842152,20.952492,96.467522,71.446227,36.696739,55.603533,60.000000,55.732532,44.267468,0.091940,0.006297,否,,否,,中风险,信用得分=55.73，有效销项金额=37898804.22，毛利率=84.22%，有效经营月份=36，最大作废率=9.19%，最大负数率=0.63%，进销匹配差异=0.84，客户HHI=0.565，供应商HHI=0.102
E242,个体经营E242 ,类D,1518719.260000,18605594.030000,138065.387273,-11.250845,18,503,0.931559,0.019493,0.026616,0.000000,25,5,0.887261,11,503,0.201067,0.006911,11.250845,0.732480,61.454712,26.007605,64.721800,35.029683,30.000000,34.920324,65.079676,0.931559,0.026616,是,最大作废率93.16% > 40%；进销匹配差异11.25 > 4,否,,高风险,信用得分=34.92，有效销项金额=1518719.26，毛利率=-1125.08%，有效经营月份=25，最大作废率=93.16%，最大负数率=2.66%，进销匹配差异=11.25，客户HHI=0.201，供应商HHI=0.007
E243,***科技有限公司,类C,32091033.410000,4588763.790000,943853.923824,0.857008,677,681,0.047820,0.022956,0.000000,0.002869,34,0,0.852925,35,131,0.207786,0.252909,0.857008,18.442092,87.931591,77.877149,44.001876,55.785188,60.000000,56.466504,43.533496,0.047820,0.002869,否,,否,,中风险,信用得分=56.47，有效销项金额=32091033.41，毛利率=85.70%，有效经营月份=34，最大作废率=4.78%，最大负数率=0.29%，进销匹配差异=0.86，客户HHI=0.208，供应商HHI=0.253
E244,个体经营E244 ,类C,34862195.290000,13820506.180000,1056430.160303,0.603568,443,1105,0.173507,0.039965,0.024254,0.006082,36,1,0.856874,20,153,0.317472,0.057740,0.603568,33.327733,88.376754,61.508464,46.425353,56.754695,60.000000,56.669470,43.330530,0.173507,0.024254,否,,否,,中风险,信用得分=56.67，有效销项金额=34862195.29，毛利率=60.36%，有效经营月份=36，最大作废率=17.35%，最大负数率=2.43%，进销匹配差异=0.60，客户HHI=0.317，供应商HHI=0.058
E245,***建筑劳务有限公司,类D,25170610.390000,132745.050000,1144118.654091,0.994726,309,264,0.124646,0.003774,0.050992,0.000000,30,2,0.987848,33,64,0.158437,0.129128,0.994726,10.267882,75.057668,57.493142,46.696081,45.557283,30.000000,44.291006,55.708994,0.124646,0.050992,否,,是,信用得分44.29 < 50,高风险,信用得分=44.29，有效销项金额=25170610.39，毛利率=99.47%，有效经营月份=30，最大作废率=12.46%，最大负数率=5.10%，进销匹配差异=0.99，客户HHI=0.158，供应商HHI=0.129
E246,***物业服务有限公司,类B,31377751.460000,6524608.600000,848047.336757,0.792063,749,1298,0.096502,0.051170,0.018094,0.008041,37,0,0.410428,121,409,0.156003,0.089828,0.792063,21.435205,97.077385,69.914538,68.955970,61.969736,75.000000,63.544107,36.455893,0.096502,0.018094,否,,否,,中风险,信用得分=63.54，有效销项金额=31377751.46，毛利率=79.21%，有效经营月份=37，最大作废率=9.65%，最大负数率=1.81%，进销匹配差异=0.79，客户HHI=0.156，供应商HHI=0.090
E247,***石化有限公司,类B,21712508.800000,12283876.140000,603125.244444,0.434249,333,915,0.072423,0.029692,0.000000,0.007423,38,0,0.964194,10,185,0.599493,0.055845,0.434249,37.000749,89.386198,81.147901,37.933168,61.320383,75.000000,62.501036,37.498964,0.072423,0.007423,否,,否,,中风险,信用得分=62.50，有效销项金额=21712508.80，毛利率=43.42%，有效经营月份=38，最大作废率=7.24%，最大负数率=0.74%，进销匹配差异=0.43，客户HHI=0.599，供应商HHI=0.056
E248,***智能科技有限公司,类B,20868777.100000,13784612.420000,579688.252778,0.339462,353,1466,0.128395,0.029782,0.014815,0.005956,37,1,1.551844,118,262,0.084742,0.047695,0.339462,36.722299,78.724394,73.861878,66.437971,62.450852,75.000000,64.178517,35.821483,0.128395,0.014815,否,,否,,中风险,信用得分=64.18，有效销项金额=20868777.10，毛利率=33.95%，有效经营月份=37，最大作废率=12.84%，最大负数率=1.48%，进销匹配差异=0.34，客户HHI=0.085，供应商HHI=0.048
E249,***建筑工程有限公司,类C,51819821.700000,27296207.130000,4710892.881818,0.473248,470,620,0.004237,0.137691,0.000000,0.001391,35,7,0.708077,3,106,0.972602,0.151384,0.473248,59.184569,73.943380,72.232768,24.802814,59.259970,60.000000,58.603573,41.396427,0.137691,0.001391,否,,否,,中风险,信用得分=58.60，有效销项金额=51819821.70，毛利率=47.32%，有效经营月份=35，最大作废率=13.77%，最大负数率=0.14%，进销匹配差异=0.47，客户HHI=0.973，供应商HHI=0.151
E250,***塑料厂,类C,32443945.690000,8633213.090000,853788.044474,0.733904,660,427,0.151671,0.027335,0.029563,0.020501,38,0,0.387254,102,127,0.060598,0.185666,0.733904,24.860731,97.399246,61.488304,56.078925,58.395892,60.000000,58.282893,41.717107,0.151671,0.029563,否,,否,,中风险,信用得分=58.28，有效销项金额=32443945.69，毛利率=73.39%，有效经营月份=38，最大作废率=15.17%，最大负数率=2.96%，进销匹配差异=0.73，客户HHI=0.061，供应商HHI=0.186
E251,***医疗器械有限责任公司,类C,12859876.880000,9138566.250000,559125.081739,0.289374,274,1355,0.130159,0.070007,0.044444,0.017845,33,9,1.437775,130,347,0.114635,0.047307,0.289374,34.913353,55.808680,70.047071,69.871846,55.912313,60.000000,57.376211,42.623789,0.130159,0.044444,否,,否,,中风险,信用得分=57.38，有效销项金额=12859876.88，毛利率=28.94%，有效经营月份=33，最大作废率=13.02%，最大负数率=4.44%，进销匹配差异=0.29，客户HHI=0.115，供应商HHI=0.047
E252,***印务有限公司,类B,39283384.000000,26238254.220000,1061713.081081,0.332078,517,905,0.044362,0.055324,0.018484,0.004175,37,0,1.223444,40,111,0.133735,0.054115,0.332078,42.677672,85.785497,83.670697,52.342884,65.635927,75.000000,66.712769,33.287231,0.055324,0.018484,否,,否,,较低风险,信用得分=66.71，有效销项金额=39283384.00，毛利率=33.21%，有效经营月份=37，最大作废率=5.53%，最大负数率=1.85%，进销匹配差异=0.33，客户HHI=0.134，供应商HHI=0.054
E253,***钢结构工程有限公司,类B,23725535.580000,18383666.460000,659042.655000,0.225153,318,1196,0.165354,0.033145,0.007874,0.004042,37,1,0.919196,105,319,0.033860,0.103064,0.225153,37.665091,87.511172,71.729119,67.545626,64.618725,75.000000,65.859912,34.140088,0.165354,0.007874,否,,否,,较低风险,信用得分=65.86，有效销项金额=23725535.58，毛利率=22.52%，有效经营月份=37，最大作废率=16.54%，最大负数率=0.79%，进销匹配差异=0.23，客户HHI=0.034，供应商HHI=0.103
E254,***设备安装工程有限公司,类C,37200358.720000,3221474.180000,1127283.597576,0.913402,456,236,0.075051,0.004219,0.004057,0.000000,35,2,0.836742,22,39,0.259069,0.238318,0.913402,17.223706,84.656365,72.899845,38.084718,52.173108,60.000000,53.079104,46.920896,0.075051,0.004057,否,,否,,中风险,信用得分=53.08，有效销项金额=37200358.72，毛利率=91.34%，有效经营月份=35，最大作废率=7.51%，最大负数率=0.41%，进销匹配差异=0.91，客户HHI=0.259，供应商HHI=0.238
E255,个体经营E255 ,类C,38606481.840000,11268140.560000,1135484.760000,0.708128,599,1331,0.062598,0.033406,0.046948,0.005084,36,1,0.968410,19,311,0.434388,0.130362,0.708128,28.757022,86.827637,71.801808,46.624940,57.609456,60.000000,57.830223,42.169777,0.062598,0.046948,否,,否,,中风险,信用得分=57.83，有效销项金额=38606481.84，毛利率=70.81%，有效经营月份=36，最大作废率=6.26%，最大负数率=4.69%，进销匹配差异=0.71，客户HHI=0.434，供应商HHI=0.130
E256,***物资有限公司,类B,29926361.090000,10258640.400000,808820.570000,0.657204,892,270,0.029380,0.035714,0.008705,0.010714,37,0,0.264414,211,54,0.043396,0.077892,0.657204,28.316645,99.105367,81.891789,65.876952,66.919673,75.000000,68.048572,31.951428,0.035714,0.010714,否,,否,,较低风险,信用得分=68.05，有效销项金额=29926361.09，毛利率=65.72%，有效经营月份=37，最大作废率=3.57%，最大负数率=1.07%，进销匹配差异=0.66，客户HHI=0.043，供应商HHI=0.078
E257,***门窗安装有限公司,类C,23793654.890000,15089198.550000,793121.829667,0.365831,317,337,0.121884,0.042614,0.030471,0.005682,30,0,0.863526,39,97,0.104420,0.054022,0.365831,38.233695,81.784368,71.963609,52.642337,60.435570,60.000000,60.434667,39.565333,0.121884,0.030471,否,,否,,中风险,信用得分=60.43，有效销项金额=23793654.89，毛利率=36.58%，有效经营月份=30，最大作废率=12.19%，最大负数率=3.05%，进销匹配差异=0.37，客户HHI=0.104，供应商HHI=0.054
E258,***国际货运有限公司,类B,68046478.540000,15197534.260000,1790696.803684,0.776660,2380,2233,0.046092,0.036670,0.021242,0.010785,38,0,0.822562,193,248,0.149416,0.073807,0.776660,34.063158,91.353310,76.769180,68.970881,66.043746,75.000000,67.272923,32.727077,0.046092,0.021242,否,,否,,较低风险,信用得分=67.27，有效销项金额=68046478.54，毛利率=77.67%，有效经营月份=38，最大作废率=4.61%，最大负数率=2.12%，进销匹配差异=0.78，客户HHI=0.149，供应商HHI=0.074
E259,***文化传媒有限公司,类B,31725623.110000,18472779.250000,857449.273243,0.417733,707,2321,0.135697,0.057271,0.023227,0.008936,37,0,0.538481,211,521,0.014588,0.015519,0.417733,40.206890,95.298873,70.208008,87.264531,70.891693,75.000000,71.616405,28.383595,0.135697,0.023227,否,,否,,较低风险,信用得分=71.62，有效销项金额=31725623.11，毛利率=41.77%，有效经营月份=37，最大作废率=13.57%，最大负数率=2.32%，进销匹配差异=0.42，客户HHI=0.015，供应商HHI=0.016
E260,***广告有限公司,类B,22168583.160000,17836465.140000,599150.896216,0.195417,1405,1343,0.115239,0.016117,0.015113,0.006593,37,0,0.953959,289,258,0.044188,0.042747,0.195417,37.082503,89.528341,78.179699,81.428675,69.337496,75.000000,70.506954,29.493046,0.115239,0.015113,否,,否,,较低风险,信用得分=70.51，有效销项金额=22168583.16，毛利率=19.54%，有效经营月份=37，最大作废率=11.52%，最大负数率=1.51%，进销匹配差异=0.20，客户HHI=0.044，供应商HHI=0.043
E261,***医疗器械有限公司,类B,15967699.380000,8616353.380000,431559.442703,0.460389,1367,1338,0.116925,0.034632,0.015504,0.006494,37,0,0.634857,131,457,0.051831,0.544953,0.460389,34.488663,93.960317,73.248110,60.438734,64.236452,75.000000,65.314003,34.685997,0.116925,0.015504,否,,否,,较低风险,信用得分=65.31，有效销项金额=15967699.38，毛利率=46.04%，有效经营月份=37，最大作废率=11.69%，最大负数率=1.55%，进销匹配差异=0.46，客户HHI=0.052，供应商HHI=0.545
E262,个体经营E262 ,类B,24523963.300000,16419328.120000,817465.443333,0.330478,656,320,0.052023,0.027356,0.013006,0.000000,34,3,1.052563,199,42,0.233905,0.093393,0.330478,38.491475,77.658844,84.982528,57.830515,63.773888,75.000000,65.466372,34.533628,0.052023,0.013006,否,,否,,较低风险,信用得分=65.47，有效销项金额=24523963.30，毛利率=33.05%，有效经营月份=34，最大作废率=5.20%，最大负数率=1.30%，进销匹配差异=0.33，客户HHI=0.234，供应商HHI=0.093
E263,***通信工程有限公司,类C,26231558.890000,14352187.420000,728654.413611,0.452866,404,490,0.185484,0.012097,0.038306,0.002016,37,1,1.022730,15,148,0.256382,0.200847,0.452866,38.335826,86.073190,60.361142,43.195141,56.748359,60.000000,56.527908,43.472092,0.185484,0.038306,否,,否,,中风险,信用得分=56.53，有效销项金额=26231558.89，毛利率=45.29%，有效经营月份=37，最大作废率=18.55%，最大负数率=3.83%，进销匹配差异=0.45，客户HHI=0.256，供应商HHI=0.201
E264,个体经营E264 ,类D,1173035.700000,23547443.510000,90233.515385,-19.073936,24,1502,0.943262,0.067081,0.044917,0.006832,25,3,0.719423,8,1502,0.531504,0.006646,19.073936,0.460454,68.785786,23.262411,58.909919,34.932169,30.000000,34.469857,65.530143,0.943262,0.044917,是,最大作废率94.33% > 40%；进销匹配差异19.07 > 4,否,,高风险,信用得分=34.47，有效销项金额=1173035.70，毛利率=-1907.39%，有效经营月份=25，最大作废率=94.33%，最大负数率=4.49%，进销匹配差异=19.07，客户HHI=0.532，供应商HHI=0.007
E265,***净化工程有限公司,类B,23812366.630000,21512865.910000,744136.457187,0.096568,401,1968,0.155789,0.032924,0.033684,0.006388,33,1,0.951843,62,477,0.093336,0.115413,0.096568,38.035342,82.557733,71.446911,68.154806,63.542725,75.000000,65.013071,34.986929,0.155789,0.033684,否,,否,,较低风险,信用得分=65.01，有效销项金额=23812366.63，毛利率=9.66%，有效经营月份=33，最大作废率=15.58%，最大负数率=3.37%，进销匹配差异=0.10，客户HHI=0.093，供应商HHI=0.115
E266,***煤矿机械有限公司,类C,26289597.490000,1223479.750000,938914.196071,0.953461,450,289,0.070248,0.020339,0.018595,0.006780,36,3,0.676763,16,83,0.675927,0.323316,0.953461,11.911768,85.878291,70.690458,23.288727,47.373463,60.000000,48.483960,51.516040,0.070248,0.018595,否,,是,信用得分48.48 < 50,高风险,信用得分=48.48，有效销项金额=26289597.49，毛利率=95.35%，有效经营月份=36，最大作废率=7.02%，最大负数率=1.86%，进销匹配差异=0.95，客户HHI=0.676，供应商HHI=0.323
E267,***林园艺场,类D,17493142.050000,1033331.690000,1249510.146429,0.940929,202,189,0.110132,0.015625,0.022026,0.000000,19,2,0.791769,11,41,0.176225,0.338787,0.940929,11.985029,61.280981,64.811270,36.719393,42.462450,30.000000,41.799149,58.200851,0.110132,0.022026,否,,是,信用得分41.80 < 50,高风险,信用得分=41.80，有效销项金额=17493142.05，毛利率=94.09%，有效经营月份=19，最大作废率=11.01%，最大负数率=2.20%，进销匹配差异=0.94，客户HHI=0.176，供应商HHI=0.339
E268,***建筑劳务有限公司,类C,25591515.940000,5853887.010000,1279575.797000,0.771257,342,42,0.050000,0.106383,0.025000,0.000000,25,5,0.687604,9,19,0.299206,0.178600,0.771257,23.107362,64.227728,67.859390,36.866940,47.327376,60.000000,48.960622,51.039378,0.106383,0.025000,否,,是,信用得分48.96 < 50,高风险,信用得分=48.96，有效销项金额=25591515.94，毛利率=77.13%，有效经营月份=25，最大作废率=10.64%，最大负数率=2.50%，进销匹配差异=0.77，客户HHI=0.299，供应商HHI=0.179
E269,***节能服务有限公司,类D,30060690.450000,935601.370000,858876.870000,0.968876,194,169,0.130045,0.005882,0.049327,0.000000,36,1,1.691145,19,69,0.692726,0.160192,0.968876,11.552055,76.789658,57.439284,27.655821,42.554016,30.000000,41.136931,58.863069,0.130045,0.049327,否,,是,信用得分41.14 < 50,高风险,信用得分=41.14，有效销项金额=30060690.45，毛利率=96.89%，有效经营月份=36，最大作废率=13.00%，最大负数率=4.93%，进销匹配差异=0.97，客户HHI=0.693，供应商HHI=0.160
E270,个体经营E270 ,类C,20044158.200000,5861645.700000,607398.733333,0.707563,335,548,0.192771,0.023173,0.028916,0.007130,36,1,0.711169,40,90,0.332051,0.256892,0.707563,22.610364,90.400433,56.292339,38.642780,51.184859,60.000000,51.534319,48.465681,0.192771,0.028916,否,,否,,中风险,信用得分=51.53，有效销项金额=20044158.20，毛利率=70.76%，有效经营月份=36，最大作废率=19.28%，最大负数率=2.89%，进销匹配差异=0.71，客户HHI=0.332，供应商HHI=0.257
E271,***科技有限公司,类B,30204201.370000,26123955.510000,816329.766757,0.135089,440,1638,0.210054,0.035336,0.028725,0.005300,37,0,1.264748,94,507,0.063108,0.047219,0.135089,39.709507,85.211840,63.919610,75.078404,64.211396,75.000000,65.465328,34.534672,0.210054,0.028725,否,,否,,较低风险,信用得分=65.47，有效销项金额=30204201.37，毛利率=13.51%，有效经营月份=37，最大作废率=21.01%，最大负数率=2.87%，进销匹配差异=0.14，客户HHI=0.063，供应商HHI=0.047
E272,个体经营E272 ,类C,13847647.500000,4428282.710000,384656.875000,0.680214,542,1168,0.089076,0.031509,0.055462,0.011609,36,0,1.003421,72,283,0.149067,0.089431,0.680214,21.848043,88.841371,67.306338,60.199665,57.631273,60.000000,58.096802,41.903198,0.089076,0.055462,否,,否,,中风险,信用得分=58.10，有效销项金额=13847647.50，毛利率=68.02%，有效经营月份=36，最大作废率=8.91%，最大负数率=5.55%，进销匹配差异=0.68，客户HHI=0.149，供应商HHI=0.089
E273,个体经营E273 ,类B,23004728.280000,9969872.580000,657277.950857,0.566616,7961,1460,0.010564,0.055627,0.001616,0.011643,35,0,0.496740,5120,318,0.000916,0.375184,0.566616,31.141747,94.378604,80.549931,76.156123,68.305882,75.000000,69.529865,30.470135,0.055627,0.011643,否,,否,,较低风险,信用得分=69.53，有效销项金额=23004728.28，毛利率=56.66%，有效经营月份=35，最大作废率=5.56%，最大负数率=1.16%，进销匹配差异=0.57，客户HHI=0.001，供应商HHI=0.375
E274,***建筑劳务有限公司,类D,11733690.960000,35569.070000,782246.064000,0.996969,136,12,0.116883,0.000000,0.012987,0.000000,17,2,1.041305,15,9,0.144913,0.483851,0.996969,5.758089,54.815211,64.241361,32.106808,37.912931,30.000000,37.884266,62.115734,0.116883,0.012987,否,,是,信用得分37.88 < 50,高风险,信用得分=37.88，有效销项金额=11733690.96，毛利率=99.70%，有效经营月份=17，最大作废率=11.69%，最大负数率=1.30%，进销匹配差异=1.00，客户HHI=0.145，供应商HHI=0.484
E275,***网络工程有限公司,类C,20636866.030000,1600295.130000,606966.647941,0.922455,357,364,0.190476,0.039578,0.054422,0.018470,38,1,0.933332,45,97,0.075310,0.127525,0.922455,11.014829,87.314830,49.027113,51.699933,47.729921,60.000000,48.813438,51.186562,0.190476,0.054422,否,,是,信用得分48.81 < 50,高风险,信用得分=48.81，有效销项金额=20636866.03，毛利率=92.25%，有效经营月份=38，最大作废率=19.05%，最大负数率=5.44%，进销匹配差异=0.92，客户HHI=0.075，供应商HHI=0.128
E276,***体育设施工程有限公司,类C,12182839.350000,4044018.630000,507618.306250,0.668056,169,1022,0.202830,0.017308,0.037736,0.000962,35,3,1.265314,20,243,0.156410,0.229955,0.668056,22.660846,76.203978,54.252414,49.687577,49.349867,60.000000,50.406626,49.593374,0.202830,0.037736,否,,否,,中风险,信用得分=50.41，有效销项金额=12182839.35，毛利率=66.81%，有效经营月份=35，最大作废率=20.28%，最大负数率=3.77%，进销匹配差异=0.67，客户HHI=0.156，供应商HHI=0.230
E277,***消防设备制造有限公司,类C,18107878.280000,12518820.560000,603595.942667,0.308653,254,319,0.062731,0.044910,0.003690,0.005988,30,0,0.316834,36,81,0.747962,0.083571,0.308653,36.226763,89.377306,84.918075,30.185152,60.478904,60.000000,60.198701,39.801299,0.062731,0.005988,否,,否,,中风险,信用得分=60.20，有效销项金额=18107878.28，毛利率=30.87%，有效经营月份=30，最大作废率=6.27%，最大负数率=0.60%，进销匹配差异=0.31，客户HHI=0.748，供应商HHI=0.084
E278,***贸易有限公司,类B,13017866.000000,11040657.060000,361607.388889,0.151884,222,389,0.067227,0.039506,0.008403,0.004938,38,1,1.088299,38,98,0.138040,0.057170,0.151884,34.131329,85.162512,86.669757,51.424023,63.482270,75.000000,65.017578,34.982422,0.067227,0.008403,否,,否,,较低风险,信用得分=65.02，有效销项金额=13017866.00，毛利率=15.19%，有效经营月份=38，最大作废率=6.72%，最大负数率=0.84%，进销匹配差异=0.15，客户HHI=0.138，供应商HHI=0.057
E279,***环保包装有限公司,类C,22943219.650000,16692566.790000,791145.505172,0.272440,500,600,0.049430,0.030695,0.062738,0.006462,30,1,0.598777,7,90,0.844320,0.120242,0.272440,38.042465,82.961432,78.901500,25.381663,56.954805,60.000000,56.904610,43.095390,0.049430,0.062738,否,,否,,中风险,信用得分=56.90，有效销项金额=22943219.65，毛利率=27.24%，有效经营月份=30，最大作废率=4.94%，最大负数率=6.27%，进销匹配差异=0.27，客户HHI=0.844，供应商HHI=0.120
E280,个体经营E280 ,类B,17080553.210000,12226246.400000,474459.811389,0.284201,549,544,0.066327,0.019820,0.006803,0.000000,36,0,0.531729,125,103,0.034635,0.091665,0.284201,35.472104,95.392657,84.720364,60.800439,67.829974,75.000000,68.786736,31.213264,0.066327,0.006803,否,,否,,较低风险,信用得分=68.79，有效销项金额=17080553.21，毛利率=28.42%，有效经营月份=36，最大作废率=6.63%，最大负数率=0.68%，进销匹配差异=0.28，客户HHI=0.035，供应商HHI=0.092
E281,***商业管理有限责任公司,类C,16333110.180000,19629385.240000,494942.732727,-0.201816,551,1002,0.051635,0.056497,0.005164,0.000000,34,0,0.601111,43,186,0.206813,0.304329,0.201816,13.811646,91.429017,87.784097,45.237612,57.994295,60.000000,58.732262,41.267738,0.056497,0.005164,否,,否,,中风险,信用得分=58.73，有效销项金额=16333110.18，毛利率=-20.18%，有效经营月份=34，最大作废率=5.65%，最大负数率=0.52%，进销匹配差异=0.20，客户HHI=0.207，供应商HHI=0.304
E282,***影城有限公司***分公司,类C,21071603.490000,11977184.030000,554515.881316,0.431596,1959,752,0.277388,0.054088,0.006640,0.023899,38,0,0.506368,562,93,0.097840,0.521779,0.431596,36.661961,95.744890,53.862165,59.913453,60.383043,60.000000,59.762700,40.237300,0.277388,0.023899,否,,是,最大作废率27.74% > 25%,中风险,信用得分=59.76，有效销项金额=21071603.49，毛利率=43.16%，有效经营月份=38，最大作废率=27.74%，最大负数率=2.39%，进销匹配差异=0.43，客户HHI=0.098，供应商HHI=0.522
E283,***机械铸造有限责任公司,类B,19645465.230000,15198205.360000,530958.519730,0.226376,291,582,0.026756,0.044335,0.000000,0.000000,37,0,0.514075,20,107,0.148140,0.102510,0.226376,36.257646,95.637849,89.831525,48.567643,66.958166,75.000000,67.863391,32.136609,0.044335,0.000000,否,,否,,较低风险,信用得分=67.86，有效销项金额=19645465.23，毛利率=22.64%，有效经营月份=37，最大作废率=4.43%，最大负数率=0.00%，进销匹配差异=0.23，客户HHI=0.148，供应商HHI=0.103
E284,***成焊科技有限公司,类B,16027714.880000,10717026.240000,433181.483243,0.331344,429,1007,0.079399,0.048204,0.004292,0.004726,38,0,0.491549,125,120,0.330220,0.082846,0.331344,35.074931,95.950703,82.376714,52.292929,65.562919,75.000000,66.511638,33.488362,0.079399,0.004726,否,,否,,较低风险,信用得分=66.51，有效销项金额=16027714.88，毛利率=33.13%，有效经营月份=38，最大作废率=7.94%，最大负数率=0.47%，进销匹配差异=0.33，客户HHI=0.330，供应商HHI=0.083
E285,个体经营E285 ,类C,30216720.820000,16078594.040000,839353.356111,0.467891,458,730,0.187943,0.054404,0.012411,0.005181,36,0,1.371280,53,224,0.069632,0.070389,0.467891,38.831458,83.732215,63.638151,59.461576,60.384344,60.000000,60.256161,39.743839,0.187943,0.012411,否,,否,,中风险,信用得分=60.26，有效销项金额=30216720.82，毛利率=46.79%，有效经营月份=36，最大作废率=18.79%，最大负数率=1.24%，进销匹配差异=0.47，客户HHI=0.070，供应商HHI=0.070
E286,***印务有限公司,类C,12127861.530000,11293218.690000,527298.327391,0.068820,199,290,0.228682,0.049180,0.019380,0.000000,24,1,0.979406,32,79,0.147420,0.080152,0.068820,34.624290,68.674923,63.873164,49.142141,53.352737,60.000000,54.187776,45.812224,0.228682,0.019380,否,,否,,中风险,信用得分=54.19，有效销项金额=12127861.53，毛利率=6.88%，有效经营月份=24，最大作废率=22.87%，最大负数率=1.94%，进销匹配差异=0.07，客户HHI=0.147，供应商HHI=0.080
E287,***鞋材有限公司,类B,15043409.130000,14278828.880000,406578.625135,0.050825,267,422,0.135922,0.086580,0.003236,0.006494,37,0,0.448530,26,94,0.129815,0.060916,0.050825,34.753142,96.548199,79.107411,50.445764,64.428998,75.000000,65.363931,34.636069,0.135922,0.006494,否,,否,,较低风险,信用得分=65.36，有效销项金额=15043409.13，毛利率=5.08%，有效经营月份=37，最大作废率=13.59%，最大负数率=0.65%，进销匹配差异=0.05，客户HHI=0.130，供应商HHI=0.061
E288,个体经营E288 ,类C,16013736.530000,13186165.140000,485264.743333,0.176572,240,575,0.220779,0.012027,0.012987,0.001718,34,1,0.816845,36,125,0.125178,0.187753,0.176572,35.287101,85.932708,64.052854,48.576667,57.797854,60.000000,57.736864,42.263136,0.220779,0.012987,否,,否,,中风险,信用得分=57.74，有效销项金额=16013736.53，毛利率=17.66%，有效经营月份=34，最大作废率=22.08%，最大负数率=1.30%，进销匹配差异=0.18，客户HHI=0.125，供应商HHI=0.188
E289,***运业有限公司***分公司,类B,21051602.520000,7236380.200000,568962.230270,0.656255,1567,3307,0.066706,0.008396,0.014294,0.002699,38,0,0.204468,398,170,0.080776,0.174019,0.656255,25.467060,99.937950,77.032509,74.703384,66.823410,75.000000,68.053159,31.946841,0.066706,0.014294,否,,否,,较低风险,信用得分=68.05，有效销项金额=21051602.52，毛利率=65.63%，有效经营月份=38，最大作废率=6.67%，最大负数率=1.43%，进销匹配差异=0.66，客户HHI=0.081，供应商HHI=0.174
E290,***机电有限公司,类C,16894268.320000,5306769.020000,456601.846486,0.685883,988,859,0.121778,0.013777,0.016889,0.006889,38,0,0.821931,110,218,0.132733,0.044622,0.685883,22.491854,91.362068,68.414817,62.588055,59.209388,60.000000,59.516692,40.483308,0.121778,0.016889,否,,否,,中风险,信用得分=59.52，有效销项金额=16894268.32，毛利率=68.59%，有效经营月份=38，最大作废率=12.18%，最大负数率=1.69%，进销匹配差异=0.69，客户HHI=0.133，供应商HHI=0.045
E291,***文业建设工程有限公司,类D,11223475.720000,16817356.230000,1402934.465000,-0.498409,129,372,0.203704,0.053435,0.012346,0.022901,30,8,1.395607,5,117,0.940592,0.558831,0.498409,8.047251,54.394345,59.324211,12.250066,33.293828,30.000000,33.171748,66.828252,0.203704,0.022901,否,,是,信用得分33.17 < 50,高风险,信用得分=33.17，有效销项金额=11223475.72，毛利率=-49.84%，有效经营月份=30，最大作废率=20.37%，最大负数率=2.29%，进销匹配差异=0.50，客户HHI=0.941，供应商HHI=0.559
E292,***物流有限公司,类B,11604986.870000,6835386.230000,351666.268788,0.410996,1278,323,0.029613,0.035821,0.001519,0.000000,34,2,0.730054,20,83,0.211390,0.197348,0.410996,33.786123,84.638145,87.564858,42.535482,61.693684,75.000000,63.272470,36.727530,0.035821,0.001519,否,,否,,中风险,信用得分=63.27，有效销项金额=11604986.87，毛利率=41.10%，有效经营月份=34，最大作废率=3.58%，最大负数率=0.15%，进销匹配差异=0.41，客户HHI=0.211，供应商HHI=0.197
E293,***物资有限公司,类C,7696185.750000,7511439.880000,208005.020270,0.024005,107,56,0.085470,0.050847,0.000000,0.000000,37,0,1.684941,3,27,0.637376,0.664035,0.024005,30.123034,79.375815,87.614103,10.406697,52.865729,60.000000,53.390787,46.609213,0.085470,0.000000,否,,否,,中风险,信用得分=53.39，有效销项金额=7696185.75，毛利率=2.40%，有效经营月份=37，最大作废率=8.55%，最大负数率=0.00%，进销匹配差异=0.02，客户HHI=0.637，供应商HHI=0.664
E294,个体经营E294 ,类C,22641319.890000,4089504.260000,628925.552500,0.819379,310,845,0.136490,0.025375,0.002786,0.004614,36,0,0.638354,47,234,0.071845,0.081972,0.819379,17.159347,93.911751,65.860196,58.941146,56.879020,60.000000,57.325465,42.674535,0.136490,0.004614,否,,否,,中风险,信用得分=57.33，有效销项金额=22641319.89，毛利率=81.94%，有效经营月份=36，最大作废率=13.65%，最大负数率=0.46%，进销匹配差异=0.82，客户HHI=0.072，供应商HHI=0.082
E295,***电器设备制造有限公司,类B,13675456.420000,11177597.670000,414407.770303,0.182653,206,818,0.179283,0.042155,0.011952,0.001171,37,1,0.922002,57,213,0.057655,0.069313,0.182653,34.491023,87.472189,69.911148,59.757868,61.644715,75.000000,63.046554,36.953446,0.179283,0.011952,否,,否,,中风险,信用得分=63.05，有效销项金额=13675456.42，毛利率=18.27%，有效经营月份=37，最大作废率=17.93%，最大负数率=1.20%，进销匹配差异=0.18，客户HHI=0.058，供应商HHI=0.069
E296,***装饰设计工程有限公司,类D,12371267.160000,5441938.890000,618563.358000,0.560115,219,1446,0.130952,0.063472,0.075397,0.018135,30,12,1.141468,18,381,0.394916,0.043255,0.560115,29.047486,47.924057,60.555136,53.417153,46.517475,30.000000,45.668898,54.331102,0.130952,0.075397,否,,是,信用得分45.67 < 50,高风险,信用得分=45.67，有效销项金额=12371267.16，毛利率=56.01%，有效经营月份=30，最大作废率=13.10%，最大负数率=7.54%，进销匹配差异=0.56，客户HHI=0.395，供应商HHI=0.043
E297,***建筑机械租赁有限公司,类C,13646000.040000,10296967.850000,974714.288571,0.245422,162,50,0.114754,0.000000,0.000000,0.000000,18,2,0.679086,3,10,0.488659,0.583601,0.245422,36.799556,61.346029,79.639537,17.067573,49.699773,60.000000,50.792493,49.207507,0.114754,0.000000,否,,否,,中风险,信用得分=50.79，有效销项金额=13646000.04，毛利率=24.54%，有效经营月份=18，最大作废率=11.48%，最大负数率=0.00%，进销匹配差异=0.25，客户HHI=0.489，供应商HHI=0.584
E298,***电器维护服务有限公司,类C,16228313.170000,5471901.900000,427060.872895,0.662818,2436,902,0.134021,0.007701,0.011376,0.011001,38,0,0.551980,253,70,0.291747,0.103200,0.662818,23.484593,95.111395,67.931442,61.112592,60.028606,60.000000,60.098806,39.901194,0.134021,0.011376,否,,否,,中风险,信用得分=60.10，有效销项金额=16228313.17，毛利率=66.28%，有效经营月份=38，最大作废率=13.40%，最大负数率=1.14%，进销匹配差异=0.66，客户HHI=0.292，供应商HHI=0.103
E299,***压缩天然气有限责任公司,类C,19682705.990000,24189235.730000,517965.947105,-0.228959,495,570,0.091743,0.037162,0.011009,0.010135,38,0,0.723164,265,109,0.323242,0.418730,0.228959,12.301226,92.733828,81.497807,52.519441,57.752165,60.000000,58.500412,41.499588,0.091743,0.011009,否,,否,,中风险,信用得分=58.50，有效销项金额=19682705.99，毛利率=-22.90%，有效经营月份=38，最大作废率=9.17%，最大负数率=1.10%，进销匹配差异=0.23，客户HHI=0.323，供应商HHI=0.419
E300,***建设工程有限公司,类C,18538935.790000,14744459.950000,975733.462632,0.204676,223,747,0.093496,0.031128,0.016260,0.002594,35,6,1.169010,23,232,0.154502,0.060656,0.204676,37.857017,70.041526,80.889714,54.972814,60.084478,60.000000,60.689551,39.310449,0.093496,0.016260,否,,否,,中风险,信用得分=60.69，有效销项金额=18538935.79，毛利率=20.47%，有效经营月份=35，最大作废率=9.35%，最大负数率=1.63%，进销匹配差异=0.20，客户HHI=0.155，供应商HHI=0.061
E301,***企业管理咨询有限公司,类B,15413221.300000,3919541.140000,453330.038235,0.745703,428,2971,0.065502,0.019148,0.017467,0.002311,36,0,1.108577,119,789,0.112634,0.066295,0.745703,18.896662,87.380877,75.159810,79.739984,62.252167,75.000000,64.438290,35.561710,0.065502,0.017467,否,,否,,中风险,信用得分=64.44，有效销项金额=15413221.30，毛利率=74.57%，有效经营月份=36，最大作废率=6.55%，最大负数率=1.75%，进销匹配差异=0.75，客户HHI=0.113，供应商HHI=0.066
E302,***机电设备有限公司,类C,9362480.970000,3118772.120000,260068.915833,0.666886,261,899,0.096886,0.058639,0.003460,0.008377,38,1,0.841659,33,236,0.092797,0.098379,0.666886,21.094820,88.588068,73.508934,56.703110,58.193318,60.000000,58.709174,41.290826,0.096886,0.008377,否,,否,,中风险,信用得分=58.71，有效销项金额=9362480.97，毛利率=66.69%，有效经营月份=38，最大作废率=9.69%，最大负数率=0.84%，进销匹配差异=0.67，客户HHI=0.093，供应商HHI=0.098
E303,***图书发行有限公司,类C,16347545.810000,2176920.410000,495380.176061,0.866835,315,682,0.125000,0.015873,0.002778,0.001443,38,4,0.465539,42,108,0.105707,0.295406,0.866835,12.664292,86.311956,66.913720,45.547037,51.215114,60.000000,52.266302,47.733698,0.125000,0.002778,否,,否,,中风险,信用得分=52.27，有效销项金额=16347545.81，毛利率=86.68%，有效经营月份=38，最大作废率=12.50%，最大负数率=0.28%，进销匹配差异=0.87，客户HHI=0.106，供应商HHI=0.295
E304,***环保科技有限公司,类C,9378613.350000,16812220.660000,253476.036486,-0.792613,951,588,0.075802,0.031301,0.000000,0.001647,37,0,0.647016,198,142,0.047273,0.209930,0.792613,2.901208,93.791445,75.269917,64.018979,55.939499,60.000000,57.104866,42.895134,0.075802,0.001647,否,,否,,中风险,信用得分=57.10，有效销项金额=9378613.35，毛利率=-79.26%，有效经营月份=37，最大作废率=7.58%，最大负数率=0.16%，进销匹配差异=0.79，客户HHI=0.047，供应商HHI=0.210
E305,***劳务有限公司,类C,47837106.240000,19412737.840000,1839888.701538,0.594191,321,575,0.105850,0.025424,0.005571,0.000000,37,2,0.884004,4,164,0.334961,0.395127,0.594191,39.868975,85.499951,73.947065,34.228350,58.668116,60.000000,58.399670,41.600330,0.105850,0.005571,否,,否,,中风险,信用得分=58.40，有效销项金额=47837106.24，毛利率=59.42%，有效经营月份=37，最大作废率=10.58%，最大负数率=0.56%，进销匹配差异=0.59，客户HHI=0.335，供应商HHI=0.395
E306,个体经营E306 ,类C,12549784.600000,3607070.910000,369111.311765,0.712579,329,1225,0.138743,0.020783,0.020942,0.003997,34,1,0.952433,64,340,0.078735,0.229848,0.712579,19.739078,84.049540,64.964421,59.605191,55.096252,60.000000,55.906821,44.093179,0.138743,0.020942,否,,否,,中风险,信用得分=55.91，有效销项金额=12549784.60，毛利率=71.26%，有效经营月份=34，最大作废率=13.87%，最大负数率=2.09%，进销匹配差异=0.71，客户HHI=0.079，供应商HHI=0.230
E307,***通信工程有限公司,类C,6136165.470000,3079011.130000,438297.533571,0.498219,98,452,0.147826,0.019523,0.000000,0.000000,33,4,1.778628,10,110,0.324016,0.412703,0.498219,30.336691,63.574606,70.585515,32.308436,49.102725,60.000000,50.407160,49.592840,0.147826,0.000000,否,,否,,中风险,信用得分=50.41，有效销项金额=6136165.47，毛利率=49.82%，有效经营月份=33，最大作废率=14.78%，最大负数率=0.00%，进销匹配差异=0.50，客户HHI=0.324，供应商HHI=0.413
E308,***餐饮文化服务有限公司,类B,11938831.560000,8216874.260000,322671.123243,0.311752,1613,487,0.199504,0.052529,0.005459,0.017510,37,0,0.478134,1535,64,0.001383,0.069548,0.311752,33.738194,96.137023,63.987356,75.736574,65.299868,75.000000,66.306107,33.693893,0.199504,0.017510,否,,否,,较低风险,信用得分=66.31，有效销项金额=11938831.56，毛利率=31.18%，有效经营月份=37，最大作废率=19.95%，最大负数率=1.75%，进销匹配差异=0.31，客户HHI=0.001，供应商HHI=0.070
E309,个体经营E309 ,类C,12733306.410000,6372921.700000,385857.770000,0.499508,172,934,0.184834,0.052738,0.009479,0.014199,35,2,0.941948,38,194,0.092717,0.080252,0.499508,31.469844,83.195173,63.252020,55.997853,57.252322,60.000000,57.519071,42.480929,0.184834,0.014199,否,,否,,中风险,信用得分=57.52，有效销项金额=12733306.41，毛利率=49.95%，有效经营月份=35，最大作废率=18.48%，最大负数率=1.42%，进销匹配差异=0.50，客户HHI=0.093，供应商HHI=0.080
E310,***律师事务所,类B,11111512.290000,3675969.840000,358435.880323,0.669175,938,1839,0.059178,0.012352,0.030090,0.004834,31,0,0.553650,449,480,0.023542,0.057114,0.669175,21.752884,87.588190,75.491048,92.752582,65.846191,75.000000,67.879138,32.120862,0.059178,0.030090,否,,否,,较低风险,信用得分=67.88，有效销项金额=11111512.29，毛利率=66.92%，有效经营月份=31，最大作废率=5.92%，最大负数率=3.01%，进销匹配差异=0.67，客户HHI=0.024，供应商HHI=0.057
E311,***律师事务所,类C,10671429.460000,1996852.280000,410439.594615,0.812879,411,2514,0.119914,0.011792,0.040685,0.008648,27,0,0.626631,131,346,0.048388,0.051656,0.812879,14.034603,80.574563,62.883831,71.895602,54.454100,60.000000,55.723642,44.276358,0.119914,0.040685,否,,否,,中风险,信用得分=55.72，有效销项金额=10671429.46，毛利率=81.29%，有效经营月份=27，最大作废率=11.99%，最大负数率=4.07%，进销匹配差异=0.81，客户HHI=0.048，供应商HHI=0.052
E312,***家居用品有限公司,类C,12251621.220000,73673797.930000,331124.897838,-5.013392,666,4433,0.024890,0.047077,0.021962,0.006879,37,0,0.537163,190,906,0.164000,0.064533,5.013392,3.840451,95.317185,55.114996,83.835569,55.527295,60.000000,56.569413,43.430587,0.047077,0.021962,是,进销匹配差异5.01 > 4,否,,中风险,信用得分=56.57，有效销项金额=12251621.22，毛利率=-501.34%，有效经营月份=37，最大作废率=4.71%，最大负数率=2.20%，进销匹配差异=5.01，客户HHI=0.164，供应商HHI=0.065
E313,***物流有限公司,类B,13222546.680000,7075381.480000,357366.126486,0.464900,279,325,0.060606,0.018127,0.026936,0.015106,38,1,0.634204,29,63,0.198202,0.191030,0.464900,33.345125,91.469391,79.338993,43.077001,61.321034,75.000000,62.580308,37.419692,0.060606,0.026936,否,,否,,中风险,信用得分=62.58，有效销项金额=13222546.68，毛利率=46.49%，有效经营月份=38，最大作废率=6.06%，最大负数率=2.69%，进销匹配差异=0.46，客户HHI=0.198，供应商HHI=0.191
E314,***房地产营销策划有限公司,类C,7405442.540000,2971881.770000,238885.243226,0.598690,110,1237,0.133858,0.009608,0.015748,0.031225,36,2,0.993729,5,233,0.293383,0.335420,0.598690,24.305846,83.975986,66.099029,40.313811,52.873270,60.000000,53.459178,46.540822,0.133858,0.031225,否,,否,,中风险,信用得分=53.46，有效销项金额=7405442.54，毛利率=59.87%，有效经营月份=36，最大作废率=13.39%，最大负数率=3.12%，进销匹配差异=0.60，客户HHI=0.293，供应商HHI=0.335
E315,***轮胎有限公司,类C,11439913.570000,2140613.280000,309186.853243,0.812882,1533,376,0.029747,0.030928,0.001899,0.010309,38,0,0.399770,140,95,0.147916,0.058010,0.812882,13.781522,97.225411,79.898276,59.127730,60.240924,60.000000,60.690578,39.309422,0.030928,0.010309,否,,否,,中风险,信用得分=60.69，有效销项金额=11439913.57，毛利率=81.29%，有效经营月份=38，最大作废率=3.09%，最大负数率=1.03%，进销匹配差异=0.81，客户HHI=0.148，供应商HHI=0.058
E316,个体经营E316 ,类C,10820742.970000,2516088.690000,327901.302121,0.767475,404,754,0.114035,0.016949,0.028509,0.003911,36,1,1.184868,22,185,0.530236,0.090250,0.767475,16.202282,83.821271,66.327952,40.011163,50.400223,60.000000,51.399045,48.600955,0.114035,0.028509,否,,否,,中风险,信用得分=51.40，有效销项金额=10820742.97，毛利率=76.75%，有效经营月份=36，最大作废率=11.40%，最大负数率=2.85%，进销匹配差异=0.77，客户HHI=0.530，供应商HHI=0.090
E317,***科技有限公司,类D,5715048.960000,1637924.230000,228601.958400,0.713402,171,347,0.181818,0.019774,0.047847,0.008475,32,6,1.102600,33,107,0.078513,0.103963,0.713402,17.642469,66.463888,54.883894,51.793744,45.988435,30.000000,44.783117,55.216883,0.181818,0.047847,否,,是,信用得分44.78 < 50,高风险,信用得分=44.78，有效销项金额=5715048.96，毛利率=71.34%，有效经营月份=32，最大作废率=18.18%，最大负数率=4.78%，进销匹配差异=0.71，客户HHI=0.079，供应商HHI=0.104
E318,***商贸有限公司,类C,11136065.790000,1186897.160000,293054.362895,0.893419,349,297,0.146699,0.010000,0.004890,0.006667,38,0,0.323109,16,25,0.201558,0.303869,0.893419,9.256561,98.290159,62.827277,36.783501,50.413027,60.000000,51.035691,48.964309,0.146699,0.006667,否,,否,,中风险,信用得分=51.04，有效销项金额=11136065.79，毛利率=89.34%，有效经营月份=38，最大作废率=14.67%，最大负数率=0.67%，进销匹配差异=0.89，客户HHI=0.202，供应商HHI=0.304
E319,个体经营E319 ,类B,13556534.740000,7265941.140000,376570.409444,0.464027,691,176,0.068733,0.032967,0.008086,0.005495,36,0,0.457400,174,36,0.032056,0.090134,0.464027,33.544011,96.425001,81.043954,62.161268,66.862696,75.000000,67.864245,32.135755,0.068733,0.008086,否,,否,,较低风险,信用得分=67.86，有效销项金额=13556534.74，毛利率=46.40%，有效经营月份=36，最大作废率=6.87%，最大负数率=0.81%，进销匹配差异=0.46，客户HHI=0.032，供应商HHI=0.090
E320,***建筑设计有限公司,类C,8499217.040000,6696594.760000,1416536.173333,0.212093,92,231,0.061224,0.053279,0.000000,0.000000,30,4,0.887854,5,77,0.466403,0.645411,0.212093,37.517024,71.446475,87.716948,18.558526,54.757668,60.000000,55.309493,44.690507,0.061224,0.000000,否,,否,,中风险,信用得分=55.31，有效销项金额=8499217.04，毛利率=21.21%，有效经营月份=30，最大作废率=6.12%，最大负数率=0.00%，进销匹配差异=0.21，客户HHI=0.466，供应商HHI=0.645
E321,***生物流有限公司,类C,11319199.690000,5147612.820000,305924.315946,0.545232,365,62,0.145199,0.015873,0.014052,0.015873,37,0,0.855668,125,15,0.037459,0.657056,0.545232,28.341166,90.893493,67.749623,39.049168,55.972963,60.000000,56.011230,43.988770,0.145199,0.015873,否,,否,,中风险,信用得分=56.01，有效销项金额=11319199.69，毛利率=54.52%，有效经营月份=37，最大作废率=14.52%，最大负数率=1.59%，进销匹配差异=0.55，客户HHI=0.037，供应商HHI=0.657
E322,***装饰工程设计有限公司,类C,10070044.290000,9064070.760000,347242.906552,0.099898,832,884,0.054545,0.022124,0.050000,0.013274,30,1,0.850208,14,230,0.235423,0.088297,0.099898,33.437437,79.469335,83.115428,50.692106,60.815843,60.000000,61.170504,38.829496,0.054545,0.050000,否,,否,,中风险,信用得分=61.17，有效销项金额=10070044.29，毛利率=9.99%，有效经营月份=30，最大作废率=5.45%，最大负数率=5.00%，进销匹配差异=0.10，客户HHI=0.235，供应商HHI=0.088
E323,***建筑装饰工程有限公司,类C,5482348.520000,3996447.270000,342646.782500,0.271034,117,468,0.290909,0.065868,0.000000,0.007984,26,6,1.170105,14,144,0.381702,0.075989,0.271034,32.430904,56.526315,59.059305,42.939374,47.213551,60.000000,48.765690,51.234310,0.290909,0.007984,否,,是,信用得分48.77 < 50；最大作废率29.09% > 25%,高风险,信用得分=48.77，有效销项金额=5482348.52，毛利率=27.10%，有效经营月份=26，最大作废率=29.09%，最大负数率=0.80%，进销匹配差异=0.27，客户HHI=0.382，供应商HHI=0.076
E324,***汽贸有限公司,类D,13801263.370000,79367372.220000,373007.118108,-4.750732,339,1569,0.185096,0.032079,0.014423,0.003701,37,0,0.719312,41,82,0.404630,0.266463,4.750732,4.347060,92.787327,36.923077,35.768055,40.885330,30.000000,39.028611,60.971389,0.185096,0.014423,是,进销匹配差异4.75 > 4,否,,高风险,信用得分=39.03，有效销项金额=13801263.37，毛利率=-475.07%，有效经营月份=37，最大作废率=18.51%，最大负数率=1.44%，进销匹配差异=4.75，客户HHI=0.405，供应商HHI=0.266
E325,***通讯器材有限公司,类C,11491404.960000,31237890.880000,302405.393684,-1.718370,4001,513,0.042823,0.032075,0.006938,0.022642,38,0,0.451071,1498,63,0.149052,0.578270,1.718370,3.558155,96.512897,60.537083,55.254886,51.380919,60.000000,52.377366,47.622634,0.042823,0.022642,否,,否,,中风险,信用得分=52.38，有效销项金额=11491404.96，毛利率=-171.84%，有效经营月份=38，最大作废率=4.28%，最大负数率=2.26%，进销匹配差异=1.72，客户HHI=0.149，供应商HHI=0.578
E326,***包装材料有限公司,类B,11078618.600000,8824077.060000,335715.715152,0.203504,181,270,0.085859,0.055944,0.000000,0.000000,34,0,0.599526,36,38,0.183824,0.091775,0.203504,33.606918,91.451028,84.418481,46.274180,63.304289,75.000000,64.551391,35.448609,0.085859,0.000000,否,,否,,中风险,信用得分=64.55，有效销项金额=11078618.60，毛利率=20.35%，有效经营月份=34，最大作废率=8.59%，最大负数率=0.00%，进销匹配差异=0.20，客户HHI=0.184，供应商HHI=0.092
E327,个体经营E327 ,类C,17995408.780000,10740900.510000,499872.466111,0.403131,251,466,0.073801,0.029167,0.003690,0.000000,36,0,0.597516,7,61,0.852198,0.186766,0.403131,35.774026,94.478941,82.059598,22.083139,59.283470,60.000000,58.770822,41.229178,0.073801,0.003690,否,,否,,中风险,信用得分=58.77，有效销项金额=17995408.78，毛利率=40.31%，有效经营月份=36，最大作废率=7.38%，最大负数率=0.37%，进销匹配差异=0.40，客户HHI=0.852，供应商HHI=0.187
E328,***科技有限公司,类C,8339064.060000,2291691.510000,320733.233077,0.725186,144,447,0.121951,0.038710,0.024390,0.010753,30,1,1.265299,43,92,0.088744,0.160128,0.725186,17.945159,73.704176,66.577538,49.863130,50.426602,60.000000,51.844135,48.155865,0.121951,0.024390,否,,否,,中风险,信用得分=51.84，有效销项金额=8339064.06，毛利率=72.52%，有效经营月份=30，最大作废率=12.20%，最大负数率=2.44%，进销匹配差异=0.73，客户HHI=0.089，供应商HHI=0.160
E329,***园艺有限责任公司,类D,11070606.100000,1251.890000,615033.672222,0.999887,124,5,0.038760,0.000000,0.000000,0.000000,19,5,0.654842,14,4,0.236276,0.293449,0.999887,4.765347,55.682743,77.075622,35.088433,41.636882,30.000000,41.614478,58.385522,0.038760,0.000000,否,,是,信用得分41.61 < 50,高风险,信用得分=41.61，有效销项金额=11070606.10，毛利率=99.99%，有效经营月份=19，最大作废率=3.88%，最大负数率=0.00%，进销匹配差异=1.00，客户HHI=0.236，供应商HHI=0.293
E330,***酒店管理有限公司,类B,8297018.330000,2696224.730000,218342.587632,0.675037,7773,1344,0.007660,0.021834,0.004341,0.004367,38,0,0.483922,1418,233,0.249883,0.074715,0.675037,20.248492,96.056636,84.475064,74.999879,66.207448,75.000000,67.892192,32.107808,0.021834,0.004367,否,,否,,较低风险,信用得分=67.89，有效销项金额=8297018.33，毛利率=67.50%，有效经营月份=38，最大作废率=2.18%，最大负数率=0.44%，进销匹配差异=0.68，客户HHI=0.250，供应商HHI=0.075
E331,***广告有限公司,类C,6039945.030000,1197830.900000,251664.376250,0.801682,88,139,0.073684,0.034722,0.031579,0.006944,35,3,1.540698,13,77,0.288525,0.111855,0.801682,12.992399,72.379193,70.917937,42.001522,48.122306,60.000000,49.853727,50.146273,0.073684,0.031579,否,,是,信用得分49.85 < 50,高风险,信用得分=49.85，有效销项金额=6039945.03，毛利率=80.17%，有效经营月份=35，最大作废率=7.37%，最大负数率=3.16%，进销匹配差异=0.80，客户HHI=0.289，供应商HHI=0.112
E332,***商贸有限公司,类C,30588960.180000,16194935.730000,1176498.468462,0.470563,378,817,0.025773,0.023895,0.007732,0.005974,37,1,1.227931,6,207,0.777578,0.198188,0.470563,40.158742,83.223186,86.997111,28.227568,60.248211,60.000000,60.079114,39.920886,0.025773,0.007732,否,,否,,中风险,信用得分=60.08，有效销项金额=30588960.18，毛利率=47.06%，有效经营月份=37，最大作废率=2.58%，最大负数率=0.77%，进销匹配差异=0.47，客户HHI=0.778，供应商HHI=0.198
E333,***房地产营销策划有限公司,类C,7120404.600000,1313617.230000,245531.193103,0.815514,127,844,0.072993,0.005889,0.007299,0.005889,34,1,0.718248,5,185,0.607953,0.117628,0.815514,12.445174,87.302116,74.414642,35.281422,51.219026,60.000000,52.231662,47.768338,0.072993,0.007299,否,,否,,中风险,信用得分=52.23，有效销项金额=7120404.60，毛利率=81.55%，有效经营月份=34，最大作废率=7.30%，最大负数率=0.73%，进销匹配差异=0.82，客户HHI=0.608，供应商HHI=0.118
E334,***机械科技有限公司,类C,7529936.970000,5450873.570000,259652.998966,0.276106,185,147,0.060914,0.020000,0.030457,0.000000,31,1,0.612271,20,25,0.599760,0.413377,0.276106,32.528783,84.274013,82.071692,20.831034,55.511268,60.000000,55.671128,44.328872,0.060914,0.030457,否,,否,,中风险,信用得分=55.67，有效销项金额=7529936.97，毛利率=27.61%，有效经营月份=31，最大作废率=6.09%，最大负数率=3.05%，进销匹配差异=0.28，客户HHI=0.600，供应商HHI=0.413
E335,***挖掘机租赁经营部,类C,5453445.840000,3245504.410000,302969.213333,0.404871,272,431,0.200000,0.018223,0.000000,0.000000,23,2,0.994253,9,58,0.349404,0.364699,0.404871,32.260757,64.468707,64.914760,30.861817,48.196457,60.000000,49.359984,50.640016,0.200000,0.000000,否,,是,信用得分49.36 < 50,高风险,信用得分=49.36，有效销项金额=5453445.84，毛利率=40.49%，有效经营月份=23，最大作废率=20.00%，最大负数率=0.00%，进销匹配差异=0.40，客户HHI=0.349，供应商HHI=0.365
E336,***猕猴桃专业合作社,类D,2876876.500000,262083.750000,261534.227273,0.908900,48,7,0.094340,0.000000,0.000000,0.000000,14,10,2.295805,19,4,0.379362,0.992269,0.908900,6.504037,17.000000,70.886705,14.667133,26.856314,30.000000,28.681112,71.318888,0.094340,0.000000,否,,是,信用得分28.68 < 50,高风险,信用得分=28.68，有效销项金额=2876876.50，毛利率=90.89%，有效经营月份=14，最大作废率=9.43%，最大负数率=0.00%，进销匹配差异=0.91，客户HHI=0.379，供应商HHI=0.992
E337,个体经营E337 ,类C,11315825.150000,293179.110000,314328.476389,0.974091,678,66,0.100796,0.043478,0.009284,0.000000,36,0,0.560042,99,35,0.062055,0.267098,0.974091,4.982825,94.999419,67.449425,49.481855,52.003429,60.000000,53.004317,46.995683,0.100796,0.009284,否,,否,,中风险,信用得分=53.00，有效销项金额=11315825.15，毛利率=97.41%，有效经营月份=36，最大作废率=10.08%，最大负数率=0.93%，进销匹配差异=0.97，客户HHI=0.062，供应商HHI=0.267
E338,***商贸有限公司,类C,7358057.110000,570761.980000,245268.570333,0.922430,82,251,0.078652,0.003968,0.000000,0.007937,33,3,1.083463,4,89,0.308414,0.090309,0.922430,6.663428,75.729685,71.655757,41.832585,47.211906,60.000000,49.092250,50.907750,0.078652,0.007937,否,,是,信用得分49.09 < 50,高风险,信用得分=49.09，有效销项金额=7358057.11，毛利率=92.24%，有效经营月份=33，最大作废率=7.87%，最大负数率=0.79%，进销匹配差异=0.92，客户HHI=0.308，供应商HHI=0.090
E339,***居益卫浴家俬厂,类C,3899767.090000,2892673.650000,194988.354500,0.258245,168,126,0.045455,0.000000,0.022727,0.000000,23,2,0.674000,36,32,0.125018,0.179294,0.258245,31.480197,68.916663,85.707994,45.112537,57.122731,60.000000,58.102888,41.897112,0.045455,0.022727,否,,否,,中风险,信用得分=58.10，有效销项金额=3899767.09，毛利率=25.82%，有效经营月份=23，最大作废率=4.55%，最大负数率=2.27%，进销匹配差异=0.26，客户HHI=0.125，供应商HHI=0.179
E340,***物流有限公司,类D,6827724.230000,29649.720000,213366.382188,0.995657,137,10,0.164634,0.090909,0.067073,0.000000,32,1,1.189782,45,4,0.079429,0.911235,0.995657,2.423261,77.753022,49.466238,26.362364,37.804266,30.000000,36.795452,63.204548,0.164634,0.067073,否,,是,信用得分36.80 < 50,高风险,信用得分=36.80，有效销项金额=6827724.23，毛利率=99.57%，有效经营月份=32，最大作废率=16.46%，最大负数率=6.71%，进销匹配差异=1.00，客户HHI=0.079，供应商HHI=0.911
E341,***纺织品有限公司,类C,3378699.300000,1434811.700000,225246.620000,0.575336,69,53,0.080000,0.000000,0.000000,0.000000,17,2,0.647837,26,15,0.078401,0.893482,0.575336,24.656529,60.280041,78.731619,25.227775,47.195429,60.000000,48.948600,51.051400,0.080000,0.000000,否,,是,信用得分48.95 < 50,高风险,信用得分=48.95，有效销项金额=3378699.30，毛利率=57.53%，有效经营月份=17，最大作废率=8.00%，最大负数率=0.00%，进销匹配差异=0.58，客户HHI=0.078，供应商HHI=0.893
E342,***裕华机械厂,类C,4929621.640000,2240183.790000,144988.871765,0.545567,132,245,0.169811,0.068441,0.006289,0.003802,38,1,0.577453,22,55,0.269477,0.100409,0.545567,26.282579,92.257594,65.735600,42.814779,55.946028,60.000000,56.019019,43.980981,0.169811,0.006289,否,,否,,中风险,信用得分=56.02，有效销项金额=4929621.64，毛利率=54.56%，有效经营月份=38，最大作废率=16.98%，最大负数率=0.63%，进销匹配差异=0.55，客户HHI=0.269，供应商HHI=0.100
E343,***五金工具经营部,类D,2551960.050000,792.450000,68971.893243,0.999689,401,3,0.073903,0.000000,0.023095,0.000000,37,0,0.658978,29,1,0.431368,1.000000,0.999689,0.686377,93.625311,68.694811,13.801038,43.546151,30.000000,41.830567,58.169433,0.073903,0.023095,否,,是,信用得分41.83 < 50,高风险,信用得分=41.83，有效销项金额=2551960.05，毛利率=99.97%，有效经营月份=37，最大作废率=7.39%，最大负数率=2.31%，进销匹配差异=1.00，客户HHI=0.431，供应商HHI=1.000
E344,***机械有限公司,类C,2301371.920000,1400067.960000,62199.241081,0.391638,88,118,0.053763,0.024793,0.053763,0.016529,38,0,1.187408,54,50,0.104157,0.267845,0.391638,30.587517,86.285999,77.554943,45.108328,59.158156,60.000000,59.314480,40.685520,0.053763,0.053763,否,,否,,中风险,信用得分=59.31，有效销项金额=2301371.92，毛利率=39.16%，有效经营月份=38，最大作废率=5.38%，最大负数率=5.38%，进销匹配差异=0.39，客户HHI=0.104，供应商HHI=0.268
E345,***科技有限公司,类C,2248406.590000,582446.760000,83274.318148,0.740951,75,249,0.137931,0.015810,0.000000,0.000000,35,2,0.904827,21,105,0.202890,0.089191,0.740951,14.793114,83.710737,67.723007,47.239398,51.744250,60.000000,52.819057,47.180943,0.137931,0.000000,否,,否,,中风险,信用得分=52.82，有效销项金额=2248406.59，毛利率=74.10%，有效经营月份=35，最大作废率=13.79%，最大负数率=0.00%，进销匹配差异=0.74，客户HHI=0.203，供应商HHI=0.089
E346,个体经营E346 ,类B,2408534.780000,2307017.620000,66903.743889,0.042149,605,487,0.062016,0.018145,0.003101,0.014113,36,0,0.703012,106,92,0.044119,0.106862,0.042149,29.957072,93.013718,88.463288,58.045539,65.965481,75.000000,67.316941,32.683059,0.062016,0.014113,否,,否,,较低风险,信用得分=67.32，有效销项金额=2408534.78，毛利率=4.21%，有效经营月份=36，最大作废率=6.20%，最大负数率=1.41%，进销匹配差异=0.04，客户HHI=0.044，供应商HHI=0.107
E347,***不锈钢材料有限公司,类C,2117098.200000,974659.340000,58808.283333,0.539625,170,85,0.190476,0.022989,0.000000,0.000000,37,0,0.927196,38,34,0.062373,0.086862,0.539625,25.645211,89.900062,63.889898,50.323546,56.205763,60.000000,56.428499,43.571501,0.190476,0.000000,否,,否,,中风险,信用得分=56.43，有效销项金额=2117098.20，毛利率=53.96%，有效经营月份=37，最大作废率=19.05%，最大负数率=0.00%，进销匹配差异=0.54，客户HHI=0.062，供应商HHI=0.087
E348,***酒店管理有限公司,类B,2260862.780000,772629.590000,66495.964118,0.658259,4050,192,0.051300,0.040000,0.007730,0.025000,34,0,0.354735,986,33,0.053205,0.150791,0.658259,19.236969,94.850897,77.548458,70.821564,63.035242,75.000000,64.830849,35.169151,0.051300,0.025000,否,,否,,中风险,信用得分=64.83，有效销项金额=2260862.78，毛利率=65.83%，有效经营月份=34，最大作废率=5.13%，最大负数率=2.50%，进销匹配差异=0.66，客户HHI=0.053，供应商HHI=0.151
E349,***营销策划广告有限公司,类D,3329073.810000,6878.610000,554845.635000,0.997934,39,9,0.000000,0.000000,0.000000,0.000000,10,5,0.292163,2,7,0.511898,0.255110,0.997934,2.956782,47.219954,82.536159,26.730624,38.672187,30.000000,39.163351,60.836649,0.000000,0.000000,否,,是,信用得分39.16 < 50,高风险,信用得分=39.16，有效销项金额=3329073.81，毛利率=99.79%，有效经营月份=10，最大作废率=0.00%，最大负数率=0.00%，进销匹配差异=1.00，客户HHI=0.512，供应商HHI=0.255
E350,***演艺设备有限公司,类C,1472460.750000,406815.570000,56633.105769,0.723717,52,623,0.133333,0.009539,0.016667,0.001590,32,2,1.295170,30,140,0.139715,0.084394,0.723717,15.456060,73.789300,66.168282,51.546334,49.935480,60.000000,51.473212,48.526788,0.133333,0.016667,否,,否,,中风险,信用得分=51.47，有效销项金额=1472460.75，毛利率=72.37%，有效经营月份=32，最大作废率=13.33%，最大负数率=1.67%，进销匹配差异=0.72，客户HHI=0.140，供应商HHI=0.084
E351,***文化传播有限公司,类D,1057514.980000,297904.480000,50357.856190,0.718298,52,100,0.133333,0.009901,0.000000,0.009901,28,5,1.089719,14,46,0.189398,0.490019,0.718298,15.636427,63.142789,67.277976,31.891323,43.674384,30.000000,42.735423,57.264577,0.133333,0.009901,否,,是,信用得分42.74 < 50,高风险,信用得分=42.74，有效销项金额=1057514.98，毛利率=71.83%，有效经营月份=28，最大作废率=13.33%，最大负数率=0.99%，进销匹配差异=0.72，客户HHI=0.189，供应商HHI=0.490
E352,***居装饰工程有限公司,类D,2649962.150000,13736577.610000,110415.089583,-4.183688,47,735,0.096154,0.010767,0.000000,0.016151,37,2,0.591532,40,52,0.034361,0.121431,4.183688,0.861755,89.562061,49.115851,50.997507,45.127506,30.000000,43.606315,56.393685,0.096154,0.016151,是,进销匹配差异4.18 > 4,否,,高风险,信用得分=43.61，有效销项金额=2649962.15，毛利率=-418.37%，有效经营月份=37，最大作废率=9.62%，最大负数率=1.62%，进销匹配差异=4.18，客户HHI=0.034，供应商HHI=0.121
E353,***税务师事务所有限公司,类C,2734142.360000,318399.440000,136707.118000,0.883547,68,224,0.150000,0.042735,0.050000,0.004274,34,4,0.648808,25,104,0.064082,0.069301,0.883547,7.340489,80.766549,56.037930,52.605932,46.924453,60.000000,48.519101,51.480899,0.150000,0.050000,否,,是,信用得分48.52 < 50,高风险,信用得分=48.52，有效销项金额=2734142.36，毛利率=88.35%，有效经营月份=34，最大作废率=15.00%，最大负数率=5.00%，进销匹配差异=0.88，客户HHI=0.064，供应商HHI=0.069
E354,***广告有限公司,类C,2217049.230000,590037.090000,71517.717097,0.733864,293,65,0.092879,0.029851,0.021672,0.000000,35,2,1.069488,62,11,0.117637,0.377668,0.733864,15.124385,81.423778,70.903514,40.228381,50.664815,60.000000,51.837407,48.162593,0.092879,0.021672,否,,否,,中风险,信用得分=51.84，有效销项金额=2217049.23，毛利率=73.39%，有效经营月份=35，最大作废率=9.29%，最大负数率=2.17%，进销匹配差异=0.73，客户HHI=0.118，供应商HHI=0.378
E355,***地毯经营部,类C,1194335.280000,505290.200000,45935.972308,0.576928,263,3,0.057348,0.250000,0.000000,0.000000,26,0,0.499314,104,2,0.039794,0.997911,0.576928,23.358698,80.842858,54.903766,32.357264,47.415718,60.000000,48.205640,51.794360,0.250000,0.000000,否,,是,信用得分48.21 < 50,高风险,信用得分=48.21，有效销项金额=1194335.28，毛利率=57.69%，有效经营月份=26，最大作废率=25.00%，最大负数率=0.00%，进销匹配差异=0.58，客户HHI=0.040，供应商HHI=0.998
E356,***建材装饰部,类D,1507883.020000,16128.300000,55847.519259,0.989304,189,3,0.010471,0.000000,0.000000,0.000000,27,0,0.652326,4,2,0.843198,0.936634,0.989304,0.973887,80.217689,81.221211,0.000000,40.651891,30.000000,39.592312,60.407688,0.010471,0.000000,否,,是,信用得分39.59 < 50,高风险,信用得分=39.59，有效销项金额=1507883.02，毛利率=98.93%，有效经营月份=27，最大作废率=1.05%，最大负数率=0.00%，进销匹配差异=0.99，客户HHI=0.843，供应商HHI=0.937
E357,***家居经营部,类D,1330097.040000,62418.020000,55420.710000,0.953073,144,10,0.064935,0.000000,0.000000,0.100000,26,5,0.498746,15,5,0.240979,0.589392,0.953073,2.910113,68.350746,59.230321,25.532427,37.874786,30.000000,37.311743,62.688257,0.064935,0.100000,否,,是,信用得分37.31 < 50,高风险,信用得分=37.31，有效销项金额=1330097.04，毛利率=95.31%，有效经营月份=26，最大作废率=6.49%，最大负数率=10.00%，进销匹配差异=0.95，客户HHI=0.241，供应商HHI=0.589
E358,***五金经营部,类D,1604256.980000,528.300000,61702.191538,0.999671,259,2,0.139535,0.000000,0.112957,0.000000,26,1,0.553674,23,1,0.162973,1.000000,0.999671,0.453365,77.587865,46.027358,21.922990,35.424413,30.000000,34.522352,65.477648,0.139535,0.112957,否,,是,信用得分34.52 < 50,高风险,信用得分=34.52，有效销项金额=1604256.98，毛利率=99.97%，有效经营月份=26，最大作废率=13.95%，最大负数率=11.30%，进销匹配差异=1.00，客户HHI=0.163，供应商HHI=1.000
E359,***厨房用品经营部,类D,1190765.020000,528.300000,49615.209167,0.999556,224,2,0.078189,0.000000,0.012346,0.000000,24,0,0.622598,33,1,0.096099,1.000000,0.999556,0.320658,76.130586,69.709410,24.867155,41.529628,30.000000,40.707065,59.292935,0.078189,0.012346,否,,是,信用得分40.71 < 50,高风险,信用得分=40.71，有效销项金额=1190765.02，毛利率=99.96%，有效经营月份=24，最大作废率=7.82%，最大负数率=1.23%，进销匹配差异=1.00，客户HHI=0.096，供应商HHI=1.000
E360,***建筑劳务有限公司,类D,2610374.920000,792.450000,522074.984000,0.999696,29,3,0.171429,0.000000,0.000000,0.000000,6,11,0.805966,2,1,0.694979,1.000000,0.999696,2.570541,19.083812,58.505313,3.366055,20.841654,30.000000,22.758937,77.241063,0.171429,0.000000,否,,是,信用得分22.76 < 50,高风险,信用得分=22.76，有效销项金额=2610374.92，毛利率=99.97%，有效经营月份=6，最大作废率=17.14%，最大负数率=0.00%，进销匹配差异=1.00，客户HHI=0.695，供应商HHI=1.000
E361,***勘察设计工程有限公司,类C,4901439.630000,3248944.600000,213106.070870,0.337145,90,171,0.237288,0.017241,0.000000,0.000000,28,2,1.258496,27,12,0.120163,0.220813,0.337145,31.770668,68.298662,60.879626,42.412340,50.308241,60.000000,51.304774,48.695226,0.237288,0.000000,否,,否,,中风险,信用得分=51.30，有效销项金额=4901439.63，毛利率=33.71%，有效经营月份=28，最大作废率=23.73%，最大负数率=0.00%，进销匹配差异=0.34，客户HHI=0.120，供应商HHI=0.221
E362,***建材有限公司,类D,4207637.880000,411876.140000,247508.110588,0.902112,95,122,0.095238,0.031746,0.038095,0.031746,34,8,1.612776,14,61,0.184294,0.124119,0.902112,7.102782,57.378105,65.165416,44.385775,41.643870,30.000000,41.419825,58.580175,0.095238,0.038095,否,,是,信用得分41.42 < 50,高风险,信用得分=41.42，有效销项金额=4207637.88，毛利率=90.21%，有效经营月份=34，最大作废率=9.52%，最大负数率=3.81%，进销匹配差异=0.90，客户HHI=0.184，供应商HHI=0.124
E363,***建筑工程设计有限公司,类D,1072700.230000,201489.970000,97518.202727,0.812166,30,93,0.230769,0.060606,0.000000,0.040404,26,6,0.546884,10,38,0.316105,0.102471,0.812166,10.714463,65.182171,47.418803,39.609574,39.286497,30.000000,38.491665,61.508335,0.230769,0.040404,否,,是,信用得分38.49 < 50,高风险,信用得分=38.49，有效销项金额=1072700.23，毛利率=81.22%，有效经营月份=26，最大作废率=23.08%，最大负数率=4.04%，进销匹配差异=0.81，客户HHI=0.316，供应商HHI=0.102
E364,***电子有限公司,类C,2029007.680000,433344.430000,61485.081212,0.786425,308,140,0.080597,0.000000,0.017910,0.035714,38,1,0.769877,56,23,0.042632,0.185857,0.786425,12.175459,89.585036,69.596830,48.782335,53.204571,60.000000,54.116546,45.883454,0.080597,0.035714,否,,否,,中风险,信用得分=54.12，有效销项金额=2029007.68，毛利率=78.64%，有效经营月份=38，最大作废率=8.06%，最大负数率=3.57%，进销匹配差异=0.79，客户HHI=0.043，供应商HHI=0.186
E365,***信息技术有限公司,类C,3453091.740000,1847659.220000,143878.822500,0.464926,76,126,0.136364,0.030769,0.000000,0.007692,35,2,2.262242,16,34,0.241053,0.575421,0.464926,30.358738,68.500000,71.619038,27.175997,49.572580,60.000000,50.629643,49.370357,0.136364,0.007692,否,,否,,中风险,信用得分=50.63，有效销项金额=3453091.74，毛利率=46.49%，有效经营月份=35，最大作废率=13.64%，最大负数率=0.77%，进销匹配差异=0.46，客户HHI=0.241，供应商HHI=0.575
E366,***房地产经纪有限公司,类D,1430221.000000,361648.440000,95348.066667,0.747138,19,21,0.050000,0.000000,0.000000,0.000000,19,2,0.372092,5,6,0.313574,0.980220,0.747138,14.329415,67.109831,79.925084,15.654627,44.188478,30.000000,43.116516,56.883484,0.050000,0.000000,否,,是,信用得分43.12 < 50,高风险,信用得分=43.12，有效销项金额=1430221.00，毛利率=74.71%，有效经营月份=19，最大作废率=5.00%，最大负数率=0.00%，进销匹配差异=0.75，客户HHI=0.314，供应商HHI=0.980
E367,***电子商务有限公司,类D,1996948.940000,228432.410000,95092.806667,0.885609,198,23,0.079070,0.080000,0.046512,0.000000,25,3,0.752677,8,15,0.207909,0.865636,0.885609,6.897378,68.323931,66.325093,19.635491,39.658568,30.000000,38.897502,61.102498,0.080000,0.046512,否,,是,信用得分38.90 < 50,高风险,信用得分=38.90，有效销项金额=1996948.94，毛利率=88.56%，有效经营月份=25，最大作废率=8.00%，最大负数率=4.65%，进销匹配差异=0.89，客户HHI=0.208，供应商HHI=0.866
E368,***通信科技有限责任公司,类D,818690.090000,303201.970000,54579.339333,0.629650,22,83,0.312500,0.045977,0.031250,0.000000,24,5,1.914883,4,38,0.323461,0.265687,0.629650,20.437790,45.682174,49.293627,33.678043,36.610896,30.000000,36.304898,63.695102,0.312500,0.031250,否,,是,信用得分36.30 < 50；最大作废率31.25% > 25%,高风险,信用得分=36.30，有效销项金额=818690.09，毛利率=62.96%，有效经营月份=24，最大作废率=31.25%，最大负数率=3.12%，进销匹配差异=0.63，客户HHI=0.323，供应商HHI=0.266
E369,***网络技术有限公司,类C,1416940.030000,637106.370000,44279.375938,0.550365,200,152,0.065421,0.055901,0.009346,0.000000,36,1,0.775512,19,31,0.240411,0.115594,0.550365,24.848666,89.506780,79.807872,42.054203,58.194103,60.000000,58.476331,41.523669,0.065421,0.009346,否,,否,,中风险,信用得分=58.48，有效销项金额=1416940.03，毛利率=55.04%，有效经营月份=36，最大作废率=6.54%，最大负数率=0.93%，进销匹配差异=0.55，客户HHI=0.240，供应商HHI=0.116
E370,***设计服务部,类D,2021150.330000,800.140000,72183.940357,0.999604,470,3,0.056225,0.250000,0.018072,0.000000,28,1,0.780348,89,2,0.082863,0.551366,0.999604,0.590041,77.439611,44.796085,37.744725,38.284881,30.000000,37.383399,62.616601,0.250000,0.018072,否,,是,信用得分37.38 < 50,高风险,信用得分=37.38，有效销项金额=2021150.33，毛利率=99.96%，有效经营月份=28，最大作废率=25.00%，最大负数率=1.81%，进销匹配差异=1.00，客户HHI=0.083，供应商HHI=0.551
E371,***自动化科技有限公司,类D,1237223.200000,186151.180000,68734.622222,0.849541,26,80,0.187500,0.012346,0.000000,0.000000,24,4,1.310938,9,31,0.213263,0.122536,0.849541,8.592296,56.570311,58.883030,41.901056,39.821235,30.000000,39.563105,60.436895,0.187500,0.000000,否,,是,信用得分39.56 < 50,高风险,信用得分=39.56，有效销项金额=1237223.20，毛利率=84.95%，有效经营月份=24，最大作废率=18.75%，最大负数率=0.00%，进销匹配差异=0.85，客户HHI=0.213，供应商HHI=0.123
E372,***汽车维修有限责任公司,类C,2065282.130000,548783.330000,55818.435946,0.734282,536,323,0.085324,0.003086,0.035836,0.000000,38,0,0.494106,143,54,0.140009,0.092041,0.734282,15.004062,95.915193,69.829252,56.881700,57.313670,60.000000,57.767707,42.232293,0.085324,0.035836,否,,否,,中风险,信用得分=57.77，有效销项金额=2065282.13，毛利率=73.43%，有效经营月份=38，最大作废率=8.53%，最大负数率=3.58%，进销匹配差异=0.73，客户HHI=0.140，供应商HHI=0.092
E373,个体经营E373 ,类D,1320702.460000,19766080.820000,37734.356000,-13.966339,109,868,0.026786,0.014756,0.000000,0.002270,36,1,2.860040,18,105,0.299280,0.126473,13.966339,0.275343,72.500000,60.909478,42.714776,41.977928,30.000000,41.339160,58.660840,0.026786,0.002270,是,进销匹配差异13.97 > 4,否,,高风险,信用得分=41.34，有效销项金额=1320702.46，毛利率=-1396.63%，有效经营月份=36，最大作废率=2.68%，最大负数率=0.23%，进销匹配差异=13.97，客户HHI=0.299，供应商HHI=0.126
E374,***建材经营部,类D,1268347.170000,47130.240000,55145.529130,0.962841,204,3,0.180723,0.000000,0.000000,0.000000,23,1,1.030899,47,2,0.072504,0.977833,0.962841,2.362849,66.459733,57.849074,26.744466,37.134950,30.000000,36.693821,63.306179,0.180723,0.000000,否,,是,信用得分36.69 < 50,高风险,信用得分=36.69，有效销项金额=1268347.17，毛利率=96.28%，有效经营月份=23，最大作废率=18.07%，最大负数率=0.00%，进销匹配差异=0.96，客户HHI=0.073，供应商HHI=0.978
E375,***电器经营部,类C,985964.720000,528.300000,31805.313548,0.999464,357,2,0.053050,0.000000,0.000000,0.000000,31,0,0.682487,225,1,0.027964,1.000000,0.999464,0.208019,85.798786,75.082321,42.425731,48.767829,60.000000,50.467488,49.532512,0.053050,0.000000,否,,否,,中风险,信用得分=50.47，有效销项金额=985964.72，毛利率=99.95%，有效经营月份=31，最大作废率=5.31%，最大负数率=0.00%，进销匹配差异=1.00，客户HHI=0.028，供应商HHI=1.000
E376,***建筑装饰设计有限责任公司,类D,566469.260000,6353.540000,47205.771667,0.988784,45,3,0.150943,0.000000,0.000000,0.000000,14,4,1.339147,13,2,0.232750,0.847527,0.988784,0.763902,41.178508,61.564205,18.885751,29.691999,30.000000,30.594879,69.405121,0.150943,0.000000,否,,是,信用得分30.59 < 50,高风险,信用得分=30.59，有效销项金额=566469.26，毛利率=98.88%，有效经营月份=14，最大作废率=15.09%，最大负数率=0.00%，进销匹配差异=0.99，客户HHI=0.233，供应商HHI=0.848
E377,***文化传播有限公司,类D,779587.070000,245984.740000,33895.090000,0.684468,58,108,0.333333,0.018182,0.022989,0.000000,33,1,1.244802,25,29,0.101215,0.235277,0.684468,17.353843,78.488863,49.573536,43.079638,45.837680,30.000000,44.045545,55.954455,0.333333,0.022989,否,,是,信用得分44.05 < 50；最大作废率33.33% > 25%,高风险,信用得分=44.05，有效销项金额=779587.07，毛利率=68.45%，有效经营月份=33，最大作废率=33.33%，最大负数率=2.30%，进销匹配差异=0.68，客户HHI=0.101，供应商HHI=0.235
E378,***商贸有限公司,类D,877931.620000,1178656.780000,27435.363125,-0.342538,298,685,0.176796,0.010116,0.024862,0.005780,34,2,1.831102,72,60,0.124677,0.249806,0.342538,0.137483,69.345804,65.524918,46.872369,43.133399,30.000000,42.659235,57.340765,0.176796,0.024862,否,,是,信用得分42.66 < 50,高风险,信用得分=42.66，有效销项金额=877931.62，毛利率=-34.25%，有效经营月份=34，最大作废率=17.68%，最大负数率=2.49%，进销匹配差异=0.34，客户HHI=0.125，供应商HHI=0.250
E379,***药业有限公司,类C,2260264.930000,1294317.860000,72911.771935,0.427360,155,369,0.351464,0.041558,0.000000,0.007792,38,1,0.720255,49,93,0.342372,0.214678,0.427360,30.622926,90.274240,56.352367,40.506324,53.944794,60.000000,53.899936,46.100064,0.351464,0.007792,否,,是,最大作废率35.15% > 25%,中风险,信用得分=53.90，有效销项金额=2260264.93，毛利率=42.74%，有效经营月份=38，最大作废率=35.15%，最大负数率=0.78%，进销匹配差异=0.43，客户HHI=0.342，供应商HHI=0.215
E380,***建材有限公司,类D,1226591.110000,528.300000,81772.740667,0.999569,166,2,0.117021,0.000000,0.085106,0.000000,17,6,1.093011,6,2,0.894948,0.500000,0.999569,0.460520,44.097075,53.358601,9.759523,26.453980,30.000000,27.226100,72.773900,0.117021,0.085106,否,,是,信用得分27.23 < 50,高风险,信用得分=27.23，有效销项金额=1226591.11，毛利率=99.96%，有效经营月份=17，最大作废率=11.70%，最大负数率=8.51%，进销匹配差异=1.00，客户HHI=0.895，供应商HHI=0.500
E381,***通信网络工程有限公司,类D,1495993.290000,84704521.000000,106856.663571,-55.620923,80,1766,0.024390,0.031267,0.207317,0.002194,37,9,0.738216,14,195,0.175500,0.054181,55.620923,0.598651,70.024774,30.622600,52.298554,35.801150,30.000000,35.269978,64.730022,0.031267,0.207317,是,进销匹配差异55.62 > 4,否,,高风险,信用得分=35.27，有效销项金额=1495993.29，毛利率=-5562.09%，有效经营月份=37，最大作废率=3.13%，最大负数率=20.73%，进销匹配差异=55.62，客户HHI=0.175，供应商HHI=0.054
E382,***教育信息咨询有限公司***分公司,类D,516453.400000,699.240000,25822.670000,0.998646,88,2,0.000000,0.000000,0.000000,0.000000,21,2,0.554123,77,2,0.015447,0.529882,0.998646,0.126859,67.581627,82.523694,39.487235,45.461835,30.000000,45.076411,54.923589,0.000000,0.000000,否,,是,信用得分45.08 < 50,高风险,信用得分=45.08，有效销项金额=516453.40，毛利率=99.86%，有效经营月份=21，最大作废率=0.00%，最大负数率=0.00%，进销匹配差异=1.00，客户HHI=0.015，供应商HHI=0.530
E383,***通讯器材经营部,类D,812322.310000,227271.780000,54154.820667,0.720220,111,13,0.119048,0.000000,0.055556,0.000000,20,6,0.973848,10,7,0.759489,0.872832,0.720220,15.494494,50.252110,62.396155,1.795048,33.169424,30.000000,32.882094,67.117906,0.119048,0.055556,否,,是,信用得分32.88 < 50,高风险,信用得分=32.88，有效销项金额=812322.31，毛利率=72.02%，有效经营月份=20，最大作废率=11.90%，最大负数率=5.56%，进销匹配差异=0.72，客户HHI=0.759，供应商HHI=0.873
E384,个体经营E384 ,类D,2003973.710000,2536964.060000,250496.713750,-0.265967,27,236,0.156250,0.044534,0.000000,0.012146,35,11,0.714978,4,78,0.641724,0.079401,0.265967,4.218576,63.847531,71.648720,31.056767,41.350989,30.000000,40.947684,59.052316,0.156250,0.012146,否,,是,信用得分40.95 < 50,高风险,信用得分=40.95，有效销项金额=2003973.71，毛利率=-26.60%，有效经营月份=35，最大作废率=15.62%，最大负数率=1.21%，进销匹配差异=0.27，客户HHI=0.642，供应商HHI=0.079
E385,***装饰工程有限公司,类D,471838.440000,13660.670000,47183.844000,0.971048,12,29,0.571429,0.064516,0.035714,0.000000,19,4,0.784880,7,7,0.249339,0.279084,0.971048,1.710858,56.376671,42.649517,34.601825,32.190169,30.000000,32.285793,67.714207,0.571429,0.035714,是,最大作废率57.14% > 40%,否,,高风险,信用得分=32.29，有效销项金额=471838.44，毛利率=97.10%，有效经营月份=19，最大作废率=57.14%，最大负数率=3.57%，进销匹配差异=0.97，客户HHI=0.249，供应商HHI=0.279
E386,个体经营E386 ,类D,4145631.130000,183097.060000,318894.702308,0.955834,54,398,0.181818,0.007481,0.060606,0.000000,27,10,0.585408,6,113,0.387820,0.048474,0.955834,4.454102,56.147114,48.727455,41.737744,35.902422,30.000000,35.872361,64.127639,0.181818,0.060606,否,,是,信用得分35.87 < 50,高风险,信用得分=35.87，有效销项金额=4145631.13，毛利率=95.58%，有效经营月份=27，最大作废率=18.18%，最大负数率=6.06%，进销匹配差异=0.96，客户HHI=0.388，供应商HHI=0.048
E387,***农副产品经营部,类D,825146.780000,1258.420000,29469.527857,0.998475,86,3,0.085106,0.000000,0.000000,0.000000,28,1,0.061164,8,1,0.561922,1.000000,0.998475,0.217711,85.500000,70.611795,7.935000,40.680262,30.000000,39.394377,60.605623,0.085106,0.000000,否,,是,信用得分39.39 < 50,高风险,信用得分=39.39，有效销项金额=825146.78，毛利率=99.85%，有效经营月份=28，最大作废率=8.51%，最大负数率=0.00%，进销匹配差异=1.00，客户HHI=0.562，供应商HHI=1.000
E388,***商贸有限公司,类C,1031505.400000,93133.580000,29471.582857,0.909711,319,291,0.098870,0.003425,0.000000,0.003425,37,1,0.647647,84,56,0.084090,0.308681,0.909711,5.103808,91.282677,69.724551,47.086258,51.200201,60.000000,52.380877,47.619123,0.098870,0.003425,否,,否,,中风险,信用得分=52.38，有效销项金额=1031505.40，毛利率=90.97%，有效经营月份=37，最大作废率=9.89%，最大负数率=0.34%，进销匹配差异=0.91，客户HHI=0.084，供应商HHI=0.309
E389,***清洁服务有限公司,类D,461618.420000,2836.560000,41965.310909,0.993855,63,2,0.015625,0.000000,0.000000,0.000000,11,2,0.612558,2,2,0.985386,0.739564,0.993855,0.443069,51.770022,80.420034,1.937055,33.567846,30.000000,33.957191,66.042809,0.015625,0.000000,否,,是,信用得分33.96 < 50,高风险,信用得分=33.96，有效销项金额=461618.42，毛利率=99.39%，有效经营月份=11，最大作废率=1.56%，最大负数率=0.00%，进销匹配差异=0.99，客户HHI=0.985，供应商HHI=0.740
E390,***建筑工程有限公司,类D,794083.140000,6885.330000,158816.628000,0.991329,14,16,0.000000,0.000000,0.000000,0.000000,13,6,0.401672,1,14,1.000000,0.154993,0.991329,1.135180,47.698997,82.651739,20.987006,37.125639,30.000000,37.683930,62.316070,0.000000,0.000000,否,,是,信用得分37.68 < 50,高风险,信用得分=37.68，有效销项金额=794083.14，毛利率=99.13%，有效经营月份=13，最大作废率=0.00%，最大负数率=0.00%，进销匹配差异=0.99，客户HHI=1.000，供应商HHI=0.155
E391,***五金店,类C,1313751.000000,839.620000,34572.394737,0.999361,318,3,0.091429,0.000000,0.011429,0.000000,38,0,0.633066,102,2,0.055755,0.533392,0.999361,0.295644,93.985196,67.996899,40.230656,48.630348,60.000000,49.916306,50.083694,0.091429,0.011429,否,,是,信用得分49.92 < 50,高风险,信用得分=49.92，有效销项金额=1313751.00，毛利率=99.94%，有效经营月份=38，最大作废率=9.14%，最大负数率=1.14%，进销匹配差异=1.00，客户HHI=0.056，供应商HHI=0.533
E392,***科技有限公司,类C,1009536.890000,88514.420000,31548.027813,0.912322,227,179,0.126923,0.000000,0.007692,0.000000,36,1,1.074936,164,31,0.036087,0.183766,0.912322,4.965253,85.348112,65.111292,58.029220,50.710271,60.000000,52.194603,47.805397,0.126923,0.007692,否,,否,,中风险,信用得分=52.19，有效销项金额=1009536.89，毛利率=91.23%，有效经营月份=36，最大作废率=12.69%，最大负数率=0.77%，进销匹配差异=0.91，客户HHI=0.036，供应商HHI=0.184
E393,***商贸有限责任公司,类C,893770.030000,373649.920000,24826.945278,0.581940,544,23,0.103789,0.041667,0.016474,0.000000,36,0,0.263552,164,6,0.065731,0.532220,0.581940,22.933414,99.117336,72.814411,44.913260,58.845613,60.000000,58.743075,41.256925,0.103789,0.016474,否,,否,,中风险,信用得分=58.74，有效销项金额=893770.03，毛利率=58.19%，有效经营月份=36，最大作废率=10.38%，最大负数率=1.65%，进销匹配差异=0.58，客户HHI=0.066，供应商HHI=0.532
E394,***环保设计研究院（有限合伙）,类C,1071989.320000,751513.690000,107198.932000,0.298954,21,533,0.734177,0.032668,0.000000,0.009074,35,4,0.937376,11,131,0.186940,0.076192,0.298954,30.508794,78.258667,58.407141,48.412171,53.001525,60.000000,53.563152,46.436848,0.734177,0.009074,是,最大作废率73.42% > 40%,否,,中风险,信用得分=53.56，有效销项金额=1071989.32，毛利率=29.90%，有效经营月份=35，最大作废率=73.42%，最大负数率=0.91%，进销匹配差异=0.30，客户HHI=0.187，供应商HHI=0.076
E395,***网络科技有限公司,类D,1900800.640000,231871.950000,67885.737143,0.878014,94,133,0.323741,0.029197,0.021583,0.021898,32,1,1.259492,18,37,0.206906,0.205428,0.878014,7.178591,76.784835,46.350092,40.410008,41.019310,30.000000,39.821139,60.178861,0.323741,0.021898,否,,是,信用得分39.82 < 50；最大作废率32.37% > 25%,高风险,信用得分=39.82，有效销项金额=1900800.64，毛利率=87.80%，有效经营月份=32，最大作废率=32.37%，最大负数率=2.19%，进销匹配差异=0.88，客户HHI=0.207，供应商HHI=0.205
E396,***文化传播有限公司,类C,618130.350000,448666.610000,41208.690000,0.274155,65,198,0.071429,0.061611,0.042857,0.000000,33,9,1.151485,14,96,0.208752,0.080896,0.274155,30.138462,59.784927,78.773710,46.394850,52.960168,60.000000,54.463998,45.536002,0.071429,0.042857,否,,否,,中风险,信用得分=54.46，有效销项金额=618130.35，毛利率=27.42%，有效经营月份=33，最大作废率=7.14%，最大负数率=4.29%，进销匹配差异=0.27，客户HHI=0.209，供应商HHI=0.081
E397,***大闸蟹经营部,类D,650214.960000,383834.100000,46443.925714,0.409681,132,19,0.278689,0.000000,0.000000,0.000000,15,8,0.665617,66,4,0.071595,0.872546,0.409681,30.166998,42.033095,57.830579,28.295071,39.675032,30.000000,39.065027,60.934973,0.278689,0.000000,否,,是,信用得分39.07 < 50；最大作废率27.87% > 25%,高风险,信用得分=39.07，有效销项金额=650214.96，毛利率=40.97%，有效经营月份=15，最大作废率=27.87%，最大负数率=0.00%，进销匹配差异=0.41，客户HHI=0.072，供应商HHI=0.873
E398,***医疗管理咨询有限公司,类D,618867.380000,77724.010000,30943.369000,0.874409,89,73,0.000000,0.013514,0.000000,0.000000,33,4,1.716927,24,20,0.650607,0.221275,0.874409,6.946614,64.431572,82.805946,25.477652,43.988894,30.000000,43.419985,56.580015,0.013514,0.000000,否,,是,信用得分43.42 < 50,高风险,信用得分=43.42，有效销项金额=618867.38，毛利率=87.44%，有效经营月份=33，最大作废率=1.35%，最大负数率=0.00%，进销匹配差异=0.87，客户HHI=0.651，供应商HHI=0.221
E399,***装饰工程有限公司,类D,442160.010000,18163.240000,63165.715714,0.958922,15,52,0.210526,0.000000,0.000000,0.000000,26,7,0.851523,9,13,0.250247,0.311946,0.958922,2.431939,58.451065,53.745188,33.920915,35.562828,30.000000,35.518678,64.481322,0.210526,0.000000,否,,是,信用得分35.52 < 50,高风险,信用得分=35.52，有效销项金额=442160.01，毛利率=95.89%，有效经营月份=26，最大作废率=21.05%，最大负数率=0.00%，进销匹配差异=0.96，客户HHI=0.250，供应商HHI=0.312
E400,***办公用品经营部,类D,815647.970000,63453.470000,38840.379524,0.922205,122,16,0.089552,0.000000,0.000000,0.000000,27,4,0.609298,21,4,0.106262,0.573652,0.922205,4.414568,70.815307,71.324102,30.835248,43.026272,30.000000,42.264778,57.735222,0.089552,0.000000,否,,是,信用得分42.26 < 50,高风险,信用得分=42.26，有效销项金额=815647.97，毛利率=92.22%，有效经营月份=27，最大作废率=8.96%，最大负数率=0.00%，进销匹配差异=0.92，客户HHI=0.106，供应商HHI=0.574
E401,***遮阳技术发展中心,类D,314030.710000,165356.500000,18472.394706,0.473438,39,28,0.493506,0.000000,0.000000,0.000000,25,4,1.769496,14,10,0.247180,0.301700,0.473438,28.725642,51.701451,56.714827,34.627322,42.647226,30.000000,41.625872,58.374128,0.493506,0.000000,是,最大作废率49.35% > 40%,否,,高风险,信用得分=41.63，有效销项金额=314030.71，毛利率=47.34%，有效经营月份=25，最大作废率=49.35%，最大负数率=0.00%，进销匹配差异=0.47，客户HHI=0.247，供应商HHI=0.302
E402,***商贸有限公司,类D,470389.580000,413456.700000,39199.131667,0.121033,22,57,0.120000,0.000000,0.080000,0.000000,16,6,0.780745,4,5,0.356775,0.993953,0.121033,30.098357,46.934099,69.081914,14.205930,40.874696,30.000000,40.023074,59.976926,0.120000,0.080000,否,,是,信用得分40.02 < 50,高风险,信用得分=40.02，有效销项金额=470389.58，毛利率=12.10%，有效经营月份=16，最大作废率=12.00%，最大负数率=8.00%，进销匹配差异=0.12，客户HHI=0.357，供应商HHI=0.994
E403,***机械有限公司,类C,1197548.350000,90426.810000,32366.171622,0.924490,61,108,0.128571,0.018182,0.000000,0.000000,37,1,1.203217,10,53,0.317600,0.053433,0.924490,4.345379,83.566427,65.821424,41.736656,46.997908,60.000000,48.602318,51.397682,0.128571,0.000000,否,,是,信用得分48.60 < 50,高风险,信用得分=48.60，有效销项金额=1197548.35，毛利率=92.45%，有效经营月份=37，最大作废率=12.86%，最大负数率=0.00%，进销匹配差异=0.92，客户HHI=0.318，供应商HHI=0.053
E404,个体经营E404 ,类D,830292.220000,816347.350000,138382.036667,0.016795,15,25,0.285714,0.137931,0.000000,0.000000,15,11,1.118081,4,12,0.458466,0.233589,0.016795,27.739467,28.248874,64.706085,29.334050,37.427390,30.000000,37.627973,62.372027,0.285714,0.000000,否,,是,信用得分37.63 < 50；最大作废率28.57% > 25%,高风险,信用得分=37.63，有效销项金额=830292.22，毛利率=1.68%，有效经营月份=15，最大作废率=28.57%，最大负数率=0.00%，进销匹配差异=0.02，客户HHI=0.458，供应商HHI=0.234
E405,***职业技能服务有限公司,类D,591433.000000,86172.260000,39428.866667,0.854299,25,17,0.444444,0.055556,0.000000,0.000000,17,5,1.777245,12,5,0.295489,0.890698,0.854299,8.072678,37.093822,50.049764,16.794815,27.566663,30.000000,28.308338,71.691662,0.444444,0.000000,是,最大作废率44.44% > 40%,否,,高风险,信用得分=28.31，有效销项金额=591433.00，毛利率=85.43%，有效经营月份=17，最大作废率=44.44%，最大负数率=0.00%，进销匹配差异=0.85，客户HHI=0.295，供应商HHI=0.891
E406,***招投标代理有限公司,类D,831766.440000,191619.410000,69313.870000,0.769624,24,52,0.225806,0.000000,0.032258,0.000000,24,5,1.273526,5,34,0.320121,0.152026,0.769624,12.866553,54.589920,50.079975,37.331281,37.493696,30.000000,37.120872,62.879128,0.225806,0.032258,否,,是,信用得分37.12 < 50,高风险,信用得分=37.12，有效销项金额=831766.44，毛利率=76.96%，有效经营月份=24，最大作废率=22.58%，最大负数率=3.23%，进销匹配差异=0.77，客户HHI=0.320，供应商HHI=0.152
E407,***装饰工程有限公司,类D,1848944.650000,388120.850000,142226.511538,0.790085,31,148,0.295455,0.006711,0.045455,0.013423,29,5,0.880792,5,53,0.351896,0.221008,0.790085,12.270654,67.544559,44.355327,34.866041,38.629376,30.000000,37.638615,62.361385,0.295455,0.045455,否,,是,信用得分37.64 < 50；最大作废率29.55% > 25%,高风险,信用得分=37.64，有效销项金额=1848944.65，毛利率=79.01%，有效经营月份=29，最大作废率=29.55%，最大负数率=4.55%，进销匹配差异=0.79，客户HHI=0.352，供应商HHI=0.221
E408,***空调制冷有限责任公司,类D,522142.940000,60304.620000,34809.529333,0.884506,26,39,0.187500,0.025000,0.000000,0.000000,26,5,0.623678,10,11,0.273945,0.224686,0.884506,6.391060,66.615580,58.271153,35.957787,40.330559,30.000000,39.680227,60.319773,0.187500,0.000000,否,,是,信用得分39.68 < 50,高风险,信用得分=39.68，有效销项金额=522142.94，毛利率=88.45%，有效经营月份=26，最大作废率=18.75%，最大负数率=0.00%，进销匹配差异=0.88，客户HHI=0.274，供应商HHI=0.225
E409,***塑胶有限公司,类D,216430.450000,47059.720000,8324.248077,0.782564,90,15,0.108911,0.000000,0.000000,0.000000,26,1,1.161355,37,5,0.086248,0.431552,0.782564,11.860133,69.147849,71.057601,37.312401,46.071882,30.000000,45.021483,54.978517,0.108911,0.000000,否,,是,信用得分45.02 < 50,高风险,信用得分=45.02，有效销项金额=216430.45，毛利率=78.26%，有效经营月份=26，最大作废率=10.89%，最大负数率=0.00%，进销匹配差异=0.78，客户HHI=0.086，供应商HHI=0.432
E410,***网络科技有限公司,类D,406965.830000,16780.680000,15652.531923,0.958766,65,105,0.015152,0.000000,0.015152,0.038095,29,3,1.073475,41,10,0.078243,0.382559,0.958766,2.273215,69.868400,75.386091,39.612413,44.918070,30.000000,44.310989,55.689011,0.015152,0.038095,否,,是,信用得分44.31 < 50,高风险,信用得分=44.31，有效销项金额=406965.83，毛利率=95.88%，有效经营月份=29，最大作废率=1.52%，最大负数率=3.81%，进销匹配差异=0.96，客户HHI=0.078，供应商HHI=0.383
E411,***机电设备有限公司,类C,260305.240000,245753.440000,9640.934815,0.055903,67,109,0.309278,0.000000,0.041237,0.000000,33,2,1.202018,28,33,0.098338,0.670611,0.055903,30.000000,76.583078,57.836133,29.619940,48.528791,60.000000,49.199637,50.800363,0.309278,0.041237,否,,是,信用得分49.20 < 50；最大作废率30.93% > 25%,高风险,信用得分=49.20，有效销项金额=260305.24，毛利率=5.59%，有效经营月份=33，最大作废率=30.93%，最大负数率=4.12%，进销匹配差异=0.06，客户HHI=0.098，供应商HHI=0.671
E412,***汽车贸易有限公司,类C,320552.780000,65895.240000,9713.720606,0.794432,137,83,0.080537,0.034884,0.000000,0.000000,35,2,0.986810,82,19,0.032271,0.160607,0.794432,11.218280,82.572089,74.822264,51.844834,53.083039,60.000000,54.393521,45.606479,0.080537,0.000000,否,,否,,中风险,信用得分=54.39，有效销项金额=320552.78，毛利率=79.44%，有效经营月份=35，最大作废率=8.05%，最大负数率=0.00%，进销匹配差异=0.79，客户HHI=0.032，供应商HHI=0.161
E413,***石材工艺品有限公司,类D,286978.870000,24463.710000,40996.981429,0.914754,33,62,0.175000,0.000000,0.000000,0.000000,18,11,1.280042,7,9,0.449249,0.249219,0.914754,4.717790,30.499420,59.491799,29.232095,29.759561,30.000000,30.998700,69.001300,0.175000,0.000000,否,,是,信用得分31.00 < 50,高风险,信用得分=31.00，有效销项金额=286978.87，毛利率=91.48%，有效经营月份=18，最大作废率=17.50%，最大负数率=0.00%，进销匹配差异=0.91，客户HHI=0.449，供应商HHI=0.249
E414,***物流有限责任公司***分公司,类D,377087.370000,9804.720000,53869.624286,0.973999,11,6,0.214286,0.000000,0.000000,0.000000,11,2,1.194524,6,4,0.329575,0.444963,0.973999,1.557130,43.687169,52.955021,26.601233,29.947933,30.000000,30.685718,69.314282,0.214286,0.000000,否,,是,信用得分30.69 < 50,高风险,信用得分=30.69，有效销项金额=377087.37，毛利率=97.40%，有效经营月份=11，最大作废率=21.43%，最大负数率=0.00%，进销匹配差异=0.97，客户HHI=0.330，供应商HHI=0.445
E415,***广告设计服务部,类C,85328.750000,17142.860000,3709.945652,0.799096,208,2,0.000000,0.000000,0.033654,0.000000,23,0,0.759591,185,1,0.011052,1.000000,0.799096,10.958383,72.727899,80.967738,39.477899,49.607004,60.000000,51.422690,48.577310,0.000000,0.033654,是,有效销项金额85328.75 <= 5%分位197251.46,否,,中风险,信用得分=51.42，有效销项金额=85328.75，毛利率=79.91%，有效经营月份=23，最大作废率=0.00%，最大负数率=3.37%，进销匹配差异=0.80，客户HHI=0.011，供应商HHI=1.000
E416,***科技有限公司,类D,209414.410000,105461.630000,26176.801250,0.496397,23,7,0.080000,0.125000,0.000000,0.000000,13,21,0.550030,5,5,0.404407,0.969717,0.496397,27.476026,30.638475,73.813045,12.743338,36.904355,30.000000,36.998630,63.001370,0.125000,0.000000,否,,是,信用得分37.00 < 50,高风险,信用得分=37.00，有效销项金额=209414.41，毛利率=49.64%，有效经营月份=13，最大作废率=12.50%，最大负数率=0.00%，进销匹配差异=0.50，客户HHI=0.404，供应商HHI=0.970
E417,***园林景观工程有限公司,类C,161669.920000,155036.390000,40417.480000,0.041031,6,127,0.000000,0.007812,0.000000,0.000000,31,6,0.835401,2,23,0.516796,0.307034,0.041031,29.296887,68.674991,98.188202,25.552920,55.615448,60.000000,56.716854,43.283146,0.007812,0.000000,是,有效销项金额161669.92 <= 5%分位197251.46,否,,中风险,信用得分=56.72，有效销项金额=161669.92，毛利率=4.10%，有效经营月份=31，最大作废率=0.78%，最大负数率=0.00%，进销匹配差异=0.04，客户HHI=0.517，供应商HHI=0.307
E418,***营销策划有限公司,类D,425830.540000,46292.930000,47314.504444,0.891288,20,71,0.130435,0.000000,0.000000,0.000000,20,11,1.653676,12,31,0.365189,0.158543,0.891288,6.052044,28.310058,66.141592,36.117795,32.652085,30.000000,33.933980,66.066020,0.130435,0.000000,否,,是,信用得分33.93 < 50,高风险,信用得分=33.93，有效销项金额=425830.54，毛利率=89.13%，有效经营月份=20，最大作废率=13.04%，最大负数率=0.00%，进销匹配差异=0.89，客户HHI=0.365，供应商HHI=0.159
E419,***科技有限公司,类D,52075.470000,11780867.650000,13018.867500,-225.226814,4,1278,0.000000,0.019939,0.000000,0.009969,38,13,0.243806,2,193,0.600924,0.567403,225.226814,0.000000,69.391586,60.713190,21.348524,36.795899,30.000000,36.326319,63.673681,0.019939,0.009969,是,有效销项金额52075.47 <= 5%分位197251.46；进销匹配差异225.23 > 4,否,,高风险,信用得分=36.33，有效销项金额=52075.47，毛利率=-22522.68%，有效经营月份=38，最大作废率=1.99%，最大负数率=1.00%，进销匹配差异=225.23，客户HHI=0.601，供应商HHI=0.567
E420,***康药房,类D,71630.270000,1875705.460000,2387.675667,-25.185933,114,151,0.095238,0.013072,0.000000,0.000000,32,2,0.863506,72,20,0.028052,0.245766,25.185933,0.000000,79.784634,51.666667,48.490050,42.560835,30.000000,41.571604,58.428396,0.095238,0.000000,是,有效销项金额71630.27 <= 5%分位197251.46；进销匹配差异25.19 > 4,否,,高风险,信用得分=41.57，有效销项金额=71630.27，毛利率=-2518.59%，有效经营月份=32，最大作废率=9.52%，最大负数率=0.00%，进销匹配差异=25.19，客户HHI=0.028，供应商HHI=0.246
E421,***保温材料有限公司,类D,245700.760000,30393.810000,49140.152000,0.876297,28,19,0.034483,0.000000,0.000000,0.000000,16,9,1.115568,5,5,0.448898,0.851567,0.876297,6.849080,34.783783,79.837208,11.317324,32.973437,30.000000,33.891793,66.108207,0.034483,0.000000,否,,是,信用得分33.89 < 50,高风险,信用得分=33.89，有效销项金额=245700.76，毛利率=87.63%，有效经营月份=16，最大作废率=3.45%，最大负数率=0.00%，进销匹配差异=0.88，客户HHI=0.449，供应商HHI=0.852
E422,***童装店,类D,27018.310000,889.390000,2078.331538,0.967082,27,3,0.100000,0.000000,0.000000,0.000000,14,3,1.469917,20,2,0.132286,0.665721,0.967082,1.795530,41.862265,69.076066,26.970135,33.667269,30.000000,34.484379,65.515621,0.100000,0.000000,是,有效销项金额27018.31 <= 5%分位197251.46,否,,高风险,信用得分=34.48，有效销项金额=27018.31，毛利率=96.71%，有效经营月份=14，最大作废率=10.00%，最大负数率=0.00%，进销匹配差异=0.97，客户HHI=0.132，供应商HHI=0.666
E423,***通风设备有限公司,类D,72786.400000,61046.140000,12131.066667,0.161297,6,21,0.142857,0.000000,0.000000,0.047619,17,10,0.773447,3,8,0.390098,0.487579,0.161297,30.000000,38.535460,70.034438,23.223780,40.787230,30.000000,40.360457,59.639543,0.142857,0.047619,是,有效销项金额72786.40 <= 5%分位197251.46,否,,高风险,信用得分=40.36，有效销项金额=72786.40，毛利率=16.13%，有效经营月份=17，最大作废率=14.29%，最大负数率=4.76%，进销匹配差异=0.16，客户HHI=0.390，供应商HHI=0.488
E424,***贸易有限公司,类D,76896.420000,254329.900000,5915.109231,-2.307435,37,25,0.139535,0.000000,0.046512,0.000000,18,4,2.879628,21,13,0.684234,0.725151,2.307435,0.000000,38.000000,38.488372,7.728228,20.667739,30.000000,21.767739,78.232261,0.139535,0.046512,是,有效销项金额76896.42 <= 5%分位197251.46,否,,高风险,信用得分=21.77，有效销项金额=76896.42，毛利率=-230.74%，有效经营月份=18，最大作废率=13.95%，最大负数率=4.65%，进销匹配差异=2.31，客户HHI=0.684，供应商HHI=0.725
E425,***商贸有限公司,类D,85126.210000,57196.250000,28375.403333,0.328101,10,116,0.444444,0.016949,0.000000,0.025424,21,13,0.629517,2,27,0.892453,0.082844,0.328101,30.015880,41.534490,55.444680,23.822335,38.014024,30.000000,37.436505,62.563495,0.444444,0.025424,是,有效销项金额85126.21 <= 5%分位197251.46；最大作废率44.44% > 40%,否,,高风险,信用得分=37.44，有效销项金额=85126.21，毛利率=32.81%，有效经营月份=21，最大作废率=44.44%，最大负数率=2.54%，进销匹配差异=0.33，客户HHI=0.892，供应商HHI=0.083
