行业类别,冲击等级,脆弱性修正系数,企业代号,企业名称,估计信用等级,有效销项金额,有效进项金额,月均销项收入,毛利率,有效销项发票数,有效进项发票数,销项作废率,进项作废率,销项负数率,进项负数率,有效经营月份数,最长销项断档月数,销项收入波动系数,客户数,供应商数,客户集中度HHI,供应商集中度HHI,进销匹配差异,经营规模分,经营连续性分,交易真实性分,抗风险能力分,经营综合预评分,信用基础分,信用得分,风险得分,最大作废率,最大负数率,是否一票否决,一票否决原因,是否高风险池,高风险池原因,风险等级,分级依据指标
可选消费与门店经营,高冲击,1.150000,E124,个体经营E124 ,类A,485866140.928658,785525535.339999,19434645.637146,-0.173973,1099.000000,15264.000000,0.150039,0.123313,0.032483,0.019872,23.000000,2.000000,1.013550,52.000000,1403.000000,0.073443,0.031150,0.058973,80.802314,64.200690,73.090062,76.757386,73.914860,90.000000,75.664709,24.335291,0.150039,0.032483,否,,否,,较低风险,信用得分=75.66，有效销项金额=485866140.93，毛利率=-17.40%，有效经营月份=23.0，最大作废率=15.00%，最大负数率=3.25%，进销匹配差异=0.06，客户HHI=0.073，供应商HHI=0.031
可选消费与门店经营,高冲击,1.150000,E125,个体经营E125 ,类A,616493443.740962,932383246.020000,17614098.392599,-0.105620,1380.000000,17776.000000,0.134796,0.123817,0.026959,0.020012,34.000000,3.000000,1.097474,63.000000,1789.000000,0.059261,0.016835,0.009380,86.661143,77.035081,76.920560,78.450155,80.177284,90.000000,80.992473,19.007527,0.134796,0.026959,否,,否,,低风险,信用得分=80.99，有效销项金额=616493443.74，毛利率=-10.56%，有效经营月份=34.0，最大作废率=13.48%，最大负数率=2.70%，进销匹配差异=0.01，客户HHI=0.059，供应商HHI=0.017
可选消费与门店经营,高冲击,1.000000,E126,个体经营E126 ,类A,364483768.473999,112773465.190000,10124549.124278,0.683416,1264.000000,515.000000,0.166227,0.033771,0.021108,0.005629,34.000000,2.000000,0.962397,143.000000,72.000000,0.062628,0.294442,0.783416,87.268218,81.411153,59.852240,53.598566,72.216027,90.000000,72.782058,27.217942,0.166227,0.021108,否,,否,,较低风险,信用得分=72.78，有效销项金额=364483768.47，毛利率=68.34%，有效经营月份=34.0，最大作废率=16.62%，最大负数率=2.11%，进销匹配差异=0.78，客户HHI=0.063，供应商HHI=0.294
可选消费与门店经营,高冲击,1.000000,E127,个体经营E127 ,类A,456356568.170988,1646702.460000,12676571.338083,0.897474,3904.000000,1424.000000,0.030303,0.017931,0.000994,0.001379,34.000000,2.000000,1.191515,25.000000,297.000000,0.133780,0.062524,0.997474,75.592327,78.228965,78.094935,58.351480,73.428969,90.000000,74.737905,25.262095,0.030303,0.001379,否,,否,,较低风险,信用得分=74.74，有效销项金额=456356568.17，毛利率=89.75%，有效经营月份=34.0，最大作废率=3.03%，最大负数率=0.14%，进销匹配差异=1.00，客户HHI=0.134，供应商HHI=0.063
可选消费与门店经营,高冲击,1.350000,E128,个体经营E128 ,类B,144222140.315048,8928032.930000,4370367.888335,0.828167,1161.000000,3134.000000,0.074900,0.027312,0.000000,0.004966,33.000000,5.000000,2.215007,7.000000,532.000000,0.952254,0.026047,0.963167,58.308939,58.000000,71.913677,46.177441,59.206589,75.000000,60.891142,39.108858,0.074900,0.004966,否,,是,高冲击行业且销项收入波动系数>1.5,中风险,信用得分=60.89，有效销项金额=144222140.32，毛利率=82.82%，有效经营月份=33.0，最大作废率=7.49%，最大负数率=0.50%，进销匹配差异=0.96，客户HHI=0.952，供应商HHI=0.026
可选消费与门店经营,高冲击,1.000000,E129,个体经营E129 ,类A,227364222.833999,76126149.460000,6315672.856500,0.665626,5181.000000,5928.000000,0.109335,0.062915,0.014956,0.004584,34.000000,2.000000,0.852739,796.000000,1368.000000,0.010669,0.040716,0.765626,88.238582,82.934174,69.051245,99.336026,84.335134,90.000000,84.776497,15.223503,0.109335,0.014956,否,,否,,低风险,信用得分=84.78，有效销项金额=227364222.83，毛利率=66.56%，有效经营月份=34.0，最大作废率=10.93%，最大负数率=1.50%，进销匹配差异=0.77，客户HHI=0.011，供应商HHI=0.041
可选消费与门店经营,高冲击,1.150000,E130,个体经营E130 ,类B,72074020.736401,72445153.240000,3276091.851655,0.226627,1321.000000,3123.000000,0.044139,0.039373,0.015195,0.005537,29.000000,9.000000,2.249199,14.000000,517.000000,0.763920,0.046382,0.341627,58.884738,42.000000,85.562817,46.639345,58.883995,75.000000,61.339758,38.660242,0.044139,0.015195,否,,是,高冲击行业且销项收入波动系数>1.5,中风险,信用得分=61.34，有效销项金额=72074020.74，毛利率=22.66%，有效经营月份=29.0，最大作废率=4.41%，最大负数率=1.52%，进销匹配差异=0.34，客户HHI=0.764，供应商HHI=0.046
可选消费与门店经营,高冲击,1.000000,E131,个体经营E131 ,类A,146358822.253000,111348020.140000,4065522.840361,0.367448,3097.000000,6527.000000,0.071643,0.077717,0.012890,0.018369,34.000000,2.000000,0.571611,818.000000,906.000000,0.009754,0.064333,0.467448,78.136721,86.838736,78.183930,98.579071,84.412497,90.000000,85.163724,14.836276,0.077717,0.018369,否,,否,,低风险,信用得分=85.16，有效销项金额=146358822.25，毛利率=36.74%，有效经营月份=34.0，最大作废率=7.77%，最大负数率=1.84%，进销匹配差异=0.47，客户HHI=0.010，供应商HHI=0.064
可选消费与门店经营,高冲击,1.000000,E132,个体经营E132 ,类A,142350783.295002,64061771.730000,4186787.743971,0.584981,1659.000000,5050.000000,0.077308,0.021128,0.004449,0.001938,32.000000,2.000000,1.005697,99.000000,682.000000,0.026044,0.077028,0.684981,70.412352,77.809757,76.522362,80.569749,75.820685,90.000000,77.409580,22.590420,0.077308,0.004449,否,,否,,较低风险,信用得分=77.41，有效销项金额=142350783.30，毛利率=58.50%，有效经营月份=32.0，最大作废率=7.73%，最大负数率=0.44%，进销匹配差异=0.68，客户HHI=0.026，供应商HHI=0.077
可选消费与门店经营,高冲击,1.150000,E133,个体经营E133 ,类C,74444034.418900,39108647.880000,3722201.720945,0.540900,140.000000,1599.000000,0.176471,0.027964,0.017647,0.001216,33.000000,8.000000,1.903235,9.000000,282.000000,0.456317,0.072610,0.655900,56.279800,51.843962,61.168760,45.805974,54.298315,60.000000,54.892127,45.107873,0.176471,0.017647,否,,是,高冲击行业且销项收入波动系数>1.5,中风险,信用得分=54.89，有效销项金额=74444034.42，毛利率=54.09%，有效经营月份=33.0，最大作废率=17.65%，最大负数率=1.76%，进销匹配差异=0.66，客户HHI=0.456，供应商HHI=0.073
建筑与工程,中高冲击,1.000000,E134,***工程咨询有限公司,类A,95796066.584401,3928745.500000,2589082.880660,0.893011,2835.000000,1664.000000,0.076547,0.018289,0.018893,0.004130,35.000000,2.000000,1.086612,1672.000000,581.000000,0.007615,0.109889,0.968011,36.988556,81.185944,69.509277,95.236703,67.817713,90.000000,70.908988,29.091012,0.076547,0.018893,否,,否,,较低风险,信用得分=70.91，有效销项金额=95796066.58，毛利率=89.30%，有效经营月份=35.0，最大作废率=7.65%，最大负数率=1.89%，进销匹配差异=0.97，客户HHI=0.008，供应商HHI=0.110
建筑与工程,中高冲击,1.000000,E135,***建设工程有限公司,类B,105719295.645600,24565279.450000,3020551.304160,0.743757,367.000000,2847.000000,0.111380,0.015220,0.033898,0.001730,35.000000,4.000000,1.098484,73.000000,364.000000,0.092281,0.050838,0.818757,49.048337,76.021054,64.993853,66.594476,63.287123,75.000000,64.533653,35.466347,0.111380,0.033898,否,,否,,中风险,信用得分=64.53，有效销项金额=105719295.65，毛利率=74.38%，有效经营月份=35.0，最大作废率=11.14%，最大负数率=3.39%，进销匹配差异=0.82，客户HHI=0.092，供应商HHI=0.051
制造与设备,中冲击,1.350000,E136,***机械有限责任公司,类C,93030117.824600,114520005.260000,3322504.208022,-0.049222,1284.000000,1286.000000,0.052399,0.001553,0.002952,0.000776,28.000000,2.000000,1.254639,4.000000,16.000000,0.639820,0.999322,0.018278,55.082740,68.352233,91.901475,5.528119,57.693873,60.000000,57.522124,42.477876,0.052399,0.002952,否,,否,,中风险,信用得分=57.52，有效销项金额=93030117.82，毛利率=-4.92%，有效经营月份=28.0，最大作废率=5.24%，最大负数率=0.30%，进销匹配差异=0.02，客户HHI=0.640，供应商HHI=0.999
建筑与工程,中高冲击,1.150000,E137,***建设工程有限公司,类A,107018486.571240,103268584.529999,3567282.885708,0.192925,231.000000,3141.000000,0.090551,0.042670,0.023622,0.011582,35.000000,4.000000,1.512221,25.000000,675.000000,0.137409,0.038214,0.279175,67.609898,70.274706,78.893997,72.318708,72.038887,90.000000,74.144657,25.855343,0.090551,0.023622,否,,否,,较低风险,信用得分=74.14，有效销项金额=107018486.57，毛利率=19.29%，有效经营月份=35.0，最大作废率=9.06%，最大负数率=2.36%，进销匹配差异=0.28，客户HHI=0.137，供应商HHI=0.038
可选消费与门店经营,高冲击,1.000000,E138,个体经营E138 ,类B,75482218.721000,20785662.730000,2096728.297805,0.707240,1439.000000,512.000000,0.035523,0.015385,0.008043,0.048077,34.000000,2.000000,0.918141,118.000000,54.000000,0.042573,0.173865,0.807240,40.714640,82.025819,73.688530,55.380142,62.219008,75.000000,63.581985,36.418015,0.035523,0.048077,否,,否,,中风险,信用得分=63.58，有效销项金额=75482218.72，毛利率=70.72%，有效经营月份=34.0，最大作废率=3.55%，最大负数率=4.81%，进销匹配差异=0.81，客户HHI=0.043，供应商HHI=0.174
可选消费与门店经营,高冲击,1.000000,E139,个体经营E139 ,类B,131399469.173001,1210488.040000,3649985.254805,0.893551,12209.000000,457.000000,0.047808,0.031780,0.002574,0.004237,34.000000,2.000000,0.608216,167.000000,77.000000,0.097390,0.076610,0.993551,49.006121,86.330340,75.284188,61.589134,67.423295,75.000000,68.156472,31.843528,0.047808,0.004237,否,,否,,较低风险,信用得分=68.16，有效销项金额=131399469.17，毛利率=89.36%，有效经营月份=34.0，最大作废率=4.78%，最大负数率=0.42%，进销匹配差异=0.99，客户HHI=0.097，供应商HHI=0.077
建筑与工程,中高冲击,1.000000,E140,***建筑工程有限公司,类B,142294645.779000,6926522.320000,3845801.237270,0.887032,726.000000,2023.000000,0.140828,0.024590,0.026036,0.008679,35.000000,2.000000,1.112826,20.000000,561.000000,0.135180,0.118147,0.962032,52.515993,80.821854,59.543120,66.741196,64.194281,75.000000,65.027388,34.972612,0.140828,0.026036,否,,否,,较低风险,信用得分=65.03，有效销项金额=142294645.78，毛利率=88.70%，有效经营月份=35.0，最大作废率=14.08%，最大负数率=2.60%，进销匹配差异=0.96，客户HHI=0.135，供应商HHI=0.118
食品与基础民生,低冲击,1.000000,E141,***食品有限公司,类A,151406219.790000,39177009.150000,4325891.994000,0.734183,4458.000000,1357.000000,0.059494,0.039632,0.030380,0.002123,36.000000,0.000000,0.466287,1183.000000,208.000000,0.015721,0.056889,0.754183,64.798029,96.301574,73.915638,81.933812,78.380474,90.000000,79.325494,20.674506,0.059494,0.030380,否,,否,,较低风险,信用得分=79.33，有效销项金额=151406219.79，毛利率=73.42%，有效经营月份=36.0，最大作废率=5.95%，最大负数率=3.04%，进销匹配差异=0.75，客户HHI=0.016，供应商HHI=0.057
其他服务,中冲击,1.000000,E142,***运业有限公司,类A,82677527.693999,49328650.860000,2234527.775513,0.442857,1366.000000,704.000000,0.074526,0.031637,0.006775,0.015131,36.000000,1.000000,0.772035,66.000000,96.000000,0.300534,0.234734,0.492857,56.864081,89.555069,78.671713,42.686424,67.653204,90.000000,69.332247,30.667753,0.074526,0.015131,否,,否,,较低风险,信用得分=69.33，有效销项金额=82677527.69，毛利率=44.29%，有效经营月份=36.0，最大作废率=7.45%，最大负数率=1.51%，进销匹配差异=0.49，客户HHI=0.301，供应商HHI=0.235
科技与线上服务,中冲击,1.150000,E143,***电子科技有限公司,类B,74838987.824099,32709212.260000,2078860.772892,0.580832,1099.000000,3579.000000,0.044348,0.036349,0.018261,0.012116,37.000000,2.000000,1.485510,76.000000,598.000000,0.385517,0.079589,0.638332,47.397342,77.145698,79.881320,65.925807,66.661118,75.000000,67.933966,32.066034,0.044348,0.018261,否,,否,,较低风险,信用得分=67.93，有效销项金额=74838987.82，毛利率=58.08%，有效经营月份=37.0，最大作废率=4.43%，最大负数率=1.83%，进销匹配差异=0.64，客户HHI=0.386，供应商HHI=0.080
其他服务,中冲击,1.000000,E144,***劳务有限公司,类B,88543059.878999,8662197.310000,3279372.588111,0.866844,1245.000000,2434.000000,0.084559,0.017756,0.042647,0.004439,29.000000,2.000000,1.176856,28.000000,671.000000,0.128593,0.074268,0.916844,39.706460,70.932552,65.719920,71.685926,60.412241,75.000000,62.380291,37.619709,0.084559,0.042647,否,,否,,中风险,信用得分=62.38，有效销项金额=88543059.88，毛利率=86.68%，有效经营月份=29.0，最大作废率=8.46%，最大负数率=4.26%，进销匹配差异=0.92，客户HHI=0.129，供应商HHI=0.074
其他服务,中冲击,1.150000,E145,***工贸有限公司,类A,97288943.349650,112976762.780000,2629430.901342,-0.018434,3844.000000,2916.000000,0.099977,0.024096,0.018965,0.006024,36.000000,1.000000,0.508256,394.000000,377.000000,0.087159,0.148676,0.039066,55.775072,93.218666,82.474815,83.636365,77.383165,90.000000,78.933478,21.066522,0.099977,0.018965,否,,否,,较低风险,信用得分=78.93，有效销项金额=97288943.35，毛利率=-1.84%，有效经营月份=36.0，最大作废率=10.00%，最大负数率=1.90%，进销匹配差异=0.04，客户HHI=0.087，供应商HHI=0.149
建筑与工程,中高冲击,1.000000,E146,***基础建设工程有限公司,类A,102266274.575400,123019829.789999,2763953.366903,-0.013290,1416.000000,3170.000000,0.121588,0.024615,0.021092,0.002462,35.000000,2.000000,0.858955,63.000000,383.000000,0.079834,0.368785,0.061710,57.843175,84.347850,78.733955,56.766198,69.476643,90.000000,71.367092,28.632908,0.121588,0.021092,否,,否,,较低风险,信用得分=71.37，有效销项金额=102266274.58，毛利率=-1.33%，有效经营月份=35.0，最大作废率=12.16%，最大负数率=2.11%，进销匹配差异=0.06，客户HHI=0.080，供应商HHI=0.369
装饰装修与家居,高冲击,1.000000,E147,***装饰工程有限责任公司,类A,131368848.149001,147605710.199996,3649134.670805,0.113482,2314.000000,5603.000000,0.024040,0.064764,0.010122,0.010683,35.000000,3.000000,1.092786,145.000000,733.000000,0.060312,0.050908,0.213482,73.189706,78.600194,85.594655,83.992132,79.804051,90.000000,81.214555,18.785445,0.064764,0.010683,否,,否,,低风险,信用得分=81.21，有效销项金额=131368848.15，毛利率=11.35%，有效经营月份=35.0，最大作废率=6.48%，最大负数率=1.07%，进销匹配差异=0.21，客户HHI=0.060，供应商HHI=0.051
普通批发商贸,中冲击,1.000000,E148,***商贸有限公司,类B,68482947.194500,28869945.280000,4028408.658500,0.591671,270.000000,511.000000,0.039146,0.064103,0.003559,0.003663,35.000000,3.000000,1.159051,186.000000,134.000000,0.011078,0.477567,0.641671,53.492369,77.679844,79.246887,55.032328,66.285859,75.000000,67.227248,32.772752,0.064103,0.003663,否,,否,,较低风险,信用得分=67.23，有效销项金额=68482947.19，毛利率=59.17%，有效经营月份=35.0，最大作废率=6.41%，最大负数率=0.37%，进销匹配差异=0.64，客户HHI=0.011，供应商HHI=0.478
建筑与工程,中高冲击,1.000000,E149,***建筑劳务有限公司,类C,78967672.882801,566820.350000,3037218.187800,0.919401,1147.000000,285.000000,0.064437,0.027304,0.026101,0.000000,32.000000,5.000000,1.221911,10.000000,109.000000,0.230663,0.191524,0.994401,33.778077,67.306787,69.661653,42.349354,52.845404,60.000000,53.791161,46.208839,0.064437,0.026101,否,,否,,中风险,信用得分=53.79，有效销项金额=78967672.88，毛利率=91.94%，有效经营月份=32.0，最大作废率=6.44%，最大负数率=2.61%，进销匹配差异=0.99，客户HHI=0.231，供应商HHI=0.192
建筑与工程,中高冲击,1.000000,E150,***建设工程有限公司,类A,89121532.609200,83207437.350000,2475598.128033,0.196761,410.000000,3268.000000,0.116379,0.032850,0.002155,0.004735,35.000000,3.000000,1.109657,126.000000,463.000000,0.073720,0.036822,0.271761,59.247181,78.365880,78.240872,75.864345,72.098711,90.000000,74.218058,25.781942,0.116379,0.004735,否,,否,,较低风险,信用得分=74.22，有效销项金额=89121532.61，毛利率=19.68%，有效经营月份=35.0，最大作废率=11.64%，最大负数率=0.47%，进销匹配差异=0.27，客户HHI=0.074，供应商HHI=0.037
建筑与工程,中高冲击,1.000000,E151,***路桥工程有限公司,类C,79888499.301000,10289917.700000,3473413.013087,0.824533,140.000000,781.000000,0.054054,0.024969,0.000000,0.001248,29.000000,4.000000,1.181283,5.000000,172.000000,0.274239,0.278050,0.899533,40.953025,65.871073,76.503412,40.312818,55.942092,60.000000,56.600887,43.399113,0.054054,0.001248,否,,否,,中风险,信用得分=56.60，有效销项金额=79888499.30，毛利率=82.45%，有效经营月份=29.0，最大作废率=5.41%，最大负数率=0.12%，进销匹配差异=0.90，客户HHI=0.274，供应商HHI=0.278
其他服务,中冲击,1.000000,E152,***运贸有限责任公司,类B,101669968.791500,6302403.630000,2747836.994365,0.897309,1488.000000,891.000000,0.024262,0.023026,0.005902,0.025219,36.000000,1.000000,0.378046,15.000000,148.000000,0.696124,0.203977,0.947309,38.674415,95.027135,76.242563,29.000515,60.219852,75.000000,61.034774,38.965226,0.024262,0.025219,否,,否,,中风险,信用得分=61.03，有效销项金额=101669968.79，毛利率=89.73%，有效经营月份=36.0，最大作废率=2.43%，最大负数率=2.52%，进销匹配差异=0.95，客户HHI=0.696，供应商HHI=0.204
可选消费与门店经营,高冲击,1.150000,E153,个体经营E153 ,类C,157870567.882800,87916.360000,5443812.685614,0.884635,280.000000,71.000000,0.211268,0.000000,0.002817,0.000000,30.000000,4.000000,1.655355,6.000000,33.000000,0.494476,0.451701,0.999635,62.601691,60.786737,52.506317,22.177867,51.539344,60.000000,51.369923,48.630077,0.211268,0.002817,否,,是,高冲击行业且销项收入波动系数>1.5,中风险,信用得分=51.37，有效销项金额=157870567.88，毛利率=88.46%，有效经营月份=30.0，最大作废率=21.13%，最大负数率=0.28%，进销匹配差异=1.00，客户HHI=0.494，供应商HHI=0.452
其他服务,中冲击,1.150000,E154,***汽车销售服务有限公司,类B,61613911.695575,123056747.009999,2053797.056519,-0.710202,1816.000000,2657.000000,0.055642,0.014466,0.013001,0.020030,29.000000,1.000000,0.786798,303.000000,300.000000,0.364127,0.386617,0.652702,21.583263,78.850032,77.783335,62.962994,58.225919,75.000000,60.704255,39.295745,0.055642,0.020030,否,,否,,中风险,信用得分=60.70，有效销项金额=61613911.70，毛利率=-71.02%，有效经营月份=29.0，最大作废率=5.56%，最大负数率=2.00%，进销匹配差异=0.65，客户HHI=0.364，供应商HHI=0.387
可选消费与门店经营,高冲击,1.000000,E155,个体经营E155 ,类B,55017050.886000,74244539.660000,2200682.035440,-0.044638,1045.000000,398.000000,0.035088,0.045564,0.008310,0.021583,23.000000,2.000000,0.870208,56.000000,50.000000,0.075685,0.164519,0.055362,42.658245,66.191549,89.414755,49.492770,61.597603,75.000000,63.655114,36.344886,0.045564,0.021583,否,,否,,中风险,信用得分=63.66，有效销项金额=55017050.89，毛利率=-4.46%，有效经营月份=23.0，最大作废率=4.56%，最大负数率=2.16%，进销匹配差异=0.06，客户HHI=0.076，供应商HHI=0.165
可选消费与门店经营,高冲击,1.150000,E156,个体经营E156 ,类C,100783151.067550,2141865.020000,2964210.325516,0.871080,384.000000,592.000000,0.135135,0.031097,0.065315,0.018003,34.000000,4.000000,2.304691,32.000000,151.000000,0.178671,0.203084,0.986080,40.808125,62.000000,54.027450,47.096132,50.668526,60.000000,51.528120,48.471880,0.135135,0.065315,否,,是,高冲击行业且销项收入波动系数>1.5,中风险,信用得分=51.53，有效销项金额=100783151.07，毛利率=87.11%，有效经营月份=34.0，最大作废率=13.51%，最大负数率=6.53%，进销匹配差异=0.99，客户HHI=0.179，供应商HHI=0.203
建筑与工程,中高冲击,1.150000,E157,***环境设备工程有限公司,类B,50136044.742719,47908999.590000,1474589.551256,0.199932,918.000000,1472.000000,0.081081,0.052157,0.075075,0.007727,35.000000,4.000000,2.309598,87.000000,307.000000,0.202763,0.051051,0.286182,46.719583,63.500000,72.379225,61.875164,60.360714,75.000000,62.349735,37.650265,0.081081,0.075075,否,,否,,中风险,信用得分=62.35，有效销项金额=50136044.74，毛利率=19.99%，有效经营月份=35.0，最大作废率=8.11%，最大负数率=7.51%，进销匹配差异=0.29，客户HHI=0.203，供应商HHI=0.051
装饰装修与家居,高冲击,1.350000,E158,***装饰工程有限公司,类C,47077006.537051,62683706.160000,1681321.662037,0.072749,859.000000,1099.000000,0.128803,0.063884,0.000000,0.011073,28.000000,4.000000,2.523821,9.000000,303.000000,0.174574,0.826378,0.207749,46.915198,53.000000,76.671022,32.367011,52.965717,60.000000,53.969957,46.030043,0.128803,0.011073,否,,是,高冲击行业且销项收入波动系数>1.5,中风险,信用得分=53.97，有效销项金额=47077006.54，毛利率=7.27%，有效经营月份=28.0，最大作废率=12.88%，最大负数率=1.11%，进销匹配差异=0.21，客户HHI=0.175，供应商HHI=0.826
可选消费与门店经营,高冲击,1.000000,E159,个体经营E159 ,类A,72220240.113000,66228852.230000,2063435.431800,0.258072,233.000000,4472.000000,0.079051,0.045260,0.007905,0.002989,33.000000,3.000000,1.017745,80.000000,1037.000000,0.042599,0.041974,0.358072,53.906194,76.642424,81.480850,79.641205,71.630918,90.000000,74.103487,25.896513,0.079051,0.007905,否,,否,,较低风险,信用得分=74.10，有效销项金额=72220240.11，毛利率=25.81%，有效经营月份=33.0，最大作废率=7.91%，最大负数率=0.79%，进销匹配差异=0.36，客户HHI=0.043，供应商HHI=0.042
建筑与工程,中高冲击,1.000000,E160,***钢结构工程有限公司,类A,173810105.492398,150164582.909999,4697570.418714,0.251113,2814.000000,4245.000000,0.166716,0.031706,0.033758,0.002965,35.000000,2.000000,1.037814,65.000000,424.000000,0.217512,0.094994,0.326113,86.657133,81.863697,65.889083,62.937918,75.522918,90.000000,76.096877,23.903123,0.166716,0.033758,否,,否,,较低风险,信用得分=76.10，有效销项金额=173810105.49，毛利率=25.11%，有效经营月份=35.0，最大作废率=16.67%，最大负数率=3.38%，进销匹配差异=0.33，客户HHI=0.218，供应商HHI=0.095
建筑与工程,中高冲击,1.000000,E161,***建筑劳务有限责任公司,类C,120042077.118600,879826.760000,3637638.700564,0.919283,238.000000,246.000000,0.176471,0.008065,0.010381,0.000000,35.000000,3.000000,1.228313,21.000000,140.000000,0.088263,0.143158,0.994283,45.106764,76.717873,56.336957,50.591277,56.913992,60.000000,56.822760,43.177240,0.176471,0.010381,否,,否,,中风险,信用得分=56.82，有效销项金额=120042077.12，毛利率=91.93%，有效经营月份=35.0，最大作废率=17.65%，最大负数率=1.04%，进销匹配差异=0.99，客户HHI=0.088，供应商HHI=0.143
科技与线上服务,中冲击,1.300000,E162,***网络信息安全有限公司,类A,110253733.139900,133517857.640000,3062603.698331,-0.039859,471.000000,9820.000000,0.078278,0.052398,0.058708,0.023545,37.000000,2.000000,1.900213,100.000000,1277.000000,0.065362,0.052194,0.025141,58.519063,71.385931,79.794912,80.185595,71.388049,90.000000,73.892799,26.107201,0.078278,0.058708,否,,否,,较低风险,信用得分=73.89，有效销项金额=110253733.14，毛利率=-3.99%，有效经营月份=37.0，最大作废率=7.83%，最大负数率=5.87%，进销匹配差异=0.03，客户HHI=0.065，供应商HHI=0.052
物流运输,中冲击,1.000000,E163,***物流有限公司,类B,111089599.542000,75117230.539999,3085822.209500,0.375242,928.000000,2576.000000,0.150183,0.021648,0.008242,0.003798,37.000000,2.000000,1.112232,23.000000,267.000000,0.581995,0.130471,0.425242,66.497117,82.330104,70.296345,40.441108,66.193969,75.000000,66.252608,33.747392,0.150183,0.008242,否,,否,,较低风险,信用得分=66.25，有效销项金额=111089599.54，毛利率=37.52%，有效经营月份=37.0，最大作废率=15.02%，最大负数率=0.82%，进销匹配差异=0.43，客户HHI=0.582，供应商HHI=0.130
可选消费与门店经营,高冲击,1.000000,E164,个体经营E164 ,类A,83880745.711000,70610100.740000,2330020.714195,0.310746,1453.000000,4099.000000,0.125226,0.022651,0.012643,0.009061,34.000000,2.000000,1.149786,85.000000,503.000000,0.040809,0.223781,0.410746,57.517608,78.808528,73.383855,69.252509,69.153880,90.000000,71.337573,28.662427,0.125226,0.012643,否,,否,,较低风险,信用得分=71.34，有效销项金额=83880745.71，毛利率=31.07%，有效经营月份=34.0，最大作废率=12.52%，最大负数率=1.26%，进销匹配差异=0.41，客户HHI=0.041，供应商HHI=0.224
文娱广告与线下服务,高冲击,1.000000,E165,***文化传媒股份有限公司,类A,79953841.961001,86924609.020000,2160914.647594,0.138971,2346.000000,4147.000000,0.099770,0.041156,0.044513,0.011098,35.000000,2.000000,0.737493,246.000000,918.000000,0.040043,0.068418,0.238971,55.973654,86.034819,75.173258,92.168325,75.527780,90.000000,77.427357,22.572643,0.099770,0.044513,否,,否,,较低风险,信用得分=77.43，有效销项金额=79953841.96，毛利率=13.90%，有效经营月份=35.0，最大作废率=9.98%，最大负数率=4.45%，进销匹配差异=0.24，客户HHI=0.040，供应商HHI=0.068
建筑与工程,中高冲击,1.250000,E166,***建筑工程有限公司,类D,56273538.867501,2927643.390000,1875784.628916,0.868532,1397.000000,168.000000,0.111323,0.017544,0.164122,0.000000,32.000000,5.000000,2.224229,14.000000,73.000000,0.498903,0.236909,0.962282,26.869232,56.500000,42.956545,31.169702,39.158846,30.000000,37.990385,62.009615,0.111323,0.164122,否,,是,信用得分37.99 < 50；最大负数率16.41% > 15%,高风险,信用得分=37.99，有效销项金额=56273538.87，毛利率=86.85%，有效经营月份=32.0，最大作废率=11.13%，最大负数率=16.41%，进销匹配差异=0.96，客户HHI=0.499，供应商HHI=0.237
文娱广告与线下服务,高冲击,1.150000,E167,***体育文化股份有限公司,类A,78356225.191600,138709711.309999,2117735.815989,-0.274510,4642.000000,7071.000000,0.067684,0.031104,0.018678,0.013428,35.000000,2.000000,0.588946,2466.000000,1095.000000,0.076564,0.107029,0.159510,27.636218,88.097972,84.931115,95.397660,70.627669,90.000000,73.840960,26.159040,0.067684,0.018678,否,,否,,较低风险,信用得分=73.84，有效销项金额=78356225.19，毛利率=-27.45%，有效经营月份=35.0，最大作废率=6.77%，最大负数率=1.87%，进销匹配差异=0.16，客户HHI=0.077，供应商HHI=0.107
建筑与工程,中高冲击,1.000000,E168,***建材有限公司,类C,70363724.269800,1361564.030000,2426335.319648,0.909907,399.000000,461.000000,0.038554,0.000000,0.000000,0.000000,28.000000,5.000000,0.944813,12.000000,8.000000,0.410706,0.490479,0.984907,29.920025,65.155377,77.366568,23.094910,49.225476,60.000000,50.471706,49.528294,0.038554,0.000000,否,,否,,中风险,信用得分=50.47，有效销项金额=70363724.27，毛利率=90.99%，有效经营月份=28.0，最大作废率=3.86%，最大负数率=0.00%，进销匹配差异=0.98，客户HHI=0.411，供应商HHI=0.490
建筑与工程,中高冲击,1.000000,E169,***建筑设计有限公司,类A,89568525.657001,75301296.530000,2420770.963703,0.269245,1410.000000,5811.000000,0.053691,0.037276,0.020134,0.004639,35.000000,2.000000,1.196057,171.000000,1016.000000,0.044147,0.037521,0.344245,59.116885,79.665874,83.438873,87.021310,75.915514,90.000000,77.976376,22.023624,0.053691,0.020134,否,,否,,较低风险,信用得分=77.98，有效销项金额=89568525.66，毛利率=26.92%，有效经营月份=35.0，最大作废率=5.37%，最大负数率=2.01%，进销匹配差异=0.34，客户HHI=0.044，供应商HHI=0.038
建筑与工程,中高冲击,1.000000,E170,***建筑劳务有限公司,类B,55975152.191400,32194310.400000,2073153.784867,0.476380,786.000000,1247.000000,0.012563,0.062406,0.018844,0.041353,32.000000,7.000000,1.001680,11.000000,230.000000,0.171303,0.101427,0.551380,49.010529,65.365557,75.411060,52.086193,60.314552,75.000000,62.095747,37.904253,0.062406,0.041353,否,,否,,中风险,信用得分=62.10，有效销项金额=55975152.19，毛利率=47.64%，有效经营月份=32.0，最大作废率=6.24%，最大负数率=4.14%，进销匹配差异=0.55，客户HHI=0.171，供应商HHI=0.101
其他服务,中冲击,1.000000,E171,***质量检验测试站,类A,88747877.859501,45206539.150000,2398591.293500,0.517026,7013.000000,1823.000000,0.065930,0.052002,0.015051,0.004160,37.000000,1.000000,0.841270,1439.000000,325.000000,0.018243,0.108714,0.567026,55.192635,88.593472,78.589195,84.978353,75.349128,90.000000,77.159823,22.840177,0.065930,0.015051,否,,否,,较低风险,信用得分=77.16，有效销项金额=88747877.86，毛利率=51.70%，有效经营月份=37.0，最大作废率=6.59%，最大负数率=1.51%，进销匹配差异=0.57，客户HHI=0.018，供应商HHI=0.109
物流运输,中冲击,1.000000,E172,***物流有限公司,类B,63667776.601500,41265979.180000,1720750.718960,0.399076,1171.000000,464.000000,0.080126,0.014862,0.000000,0.010616,36.000000,1.000000,1.151090,94.000000,53.000000,0.119756,0.116285,0.449076,50.649415,84.290417,79.331130,52.789777,66.658167,75.000000,67.411175,32.588825,0.080126,0.010616,否,,否,,较低风险,信用得分=67.41，有效销项金额=63667776.60，毛利率=39.91%，有效经营月份=36.0，最大作废率=8.01%，最大负数率=1.06%，进销匹配差异=0.45，客户HHI=0.120，供应商HHI=0.116
普通批发商贸,中冲击,1.150000,E173,***贸易有限责任公司,类A,88407058.738901,105941230.410000,2389379.965916,-0.049122,2370.000000,1314.000000,0.052379,0.026667,0.012395,0.004444,36.000000,1.000000,0.420897,342.000000,204.000000,0.036754,0.246056,0.008378,50.241007,94.431991,90.661075,75.172905,76.380150,90.000000,78.146500,21.853500,0.052379,0.012395,否,,否,,较低风险,信用得分=78.15，有效销项金额=88407058.74，毛利率=-4.91%，有效经营月份=36.0，最大作废率=5.24%，最大负数率=1.24%，进销匹配差异=0.01，客户HHI=0.037，供应商HHI=0.246
建筑与工程,中高冲击,1.000000,E174,***工程技术有限公司,类A,71097028.743000,75632024.770000,2154455.416455,0.095247,1148.000000,2319.000000,0.080865,0.033347,0.004003,0.002501,32.000000,2.000000,0.952941,83.000000,433.000000,0.049437,0.240552,0.170247,54.040456,78.542485,85.099127,65.462969,70.215134,90.000000,72.585987,27.414013,0.080865,0.004003,否,,否,,较低风险,信用得分=72.59，有效销项金额=71097028.74，毛利率=9.52%，有效经营月份=32.0，最大作废率=8.09%，最大负数率=0.40%，进销匹配差异=0.17，客户HHI=0.049，供应商HHI=0.241
食品与基础民生,低冲击,1.300000,E175,***食品集团有限公司,类A,69191705.430650,78364272.390000,2306390.181021,-0.084951,3771.000000,3930.000000,0.076867,0.039589,0.016157,0.016373,38.000000,3.000000,1.408760,1788.000000,599.000000,0.034426,0.434367,0.058951,42.690798,75.711671,85.751027,85.098333,70.192581,90.000000,73.272457,26.727543,0.076867,0.016373,否,,否,,较低风险,信用得分=73.27，有效销项金额=69191705.43，毛利率=-8.50%，有效经营月份=38.0，最大作废率=7.69%，最大负数率=1.64%，进销匹配差异=0.06，客户HHI=0.034，供应商HHI=0.434
科技与线上服务,中冲击,1.000000,E176,***科技有限公司,类B,70968646.930000,4288780.690000,1867595.971842,0.898633,1935.000000,3163.000000,0.107060,0.020440,0.030918,0.005265,37.000000,1.000000,0.473156,165.000000,868.000000,0.107080,0.038171,0.948633,28.356787,93.706163,63.772822,84.502932,64.777369,75.000000,66.174221,33.825779,0.107060,0.030918,否,,否,,较低风险,信用得分=66.17，有效销项金额=70968646.93，毛利率=89.86%，有效经营月份=37.0，最大作废率=10.71%，最大负数率=3.09%，进销匹配差异=0.95，客户HHI=0.107，供应商HHI=0.038
建筑与工程,中高冲击,1.150000,E177,***电力工程有限公司,类A,72994868.629651,70911921.570000,2919794.745186,0.188066,835.000000,3061.000000,0.139175,0.028871,0.019588,0.001586,35.000000,5.000000,1.915938,154.000000,644.000000,0.073091,0.109778,0.274316,57.610938,62.167532,72.776770,82.416381,67.502633,90.000000,70.513710,29.486290,0.139175,0.019588,否,,否,,较低风险,信用得分=70.51，有效销项金额=72994868.63，毛利率=18.81%，有效经营月份=35.0，最大作废率=13.92%，最大负数率=1.96%，进销匹配差异=0.27，客户HHI=0.073，供应商HHI=0.110
普通批发商贸,中冲击,1.150000,E178,***贸易有限公司,类B,64992979.024450,80109910.190000,1756567.000661,-0.077471,1019.000000,333.000000,0.086918,0.020588,0.019713,0.014706,36.000000,1.000000,0.839745,181.000000,29.000000,0.023552,0.231176,0.019971,40.156564,88.614655,84.525037,58.192272,66.970347,75.000000,68.031786,31.968214,0.086918,0.019713,否,,否,,较低风险,信用得分=68.03，有效销项金额=64992979.02，毛利率=-7.75%，有效经营月份=36.0，最大作废率=8.69%，最大负数率=1.97%，进销匹配差异=0.02，客户HHI=0.024，供应商HHI=0.231
建筑与工程,中高冲击,1.000000,E179,***园林有限公司,类B,47070864.024599,36358548.250000,1623133.242228,0.322511,718.000000,2000.000000,0.108075,0.058824,0.031056,0.005176,35.000000,6.000000,1.260987,41.000000,350.000000,0.064820,0.039769,0.397511,46.673474,68.764064,73.254657,64.703889,62.447500,75.000000,64.175623,35.824377,0.108075,0.031056,否,,否,,中风险,信用得分=64.18，有效销项金额=47070864.02，毛利率=32.25%，有效经营月份=35.0，最大作废率=10.81%，最大负数率=3.11%，进销匹配差异=0.40，客户HHI=0.065，供应商HHI=0.040
其他服务,中冲击,1.000000,E180,***电气有限公司,类A,62974571.749500,63091063.260000,1657225.572355,0.098428,2023.000000,3545.000000,0.041232,0.035112,0.003318,0.008438,37.000000,1.000000,0.850260,475.000000,608.000000,0.022325,0.742461,0.148428,50.237746,88.468611,90.364330,75.973347,74.974229,90.000000,77.038911,22.961089,0.041232,0.008438,否,,否,,较低风险,信用得分=77.04，有效销项金额=62974571.75，毛利率=9.84%，有效经营月份=37.0，最大作废率=4.12%，最大负数率=0.84%，进销匹配差异=0.15，客户HHI=0.022，供应商HHI=0.742
食品与基础民生,低冲击,1.150000,E181,***食品有限公司,类A,72551357.811725,86445982.110000,1960847.508425,-0.146002,1475.000000,2974.000000,0.061108,0.024278,0.007002,0.010499,37.000000,0.000000,0.456810,180.000000,373.000000,0.529893,0.070540,0.123002,36.753463,96.433195,87.717495,60.867171,69.237146,90.000000,71.577813,28.422187,0.061108,0.010499,否,,否,,较低风险,信用得分=71.58，有效销项金额=72551357.81，毛利率=-14.60%，有效经营月份=37.0，最大作废率=6.11%，最大负数率=1.05%，进销匹配差异=0.12，客户HHI=0.530，供应商HHI=0.071
科技与线上服务,中冲击,1.000000,E182,***新材料科技有限公司,类A,65822284.249500,73259105.420000,1778980.655392,0.003964,1049.000000,972.000000,0.026902,0.026052,0.000000,0.000000,36.000000,1.000000,0.613008,42.000000,152.000000,0.086255,0.223877,0.053964,47.407824,91.763785,95.289350,50.232729,71.032176,90.000000,73.073596,26.926404,0.026902,0.000000,否,,否,,较低风险,信用得分=73.07，有效销项金额=65822284.25，毛利率=0.40%，有效经营月份=36.0，最大作废率=2.69%，最大负数率=0.00%，进销匹配差异=0.05，客户HHI=0.086，供应商HHI=0.224
建筑与工程,中高冲击,1.000000,E183,***建设工程有限公司,类B,50766852.349199,25830954.620000,1410190.343033,0.528124,927.000000,1408.000000,0.098249,0.036277,0.001946,0.008898,35.000000,3.000000,1.316629,9.000000,416.000000,0.725439,0.034454,0.603124,42.328000,75.491264,74.355770,43.792536,58.918665,75.000000,60.527702,39.472298,0.098249,0.008898,否,,否,,中风险,信用得分=60.53，有效销项金额=50766852.35，毛利率=52.81%，有效经营月份=35.0，最大作废率=9.82%，最大负数率=0.89%，进销匹配差异=0.60，客户HHI=0.725，供应商HHI=0.034
装饰装修与家居,高冲击,1.150000,E184,***建筑装饰工程有限公司,类B,34718706.730150,37934598.810000,1157290.224338,0.169329,639.000000,1967.000000,0.027397,0.028162,0.031963,0.003953,33.000000,3.000000,2.155084,39.000000,461.000000,0.172732,0.040841,0.284329,42.089954,63.000000,86.287112,65.514944,63.051753,75.000000,65.297255,34.702745,0.028162,0.031963,否,,是,高冲击行业且销项收入波动系数>1.5,较低风险,信用得分=65.30，有效销项金额=34718706.73，毛利率=16.93%，有效经营月份=33.0，最大作废率=2.82%，最大负数率=3.20%，进销匹配差异=0.28，客户HHI=0.173，供应商HHI=0.041
其他服务,中冲击,1.000000,E185,***生态魔芋有限公司,类B,81879668.453500,704949.160000,2729322.281783,0.942682,5442.000000,67.000000,0.006753,0.014706,0.001460,0.029412,32.000000,3.000000,0.985472,312.000000,20.000000,0.095591,0.245097,0.992682,31.862985,75.590660,76.157425,65.565245,60.608966,75.000000,62.736283,37.263717,0.014706,0.029412,否,,否,,中风险,信用得分=62.74，有效销项金额=81879668.45，毛利率=94.27%，有效经营月份=32.0，最大作废率=1.47%，最大负数率=2.94%，进销匹配差异=0.99，客户HHI=0.096，供应商HHI=0.245
建筑与工程,中高冲击,1.150000,E186,***建筑劳务有限公司,类C,62415750.176640,2932725.390000,2013411.296020,0.878651,1073.000000,941.000000,0.022769,0.048534,0.000000,0.011122,33.000000,4.000000,1.532433,5.000000,220.000000,0.759118,0.059419,0.964901,28.208051,66.993992,74.651173,33.709730,50.615652,60.000000,51.855550,48.144450,0.048534,0.011122,否,,否,,中风险,信用得分=51.86，有效销项金额=62415750.18，毛利率=87.87%，有效经营月份=33.0，最大作废率=4.85%，最大负数率=1.11%，进销匹配差异=0.96，客户HHI=0.759，供应商HHI=0.059
可选消费与门店经营,高冲击,1.150000,E187,个体经营E187 ,类D,2229232.940850,73590154.530000,222923.294085,-20.737483,16.000000,3694.000000,0.909091,0.047938,0.005682,0.010825,23.000000,7.000000,1.503651,12.000000,3694.000000,0.241323,0.002108,20.622483,1.236010,44.893737,28.376250,68.530914,32.394483,30.000000,33.087995,66.912005,0.909091,0.010825,是,最大作废率90.91% > 40%；进销匹配差异20.62 > 4,否,,高风险,信用得分=33.09，有效销项金额=2229232.94，毛利率=-2073.75%，有效经营月份=23.0，最大作废率=90.91%，最大负数率=1.08%，进销匹配差异=20.62，客户HHI=0.241，供应商HHI=0.002
其他服务,中冲击,1.150000,E188,***硬质合金有限公司,类A,66790125.675275,78297103.650000,1805138.531764,-0.027566,2073.000000,2484.000000,0.039388,0.030066,0.004171,0.001171,36.000000,1.000000,0.414954,241.000000,369.000000,0.039322,0.068071,0.029934,45.021659,94.514534,93.336185,81.393549,76.747887,90.000000,78.771078,21.228922,0.039388,0.004171,否,,否,,较低风险,信用得分=78.77，有效销项金额=66790125.68，毛利率=-2.76%，有效经营月份=36.0，最大作废率=3.94%，最大负数率=0.42%，进销匹配差异=0.03，客户HHI=0.039，供应商HHI=0.068
科技与线上服务,中冲击,1.150000,E189,***石油工程技术服务有限公司,类B,41962268.698425,29298497.030000,1398742.289947,0.364731,606.000000,3337.000000,0.054602,0.019106,0.020281,0.003233,36.000000,3.000000,1.425167,24.000000,825.000000,0.138739,0.061334,0.422231,44.646743,75.483789,81.924527,71.454977,67.037097,75.000000,68.530571,31.469429,0.054602,0.020281,否,,否,,较低风险,信用得分=68.53，有效销项金额=41962268.70，毛利率=36.47%，有效经营月份=36.0，最大作废率=5.46%，最大负数率=2.03%，进销匹配差异=0.42，客户HHI=0.139，供应商HHI=0.061
其他服务,中冲击,1.000000,E190,***劳务有限公司,类C,101944234.721500,1530211.560000,3089219.233985,0.937241,344.000000,122.000000,0.142145,0.046875,0.034913,0.007812,35.000000,2.000000,1.031726,22.000000,53.000000,0.125052,0.245217,0.987241,37.965745,81.948247,57.586033,42.722063,54.817706,60.000000,54.822006,45.177994,0.142145,0.034913,否,,否,,中风险,信用得分=54.82，有效销项金额=101944234.72，毛利率=93.72%，有效经营月份=35.0，最大作废率=14.21%，最大负数率=3.49%，进销匹配差异=0.99，客户HHI=0.125，供应商HHI=0.245
普通批发商贸,中冲击,1.150000,E191,***商贸有限责任公司,类A,211954555.996875,260874688.749999,7850168.740625,-0.075991,2731.000000,1177.000000,0.048763,0.027273,0.000348,0.003306,36.000000,2.000000,1.245128,97.000000,141.000000,0.359213,0.345058,0.018491,89.200771,80.484328,92.353687,41.561890,78.282113,90.000000,78.797858,21.202142,0.048763,0.003306,否,,否,,较低风险,信用得分=78.80，有效销项金额=211954556.00，毛利率=-7.60%，有效经营月份=36.0，最大作废率=4.88%，最大负数率=0.33%，进销匹配差异=0.02，客户HHI=0.359，供应商HHI=0.345
建筑与工程,中高冲击,1.100000,E192,***建设工程有限公司,类D,31925898.928860,17311335.930000,1877994.054639,0.506486,68.000000,98.000000,0.209302,0.117117,0.023256,0.027027,25.000000,13.000000,1.166143,7.000000,28.000000,0.390631,0.124227,0.588986,41.385267,40.081342,56.336415,35.881177,43.696255,30.000000,42.622924,57.377076,0.209302,0.027027,否,,是,信用得分42.62 < 50,高风险,信用得分=42.62，有效销项金额=31925898.93，毛利率=50.65%，有效经营月份=25.0，最大作废率=20.93%，最大负数率=2.70%，进销匹配差异=0.59，客户HHI=0.391，供应商HHI=0.124
可选消费与门店经营,高冲击,1.000000,E193,个体经营E193 ,类A,85621780.811003,17081342.110000,2378382.800305,0.760352,30077.000000,1539.000000,0.069141,0.047649,0.011389,0.003713,34.000000,2.000000,0.660207,2484.000000,283.000000,0.008269,0.117747,0.860352,41.163896,85.608236,73.555750,82.999644,68.740094,90.000000,71.401488,28.598512,0.069141,0.011389,否,,否,,较低风险,信用得分=71.40，有效销项金额=85621780.81，毛利率=76.04%，有效经营月份=34.0，最大作废率=6.91%，最大负数率=1.14%，进销匹配差异=0.86，客户HHI=0.008，供应商HHI=0.118
文娱广告与线下服务,高冲击,1.000000,E194,***文化传播有限公司,类B,62280935.227000,10830459.660000,1887301.067485,0.778272,11053.000000,4757.000000,0.058598,0.018973,0.033472,0.002269,32.000000,2.000000,0.971016,3229.000000,914.000000,0.056973,0.151762,0.878272,33.133232,78.291444,71.405720,94.591827,66.282626,75.000000,68.211392,31.788608,0.058598,0.033472,否,,否,,较低风险,信用得分=68.21，有效销项金额=62280935.23，毛利率=77.83%，有效经营月份=32.0，最大作废率=5.86%，最大负数率=3.35%，进销匹配差异=0.88，客户HHI=0.057，供应商HHI=0.152
医疗药品与健康服务,低冲击,1.000000,E195,***医药有限公司,类A,104408332.742500,75544254.350000,2821846.830878,0.292631,4626.000000,2267.000000,0.047560,0.029538,0.018324,0.020548,37.000000,0.000000,0.482007,393.000000,511.000000,0.053728,0.108354,0.312631,63.968313,96.083239,84.788357,91.389561,82.686305,90.000000,83.683728,16.316272,0.047560,0.020548,否,,否,,低风险,信用得分=83.68，有效销项金额=104408332.74，毛利率=29.26%，有效经营月份=37.0，最大作废率=4.76%，最大负数率=2.05%，进销匹配差异=0.31，客户HHI=0.054，供应商HHI=0.108
其他服务,中冲击,1.000000,E196,***地质制图印刷厂,类A,61647272.652000,42300386.200000,1622296.648737,0.366757,2755.000000,1336.000000,0.069885,0.036075,0.029372,0.006494,37.000000,1.000000,0.690642,689.000000,154.000000,0.036755,0.184631,0.416757,49.807726,90.685521,78.517052,75.130683,72.269098,90.000000,74.244435,25.755565,0.069885,0.029372,否,,否,,较低风险,信用得分=74.24，有效销项金额=61647272.65，毛利率=36.68%，有效经营月份=37.0，最大作废率=6.99%，最大负数率=2.94%，进销匹配差异=0.42，客户HHI=0.037，供应商HHI=0.185
医疗药品与健康服务,低冲击,1.000000,E197,***医疗设备有限公司,类A,172626476.275504,101054533.130000,5077249.302221,0.423876,4050.000000,6349.000000,0.062283,0.024581,0.012040,0.000615,34.000000,0.000000,0.942069,1202.000000,805.000000,0.039393,0.098058,0.443876,87.970967,86.693492,81.706550,96.876571,87.866614,90.000000,88.133392,11.866608,0.062283,0.012040,否,,否,,低风险,信用得分=88.13，有效销项金额=172626476.28，毛利率=42.39%，有效经营月份=34.0，最大作废率=6.23%，最大负数率=1.20%，进销匹配差异=0.44，客户HHI=0.039，供应商HHI=0.098
普通批发商贸,中冲击,1.150000,E198,***商贸有限公司,类B,47503980.300800,57938852.900000,1439514.554570,-0.066771,728.000000,1109.000000,0.100124,0.033130,0.067985,0.000000,36.000000,4.000000,1.228590,42.000000,210.000000,0.134936,0.077444,0.009271,35.999154,75.714022,75.622647,55.698495,59.773612,75.000000,61.687954,38.312046,0.100124,0.067985,否,,否,,中风险,信用得分=61.69，有效销项金额=47503980.30，毛利率=-6.68%，有效经营月份=36.0，最大作废率=10.01%，最大负数率=6.80%，进销匹配差异=0.01，客户HHI=0.135，供应商HHI=0.077
建筑与工程,中高冲击,1.250000,E199,***建筑劳务有限公司,类D,43192268.015251,160238.800000,2879484.534350,0.903560,808.000000,47.000000,0.014634,0.020833,0.109756,0.000000,21.000000,8.000000,1.879390,3.000000,25.000000,0.370991,0.289291,0.997310,26.289475,34.175133,63.167055,30.875280,38.397445,30.000000,38.374215,61.625785,0.020833,0.109756,否,,是,信用得分38.37 < 50,高风险,信用得分=38.37，有效销项金额=43192268.02，毛利率=90.36%，有效经营月份=21.0，最大作废率=2.08%，最大负数率=10.98%，进销匹配差异=1.00，客户HHI=0.371，供应商HHI=0.289
可选消费与门店经营,高冲击,1.150000,E200,个体经营E200 ,类C,30891957.209750,47469657.040000,908586.976757,-0.121496,564.000000,1201.000000,0.079935,0.029887,0.019576,0.005654,34.000000,3.000000,1.376602,50.000000,133.000000,0.059378,0.176276,0.006496,25.539051,73.158306,85.759020,52.496302,57.890307,60.000000,58.955439,41.044561,0.079935,0.019576,否,,否,,中风险,信用得分=58.96，有效销项金额=30891957.21，毛利率=-12.15%，有效经营月份=34.0，最大作废率=7.99%，最大负数率=1.96%，进销匹配差异=0.01，客户HHI=0.059，供应商HHI=0.176
物流运输,中冲击,1.150000,E201,***物流有限责任公司,类B,39759680.677200,39212850.350000,1074585.964248,0.126381,1084.000000,463.000000,0.101906,0.035417,0.014085,0.002083,36.000000,1.000000,1.699504,170.000000,105.000000,0.077647,0.149294,0.183881,42.833383,76.673557,80.402492,61.258663,64.370760,75.000000,65.895413,34.104587,0.101906,0.014085,否,,否,,较低风险,信用得分=65.90，有效销项金额=39759680.68，毛利率=12.64%，有效经营月份=36.0，最大作废率=10.19%，最大负数率=1.41%，进销匹配差异=0.18，客户HHI=0.078，供应商HHI=0.149
可选消费与门店经营,高冲击,1.200000,E202,个体经营E202 ,类C,63532568.064001,10387155.820000,1985392.752000,0.775364,1096.000000,364.000000,0.009042,0.099010,0.000000,0.004950,34.000000,3.000000,1.560635,5.000000,107.000000,0.902523,0.093614,0.895364,33.966536,70.602289,69.727230,26.758692,50.624079,60.000000,51.395638,48.604362,0.099010,0.004950,否,,是,高冲击行业且销项收入波动系数>1.5,中风险,信用得分=51.40，有效销项金额=63532568.06，毛利率=77.54%，有效经营月份=34.0，最大作废率=9.90%，最大负数率=0.50%，进销匹配差异=0.90，客户HHI=0.903，供应商HHI=0.094
建筑与工程,中高冲击,1.150000,E203,***建设工程有限公司,类B,35591940.863460,23399488.060000,1078543.662529,0.422644,578.000000,1142.000000,0.092622,0.053853,0.003140,0.002486,34.000000,3.000000,1.955543,27.000000,338.000000,0.360680,0.087430,0.508894,41.952589,65.117460,77.656275,52.089899,58.697190,75.000000,60.843688,39.156312,0.092622,0.003140,否,,否,,中风险,信用得分=60.84，有效销项金额=35591940.86，毛利率=42.26%，有效经营月份=34.0，最大作废率=9.26%，最大负数率=0.31%，进销匹配差异=0.51，客户HHI=0.361，供应商HHI=0.087
科技与线上服务,中冲击,1.000000,E204,***科技发展有限公司,类A,78278003.038000,57409981.430000,2115621.703730,0.326600,1339.000000,5029.000000,0.202976,0.036036,0.020833,0.009009,36.000000,1.000000,0.816059,373.000000,1205.000000,0.024702,0.020765,0.376600,55.425789,88.943628,61.867910,99.824776,74.295576,90.000000,76.077105,23.922895,0.202976,0.020833,否,,否,,较低风险,信用得分=76.08，有效销项金额=78278003.04，毛利率=32.66%，有效经营月份=36.0，最大作废率=20.30%，最大负数率=2.08%，进销匹配差异=0.38，客户HHI=0.025，供应商HHI=0.021
可选消费与门店经营,高冲击,1.000000,E205,个体经营E205 ,类B,51977251.697000,23934662.510000,1443812.547139,0.577662,967.000000,137.000000,0.040675,0.092715,0.008929,0.006623,34.000000,2.000000,0.585687,71.000000,15.000000,0.079914,0.397644,0.677662,40.025385,86.643236,73.821465,41.678766,60.459544,75.000000,61.626113,38.373887,0.092715,0.008929,否,,否,,中风险,信用得分=61.63，有效销项金额=51977251.70，毛利率=57.77%，有效经营月份=34.0，最大作废率=9.27%，最大负数率=0.89%，进销匹配差异=0.68，客户HHI=0.080，供应商HHI=0.398
建筑与工程,中高冲击,1.000000,E206,***建设工程有限公司,类A,74886333.155401,72946880.400000,2582287.350186,0.165201,913.000000,3557.000000,0.051921,0.033161,0.001038,0.002175,35.000000,4.000000,1.200742,307.000000,889.000000,0.095534,0.037131,0.240201,56.623702,74.600804,88.201292,96.277245,76.943084,90.000000,79.381858,20.618142,0.051921,0.002175,否,,否,,较低风险,信用得分=79.38，有效销项金额=74886333.16，毛利率=16.52%，有效经营月份=35.0，最大作废率=5.19%，最大负数率=0.22%，进销匹配差异=0.24，客户HHI=0.096，供应商HHI=0.037
可选消费与门店经营,高冲击,1.150000,E207,个体经营E207 ,类B,79213304.534001,72195567.270000,2475415.766687,0.288028,1393.000000,3298.000000,0.044582,0.025989,0.006859,0.003839,33.000000,4.000000,1.843382,17.000000,267.000000,0.585927,0.081746,0.403028,57.113589,62.675256,85.676680,41.396320,62.501325,75.000000,64.011882,35.988118,0.044582,0.006859,否,,是,高冲击行业且销项收入波动系数>1.5,中风险,信用得分=64.01，有效销项金额=79213304.53，毛利率=28.80%，有效经营月份=33.0，最大作废率=4.46%，最大负数率=0.69%，进销匹配差异=0.40，客户HHI=0.586，供应商HHI=0.082
可选消费与门店经营,高冲击,1.150000,E208,个体经营E208 ,类B,49487727.229650,75862564.990000,1413935.063704,-0.119087,897.000000,963.000000,0.127432,0.013320,0.019455,0.001025,34.000000,3.000000,0.974328,80.000000,44.000000,0.037356,0.329229,0.004087,31.836265,78.745443,79.169747,47.122629,58.454203,75.000000,60.425118,39.574882,0.127432,0.019455,否,,否,,中风险,信用得分=60.43，有效销项金额=49487727.23，毛利率=-11.91%，有效经营月份=34.0，最大作废率=12.74%，最大负数率=1.95%，进销匹配差异=0.00，客户HHI=0.037，供应商HHI=0.329
建筑与工程,中高冲击,1.000000,E209,***工程检测有限公司,类A,51246768.432600,43991012.250000,1464193.383788,0.255436,1223.000000,8128.000000,0.170847,0.027751,0.042034,0.002273,35.000000,4.000000,0.924549,488.000000,1599.000000,0.013558,0.023169,0.330436,46.915726,78.436820,63.993690,99.898429,69.662031,90.000000,72.394404,27.605596,0.170847,0.042034,否,,否,,较低风险,信用得分=72.39，有效销项金额=51246768.43，毛利率=25.54%，有效经营月份=35.0，最大作废率=17.08%，最大负数率=4.20%，进销匹配差异=0.33，客户HHI=0.014，供应商HHI=0.023
建筑与工程,中高冲击,1.000000,E210,***建筑工程有限公司,类C,41872734.321600,5855280.490000,2326263.017866,0.815929,557.000000,536.000000,0.067002,0.025455,0.000000,0.005455,28.000000,8.000000,1.243267,3.000000,153.000000,0.782673,0.111533,0.890929,28.499704,53.510183,74.210212,28.525721,46.185154,60.000000,48.084660,51.915340,0.067002,0.005455,否,,是,信用得分48.08 < 50,高风险,信用得分=48.08，有效销项金额=41872734.32，毛利率=81.59%，有效经营月份=28.0，最大作废率=6.70%，最大负数率=0.55%，进销匹配差异=0.89，客户HHI=0.783，供应商HHI=0.112
可选消费与门店经营,高冲击,1.000000,E211,个体经营E211 ,类B,34349660.793000,21886710.580000,954157.244250,0.453978,1470.000000,403.000000,0.101467,0.035885,0.009169,0.007177,34.000000,2.000000,0.825582,82.000000,105.000000,0.047979,0.481304,0.553978,40.954300,83.311361,74.724655,44.521450,60.699584,75.000000,61.986301,38.013699,0.101467,0.009169,否,,否,,中风险,信用得分=61.99，有效销项金额=34349660.79，毛利率=45.40%，有效经营月份=34.0，最大作废率=10.15%，最大负数率=0.92%，进销匹配差异=0.55，客户HHI=0.048，供应商HHI=0.481
其他服务,中冲击,1.000000,E212,***建电管理咨询有限公司,类C,65356566.104500,148331.110000,1719909.634329,0.948071,1497.000000,133.000000,0.109459,0.036232,0.011898,0.000000,37.000000,1.000000,1.204905,121.000000,49.000000,0.062593,0.166436,0.998071,23.841959,83.542986,65.424797,55.015721,55.397678,60.000000,56.028431,43.971569,0.109459,0.011898,否,,否,,中风险,信用得分=56.03，有效销项金额=65356566.10，毛利率=94.81%，有效经营月份=37.0，最大作废率=10.95%，最大负数率=1.19%，进销匹配差异=1.00，客户HHI=0.063，供应商HHI=0.166
科技与线上服务,中冲击,1.000000,E213,***科技有限公司,类A,49042633.260000,45404788.960000,1325476.574594,0.163051,1148.000000,2103.000000,0.096063,0.040602,0.018110,0.008212,36.000000,1.000000,0.762055,248.000000,592.000000,0.036232,0.065680,0.213051,45.868165,89.693681,80.106287,91.098550,74.430151,90.000000,76.652059,23.347941,0.096063,0.018110,否,,否,,较低风险,信用得分=76.65，有效销项金额=49042633.26，毛利率=16.31%，有效经营月份=36.0，最大作废率=9.61%，最大负数率=1.81%，进销匹配差异=0.21，客户HHI=0.036，供应商HHI=0.066
建筑与工程,中高冲击,1.000000,E214,***建筑工程有限公司,类B,50116859.083200,36190187.000000,1354509.704952,0.361750,713.000000,692.000000,0.178571,0.063599,0.017281,0.002706,35.000000,2.000000,1.362521,218.000000,154.000000,0.038224,0.066281,0.436750,46.219351,77.353876,64.764785,70.997305,63.594931,75.000000,64.916270,35.083730,0.178571,0.017281,否,,否,,中风险,信用得分=64.92，有效销项金额=50116859.08，毛利率=36.18%，有效经营月份=35.0，最大作废率=17.86%，最大负数率=1.73%，进销匹配差异=0.44，客户HHI=0.038，供应商HHI=0.066
建筑与工程,中高冲击,1.000000,E215,***建筑工程有限公司,类C,52652148.276001,216474.130000,2771165.698737,0.921793,756.000000,172.000000,0.092437,0.022727,0.000000,0.000000,26.000000,5.000000,1.362522,8.000000,69.000000,0.281979,0.145542,0.996793,26.883762,56.353857,69.614942,40.409487,47.639226,60.000000,49.477345,50.522655,0.092437,0.000000,否,,是,信用得分49.48 < 50,高风险,信用得分=49.48，有效销项金额=52652148.28，毛利率=92.18%，有效经营月份=26.0，最大作废率=9.24%，最大负数率=0.00%，进销匹配差异=1.00，客户HHI=0.282，供应商HHI=0.146
建筑与工程,中高冲击,1.000000,E216,***建设工程有限公司,类B,45494234.175000,33287980.310000,1421694.817968,0.354277,685.000000,3340.000000,0.114987,0.030479,0.006460,0.004935,35.000000,3.000000,1.341946,30.000000,570.000000,0.147153,0.098512,0.429277,45.501859,75.139632,75.420472,68.149510,64.920486,75.000000,66.388411,33.611589,0.114987,0.006460,否,,否,,较低风险,信用得分=66.39，有效销项金额=45494234.18，毛利率=35.43%，有效经营月份=35.0，最大作废率=11.50%，最大负数率=0.65%，进销匹配差异=0.43，客户HHI=0.147，供应商HHI=0.099
可选消费与门店经营,高冲击,1.300000,E217,个体经营E217 ,类D,1484884.332100,52913767.230000,134989.484737,-20.867315,34.000000,202.000000,0.954606,0.056075,0.010681,0.000000,22.000000,7.000000,2.307373,15.000000,202.000000,0.148329,0.010418,20.737315,0.712489,36.500000,28.397850,54.626560,27.363521,30.000000,28.502897,71.497103,0.954606,0.010681,是,最大作废率95.46% > 40%；进销匹配差异20.74 > 4,否,,高风险,信用得分=28.50，有效销项金额=1484884.33，毛利率=-2086.73%，有效经营月份=22.0，最大作废率=95.46%，最大负数率=1.07%，进销匹配差异=20.74，客户HHI=0.148，供应商HHI=0.010
建筑与工程,中高冲击,1.300000,E218,***建设工程有限公司,类C,28080587.720220,40801973.160000,1651799.277660,-0.134964,137.000000,1026.000000,0.409483,0.070652,0.000000,0.003623,33.000000,8.000000,2.209048,43.000000,269.000000,0.524748,0.139792,0.037464,26.850015,50.500000,63.800930,43.659173,45.362072,60.000000,47.494571,52.505429,0.409483,0.003623,是,最大作废率40.95% > 40%,否,,高风险,信用得分=47.49，有效销项金额=28080587.72，毛利率=-13.50%，有效经营月份=33.0，最大作废率=40.95%，最大负数率=0.36%，进销匹配差异=0.04，客户HHI=0.525，供应商HHI=0.140
文娱广告与线下服务,高冲击,1.300000,E219,***品牌营销策划有限公司,类C,21742000.609500,35677550.270000,749724.158948,-0.130980,491.000000,4299.000000,0.211878,0.035017,0.052970,0.009203,33.000000,5.000000,1.842027,27.000000,757.000000,0.084432,0.031413,0.000980,22.100191,60.194069,62.374430,74.394823,52.151147,60.000000,54.036434,45.963566,0.211878,0.052970,否,,是,高冲击行业且销项收入波动系数>1.5,中风险,信用得分=54.04，有效销项金额=21742000.61，毛利率=-13.10%，有效经营月份=33.0，最大作废率=21.19%，最大负数率=5.30%，进销匹配差异=0.00，客户HHI=0.084，供应商HHI=0.031
文娱广告与线下服务,高冲击,1.000000,E220,***文化传播有限公司,类A,56200431.770000,55190901.440000,1518930.588379,0.212574,1233.000000,5708.000000,0.049345,0.038734,0.008481,0.008420,35.000000,2.000000,1.033894,147.000000,1570.000000,0.367703,0.010788,0.312574,48.208191,81.918132,86.349505,75.290651,71.587497,90.000000,74.081181,25.918819,0.049345,0.008481,否,,否,,较低风险,信用得分=74.08，有效销项金额=56200431.77，毛利率=21.26%，有效经营月份=35.0，最大作废率=4.93%，最大负数率=0.85%，进销匹配差异=0.31，客户HHI=0.368，供应商HHI=0.011
其他服务,中冲击,1.000000,E221,***测绘服务有限公司,类A,39075960.648500,33465961.900000,1395570.023160,0.222032,652.000000,4429.000000,0.060519,0.014464,0.020173,0.002448,28.000000,1.000000,1.027986,296.000000,954.000000,0.037524,0.093390,0.272032,44.012333,74.000191,83.740830,95.452522,71.729459,90.000000,74.828833,25.171167,0.060519,0.020173,否,,否,,较低风险,信用得分=74.83，有效销项金额=39075960.65，毛利率=22.20%，有效经营月份=28.0，最大作废率=6.05%，最大负数率=2.02%，进销匹配差异=0.27，客户HHI=0.038，供应商HHI=0.093
科技与线上服务,中冲击,1.250000,E222,***数码科技有限公司,类B,50875337.833125,52232782.640000,1375009.130625,0.103321,1023.000000,4325.000000,0.256541,0.065471,0.018895,0.025929,36.000000,1.000000,1.491194,66.000000,928.000000,0.071948,0.026267,0.165821,46.467312,79.566747,58.208782,78.082885,64.000653,75.000000,65.198950,34.801050,0.256541,0.025929,否,,是,最大作废率25.65% > 25%,较低风险,信用得分=65.20，有效销项金额=50875337.83，毛利率=10.33%，有效经营月份=36.0，最大作废率=25.65%，最大负数率=2.59%，进销匹配差异=0.17，客户HHI=0.072，供应商HHI=0.026
科技与线上服务,中冲击,1.150000,E223,***科技有限公司,类C,25971473.760450,38566681.770000,1527733.750614,-0.286307,477.000000,2505.000000,0.098299,0.045351,0.039698,0.007622,18.000000,1.000000,0.737217,52.000000,785.000000,0.251230,0.178802,0.228807,12.911182,63.038648,76.279317,66.326649,51.968176,60.000000,54.170684,45.829316,0.098299,0.039698,否,,否,,中风险,信用得分=54.17，有效销项金额=25971473.76，毛利率=-28.63%，有效经营月份=18.0，最大作废率=9.83%，最大负数率=3.97%，进销匹配差异=0.23，客户HHI=0.251，供应商HHI=0.179
其他服务,中冲击,1.150000,E224,***纸业有限公司,类A,79395922.798750,98473831.160000,2145835.751317,-0.083839,1110.000000,723.000000,0.015084,0.047431,0.013310,0.006588,36.000000,1.000000,0.671667,41.000000,103.000000,0.123203,0.104801,0.026339,44.319345,90.949071,90.902228,50.814239,68.921476,90.000000,71.158055,28.841945,0.047431,0.013310,否,,否,,较低风险,信用得分=71.16，有效销项金额=79395922.80，毛利率=-8.38%，有效经营月份=36.0，最大作废率=4.74%，最大负数率=1.33%，进销匹配差异=0.03，客户HHI=0.123，供应商HHI=0.105
其他服务,中冲击,1.000000,E225,***物业服务有限责任公司***分公司,类A,58383455.504000,43661253.970000,1536406.723789,0.314339,8315.000000,4173.000000,0.062782,0.036704,0.011835,0.011080,37.000000,1.000000,0.867886,470.000000,680.000000,0.021020,0.188383,0.364339,48.750309,88.223802,83.059337,94.570417,76.359961,90.000000,78.511255,21.488745,0.062782,0.011835,否,,否,,较低风险,信用得分=78.51，有效销项金额=58383455.50，毛利率=31.43%，有效经营月份=37.0，最大作废率=6.28%，最大负数率=1.18%，进销匹配差异=0.36，客户HHI=0.021，供应商HHI=0.188
建筑与工程,中高冲击,1.300000,E226,***建设工程有限公司,类C,31925875.511040,46066940.460000,1100892.259002,-0.127755,516.000000,1022.000000,0.068592,0.023878,0.010830,0.027698,32.000000,5.000000,1.526855,26.000000,219.000000,0.429420,0.089048,0.030255,26.019623,63.071465,85.712957,44.968722,53.995737,60.000000,55.541182,44.458818,0.068592,0.027698,否,,否,,中风险,信用得分=55.54，有效销项金额=31925875.51，毛利率=-12.78%，有效经营月份=32.0，最大作废率=6.86%，最大负数率=2.77%，进销匹配差异=0.03，客户HHI=0.429，供应商HHI=0.089
其他服务,中冲击,1.000000,E227,***安全技术有限公司,类A,47470901.447500,50732713.700000,1438512.165076,0.041595,687.000000,2778.000000,0.074124,0.055744,0.008086,0.006118,35.000000,3.000000,0.889854,72.000000,554.000000,0.054501,0.024761,0.091595,45.276406,81.418698,86.806827,76.202668,70.879837,90.000000,73.545082,26.454918,0.074124,0.008086,否,,否,,较低风险,信用得分=73.55，有效销项金额=47470901.45，毛利率=4.16%，有效经营月份=35.0，最大作废率=7.41%，最大负数率=0.81%，进销匹配差异=0.09，客户HHI=0.055，供应商HHI=0.025
文娱广告与线下服务,高冲击,1.000000,E228,***文化发展有限公司,类B,41975946.817000,29703662.780000,1134485.049108,0.404655,993.000000,2665.000000,0.155612,0.028436,0.088435,0.003646,35.000000,2.000000,0.777858,156.000000,603.000000,0.030832,0.032712,0.504655,43.557924,85.474194,56.117607,85.403628,65.546053,75.000000,66.594447,33.405553,0.155612,0.088435,否,,否,,较低风险,信用得分=66.59，有效销项金额=41975946.82，毛利率=40.47%，有效经营月份=35.0，最大作废率=15.56%，最大负数率=8.84%，进销匹配差异=0.50，客户HHI=0.031，供应商HHI=0.033
普通批发商贸,中冲击,1.150000,E229,***家贸易有限公司,类B,45325632.559800,56541639.200000,1225017.096211,-0.089768,773.000000,1570.000000,0.103248,0.031462,0.001160,0.004935,36.000000,1.000000,0.353800,30.000000,227.000000,0.682357,0.093855,0.032268,32.672889,95.363891,84.240340,37.349754,62.172875,75.000000,63.271036,36.728964,0.103248,0.004935,否,,否,,中风险,信用得分=63.27，有效销项金额=45325632.56，毛利率=-8.98%，有效经营月份=36.0，最大作废率=10.32%，最大负数率=0.49%，进销匹配差异=0.03，客户HHI=0.682，供应商HHI=0.094
建筑与工程,中高冲击,1.250000,E230,***建筑劳务有限公司,类D,35749010.521750,120507.450000,1153193.887798,0.903806,592.000000,83.000000,0.124260,0.011905,0.029586,0.000000,32.000000,3.000000,1.636775,61.000000,17.000000,0.064782,0.664918,0.997556,17.541758,66.544791,60.708470,32.876960,43.651235,30.000000,42.446907,57.553093,0.124260,0.029586,否,,是,信用得分42.45 < 50,高风险,信用得分=42.45，有效销项金额=35749010.52，毛利率=90.38%，有效经营月份=32.0，最大作废率=12.43%，最大负数率=2.96%，进销匹配差异=1.00，客户HHI=0.065，供应商HHI=0.665
科技与线上服务,中冲击,1.150000,E231,***建筑科技有限公司,类C,27618776.289250,35730036.880000,1150782.345386,-0.128026,370.000000,681.000000,0.093137,0.020144,0.000000,0.000000,35.000000,7.000000,1.153646,7.000000,133.000000,0.295594,0.165880,0.070526,25.275370,67.754912,85.726615,41.815176,54.316028,60.000000,55.664514,44.335486,0.093137,0.000000,否,,否,,中风险,信用得分=55.66，有效销项金额=27618776.29，毛利率=-12.80%，有效经营月份=35.0，最大作废率=9.31%，最大负数率=0.00%，进销匹配差异=0.07，客户HHI=0.296，供应商HHI=0.166
其他服务,中冲击,1.150000,E232,***投资发展有限责任公司,类C,39695770.502100,35129701.390000,4410641.166900,0.210185,113.000000,782.000000,0.042373,0.055556,0.076271,0.047101,37.000000,5.000000,1.692213,4.000000,151.000000,0.499592,0.623467,0.267685,56.602341,66.774823,76.097022,21.110251,56.920714,60.000000,56.751856,43.248144,0.055556,0.076271,否,,否,,中风险,信用得分=56.75，有效销项金额=39695770.50，毛利率=21.02%，有效经营月份=37.0，最大作废率=5.56%，最大负数率=7.63%，进销匹配差异=0.27，客户HHI=0.500，供应商HHI=0.623
其他服务,中冲击,1.450000,E233,***劳务有限公司,类D,15641133.414250,401349.690000,1737903.712694,0.907421,223.000000,718.000000,0.063025,0.012380,0.000000,0.000000,25.000000,8.000000,1.780587,3.000000,194.000000,0.854256,0.026479,0.979921,15.431863,41.547400,74.027883,32.345429,39.992465,30.000000,40.143502,59.856498,0.063025,0.000000,否,,是,信用得分40.14 < 50,高风险,信用得分=40.14，有效销项金额=15641133.41，毛利率=90.74%，有效经营月份=25.0，最大作废率=6.30%，最大负数率=0.00%，进销匹配差异=0.98，客户HHI=0.854，供应商HHI=0.026
制造与设备,中冲击,1.000000,E234,***机电设备商贸有限公司,类B,33860036.560500,4551474.640000,1167587.467604,0.835743,580.000000,919.000000,0.039735,0.028541,0.006623,0.001057,28.000000,1.000000,0.822236,137.000000,205.000000,0.019804,0.143239,0.885743,20.907133,76.857830,77.943148,64.679736,57.908331,75.000000,60.520083,39.479917,0.039735,0.006623,否,,否,,中风险,信用得分=60.52，有效销项金额=33860036.56，毛利率=83.57%，有效经营月份=28.0，最大作废率=3.97%，最大负数率=0.66%，进销匹配差异=0.89，客户HHI=0.020，供应商HHI=0.143
可选消费与门店经营,高冲击,1.000000,E235,个体经营E235 ,类B,28017214.778000,14054231.020000,800491.850800,0.548860,944.000000,593.000000,0.069034,0.031046,0.003945,0.000000,33.000000,2.000000,0.996744,191.000000,122.000000,0.100458,0.582269,0.648860,33.780940,79.434111,78.388440,49.015472,59.393014,75.000000,61.232262,38.767738,0.069034,0.003945,否,,否,,中风险,信用得分=61.23，有效销项金额=28017214.78，毛利率=54.89%，有效经营月份=33.0，最大作废率=6.90%，最大负数率=0.39%，进销匹配差异=0.65，客户HHI=0.100，供应商HHI=0.582
可选消费与门店经营,高冲击,1.100000,E236,个体经营E236 ,类D,29913630.626300,4980574.770000,1196545.225052,0.778446,518.000000,197.000000,0.223388,0.034314,0.019490,0.004902,33.000000,7.000000,1.403147,29.000000,69.000000,0.229679,0.223292,0.888446,23.302560,61.289628,50.254375,41.275396,43.131848,30.000000,41.902239,58.097761,0.223388,0.019490,否,,是,信用得分41.90 < 50,高风险,信用得分=41.90，有效销项金额=29913630.63，毛利率=77.84%，有效经营月份=33.0，最大作废率=22.34%，最大负数率=1.95%，进销匹配差异=0.89，客户HHI=0.230，供应商HHI=0.223
可选消费与门店经营,高冲击,1.100000,E237,个体经营E237 ,类C,13261121.026500,17103901.020000,1020086.232808,0.025849,221.000000,1900.000000,0.250847,0.019102,0.000000,0.053691,25.000000,4.000000,1.239594,8.000000,324.000000,0.307981,0.263539,0.135849,34.834073,59.061196,54.568993,46.049926,48.067754,60.000000,49.372991,50.627009,0.250847,0.053691,否,,是,信用得分49.37 < 50；最大作废率25.08% > 25%,高风险,信用得分=49.37，有效销项金额=13261121.03，毛利率=2.58%，有效经营月份=25.0，最大作废率=25.08%，最大负数率=5.37%，进销匹配差异=0.14，客户HHI=0.308，供应商HHI=0.264
可选消费与门店经营,高冲击,1.000000,E238,个体经营E238 ,类A,39500652.786001,15987761.560000,1097240.355167,0.616677,11256.000000,3808.000000,0.068520,0.023339,0.046756,0.005899,34.000000,2.000000,0.634919,2199.000000,760.000000,0.003818,0.119547,0.716677,33.779747,85.959465,70.851952,96.809391,68.698657,90.000000,71.711696,28.288304,0.068520,0.046756,否,,否,,较低风险,信用得分=71.71，有效销项金额=39500652.79，毛利率=61.67%，有效经营月份=34.0，最大作废率=6.85%，最大负数率=4.68%，进销匹配差异=0.72，客户HHI=0.004，供应商HHI=0.120
可选消费与门店经营,高冲击,1.150000,E239,个体经营E239 ,类C,17206946.913800,25876475.690000,716956.121408,-0.100014,306.000000,367.000000,0.120690,0.031662,0.008621,0.013193,25.000000,2.000000,1.505806,33.000000,46.000000,0.093024,0.155939,0.014986,23.642827,60.363812,80.862195,47.209390,51.841228,60.000000,53.640896,46.359104,0.120690,0.013193,否,,是,高冲击行业且销项收入波动系数>1.5,中风险,信用得分=53.64，有效销项金额=17206946.91，毛利率=-10.00%，有效经营月份=25.0，最大作废率=12.07%，最大负数率=1.32%，进销匹配差异=0.01，客户HHI=0.093，供应商HHI=0.156
可选消费与门店经营,高冲击,1.500000,E240,个体经营E240 ,类D,9359337.636000,30020619.800000,1559889.606000,-0.914157,20.000000,1085.000000,0.838710,0.032977,0.024194,0.000891,22.000000,10.000000,1.875545,2.000000,1085.000000,0.957017,0.010026,0.764157,8.294429,30.728542,47.998153,50.000000,32.170002,30.000000,33.218854,66.781146,0.838710,0.024194,是,最大作废率83.87% > 40%,否,,高风险,信用得分=33.22，有效销项金额=9359337.64，毛利率=-91.42%，有效经营月份=22.0，最大作废率=83.87%，最大负数率=2.42%，进销匹配差异=0.76，客户HHI=0.957，供应商HHI=0.010
可选消费与门店经营,高冲击,1.000000,E241,个体经营E241 ,类C,26529162.954000,5982268.470000,736921.193167,0.742152,721.000000,415.000000,0.091940,0.028103,0.006297,0.002342,34.000000,2.000000,0.681507,36.000000,112.000000,0.564877,0.102394,0.842152,22.654785,85.312403,71.446190,36.696753,53.325434,60.000000,53.927075,46.072925,0.091940,0.006297,否,,否,,中风险,信用得分=53.93，有效销项金额=26529162.95，毛利率=74.22%，有效经营月份=34.0，最大作废率=9.19%，最大负数率=0.63%，进销匹配差异=0.84，客户HHI=0.565，供应商HHI=0.102
可选消费与门店经营,高冲击,1.150000,E242,个体经营E242 ,类D,994761.115300,18605594.030000,90432.828664,-11.365845,18.000000,503.000000,0.931559,0.019493,0.026616,0.000000,23.000000,7.000000,1.397436,11.000000,503.000000,0.201067,0.006911,11.250845,0.422902,46.368943,26.007600,64.721788,31.165364,30.000000,31.825772,68.174228,0.931559,0.026616,是,最大作废率93.16% > 40%；进销匹配差异11.25 > 4,否,,高风险,信用得分=31.83，有效销项金额=994761.12，毛利率=-1136.58%，有效经营月份=23.0，最大作废率=93.16%，最大负数率=2.66%，进销匹配差异=11.25，客户HHI=0.201，供应商HHI=0.007
科技与线上服务,中冲击,1.000000,E243,***科技有限公司,类C,27277378.398500,4588763.790000,802275.835250,0.807008,677.000000,681.000000,0.047820,0.022956,0.000000,0.002869,33.000000,1.000000,1.066156,35.000000,131.000000,0.207786,0.252909,0.857008,19.548254,80.970052,77.877210,44.001859,54.376663,60.000000,55.350748,44.649252,0.047820,0.002869,否,,否,,中风险,信用得分=55.35，有效销项金额=27277378.40，毛利率=80.70%，有效经营月份=33.0，最大作废率=4.78%，最大负数率=0.29%，进销匹配差异=0.86，客户HHI=0.208，供应商HHI=0.253
可选消费与门店经营,高冲击,1.000000,E244,个体经营E244 ,类C,24403536.703000,13820506.180000,739501.112212,0.503568,443.000000,1105.000000,0.173507,0.039965,0.024254,0.006082,34.000000,3.000000,1.285311,20.000000,153.000000,0.317472,0.057740,0.603568,35.221556,74.426236,61.508480,46.425359,53.835217,60.000000,54.352828,45.647172,0.173507,0.024254,否,,否,,中风险,信用得分=54.35，有效销项金额=24403536.70，毛利率=50.36%，有效经营月份=34.0，最大作废率=17.35%，最大负数率=2.43%，进销匹配差异=0.60，客户HHI=0.317，供应商HHI=0.058
建筑与工程,中高冲击,1.100000,E245,***建筑劳务有限公司,类D,19079322.675620,132745.050000,867241.939801,0.912226,309.000000,264.000000,0.124646,0.003774,0.050992,0.000000,28.000000,4.000000,1.400768,33.000000,64.000000,0.158437,0.129128,0.994726,12.312786,61.322660,57.493055,46.696084,42.736982,30.000000,42.055209,57.944791,0.124646,0.050992,否,,是,信用得分42.06 < 50,高风险,信用得分=42.06，有效销项金额=19079322.68，毛利率=91.22%，有效经营月份=28.0，最大作废率=12.46%，最大负数率=5.10%，进销匹配差异=0.99，客户HHI=0.158，供应商HHI=0.129
其他服务,中冲击,1.000000,E246,***物业服务有限公司,类B,26671088.741000,6524608.600000,720840.236243,0.742063,749.000000,1298.000000,0.096502,0.051170,0.018094,0.008041,36.000000,1.000000,0.513035,121.000000,409.000000,0.156003,0.089828,0.792063,22.623753,93.152292,69.914518,68.955960,61.345020,75.000000,63.056218,36.943782,0.096502,0.018094,否,,否,,中风险,信用得分=63.06，有效销项金额=26671088.74，毛利率=74.21%，有效经营月份=36.0，最大作废率=9.65%，最大负数率=1.81%，进销匹配差异=0.79，客户HHI=0.156，供应商HHI=0.090
其他服务,中冲击,1.000000,E247,***石化有限公司,类B,18455632.480000,12283876.140000,512656.457777,0.384249,333.000000,915.000000,0.072423,0.029692,0.000000,0.007423,37.000000,1.000000,1.205242,10.000000,185.000000,0.599493,0.055845,0.434249,35.925909,83.538299,81.147973,37.933194,59.535979,75.000000,61.062769,38.937231,0.072423,0.007423,否,,否,,中风险,信用得分=61.06，有效销项金额=18455632.48，毛利率=38.42%，有效经营月份=37.0，最大作废率=7.24%，最大负数率=0.74%，进销匹配差异=0.43，客户HHI=0.599，供应商HHI=0.056
科技与线上服务,中冲击,1.150000,E248,***智能科技有限公司,类B,17268913.050250,13784612.420000,479692.029174,0.281962,353.000000,1466.000000,0.128395,0.029782,0.014815,0.005956,36.000000,2.000000,1.997999,118.000000,262.000000,0.084742,0.047695,0.339462,35.534266,70.027790,73.861865,66.437990,59.920292,75.000000,62.142189,37.857811,0.128395,0.014815,否,,否,,中风险,信用得分=62.14，有效销项金额=17268913.05，毛利率=28.20%，有效经营月份=36.0，最大作废率=12.84%，最大负数率=1.48%，进销匹配差异=0.34，客户HHI=0.085，供应商HHI=0.048
建筑与工程,中高冲击,1.200000,E249,***建筑工程有限公司,类C,38139388.771200,27296207.130000,3467217.161018,0.383248,470.000000,620.000000,0.004237,0.137691,0.000000,0.001391,33.000000,9.000000,1.030960,3.000000,106.000000,0.972602,0.151384,0.473248,52.369615,61.458887,72.232770,24.802810,54.094361,60.000000,54.402936,45.597064,0.137691,0.001391,否,,否,,中风险,信用得分=54.40，有效销项金额=38139388.77，毛利率=38.32%，有效经营月份=33.0，最大作废率=13.77%，最大负数率=0.14%，进销匹配差异=0.47，客户HHI=0.973，供应商HHI=0.151
其他服务,中冲击,1.000000,E250,***塑料厂,类C,27577353.836500,8633213.090000,725719.837803,0.683904,660.000000,427.000000,0.151671,0.027335,0.029563,0.020501,37.000000,1.000000,0.484067,102.000000,127.000000,0.060598,0.185666,0.733904,26.011304,93.554618,61.488290,56.078922,57.779903,60.000000,57.801607,42.198393,0.151671,0.029563,否,,否,,中风险,信用得分=57.80，有效销项金额=27577353.84，毛利率=68.39%，有效经营月份=37.0，最大作废率=15.17%，最大负数率=2.96%，进销匹配差异=0.73，客户HHI=0.061，供应商HHI=0.186
医疗药品与健康服务,低冲击,1.150000,E251,***医疗器械有限责任公司,类C,12120433.959400,9138566.250000,526975.389539,0.266374,274.000000,1355.000000,0.130159,0.070007,0.044444,0.017845,33.000000,9.000000,1.603119,130.000000,347.000000,0.114635,0.047307,0.289374,34.621357,53.512234,70.047095,69.871837,55.250607,60.000000,56.843927,43.156073,0.130159,0.044444,否,,否,,中风险,信用得分=56.84，有效销项金额=12120433.96，毛利率=26.64%，有效经营月份=33.0，最大作废率=13.02%，最大负数率=4.44%，进销匹配差异=0.29，客户HHI=0.115，供应商HHI=0.047
其他服务,中冲击,1.150000,E252,***印务有限公司,类B,32507000.260000,26238254.220000,878567.574595,0.274578,517.000000,905.000000,0.044362,0.055324,0.018484,0.004175,36.000000,1.000000,1.575184,40.000000,111.000000,0.133735,0.054115,0.332078,40.462337,78.400220,83.670675,52.342899,63.125005,75.000000,64.681877,35.318123,0.055324,0.018484,否,,否,,中风险,信用得分=64.68，有效销项金额=32507000.26，毛利率=27.46%，有效经营月份=36.0，最大作废率=5.53%，最大负数率=1.85%，进销匹配差异=0.33，客户HHI=0.134，供应商HHI=0.054
建筑与工程,中高冲击,1.000000,E253,***钢结构工程有限公司,类B,18505917.752400,18383666.460000,514053.270900,0.150153,318.000000,1196.000000,0.165354,0.033145,0.007874,0.004042,35.000000,3.000000,1.268490,105.000000,319.000000,0.033860,0.103064,0.225153,35.942505,76.159854,71.729163,67.545648,61.264135,75.000000,63.159017,36.840983,0.165354,0.007874,否,,否,,中风险,信用得分=63.16，有效销项金额=18505917.75，毛利率=15.02%，有效经营月份=35.0，最大作废率=16.54%，最大负数率=0.79%，进销匹配差异=0.23，客户HHI=0.034，供应商HHI=0.103
建筑与工程,中高冲击,1.000000,E254,***设备安装工程有限公司,类C,29016279.801600,3221474.180000,879281.206109,0.838402,456.000000,236.000000,0.075051,0.004219,0.004057,0.000000,33.000000,4.000000,1.154704,22.000000,39.000000,0.259069,0.238318,0.913402,18.528312,72.240223,72.899775,38.084705,49.460434,60.000000,50.922007,49.077993,0.075051,0.004057,否,,否,,中风险,信用得分=50.92，有效销项金额=29016279.80，毛利率=83.84%，有效经营月份=33.0，最大作废率=7.51%，最大负数率=0.41%，进销匹配差异=0.91，客户HHI=0.259，供应商HHI=0.238
可选消费与门店经营,高冲击,1.000000,E255,个体经营E255 ,类C,27024537.288000,11268140.560000,794839.332000,0.608128,599.000000,1331.000000,0.062598,0.033406,0.046948,0.005084,34.000000,3.000000,1.452615,19.000000,311.000000,0.434388,0.130362,0.708128,30.311104,72.102569,71.801840,46.624915,54.394417,60.000000,55.273733,44.726267,0.062598,0.046948,否,,否,,中风险,信用得分=55.27，有效销项金额=27024537.29，毛利率=60.81%，有效经营月份=34.0，最大作废率=6.26%，最大负数率=4.69%，进销匹配差异=0.71，客户HHI=0.434，供应商HHI=0.130
普通批发商贸,中冲击,1.000000,E256,***物资有限公司,类B,25437406.926500,10258640.400000,687497.484500,0.607204,892.000000,270.000000,0.029380,0.035714,0.008705,0.010714,36.000000,1.000000,0.330517,211.000000,54.000000,0.043396,0.077892,0.657204,29.576383,95.687257,81.891870,65.876971,66.443091,75.000000,67.679909,32.320091,0.035714,0.010714,否,,否,,较低风险,信用得分=67.68，有效销项金额=25437406.93，毛利率=60.72%，有效经营月份=36.0，最大作废率=3.57%，最大负数率=1.07%，进销匹配差异=0.66，客户HHI=0.043，供应商HHI=0.078
装饰装修与家居,高冲击,1.000000,E257,***门窗安装有限公司,类C,16655558.423000,15089198.550000,555185.280767,0.265831,317.000000,337.000000,0.121884,0.042614,0.030471,0.005682,28.000000,2.000000,1.295289,39.000000,97.000000,0.104420,0.054022,0.365831,35.714132,67.787653,71.963547,52.642323,56.180504,60.000000,57.005415,42.994585,0.121884,0.030471,否,,否,,中风险,信用得分=57.01，有效销项金额=16655558.42，毛利率=26.58%，有效经营月份=28.0，最大作废率=12.19%，最大负数率=3.05%，进销匹配差异=0.37，客户HHI=0.104，供应商HHI=0.054
物流运输,中冲击,1.000000,E258,***国际货运有限公司,类B,57839506.759000,15197534.260000,1522092.283131,0.726660,2380.000000,2233.000000,0.046092,0.036670,0.021242,0.010785,37.000000,1.000000,1.028202,193.000000,248.000000,0.149416,0.073807,0.776660,33.483535,85.997187,76.769270,68.970885,64.530852,75.000000,66.056816,33.943184,0.046092,0.021242,否,,否,,较低风险,信用得分=66.06，有效销项金额=57839506.76，毛利率=72.67%，有效经营月份=37.0，最大作废率=4.61%，最大负数率=2.12%，进销匹配差异=0.78，客户HHI=0.149，供应商HHI=0.074
文娱广告与线下服务,高冲击,1.000000,E259,***文化传媒有限公司,类B,22207936.177000,18472779.250000,600214.491270,0.317733,707.000000,2321.000000,0.135697,0.057271,0.023227,0.008936,35.000000,2.000000,0.807721,211.000000,521.000000,0.014588,0.015519,0.417733,37.095369,85.059424,70.208042,87.264531,67.398383,75.000000,68.790644,31.209356,0.135697,0.023227,否,,否,,较低风险,信用得分=68.79，有效销项金额=22207936.18，毛利率=31.77%，有效经营月份=35.0，最大作废率=13.57%，最大负数率=2.32%，进销匹配差异=0.42，客户HHI=0.015，供应商HHI=0.016
文娱广告与线下服务,高冲击,1.000000,E260,***广告有限公司,类B,15518008.212000,17836465.140000,419405.627351,0.095417,1405.000000,1343.000000,0.115239,0.016117,0.015113,0.006593,35.000000,2.000000,1.430938,289.000000,258.000000,0.044188,0.042747,0.195417,34.908298,76.403632,78.179793,81.428658,65.404077,75.000000,67.338481,32.661519,0.115239,0.015113,否,,否,,较低风险,信用得分=67.34，有效销项金额=15518008.21，毛利率=9.54%，有效经营月份=35.0，最大作废率=11.52%，最大负数率=1.51%，进销匹配差异=0.20，客户HHI=0.044，供应商HHI=0.043
医疗药品与健康服务,低冲击,1.000000,E261,***医疗器械有限公司,类B,15169314.411000,8616353.380000,409981.470568,0.440389,1367.000000,1338.000000,0.116925,0.034632,0.015504,0.006494,37.000000,0.000000,0.698343,131.000000,457.000000,0.051831,0.544953,0.460389,34.794303,93.078574,73.248093,60.438737,64.107705,75.000000,65.214061,34.785939,0.116925,0.015504,否,,否,,较低风险,信用得分=65.21，有效销项金额=15169314.41，毛利率=44.04%，有效经营月份=37.0，最大作废率=11.69%，最大负数率=1.55%，进销匹配差异=0.46，客户HHI=0.052，供应商HHI=0.545
可选消费与门店经营,高冲击,1.150000,E262,个体经营E262 ,类B,16063195.961500,16419328.120000,535439.865383,0.215478,656.000000,320.000000,0.052023,0.027356,0.013006,0.000000,32.000000,5.000000,1.657787,199.000000,42.000000,0.233905,0.093393,0.330478,35.505043,61.252962,84.982515,57.830538,58.776490,75.000000,61.438590,38.561410,0.052023,0.013006,否,,是,高冲击行业且销项收入波动系数>1.5,中风险,信用得分=61.44，有效销项金额=16063195.96，毛利率=21.55%，有效经营月份=32.0，最大作废率=5.20%，最大负数率=1.30%，进销匹配差异=0.33，客户HHI=0.234，供应商HHI=0.093
建筑与工程,中高冲击,1.150000,E263,***通信工程有限公司,类C,19594974.490830,14352187.420000,544304.846967,0.366616,404.000000,490.000000,0.185484,0.012097,0.038306,0.002016,35.000000,3.000000,1.469663,15.000000,148.000000,0.256382,0.200847,0.452866,36.301917,73.365792,60.361185,43.195130,52.961345,60.000000,53.477960,46.522040,0.185484,0.038306,否,,否,,中风险,信用得分=53.48，有效销项金额=19594974.49，毛利率=36.66%，有效经营月份=35.0，最大作废率=18.55%，最大负数率=3.83%，进销匹配差异=0.45，客户HHI=0.256，供应商HHI=0.201
可选消费与门店经营,高冲击,1.150000,E264,个体经营E264 ,类D,768338.383500,23547443.510000,59102.952577,-19.188936,24.000000,1502.000000,0.943262,0.067081,0.044917,0.006832,23.000000,5.000000,1.133091,8.000000,1502.000000,0.531504,0.006646,19.073936,0.244725,55.040400,23.262450,58.909933,31.431117,30.000000,31.666860,68.333140,0.943262,0.044917,是,最大作废率94.33% > 40%；进销匹配差异19.07 > 4,否,,高风险,信用得分=31.67，有效销项金额=768338.38，毛利率=-1918.89%，有效经营月份=23.0，最大作废率=94.33%，最大负数率=4.49%，进销匹配差异=19.07，客户HHI=0.532，供应商HHI=0.007
建筑与工程,中高冲击,1.000000,E265,***净化工程有限公司,类B,18573645.971400,21512865.910000,580426.436606,0.021568,401.000000,1968.000000,0.155789,0.032924,0.033684,0.006388,31.000000,3.000000,1.313543,62.000000,477.000000,0.093336,0.115413,0.096568,33.794272,69.534120,71.447000,68.154828,59.014527,75.000000,61.348108,38.651892,0.155789,0.033684,否,,否,,中风险,信用得分=61.35，有效销项金额=18573645.97，毛利率=2.16%，有效经营月份=31.0，最大作废率=15.58%，最大负数率=3.37%，进销匹配差异=0.10，客户HHI=0.093，供应商HHI=0.115
制造与设备,中冲击,1.100000,E266,***煤矿机械有限公司,类C,21951813.904150,1223479.750000,783993.353719,0.898461,450.000000,289.000000,0.070248,0.020339,0.018595,0.006780,35.000000,4.000000,0.862873,16.000000,83.000000,0.675927,0.323316,0.953461,13.337998,79.293433,70.690462,23.288742,46.155122,60.000000,47.523550,52.476450,0.070248,0.018595,否,,是,信用得分47.52 < 50,高风险,信用得分=47.52，有效销项金额=21951813.90，毛利率=89.85%，有效经营月份=35.0，最大作废率=7.02%，最大负数率=1.86%，进销匹配差异=0.95，客户HHI=0.676，供应商HHI=0.323
其他服务,中冲击,1.100000,E267,***林园艺场,类D,14606773.611750,1033331.690000,1043340.972268,0.885929,202.000000,189.000000,0.110132,0.015625,0.022026,0.000000,18.000000,3.000000,1.009505,11.000000,41.000000,0.176225,0.338787,0.940929,13.511953,54.256868,64.811363,36.719393,41.164522,30.000000,40.776081,59.223919,0.110132,0.022026,否,,是,信用得分40.78 < 50,高风险,信用得分=40.78，有效销项金额=14606773.61，毛利率=88.59%，有效经营月份=18.0，最大作废率=11.01%，最大负数率=2.20%，进销匹配差异=0.94，客户HHI=0.176，供应商HHI=0.339
建筑与工程,中高冲击,1.100000,E268,***建筑劳务有限公司,类C,19398369.082520,5853887.010000,969918.454126,0.688757,342.000000,42.000000,0.050000,0.106383,0.025000,0.000000,23.000000,7.000000,0.975022,9.000000,19.000000,0.299206,0.178600,0.771257,24.994884,52.235799,67.859383,36.866926,44.895646,60.000000,47.034112,52.965888,0.106383,0.025000,否,,是,信用得分47.03 < 50,高风险,信用得分=47.03，有效销项金额=19398369.08，毛利率=68.88%，有效经营月份=23.0，最大作废率=10.64%，最大负数率=2.50%，进销匹配差异=0.77，客户HHI=0.299，供应商HHI=0.179
其他服务,中冲击,1.250000,E269,***节能服务有限公司,类D,24424310.990625,935601.370000,697837.456875,0.906376,194.000000,169.000000,0.130045,0.005882,0.049327,0.000000,35.000000,2.000000,2.219628,19.000000,69.000000,0.692726,0.160192,0.968876,13.082551,68.500000,57.439320,27.655814,40.940758,30.000000,39.861631,60.138369,0.130045,0.049327,否,,是,信用得分39.86 < 50,高风险,信用得分=39.86，有效销项金额=24424310.99，毛利率=90.64%，有效经营月份=35.0，最大作废率=13.00%，最大负数率=4.93%，进销匹配差异=0.97，客户HHI=0.693，供应商HHI=0.160
可选消费与门店经营,高冲击,1.000000,E270,个体经营E270 ,类C,14030910.740000,5861645.700000,425179.113333,0.607563,335.000000,548.000000,0.192771,0.023173,0.028916,0.007130,34.000000,3.000000,1.066754,40.000000,90.000000,0.332051,0.256892,0.707563,26.017694,77.461757,56.292308,38.642760,48.972376,60.000000,49.798404,50.201596,0.192771,0.028916,否,,是,信用得分49.80 < 50,高风险,信用得分=49.80，有效销项金额=14030910.74，毛利率=60.76%，有效经营月份=34.0，最大作废率=19.28%，最大负数率=2.89%，进销匹配差异=0.71，客户HHI=0.332，供应商HHI=0.257
科技与线上服务,中冲击,1.150000,E271,***科技有限公司,类B,24993976.633675,26123955.510000,675512.881991,0.077589,440.000000,1638.000000,0.210054,0.035336,0.028725,0.005300,36.000000,1.000000,1.628363,94.000000,507.000000,0.063108,0.047219,0.135089,38.006181,77.661624,63.919632,75.078403,61.812849,75.000000,63.529459,36.470541,0.210054,0.028725,否,,否,,中风险,信用得分=63.53，有效销项金额=24993976.63，毛利率=7.76%，有效经营月份=36.0，最大作废率=21.01%，最大负数率=2.87%，进销匹配差异=0.14，客户HHI=0.063，供应商HHI=0.047
可选消费与门店经营,高冲击,1.150000,E272,个体经营E272 ,类C,9070209.112500,4428282.710000,251950.253125,0.565214,542.000000,1168.000000,0.089076,0.031509,0.055462,0.011609,34.000000,2.000000,1.580388,72.000000,283.000000,0.149067,0.089431,0.680214,26.544117,72.827943,67.306315,60.199658,55.036731,60.000000,56.068128,43.931872,0.089076,0.055462,否,,是,高冲击行业且销项收入波动系数>1.5,中风险,信用得分=56.07，有效销项金额=9070209.11，毛利率=56.52%，有效经营月份=34.0，最大作废率=8.91%，最大负数率=5.55%，进销匹配差异=0.68，客户HHI=0.149，供应商HHI=0.089
可选消费与门店经营,高冲击,1.000000,E273,个体经营E273 ,类B,16103309.796000,9969872.580000,460094.565600,0.466616,7961.000000,1460.000000,0.010564,0.055627,0.001616,0.011643,33.000000,2.000000,0.745110,5120.000000,318.000000,0.000916,0.375184,0.566616,34.296066,82.929028,80.549990,76.156116,66.389798,75.000000,68.028543,31.971457,0.055627,0.011643,否,,否,,较低风险,信用得分=68.03，有效销项金额=16103309.80，毛利率=46.66%，有效经营月份=33.0，最大作废率=5.56%，最大负数率=1.16%，进销匹配差异=0.57，客户HHI=0.001，供应商HHI=0.375
建筑与工程,中高冲击,1.250000,E274,***建筑劳务有限公司,类D,8506925.946000,35569.070000,567128.396400,0.903219,136.000000,12.000000,0.116883,0.000000,0.012987,0.000000,15.000000,4.000000,1.535925,15.000000,9.000000,0.144913,0.483851,0.996969,9.288369,39.945488,64.241372,32.106802,35.254586,30.000000,35.792893,64.207107,0.116883,0.012987,否,,是,信用得分35.79 < 50,高风险,信用得分=35.79，有效销项金额=8506925.95，毛利率=90.32%，有效经营月份=15.0，最大作废率=11.69%，最大负数率=1.30%，进销匹配差异=1.00，客户HHI=0.145，供应商HHI=0.484
建筑与工程,中高冲击,1.100000,E275,***网络工程有限公司,类C,15642744.450740,1600295.130000,460080.719139,0.839955,357.000000,364.000000,0.190476,0.039578,0.054422,0.018470,36.000000,3.000000,1.323465,45.000000,97.000000,0.075310,0.127525,0.922455,13.832923,76.896323,49.027097,51.699932,45.970718,60.000000,47.434256,52.565744,0.190476,0.054422,否,,是,信用得分47.43 < 50,高风险,信用得分=47.43，有效销项金额=15642744.45，毛利率=84.00%，有效经营月份=36.0，最大作废率=19.05%，最大负数率=5.44%，进销匹配差异=0.92，客户HHI=0.075，供应商HHI=0.128
文娱广告与线下服务,高冲击,1.150000,E276,***体育设施工程有限公司,类C,7979759.774250,4044018.630000,332489.990594,0.553056,169.000000,1022.000000,0.202830,0.017308,0.037736,0.000962,33.000000,5.000000,1.992870,20.000000,243.000000,0.156410,0.229955,0.668056,27.305297,58.099034,54.252420,49.687582,46.216969,60.000000,47.946752,52.053248,0.202830,0.037736,否,,是,信用得分47.95 < 50；高冲击行业且销项收入波动系数>1.5,高风险,信用得分=47.95，有效销项金额=7979759.77，毛利率=55.31%，有效经营月份=33.0，最大作废率=20.28%，最大负数率=3.77%，进销匹配差异=0.67，客户HHI=0.156，供应商HHI=0.230
建筑与工程,中高冲击,1.000000,E277,***消防设备制造有限公司,类C,14124145.058400,12518820.560000,470804.835280,0.233653,254.000000,319.000000,0.062731,0.044910,0.003690,0.005988,28.000000,2.000000,0.437231,36.000000,81.000000,0.747962,0.083571,0.308653,34.820609,79.705126,84.918032,30.185163,57.639005,60.000000,57.912718,42.087282,0.062731,0.005988,否,,否,,中风险,信用得分=57.91，有效销项金额=14124145.06，毛利率=23.37%，有效经营月份=28.0，最大作废率=6.27%，最大负数率=0.60%，进销匹配差异=0.31，客户HHI=0.748，供应商HHI=0.084
普通批发商贸,中冲击,1.150000,E278,***贸易有限公司,类B,10772284.115000,11040657.060000,299230.114306,0.094384,222.000000,389.000000,0.067227,0.039506,0.008403,0.004938,37.000000,2.000000,1.401185,38.000000,98.000000,0.138040,0.057170,0.151884,33.390239,78.316876,86.669800,51.424004,61.548541,75.000000,63.463186,36.536814,0.067227,0.008403,否,,否,,中风险,信用得分=63.46，有效销项金额=10772284.12，毛利率=9.44%，有效经营月份=37.0，最大作废率=6.72%，最大负数率=0.84%，进销匹配差异=0.15，客户HHI=0.138，供应商HHI=0.057
其他服务,中冲击,1.200000,E279,***环保包装有限公司,类C,18813440.113000,16692566.790000,648739.314241,0.212440,500.000000,600.000000,0.049430,0.030695,0.062738,0.006462,29.000000,2.000000,0.778410,7.000000,90.000000,0.844320,0.120242,0.272440,36.565149,76.466526,78.901400,25.381665,54.887859,60.000000,55.236276,44.763724,0.049430,0.062738,否,,否,,中风险,信用得分=55.24，有效销项金额=18813440.11，毛利率=21.24%，有效经营月份=29.0，最大作废率=4.94%，最大负数率=6.27%，进销匹配差异=0.27，客户HHI=0.844，供应商HHI=0.120
可选消费与门店经营,高冲击,1.000000,E280,个体经营E280 ,类B,11956387.247000,12226246.400000,332121.867972,0.184201,549.000000,544.000000,0.066327,0.019820,0.006803,0.000000,34.000000,2.000000,0.797594,125.000000,103.000000,0.034635,0.091665,0.284201,33.781018,83.700090,84.720253,60.800440,64.399479,75.000000,66.025424,33.974576,0.066327,0.006803,否,,否,,较低风险,信用得分=66.03，有效销项金额=11956387.25，毛利率=18.42%，有效经营月份=34.0，最大作废率=6.63%，最大负数率=0.68%，进销匹配差异=0.28，客户HHI=0.035，供应商HHI=0.092
其他服务,中冲击,1.150000,E281,***商业管理有限责任公司,类C,13515648.673950,19629385.240000,409565.111332,-0.259316,551.000000,1002.000000,0.051635,0.056497,0.005164,0.000000,33.000000,1.000000,0.773930,43.000000,186.000000,0.206813,0.304329,0.201816,7.923816,85.028744,87.784040,45.237616,54.627864,60.000000,55.980236,44.019764,0.056497,0.005164,否,,否,,中风险,信用得分=55.98，有效销项金额=13515648.67，毛利率=-25.93%，有效经营月份=33.0，最大作废率=5.65%，最大负数率=0.52%，进销匹配差异=0.20，客户HHI=0.207，供应商HHI=0.304
其他服务,中冲击,1.100000,E282,***影城有限公司***分公司,类B,17594788.914150,11977184.030000,463020.760899,0.376596,1959.000000,752.000000,0.277388,0.054088,0.006640,0.023899,37.000000,1.000000,0.645619,562.000000,93.000000,0.097840,0.521779,0.431596,35.535538,91.310844,53.862220,59.913459,58.936619,75.000000,60.094300,39.905700,0.277388,0.023899,否,,是,最大作废率27.74% > 25%,中风险,信用得分=60.09，有效销项金额=17594788.91，毛利率=37.66%，有效经营月份=37.0，最大作废率=27.74%，最大负数率=2.39%，进销匹配差异=0.43，客户HHI=0.098，供应商HHI=0.522
制造与设备,中冲击,1.000000,E283,***机械铸造有限责任公司,类B,16698645.445500,15198205.360000,451314.741771,0.176376,291.000000,582.000000,0.026756,0.044335,0.000000,0.000000,36.000000,1.000000,0.642594,20.000000,107.000000,0.148140,0.102510,0.226376,35.294272,91.352865,89.831520,48.567666,65.597911,75.000000,66.765554,33.234446,0.044335,0.000000,否,,否,,较低风险,信用得分=66.77，有效销项金额=16698645.45，毛利率=17.64%，有效经营月份=36.0，最大作废率=4.43%，最大负数率=0.00%，进销匹配差异=0.23，客户HHI=0.148，供应商HHI=0.103
科技与线上服务,中冲击,1.000000,E284,***成焊科技有限公司,类B,13623557.648000,10717026.240000,368204.260757,0.281344,429.000000,1007.000000,0.079399,0.048204,0.004292,0.004726,37.000000,1.000000,0.614436,125.000000,120.000000,0.330220,0.082846,0.331344,34.288965,91.743941,82.376720,52.292941,64.275443,75.000000,65.473798,34.526202,0.079399,0.004726,否,,否,,较低风险,信用得分=65.47，有效销项金额=13623557.65，毛利率=28.13%，有效经营月份=37.0，最大作废率=7.94%，最大负数率=0.47%，进销匹配差异=0.33，客户HHI=0.330，供应商HHI=0.083
可选消费与门店经营,高冲击,1.150000,E285,个体经营E285 ,类C,19791952.137100,16078594.040000,549776.448253,0.352891,458.000000,730.000000,0.187943,0.054404,0.012411,0.005181,34.000000,2.000000,2.159766,53.000000,224.000000,0.069632,0.070389,0.467891,36.366924,67.000000,63.638237,59.461603,55.461957,60.000000,56.293611,43.706389,0.187943,0.012411,否,,是,高冲击行业且销项收入波动系数>1.5,中风险,信用得分=56.29，有效销项金额=19791952.14，毛利率=35.29%，有效经营月份=34.0，最大作废率=18.79%，最大负数率=1.24%，进销匹配差异=0.47，客户HHI=0.070，供应商HHI=0.070
其他服务,中冲击,1.000000,E286,***印务有限公司,类C,10308682.300500,11293218.690000,448203.578282,0.018820,199.000000,290.000000,0.228682,0.049180,0.019380,0.000000,23.000000,2.000000,1.224257,32.000000,79.000000,0.147420,0.080152,0.068820,31.233348,61.274201,63.873170,49.142142,50.485276,60.000000,51.859898,48.140102,0.228682,0.019380,否,,否,,中风险,信用得分=51.86，有效销项金额=10308682.30，毛利率=1.88%，有效经营月份=23.0，最大作废率=22.87%，最大负数率=1.94%，进销匹配差异=0.07，客户HHI=0.147，供应商HHI=0.080
其他服务,中冲击,1.000000,E287,***鞋材有限公司,类B,12786897.760500,14278828.880000,345591.831365,0.000825,267.000000,422.000000,0.135922,0.086580,0.003236,0.006494,36.000000,1.000000,0.560662,26.000000,94.000000,0.129815,0.060916,0.050825,29.800444,92.490799,79.107382,50.445764,61.928831,75.000000,63.314269,36.685731,0.135922,0.006494,否,,否,,中风险,信用得分=63.31，有效销项金额=12786897.76，毛利率=0.08%，有效经营月份=36.0，最大作废率=13.59%，最大负数率=0.65%，进销匹配差异=0.05，客户HHI=0.130，供应商HHI=0.061
可选消费与门店经营,高冲击,1.000000,E288,个体经营E288 ,类C,11209615.571000,13186165.140000,339685.320333,0.076572,240.000000,575.000000,0.220779,0.012027,0.012987,0.001718,32.000000,3.000000,1.225268,36.000000,125.000000,0.125178,0.187753,0.176572,33.651517,72.260174,64.052880,48.576648,53.889048,60.000000,54.593464,45.406536,0.220779,0.012987,否,,否,,中风险,信用得分=54.59，有效销项金额=11209615.57，毛利率=7.66%，有效经营月份=32.0，最大作废率=22.08%，最大负数率=1.30%，进销匹配差异=0.18，客户HHI=0.125，供应商HHI=0.188
其他服务,中冲击,1.000000,E289,***运业有限公司***分公司,类B,17893862.142000,7236380.200000,483617.895729,0.606255,1567.000000,3307.000000,0.066706,0.008396,0.014294,0.002699,37.000000,1.000000,0.255585,398.000000,170.000000,0.080776,0.174019,0.656255,27.162012,96.727986,77.032597,74.703383,66.529426,75.000000,67.834926,32.165074,0.066706,0.014294,否,,否,,较低风险,信用得分=67.83，有效销项金额=17893862.14，毛利率=60.63%，有效经营月份=37.0，最大作废率=6.67%，最大负数率=1.43%，进销匹配差异=0.66，客户HHI=0.081，供应商HHI=0.174
制造与设备,中冲击,1.000000,E290,***机电有限公司,类B,14360128.072000,5306769.020000,388111.569513,0.635883,988.000000,859.000000,0.121778,0.013777,0.016889,0.006889,37.000000,1.000000,1.027414,110.000000,218.000000,0.132733,0.044622,0.685883,24.390691,86.008142,68.414777,62.588069,58.440551,75.000000,60.420610,39.579390,0.121778,0.016889,否,,否,,中风险,信用得分=60.42，有效销项金额=14360128.07，毛利率=63.59%，有效经营月份=37.0，最大作废率=12.18%，最大负数率=1.69%，进销匹配差异=0.69，客户HHI=0.133，供应商HHI=0.045
建筑与工程,中高冲击,1.600000,E291,***文业建设工程有限公司,类D,7272812.266560,16817356.230000,909101.533320,-0.618409,129.000000,372.000000,0.203704,0.053435,0.012346,0.022901,27.000000,11.000000,2.244136,5.000000,117.000000,0.940592,0.558831,0.498409,5.156593,34.000000,59.324132,12.250079,27.328027,30.000000,28.370197,71.629803,0.203704,0.022901,否,,是,信用得分28.37 < 50,高风险,信用得分=28.37，有效销项金额=7272812.27，毛利率=-61.84%，有效经营月份=27.0，最大作废率=20.37%，最大负数率=2.29%，进销匹配差异=0.50，客户HHI=0.941，供应商HHI=0.559
物流运输,中冲击,1.000000,E292,***物流有限公司,类B,9864238.839500,6835386.230000,298916.328470,0.360996,1278.000000,323.000000,0.029613,0.035821,0.001519,0.000000,33.000000,3.000000,0.912567,20.000000,83.000000,0.211390,0.197348,0.410996,33.193477,78.103229,87.564780,42.535492,59.882144,75.000000,61.817309,38.182691,0.035821,0.001519,否,,否,,中风险,信用得分=61.82，有效销项金额=9864238.84，毛利率=36.10%，有效经营月份=33.0，最大作废率=3.58%，最大负数率=0.15%，进销匹配差异=0.41，客户HHI=0.211，供应商HHI=0.197
普通批发商贸,中冲击,1.300000,E293,***物资有限公司,类C,6195429.528750,7511439.880000,167444.041317,-0.040995,107.000000,56.000000,0.085470,0.050847,0.000000,0.000000,36.000000,1.000000,2.232547,3.000000,27.000000,0.637376,0.664035,0.024005,24.060990,72.500000,87.614113,10.406711,49.328167,60.000000,50.500118,49.499882,0.085470,0.000000,否,,否,,中风险,信用得分=50.50，有效销项金额=6195429.53，毛利率=-4.10%，有效经营月份=36.0，最大作废率=8.55%，最大负数率=0.00%，进销匹配差异=0.02，客户HHI=0.637，供应商HHI=0.664
可选消费与门店经营,高冲击,1.000000,E294,个体经营E294 ,类C,15848923.923000,4089504.260000,440247.886750,0.719379,310.000000,845.000000,0.136490,0.025375,0.002786,0.004614,34.000000,2.000000,0.957531,47.000000,234.000000,0.071845,0.081972,0.819379,20.372239,81.478736,65.860167,58.941150,54.734628,60.000000,55.642079,44.357921,0.136490,0.004614,否,,否,,中风险,信用得分=55.64，有效销项金额=15848923.92，毛利率=71.94%，有效经营月份=34.0，最大作废率=13.65%，最大负数率=0.46%，进销匹配差异=0.82，客户HHI=0.072，供应商HHI=0.082
制造与设备,中冲击,1.000000,E295,***电器设备制造有限公司,类B,11624137.957000,11177597.670000,352246.604758,0.132653,206.000000,818.000000,0.179283,0.042155,0.011952,0.001171,36.000000,2.000000,1.152502,57.000000,213.000000,0.057655,0.069313,0.182653,33.792643,81.770799,69.911153,59.757869,60.009854,75.000000,61.731682,38.268318,0.179283,0.011952,否,,否,,中风险,信用得分=61.73，有效销项金额=11624137.96，毛利率=13.27%，有效经营月份=36.0，最大作废率=17.93%，最大负数率=1.20%，进销匹配差异=0.18，客户HHI=0.058，供应商HHI=0.069
装饰装修与家居,高冲击,1.250000,E296,***装饰设计工程有限公司,类D,7732041.975000,5441938.890000,386602.098750,0.435115,219.000000,1446.000000,0.130952,0.063472,0.075397,0.018135,28.000000,14.000000,1.854885,18.000000,381.000000,0.394916,0.043255,0.560115,33.096770,35.015479,60.555157,53.417172,44.505125,30.000000,44.099512,55.900488,0.130952,0.075397,否,,是,信用得分44.10 < 50；高冲击行业且销项收入波动系数>1.5,高风险,信用得分=44.10，有效销项金额=7732041.97，毛利率=43.51%，有效经营月份=28.0，最大作废率=13.10%，最大负数率=7.54%，进销匹配差异=0.56，客户HHI=0.395，供应商HHI=0.043
建筑与工程,中高冲击,1.000000,E297,***建筑机械租赁有限公司,类C,10643880.031200,10296967.850000,760277.145085,0.170422,162.000000,50.000000,0.114754,0.000000,0.000000,0.000000,16.000000,4.000000,0.937139,3.000000,10.000000,0.488659,0.583601,0.245422,35.267387,49.761963,79.639555,17.067575,46.344111,60.000000,48.092643,51.907357,0.114754,0.000000,否,,是,信用得分48.09 < 50,高风险,信用得分=48.09，有效销项金额=10643880.03，毛利率=17.04%，有效经营月份=16.0，最大作废率=11.48%，最大负数率=0.00%，进销匹配差异=0.25，客户HHI=0.489，供应商HHI=0.584
其他服务,中冲击,1.000000,E298,***电器维护服务有限公司,类B,13794066.194500,5471901.900000,363001.741961,0.612818,2436.000000,902.000000,0.134021,0.007701,0.011376,0.011001,37.000000,1.000000,0.689975,253.000000,70.000000,0.291747,0.103200,0.662818,25.423192,90.694792,67.931345,61.112579,59.506008,75.000000,61.200108,38.799892,0.134021,0.011376,否,,否,,中风险,信用得分=61.20，有效销项金额=13794066.19，毛利率=61.28%，有效经营月份=37.0，最大作废率=13.40%，最大负数率=1.14%，进销匹配差异=0.66，客户HHI=0.292，供应商HHI=0.103
其他服务,中冲击,1.150000,E299,***压缩天然气有限责任公司,类C,16287439.206725,24189235.730000,428616.821229,-0.286459,495.000000,570.000000,0.091743,0.037162,0.011009,0.010135,37.000000,1.000000,0.931074,265.000000,109.000000,0.323242,0.418730,0.228959,6.272638,87.346199,81.497848,52.519438,54.596691,60.000000,55.915749,44.084251,0.091743,0.011009,否,,否,,中风险,信用得分=55.92，有效销项金额=16287439.21，毛利率=-28.65%，有效经营月份=37.0，最大作废率=9.17%，最大负数率=1.10%，进销匹配差异=0.23，客户HHI=0.323，供应商HHI=0.419
建筑与工程,中高冲击,1.150000,E300,***建设工程有限公司,类C,13848585.035130,14744459.950000,728872.896586,0.118426,223.000000,747.000000,0.093496,0.031128,0.016260,0.002594,33.000000,8.000000,1.679867,23.000000,232.000000,0.154502,0.060656,0.204676,35.827485,54.946287,80.889730,54.972810,55.701812,60.000000,57.163123,42.836877,0.093496,0.016260,否,,否,,中风险,信用得分=57.16，有效销项金额=13848585.04，毛利率=11.84%，有效经营月份=33.0，最大作废率=9.35%，最大负数率=1.63%，进销匹配差异=0.20，客户HHI=0.155，供应商HHI=0.061
其他服务,中冲击,1.150000,E301,***企业管理咨询有限公司,类B,12754440.625750,3919541.140000,375130.606639,0.688203,428.000000,2971.000000,0.065502,0.019148,0.017467,0.002311,35.000000,1.000000,1.427293,119.000000,789.000000,0.112634,0.066295,0.745703,21.137604,78.954265,75.159867,79.739973,60.817809,75.000000,63.313215,36.686785,0.065502,0.017467,否,,否,,中风险,信用得分=63.31，有效销项金额=12754440.63，毛利率=68.82%，有效经营月份=35.0，最大作废率=6.55%，最大负数率=1.75%，进销匹配差异=0.75，客户HHI=0.113，供应商HHI=0.066
制造与设备,中冲击,1.000000,E302,***机电设备有限公司,类C,7958108.824500,3118772.120000,221058.578458,0.616886,261.000000,899.000000,0.096886,0.058639,0.003460,0.008377,37.000000,2.000000,1.052074,33.000000,236.000000,0.092797,0.098379,0.666886,23.358627,83.165642,73.508905,56.703107,57.516847,60.000000,58.190633,41.809367,0.096886,0.008377,否,,否,,中风险,信用得分=58.19，有效销项金额=7958108.82，毛利率=61.69%，有效经营月份=37.0，最大作废率=9.69%，最大负数率=0.84%，进销匹配差异=0.67，客户HHI=0.093，供应商HHI=0.098
其他服务,中冲击,1.000000,E303,***图书发行有限公司,类C,13895413.938500,2176920.410000,421073.149652,0.816835,315.000000,682.000000,0.125000,0.015873,0.002778,0.001443,37.000000,5.000000,0.581924,42.000000,108.000000,0.105707,0.295406,0.866835,14.556727,82.195503,66.913687,45.547044,50.753725,60.000000,51.916113,48.083887,0.125000,0.002778,否,,否,,中风险,信用得分=51.92，有效销项金额=13895413.94，毛利率=81.68%，有效经营月份=37.0，最大作废率=12.50%，最大负数率=0.28%，进销匹配差异=0.87，客户HHI=0.106，供应商HHI=0.295
科技与线上服务,中冲击,1.150000,E304,***环保科技有限公司,类C,7760802.547125,16812220.660000,209751.420192,-0.850113,951.000000,588.000000,0.075802,0.031301,0.000000,0.001647,36.000000,1.000000,0.833033,198.000000,142.000000,0.047273,0.209930,0.792613,2.372313,88.707874,75.269942,64.018975,54.509943,60.000000,55.955934,44.044066,0.075802,0.001647,否,,否,,中风险,信用得分=55.96，有效销项金额=7760802.55，毛利率=-85.01%，有效经营月份=36.0，最大作废率=7.58%，最大负数率=0.16%，进销匹配差异=0.79，客户HHI=0.047，供应商HHI=0.210
其他服务,中冲击,1.000000,E305,***劳务有限公司,类C,40661540.304000,19412737.840000,1563905.396307,0.544191,321.000000,575.000000,0.105850,0.025424,0.005571,0.000000,36.000000,3.000000,1.105005,4.000000,164.000000,0.334961,0.395127,0.594191,39.911420,79.930486,73.947007,34.228320,57.288463,60.000000,57.296368,42.703632,0.105850,0.005571,否,,否,,中风险,信用得分=57.30，有效销项金额=40661540.30，毛利率=54.42%，有效经营月份=36.0，最大作废率=10.59%，最大负数率=0.56%，进销匹配差异=0.59，客户HHI=0.335，供应商HHI=0.395
可选消费与门店经营,高冲击,1.000000,E306,个体经营E306 ,类C,8784849.220000,3607070.910000,258377.918235,0.612579,329.000000,1225.000000,0.138743,0.020783,0.020942,0.003997,32.000000,3.000000,1.428649,64.000000,340.000000,0.078735,0.229848,0.712579,23.925701,69.435424,64.964548,59.605200,52.698743,60.000000,54.030687,45.969313,0.138743,0.020942,否,,否,,中风险,信用得分=54.03，有效销项金额=8784849.22，毛利率=61.26%，有效经营月份=32.0，最大作废率=13.87%，最大负数率=2.09%，进销匹配差异=0.71，客户HHI=0.079，供应商HHI=0.230
建筑与工程,中高冲击,1.150000,E307,***通信工程有限公司,类C,4583715.606090,3079011.130000,327408.257578,0.411969,98.000000,452.000000,0.147826,0.019523,0.000000,0.000000,31.000000,6.000000,2.555888,10.000000,110.000000,0.324016,0.412703,0.498219,32.174508,52.500000,70.585527,32.308419,46.885418,60.000000,48.651693,51.348307,0.147826,0.000000,否,,是,信用得分48.65 < 50,高风险,信用得分=48.65，有效销项金额=4583715.61，毛利率=41.20%，有效经营月份=31.0，最大作废率=14.78%，最大负数率=0.00%，进销匹配差异=0.50，客户HHI=0.324，供应商HHI=0.413
文娱广告与线下服务,高冲击,1.000000,E308,***餐饮文化服务有限公司,类B,8357182.092000,8216874.260000,225869.786270,0.211752,1613.000000,487.000000,0.199504,0.052529,0.005459,0.017510,35.000000,2.000000,0.717201,1535.000000,64.000000,0.001383,0.069548,0.311752,32.567282,86.316653,63.987280,75.736569,62.493482,75.000000,64.049285,35.950715,0.199504,0.017510,否,,否,,中风险,信用得分=64.05，有效销项金额=8357182.09，毛利率=21.18%，有效经营月份=35.0，最大作废率=19.95%，最大负数率=1.75%，进销匹配差异=0.31，客户HHI=0.001，供应商HHI=0.070
可选消费与门店经营,高冲击,1.000000,E309,个体经营E309 ,类C,8913314.487000,6372921.700000,270100.439000,0.399508,172.000000,934.000000,0.184834,0.052738,0.009479,0.014199,33.000000,4.000000,1.412922,38.000000,194.000000,0.092717,0.080252,0.499508,32.869731,68.653861,63.252000,55.997860,54.036957,60.000000,54.960777,45.039223,0.184834,0.014199,否,,否,,中风险,信用得分=54.96，有效销项金额=8913314.49，毛利率=39.95%，有效经营月份=33.0，最大作废率=18.48%，最大负数率=1.42%，进销匹配差异=0.50，客户HHI=0.093，供应商HHI=0.080
其他服务,中冲击,1.000000,E310,***律师事务所,类B,9444785.446500,3675969.840000,304670.498275,0.619175,938.000000,1839.000000,0.059178,0.012352,0.030090,0.004834,30.000000,1.000000,0.692063,449.000000,480.000000,0.023542,0.057114,0.669175,23.899232,81.665799,75.491017,92.752586,65.009491,75.000000,67.231239,32.768761,0.059178,0.030090,否,,否,,较低风险,信用得分=67.23，有效销项金额=9444785.45，毛利率=61.92%，有效经营月份=30.0，最大作废率=5.92%，最大负数率=3.01%，进销匹配差异=0.67，客户HHI=0.024，供应商HHI=0.057
其他服务,中冲击,1.000000,E311,***律师事务所,类C,9070715.041000,1996852.280000,348873.655423,0.762879,411.000000,2514.000000,0.119914,0.011792,0.040685,0.008648,26.000000,1.000000,0.783289,131.000000,346.000000,0.048388,0.051656,0.812879,16.162932,74.398767,62.883907,71.895605,53.548669,60.000000,55.020584,44.979416,0.119914,0.040685,否,,否,,中风险,信用得分=55.02，有效销项金额=9070715.04，毛利率=76.29%，有效经营月份=26.0，最大作废率=11.99%，最大负数率=4.07%，进销匹配差异=0.81，客户HHI=0.048，供应商HHI=0.052
装饰装修与家居,高冲击,1.150000,E312,***家居用品有限公司,类C,8024811.899100,73673797.930000,216886.808084,-5.128392,666.000000,4433.000000,0.024890,0.047077,0.021962,0.006879,35.000000,2.000000,0.846032,190.000000,906.000000,0.164000,0.064533,5.013392,2.458623,84.527337,55.114920,83.835559,52.415263,60.000000,54.065965,45.934035,0.047077,0.021962,是,进销匹配差异5.01 > 4,否,,中风险,信用得分=54.07，有效销项金额=8024811.90，毛利率=-512.84%，有效经营月份=35.0，最大作废率=4.71%，最大负数率=2.20%，进销匹配差异=5.01，客户HHI=0.164，供应商HHI=0.065
物流运输,中冲击,1.000000,E313,***物流有限公司,类B,11239164.678000,7075381.480000,303761.207513,0.414900,279.000000,325.000000,0.060606,0.018127,0.026936,0.015106,37.000000,2.000000,0.792755,29.000000,63.000000,0.198202,0.191030,0.464900,33.509459,86.767292,79.339010,43.077000,60.194813,75.000000,61.680976,38.319024,0.060606,0.026936,否,,否,,中风险,信用得分=61.68，有效销项金额=11239164.68，毛利率=41.49%，有效经营月份=37.0，最大作废率=6.06%，最大负数率=2.69%，进销匹配差异=0.46，客户HHI=0.198，供应商HHI=0.191
文娱广告与线下服务,高冲击,1.000000,E314,***房地产营销策划有限公司,类C,5183809.778000,2971881.770000,167219.670258,0.498690,110.000000,1237.000000,0.133858,0.009608,0.015748,0.031225,34.000000,4.000000,1.490593,5.000000,233.000000,0.293383,0.335420,0.598690,28.986056,69.075090,66.099055,40.313792,50.552112,60.000000,51.649054,48.350946,0.133858,0.031225,否,,否,,中风险,信用得分=51.65，有效销项金额=5183809.78，毛利率=49.87%，有效经营月份=34.0，最大作废率=13.39%，最大负数率=3.12%，进销匹配差异=0.60，客户HHI=0.293，供应商HHI=0.335
其他服务,中冲击,1.000000,E315,***轮胎有限公司,类B,9723926.534500,2140613.280000,262808.825257,0.762882,1533.000000,376.000000,0.029747,0.030928,0.001899,0.010309,37.000000,1.000000,0.499713,140.000000,95.000000,0.147916,0.058010,0.812882,15.947807,93.337326,79.898295,59.127727,59.918793,75.000000,61.954536,38.045464,0.030928,0.010309,否,,否,,中风险,信用得分=61.95，有效销项金额=9723926.53，毛利率=76.29%，有效经营月份=37.0，最大作废率=3.09%，最大负数率=1.03%，进销匹配差异=0.81，客户HHI=0.148，供应商HHI=0.058
可选消费与门店经营,高冲击,1.150000,E316,个体经营E316 ,类C,7087586.645350,2516088.690000,214775.352889,0.652475,404.000000,754.000000,0.114035,0.016949,0.028509,0.003911,34.000000,3.000000,1.866167,22.000000,185.000000,0.530236,0.090250,0.767475,21.204062,66.358790,66.327937,40.011168,47.535134,60.000000,49.156992,50.843008,0.114035,0.028509,否,,是,信用得分49.16 < 50；高冲击行业且销项收入波动系数>1.5,高风险,信用得分=49.16，有效销项金额=7087586.65，毛利率=65.25%，有效经营月份=34.0，最大作废率=11.40%，最大负数率=2.85%，进销匹配差异=0.77，客户HHI=0.530，供应商HHI=0.090
科技与线上服务,中冲击,1.250000,E317,***科技有限公司,类C,4643477.280000,1637924.230000,185739.091200,0.650902,171.000000,347.000000,0.181818,0.019774,0.047847,0.008475,31.000000,7.000000,1.447163,33.000000,107.000000,0.078513,0.103963,0.713402,20.643784,57.678299,54.883895,51.793730,44.692429,60.000000,46.776325,53.223675,0.181818,0.047847,否,,是,信用得分46.78 < 50,高风险,信用得分=46.78，有效销项金额=4643477.28，毛利率=65.09%，有效经营月份=31.0，最大作废率=18.18%，最大负数率=4.78%，进销匹配差异=0.71，客户HHI=0.079，供应商HHI=0.104
普通批发商贸,中冲击,1.000000,E318,***商贸有限公司,类C,9465655.921500,1186897.160000,249096.208461,0.843419,349.000000,297.000000,0.146699,0.010000,0.004890,0.006667,37.000000,1.000000,0.403886,16.000000,25.000000,0.201558,0.303869,0.893419,11.442631,94.668247,62.827257,36.783488,50.163363,60.000000,50.857819,49.142181,0.146699,0.006667,否,,否,,中风险,信用得分=50.86，有效销项金额=9465655.92，毛利率=84.34%，有效经营月份=37.0，最大作废率=14.67%，最大负数率=0.67%，进销匹配差异=0.89，客户HHI=0.202，供应商HHI=0.304
可选消费与门店经营,高冲击,1.000000,E319,个体经营E319 ,类B,9489574.318000,7265941.140000,263599.286611,0.364027,691.000000,176.000000,0.068733,0.032967,0.008086,0.005495,34.000000,2.000000,0.686100,174.000000,36.000000,0.032056,0.090134,0.464027,32.966917,85.248611,81.044007,62.161278,63.895485,75.000000,65.484709,34.515291,0.068733,0.008086,否,,否,,较低风险,信用得分=65.48，有效销项金额=9489574.32，毛利率=36.40%，有效经营月份=34.0，最大作废率=6.87%，最大负数率=0.81%，进销匹配差异=0.46，客户HHI=0.032，供应商HHI=0.090
建筑与工程,中高冲击,1.000000,E320,***建筑设计有限公司,类C,6629389.291200,6696594.760000,1104898.215200,0.137093,92.000000,231.000000,0.061224,0.053279,0.000000,0.000000,28.000000,6.000000,1.225239,5.000000,77.000000,0.466403,0.645411,0.212093,35.827012,58.760576,87.717012,18.558539,51.079209,60.000000,52.349829,47.650171,0.061224,0.000000,否,,否,,中风险,信用得分=52.35，有效销项金额=6629389.29，毛利率=13.71%，有效经营月份=28.0，最大作废率=6.12%，最大负数率=0.00%，进销匹配差异=0.21，客户HHI=0.466，供应商HHI=0.645
物流运输,中冲击,1.000000,E321,***生物流有限公司,类C,9621319.736500,5147612.820000,260035.668554,0.495232,365.000000,62.000000,0.145199,0.015873,0.014052,0.015873,36.000000,1.000000,1.069585,125.000000,15.000000,0.037459,0.657056,0.545232,30.513353,85.422431,67.749630,39.049167,55.256855,60.000000,55.460065,44.539935,0.145199,0.015873,否,,否,,中风险,信用得分=55.46，有效销项金额=9621319.74，毛利率=49.52%，有效经营月份=36.0，最大作废率=14.52%，最大负数率=1.59%，进销匹配差异=0.55，客户HHI=0.037，供应商HHI=0.657
装饰装修与家居,高冲击,1.000000,E322,***装饰工程设计有限公司,类C,7049031.003000,9064070.760000,243070.034586,-0.000102,832.000000,884.000000,0.054545,0.022124,0.050000,0.013274,28.000000,3.000000,1.275312,14.000000,230.000000,0.235423,0.088297,0.099898,28.062295,65.565111,83.115485,50.692129,55.727263,60.000000,57.045893,42.954107,0.054545,0.050000,否,,否,,中风险,信用得分=57.05，有效销项金额=7049031.00，毛利率=-0.01%，有效经营月份=28.0，最大作废率=5.45%，最大负数率=5.00%，进销匹配差异=0.10，客户HHI=0.235，供应商HHI=0.088
装饰装修与家居,高冲击,1.250000,E323,***建筑装饰工程有限公司,类D,3426467.825000,3996447.270000,214154.239062,0.146034,117.000000,468.000000,0.290909,0.065868,0.000000,0.007984,24.000000,8.000000,1.901421,14.000000,144.000000,0.381702,0.075989,0.271034,31.457497,38.369158,59.059305,42.939371,42.382239,30.000000,41.890906,58.109094,0.290909,0.007984,否,,是,信用得分41.89 < 50；最大作废率29.09% > 25%；高冲击行业且销项收入波动系数>1.5,高风险,信用得分=41.89，有效销项金额=3426467.82，毛利率=14.60%，有效经营月份=24.0，最大作废率=29.09%，最大负数率=0.80%，进销匹配差异=0.27，客户HHI=0.382，供应商HHI=0.076
其他服务,中冲击,1.150000,E324,***汽贸有限公司,类D,11420545.438675,79367372.220000,308663.390234,-4.808232,339.000000,1569.000000,0.185096,0.032079,0.014423,0.003701,36.000000,1.000000,0.926114,41.000000,82.000000,0.404630,0.266463,4.750732,3.568756,87.415081,36.923110,35.768074,39.308789,30.000000,37.759597,62.240403,0.185096,0.014423,是,进销匹配差异4.75 > 4,否,,高风险,信用得分=37.76，有效销项金额=11420545.44，毛利率=-480.82%，有效经营月份=36.0，最大作废率=18.51%，最大负数率=1.44%，进销匹配差异=4.75，客户HHI=0.405，供应商HHI=0.266
其他服务,中冲击,1.150000,E325,***通讯器材有限公司,类C,9509137.604400,31237890.880000,250240.463274,-1.775870,4001.000000,513.000000,0.042823,0.032075,0.006938,0.022642,37.000000,1.000000,0.580754,1498.000000,63.000000,0.149052,0.578270,1.718370,2.915937,92.211751,60.537005,55.254876,50.112945,60.000000,51.356561,48.643439,0.042823,0.022642,否,,否,,中风险,信用得分=51.36，有效销项金额=9509137.60，毛利率=-177.59%，有效经营月份=37.0，最大作废率=4.28%，最大负数率=2.26%，进销匹配差异=1.72，客户HHI=0.149，供应商HHI=0.578
制造与设备,中冲击,1.000000,E326,***包装材料有限公司,类B,9416825.810000,8824077.060000,285358.357879,0.153504,181.000000,270.000000,0.085859,0.055944,0.000000,0.000000,33.000000,1.000000,0.749408,36.000000,38.000000,0.183824,0.091775,0.203504,33.041153,85.369340,84.418420,46.274152,61.614116,75.000000,63.193592,36.806408,0.085859,0.000000,否,,否,,中风险,信用得分=63.19，有效销项金额=9416825.81，毛利率=15.35%，有效经营月份=33.0，最大作废率=8.59%，最大负数率=0.00%，进销匹配差异=0.20，客户HHI=0.184，供应商HHI=0.092
可选消费与门店经营,高冲击,1.200000,E327,个体经营E327 ,类C,11517061.619200,10740900.510000,319918.378311,0.283131,251.000000,466.000000,0.073801,0.029167,0.003690,0.000000,34.000000,2.000000,0.956026,7.000000,61.000000,0.852198,0.186766,0.403131,33.636031,81.499644,82.059567,22.083141,55.397241,60.000000,55.640457,44.359543,0.073801,0.003690,否,,否,,中风险,信用得分=55.64，有效销项金额=11517061.62，毛利率=28.31%，有效经营月份=34.0，最大作废率=7.38%，最大负数率=0.37%，进销匹配差异=0.40，客户HHI=0.852，供应商HHI=0.187
科技与线上服务,中冲击,1.150000,E328,***科技有限公司,类C,6900575.509650,2291691.510000,265406.750371,0.667686,144.000000,447.000000,0.121951,0.038710,0.024390,0.010753,29.000000,2.000000,1.629072,43.000000,92.000000,0.088744,0.160128,0.725186,20.543296,64.651771,66.577605,49.863140,48.942961,60.000000,50.683207,49.316793,0.121951,0.024390,否,,否,,中风险,信用得分=50.68，有效销项金额=6900575.51，毛利率=66.77%，有效经营月份=29.0，最大作废率=12.20%，最大负数率=2.44%，进销匹配差异=0.73，客户HHI=0.089，供应商HHI=0.160
其他服务,中冲击,1.100000,E329,***园艺有限责任公司,类D,9243956.093500,1251.890000,513553.116305,0.944887,124.000000,5.000000,0.038760,0.000000,0.000000,0.000000,18.000000,6.000000,0.834924,14.000000,4.000000,0.236276,0.293449,0.999887,6.952878,49.181617,77.075577,35.088439,40.667850,30.000000,40.861125,59.138875,0.038760,0.000000,否,,是,信用得分40.86 < 50,高风险,信用得分=40.86，有效销项金额=9243956.09，毛利率=94.49%，有效经营月份=18.0，最大作废率=3.88%，最大负数率=0.00%，进销匹配差异=1.00，客户HHI=0.236，供应商HHI=0.293
其他服务,中冲击,1.000000,E330,***酒店管理有限公司,类B,7052465.580500,2696224.730000,185591.199487,0.625037,7773.000000,1344.000000,0.007660,0.021834,0.004341,0.004367,37.000000,1.000000,0.604903,1418.000000,233.000000,0.249883,0.074715,0.675037,22.572548,91.876354,84.475043,74.999891,65.859592,75.000000,67.637147,32.362853,0.021834,0.004367,否,,否,,较低风险,信用得分=67.64，有效销项金额=7052465.58，毛利率=62.50%，有效经营月份=37.0，最大作废率=2.18%，最大负数率=0.44%，进销匹配差异=0.68，客户HHI=0.250，供应商HHI=0.075
文娱广告与线下服务,高冲击,1.250000,E331,***广告有限公司,类C,3774965.643750,1197830.900000,157290.235156,0.676682,88.000000,139.000000,0.073684,0.034722,0.031579,0.006944,33.000000,5.000000,2.503634,13.000000,77.000000,0.288525,0.111855,0.801682,18.933112,58.000000,70.917955,42.001526,46.309727,60.000000,48.463072,51.536928,0.073684,0.031579,否,,是,信用得分48.46 < 50；高冲击行业且销项收入波动系数>1.5,高风险,信用得分=48.46，有效销项金额=3774965.64，毛利率=67.67%，有效经营月份=33.0，最大作废率=7.37%，最大负数率=3.16%，进销匹配差异=0.80，客户HHI=0.289，供应商HHI=0.112
普通批发商贸,中冲击,1.150000,E332,***商贸有限公司,类B,25312364.548950,16194935.730000,973552.482652,0.413063,378.000000,817.000000,0.025773,0.023895,0.007732,0.005974,36.000000,2.000000,1.580961,6.000000,207.000000,0.777578,0.198188,0.470563,39.306050,75.819984,86.997128,28.227571,58.141607,75.000000,59.885305,40.114695,0.025773,0.007732,否,,否,,中风险,信用得分=59.89，有效销项金额=25312364.55，毛利率=41.31%，有效经营月份=36.0，最大作废率=2.58%，最大负数率=0.77%，进销匹配差异=0.47，客户HHI=0.778，供应商HHI=0.198
文娱广告与线下服务,高冲击,1.000000,E333,***房地产营销策划有限公司,类C,4984283.220000,1313617.230000,171871.835172,0.715514,127.000000,844.000000,0.072993,0.005889,0.007299,0.005889,32.000000,3.000000,1.077372,5.000000,185.000000,0.607953,0.117628,0.815514,17.135563,74.314278,74.414635,35.281431,49.379183,60.000000,50.806691,49.193309,0.072993,0.007299,否,,否,,中风险,信用得分=50.81，有效销项金额=4984283.22，毛利率=71.55%，有效经营月份=32.0，最大作废率=7.30%，最大负数率=0.73%，进销匹配差异=0.82，客户HHI=0.608，供应商HHI=0.118
科技与线上服务,中冲击,1.000000,E334,***机械科技有限公司,类C,6400446.424500,5450873.570000,220705.049121,0.226106,185.000000,147.000000,0.060914,0.020000,0.030457,0.000000,30.000000,2.000000,0.765339,20.000000,25.000000,0.599760,0.413377,0.276106,32.124738,78.148073,82.071635,20.831039,53.858556,60.000000,54.344916,45.655084,0.060914,0.030457,否,,否,,中风险,信用得分=54.34，有效销项金额=6400446.42，毛利率=22.61%，有效经营月份=30.0，最大作废率=6.09%，最大负数率=3.05%，进销匹配差异=0.28，客户HHI=0.600，供应商HHI=0.413
其他服务,中冲击,1.100000,E335,***挖掘机租赁经营部,类C,4553627.276400,3245504.410000,252979.293133,0.349871,272.000000,431.000000,0.200000,0.018223,0.000000,0.000000,22.000000,3.000000,1.267673,9.000000,58.000000,0.349404,0.364699,0.404871,31.860532,56.671214,64.914758,30.861837,46.127020,60.000000,47.700433,52.299567,0.200000,0.000000,否,,是,信用得分47.70 < 50,高风险,信用得分=47.70，有效销项金额=4553627.28，毛利率=34.99%，有效经营月份=22.0，最大作废率=20.00%，最大负数率=0.00%，进销匹配差异=0.40，客户HHI=0.349，供应商HHI=0.365
其他服务,中冲击,1.450000,E336,***猕猴桃专业合作社,类D,2251155.861250,262083.750000,204650.532841,0.836400,48.000000,7.000000,0.094340,0.000000,0.000000,0.000000,13.000000,11.000000,3.128034,19.000000,4.000000,0.379362,0.992269,0.908900,10.088873,13.000000,70.886650,14.667125,26.931749,30.000000,28.777306,71.222694,0.094340,0.000000,否,,是,信用得分28.78 < 50,高风险,信用得分=28.78，有效销项金额=2251155.86，毛利率=83.64%，有效经营月份=13.0，最大作废率=9.43%，最大负数率=0.00%，进销匹配差异=0.91，客户HHI=0.379，供应商HHI=0.992
可选消费与门店经营,高冲击,1.000000,E337,个体经营E337 ,类C,7921077.605000,293179.110000,220029.933472,0.874091,678.000000,66.000000,0.100796,0.043478,0.009284,0.000000,34.000000,2.000000,0.840063,99.000000,35.000000,0.062055,0.267098,0.974091,9.317043,83.110236,67.449367,49.481864,50.331387,60.000000,51.710023,48.289977,0.100796,0.009284,否,,否,,中风险,信用得分=51.71，有效销项金额=7921077.60，毛利率=87.41%，有效经营月份=34.0，最大作废率=10.08%，最大负数率=0.93%，进销匹配差异=0.97，客户HHI=0.062，供应商HHI=0.267
普通批发商贸,中冲击,1.250000,E338,***商贸有限公司,类C,5978421.401875,570761.980000,199280.713396,0.859930,82.000000,251.000000,0.078652,0.003968,0.000000,0.007937,32.000000,4.000000,1.422045,4.000000,89.000000,0.308414,0.090309,0.922430,9.585562,67.027150,71.655645,41.832584,45.912884,60.000000,48.082248,51.917752,0.078652,0.007937,否,,是,信用得分48.08 < 50,高风险,信用得分=48.08，有效销项金额=5978421.40，毛利率=85.99%，有效经营月份=32.0，最大作废率=7.87%，最大负数率=0.79%，进销匹配差异=0.92，客户HHI=0.308，供应商HHI=0.090
其他服务,中冲击,1.000000,E339,***居益卫浴家俬厂,类C,3314802.026500,2892673.650000,165740.101325,0.208245,168.000000,126.000000,0.045455,0.000000,0.022727,0.000000,22.000000,3.000000,0.842500,36.000000,32.000000,0.125018,0.179294,0.258245,31.233440,62.576389,85.707962,45.112551,55.463630,60.000000,56.773139,43.226861,0.045455,0.022727,否,,否,,中风险,信用得分=56.77，有效销项金额=3314802.03，毛利率=20.82%，有效经营月份=22.0，最大作废率=4.55%，最大负数率=2.27%，进销匹配差异=0.26，客户HHI=0.125，供应商HHI=0.179
物流运输,中冲击,1.450000,E340,***物流有限公司,类D,5342694.209975,29649.720000,166959.194062,0.923157,137.000000,10.000000,0.164634,0.090909,0.067073,0.000000,31.000000,2.000000,1.621078,45.000000,4.000000,0.079429,0.911235,0.995657,5.866436,67.762806,49.466292,26.362361,36.339677,30.000000,35.658215,64.341785,0.164634,0.067073,否,,是,信用得分35.66 < 50,高风险,信用得分=35.66，有效销项金额=5342694.21，毛利率=92.32%，有效经营月份=31.0，最大作废率=16.46%，最大负数率=6.71%，进销匹配差异=1.00，客户HHI=0.079，供应商HHI=0.911
其他服务,中冲击,1.300000,E341,***纺织品有限公司,类C,2719852.936500,1434811.700000,181323.529100,0.510336,69.000000,53.000000,0.080000,0.000000,0.000000,0.000000,16.000000,3.000000,0.858384,26.000000,15.000000,0.078401,0.893482,0.575336,27.878699,53.355777,78.731620,25.227774,46.431014,60.000000,48.369290,51.630710,0.080000,0.000000,否,,是,信用得分48.37 < 50,高风险,信用得分=48.37，有效销项金额=2719852.94，毛利率=51.03%，有效经营月份=16.0，最大作废率=8.00%，最大负数率=0.00%，进销匹配差异=0.58，客户HHI=0.078，供应商HHI=0.893
制造与设备,中冲击,1.000000,E342,***裕华机械厂,类C,4190178.394000,2240183.790000,123240.541000,0.495567,132.000000,245.000000,0.169811,0.068441,0.006289,0.003802,37.000000,2.000000,0.721816,22.000000,55.000000,0.269477,0.100409,0.545567,28.760816,87.752552,65.735687,42.814776,55.563260,60.000000,55.737591,44.262409,0.169811,0.006289,否,,否,,中风险,信用得分=55.74，有效销项金额=4190178.39，毛利率=49.56%，有效经营月份=37.0，最大作废率=16.98%，最大负数率=0.63%，进销匹配差异=0.55，客户HHI=0.269，供应商HHI=0.100
普通批发商贸,中冲击,1.300000,E343,***五金工具经营部,类D,2054327.840250,792.450000,55522.374061,0.934689,401.000000,3.000000,0.073903,0.000000,0.023095,0.000000,36.000000,1.000000,0.873146,29.000000,1.000000,0.431368,1.000000,0.999689,4.069171,88.150752,68.694772,13.801035,43.192339,30.000000,41.581343,58.418657,0.073903,0.023095,否,,是,信用得分41.58 < 50,高风险,信用得分=41.58，有效销项金额=2054327.84，毛利率=93.47%，有效经营月份=36.0，最大作废率=7.39%，最大负数率=2.31%，进销匹配差异=1.00，客户HHI=0.431，供应商HHI=1.000
制造与设备,中冲击,1.150000,E344,***机械有限公司,类C,1904385.263800,1400067.960000,51469.871995,0.334138,88.000000,118.000000,0.053763,0.024793,0.053763,0.016529,37.000000,1.000000,1.528788,54.000000,50.000000,0.104157,0.267845,0.391638,30.457734,79.044614,77.555065,45.108322,57.308904,60.000000,57.833787,42.166213,0.053763,0.053763,否,,否,,中风险,信用得分=57.83，有效销项金额=1904385.26，毛利率=33.41%，有效经营月份=37.0，最大作废率=5.38%，最大负数率=5.38%，进销匹配差异=0.39，客户HHI=0.104，供应商HHI=0.268
科技与线上服务,中冲击,1.000000,E345,***科技有限公司,类C,1911145.601500,582446.760000,70783.170426,0.690951,75.000000,249.000000,0.137931,0.015810,0.000000,0.000000,34.000000,3.000000,1.131034,21.000000,105.000000,0.202890,0.089191,0.740951,17.396199,76.568976,67.723017,47.239389,50.739736,60.000000,52.041477,47.958523,0.137931,0.000000,否,,否,,中风险,信用得分=52.04，有效销项金额=1911145.60，毛利率=69.10%，有效经营月份=34.0，最大作废率=13.79%，最大负数率=0.00%，进销匹配差异=0.74，客户HHI=0.203，供应商HHI=0.089
可选消费与门店经营,高冲击,1.150000,E346,个体经营E346 ,类B,1577590.280900,2307017.620000,43821.952247,-0.072851,605.000000,487.000000,0.062016,0.018145,0.003101,0.014113,34.000000,2.000000,1.107244,106.000000,92.000000,0.044119,0.106862,0.042149,19.825706,79.399390,88.463202,58.045515,59.522463,75.000000,62.061208,37.938792,0.062016,0.014113,否,,否,,中风险,信用得分=62.06，有效销项金额=1577590.28，毛利率=-7.29%，有效经营月份=34.0，最大作废率=6.20%，最大负数率=1.41%，进销匹配差异=0.04，客户HHI=0.044，供应商HHI=0.107
制造与设备,中冲击,1.000000,E347,***不锈钢材料有限公司,类C,1799533.470000,974659.340000,49987.040833,0.489625,170.000000,85.000000,0.190476,0.022989,0.000000,0.000000,36.000000,1.000000,1.158995,38.000000,34.000000,0.062373,0.086862,0.539625,28.267674,84.180625,63.889922,50.323559,55.562651,60.000000,55.940236,44.059764,0.190476,0.000000,否,,否,,中风险,信用得分=55.94，有效销项金额=1799533.47，毛利率=48.96%，有效经营月份=36.0，最大作废率=19.05%，最大负数率=0.00%，进销匹配差异=0.54，客户HHI=0.062，供应商HHI=0.087
其他服务,中冲击,1.000000,E348,***酒店管理有限公司,类B,1921733.363000,772629.590000,56521.569500,0.608259,4050.000000,192.000000,0.051300,0.040000,0.007730,0.025000,33.000000,1.000000,0.443419,986.000000,33.000000,0.053205,0.150791,0.658259,21.850030,89.619184,77.548467,70.821582,62.511238,75.000000,64.437777,35.562223,0.051300,0.025000,否,,否,,中风险,信用得分=64.44，有效销项金额=1921733.36，毛利率=60.83%，有效经营月份=33.0，最大作废率=5.13%，最大负数率=2.50%，进销匹配差异=0.66，客户HHI=0.053，供应商HHI=0.151
文娱广告与线下服务,高冲击,1.200000,E349,***营销策划广告有限公司,类D,2130607.238400,6878.610000,355101.206400,0.877934,39.000000,9.000000,0.000000,0.000000,0.000000,0.000000,8.000000,7.000000,0.467461,2.000000,7.000000,0.511898,0.255110,0.997934,8.419011,36.785267,82.536155,26.730637,37.702186,30.000000,38.441972,61.558028,0.000000,0.000000,否,,是,信用得分38.44 < 50；高冲击行业且有效经营月份数<12,高风险,信用得分=38.44，有效销项金额=2130607.24，毛利率=87.79%，有效经营月份=8.0，最大作废率=0.00%，最大负数率=0.00%，进销匹配差异=1.00，客户HHI=0.512，供应商HHI=0.255
制造与设备,中冲击,1.150000,E350,***演艺设备有限公司,类C,1218461.270625,406815.570000,46863.895024,0.666217,52.000000,623.000000,0.133333,0.009539,0.016667,0.001590,31.000000,3.000000,1.667531,30.000000,140.000000,0.139715,0.084394,0.723717,18.497399,64.617620,66.168283,51.546328,48.554961,60.000000,50.399210,49.600790,0.133333,0.016667,否,,否,,中风险,信用得分=50.40，有效销项金额=1218461.27，毛利率=66.62%，有效经营月份=31.0，最大作废率=13.33%，最大负数率=1.67%，进销匹配差异=0.72，客户HHI=0.140，供应商HHI=0.084
文娱广告与线下服务,高冲击,1.250000,E351,***文化传播有限公司,类D,660946.862500,297904.480000,31473.660119,0.593298,52.000000,100.000000,0.133333,0.009901,0.000000,0.009901,26.000000,7.000000,1.770793,14.000000,46.000000,0.189398,0.490019,0.718298,22.291205,45.683425,67.278015,31.891327,41.305987,30.000000,40.907255,59.092745,0.133333,0.009901,否,,是,信用得分40.91 < 50；高冲击行业且销项收入波动系数>1.5,高风险,信用得分=40.91，有效销项金额=660946.86，毛利率=59.33%，有效经营月份=26.0，最大作废率=13.33%，最大负数率=0.99%，进销匹配差异=0.72，客户HHI=0.189，供应商HHI=0.490
装饰装修与家居,高冲击,1.150000,E352,***居装饰工程有限公司,类D,1735725.208250,13736577.610000,72321.883677,-4.298688,47.000000,735.000000,0.096154,0.010767,0.000000,0.016151,35.000000,4.000000,0.931663,40.000000,52.000000,0.034361,0.121431,4.183688,0.507577,78.338015,49.115790,50.997491,42.215223,30.000000,41.272943,58.727057,0.096154,0.016151,是,进销匹配差异4.18 > 4,否,,高风险,信用得分=41.27，有效销项金额=1735725.21，毛利率=-429.87%，有效经营月份=35.0，最大作废率=9.62%，最大负数率=1.62%，进销匹配差异=4.18，客户HHI=0.034，供应商HHI=0.121
其他服务,中冲击,1.100000,E353,***税务师事务所有限公司,类C,2283008.870600,318399.440000,114150.443530,0.828547,68.000000,224.000000,0.150000,0.042735,0.050000,0.004274,33.000000,5.000000,0.827230,25.000000,104.000000,0.064082,0.069301,0.883547,10.150179,74.288469,56.037927,52.605952,46.147843,60.000000,47.925911,52.074089,0.150000,0.050000,否,,是,信用得分47.93 < 50,高风险,信用得分=47.93，有效销项金额=2283008.87，毛利率=82.85%，有效经营月份=33.0，最大作废率=15.00%，最大负数率=5.00%，进销匹配差异=0.88，客户HHI=0.064，供应商HHI=0.069
文娱广告与线下服务,高冲击,1.150000,E354,***广告有限公司,类C,1452167.245650,590037.090000,46844.104699,0.618864,293.000000,65.000000,0.092879,0.029851,0.021672,0.000000,33.000000,4.000000,1.684444,62.000000,11.000000,0.117637,0.377668,0.733864,21.130515,64.882728,70.903520,40.228385,48.331393,60.000000,50.030731,49.969269,0.092879,0.021672,否,,是,高冲击行业且销项收入波动系数>1.5,中风险,信用得分=50.03，有效销项金额=1452167.25，毛利率=61.89%，有效经营月份=33.0，最大作废率=9.29%，最大负数率=2.17%，进销匹配差异=0.73，客户HHI=0.118，供应商HHI=0.378
其他服务,中冲击,1.300000,E355,***地毯经营部,类C,961439.900400,505290.200000,36978.457708,0.511928,263.000000,3.000000,0.057348,0.250000,0.000000,0.000000,25.000000,1.000000,0.661591,104.000000,2.000000,0.039794,0.997911,0.576928,26.816995,74.589013,54.903760,32.357249,46.889742,60.000000,47.819441,52.180559,0.250000,0.000000,否,,是,信用得分47.82 < 50,高风险,信用得分=47.82，有效销项金额=961439.90，毛利率=51.19%，有效经营月份=25.0，最大作废率=25.00%，最大负数率=0.00%，进销匹配差异=0.58，客户HHI=0.040，供应商HHI=0.998
装饰装修与家居,高冲击,1.500000,E356,***建材装饰部,类D,829335.661000,16128.300000,30716.135592,0.839304,189.000000,3.000000,0.010471,0.000000,0.000000,0.000000,24.000000,3.000000,1.141570,4.000000,2.000000,0.843198,0.936634,0.989304,8.905813,61.422632,81.221240,0.000000,38.332712,30.000000,37.816290,62.183710,0.010471,0.000000,否,,是,信用得分37.82 < 50,高风险,信用得分=37.82，有效销项金额=829335.66，毛利率=83.93%，有效经营月份=24.0，最大作废率=1.05%，最大负数率=0.00%，进销匹配差异=0.99，客户HHI=0.843，供应商HHI=0.937
装饰装修与家居,高冲击,1.100000,E357,***家居经营部,类D,891165.016800,62418.020000,37131.875700,0.843073,144.000000,10.000000,0.064935,0.000000,0.000000,0.100000,24.000000,7.000000,0.773056,15.000000,5.000000,0.240979,0.589392,0.953073,8.740047,56.540885,59.230322,25.532426,36.671301,30.000000,36.407255,63.592745,0.064935,0.100000,否,,是,信用得分36.41 < 50,高风险,信用得分=36.41，有效销项金额=891165.02，毛利率=84.31%，有效经营月份=24.0，最大作废率=6.49%，最大负数率=10.00%，进销匹配差异=0.95，客户HHI=0.241，供应商HHI=0.589
普通批发商贸,中冲击,1.300000,E358,***五金经营部,类D,1291426.868900,528.300000,49670.264188,0.934671,259.000000,2.000000,0.139535,0.000000,0.112957,0.000000,25.000000,2.000000,0.733618,23.000000,1.000000,0.162973,1.000000,0.999671,3.881754,71.088638,46.027307,21.922977,34.828108,30.000000,34.079588,65.920412,0.139535,0.112957,否,,是,信用得分34.08 < 50,高风险,信用得分=34.08，有效销项金额=1291426.87，毛利率=93.47%，有效经营月份=25.0，最大作废率=13.95%，最大负数率=11.30%，进销匹配差异=1.00，客户HHI=0.163，供应商HHI=1.000
其他服务,中冲击,1.300000,E359,***厨房用品经营部,类D,958565.841100,528.300000,39940.243379,0.934556,224.000000,2.000000,0.078189,0.000000,0.012346,0.000000,23.000000,1.000000,0.824942,33.000000,1.000000,0.096099,1.000000,0.999556,3.776176,69.320245,69.709410,24.867143,40.863695,30.000000,40.208874,59.791126,0.078189,0.012346,否,,是,信用得分40.21 < 50,高风险,信用得分=40.21，有效销项金额=958565.84，毛利率=93.46%，有效经营月份=23.0，最大作废率=7.82%，最大负数率=1.23%，进销匹配差异=1.00，客户HHI=0.096，供应商HHI=1.000
建筑与工程,中高冲击,1.400000,E360,***建筑劳务有限公司,类D,1806379.444640,792.450000,361275.888928,0.894696,29.000000,3.000000,0.171429,0.000000,0.000000,0.000000,3.000000,14.000000,1.234740,2.000000,1.000000,0.694979,1.000000,0.999696,7.460437,10.628612,58.505260,3.366058,20.194811,30.000000,22.290358,77.709642,0.171429,0.000000,是,有效经营月份数3.0 < 6,否,,高风险,信用得分=22.29，有效销项金额=1806379.44，毛利率=89.47%，有效经营月份=3.0，最大作废率=17.14%，最大负数率=0.00%，进销匹配差异=1.00，客户HHI=0.695，供应商HHI=1.000
建筑与工程,中高冲击,1.150000,E361,***勘察设计工程有限公司,类C,3661375.403610,3248944.600000,159190.234940,0.250895,90.000000,171.000000,0.237288,0.017241,0.000000,0.000000,26.000000,4.000000,1.808459,27.000000,12.000000,0.120163,0.220813,0.337145,31.280983,52.660295,60.879642,42.412355,46.251750,60.000000,48.054686,51.945314,0.237288,0.000000,否,,是,信用得分48.05 < 50,高风险,信用得分=48.05，有效销项金额=3661375.40，毛利率=25.09%，有效经营月份=26.0，最大作废率=23.73%，最大负数率=0.00%，进销匹配差异=0.34，客户HHI=0.120，供应商HHI=0.221
建筑与工程,中高冲击,1.250000,E362,***建材有限公司,类D,3050537.463000,411876.140000,179443.380176,0.808362,95.000000,122.000000,0.095238,0.031746,0.038095,0.031746,32.000000,10.000000,2.378845,14.000000,61.000000,0.184294,0.124119,0.902112,11.686151,44.000000,65.165470,44.385762,39.674365,30.000000,39.890058,60.109942,0.095238,0.038095,否,,是,信用得分39.89 < 50,高风险,信用得分=39.89，有效销项金额=3050537.46，毛利率=80.84%，有效经营月份=32.0，最大作废率=9.52%，最大负数率=3.81%，进销匹配差异=0.90，客户HHI=0.184，供应商HHI=0.124
建筑与工程,中高冲击,1.100000,E363,***建筑工程设计有限公司,类D,813106.774340,201489.970000,73918.797667,0.729666,30.000000,93.000000,0.230769,0.060606,0.000000,0.040404,24.000000,8.000000,0.775482,10.000000,38.000000,0.316105,0.102471,0.812166,15.061063,54.007201,47.418835,39.609557,37.796740,30.000000,37.343326,62.656674,0.230769,0.040404,否,,是,信用得分37.34 < 50,高风险,信用得分=37.34，有效销项金额=813106.77，毛利率=72.97%，有效经营月份=24.0，最大作废率=23.08%，最大负数率=4.04%，进销匹配差异=0.81，客户HHI=0.316，供应商HHI=0.102
制造与设备,中冲击,1.000000,E364,***电子有限公司,类C,1724656.528000,433344.430000,52262.319030,0.736425,308.000000,140.000000,0.080597,0.000000,0.017910,0.035714,37.000000,2.000000,0.962346,56.000000,23.000000,0.042632,0.185857,0.786425,14.799138,84.411858,69.596882,48.782344,52.698395,60.000000,53.737845,46.262155,0.080597,0.035714,否,,否,,中风险,信用得分=53.74，有效销项金额=1724656.53，毛利率=73.64%，有效经营月份=37.0，最大作废率=8.06%，最大负数率=3.57%，进销匹配差异=0.79，客户HHI=0.043，供应商HHI=0.186
科技与线上服务,中冲击,1.150000,E365,***信息技术有限公司,类C,2857433.414850,1847659.220000,119059.725619,0.407426,76.000000,126.000000,0.136364,0.030769,0.000000,0.007692,34.000000,3.000000,2.912637,16.000000,34.000000,0.241053,0.575421,0.464926,30.942130,64.500000,71.619035,27.176002,48.747598,60.000000,49.975492,50.024508,0.136364,0.007692,否,,是,信用得分49.98 < 50,高风险,信用得分=49.98，有效销项金额=2857433.41，毛利率=40.74%，有效经营月份=34.0，最大作废率=13.64%，最大负数率=0.77%，进销匹配差异=0.46，客户HHI=0.241，供应商HHI=0.575
其他服务,中冲击,1.300000,E366,***房地产经纪有限公司,类D,1151327.905000,361648.440000,76755.193667,0.682138,19.000000,21.000000,0.050000,0.000000,0.000000,0.000000,18.000000,3.000000,0.493022,5.000000,6.000000,0.313574,0.980220,0.747138,17.738023,61.430251,79.925085,15.654638,43.791169,30.000000,42.832755,57.167245,0.050000,0.000000,否,,是,信用得分42.83 < 50,高风险,信用得分=42.83，有效销项金额=1151327.90，毛利率=68.21%，有效经营月份=18.0，最大作废率=5.00%，最大负数率=0.00%，进销匹配差异=0.75，客户HHI=0.314，供应商HHI=0.980
制造与设备,中冲击,1.300000,E367,***电子商务有限公司,类D,1607543.896700,228432.410000,76549.709367,0.820609,198.000000,23.000000,0.079070,0.080000,0.046512,0.000000,24.000000,4.000000,0.997297,8.000000,15.000000,0.207909,0.865636,0.885609,10.282416,60.926430,66.325042,19.635493,38.824691,30.000000,38.264249,61.735751,0.080000,0.046512,否,,是,信用得分38.26 < 50,高风险,信用得分=38.26，有效销项金额=1607543.90，毛利率=82.06%，有效经营月份=24.0，最大作废率=8.00%，最大负数率=4.65%，进销匹配差异=0.89，客户HHI=0.208，供应商HHI=0.866
科技与线上服务,中冲击,1.250000,E368,***通信科技有限责任公司,类D,665185.698125,303201.970000,44345.713208,0.567150,22.000000,83.000000,0.312500,0.045977,0.031250,0.000000,23.000000,6.000000,2.513284,4.000000,38.000000,0.323461,0.265687,0.629650,23.771552,40.500000,49.293625,33.678060,36.315484,30.000000,36.101906,63.898094,0.312500,0.031250,否,,是,信用得分36.10 < 50；最大作废率31.25% > 25%,高风险,信用得分=36.10，有效销项金额=665185.70，毛利率=56.72%，有效经营月份=23.0，最大作废率=31.25%，最大负数率=3.12%，进销匹配差异=0.63，客户HHI=0.323，供应商HHI=0.266
其他服务,中冲击,1.000000,E369,***网络技术有限公司,类C,1204399.025500,637106.370000,37637.469547,0.500365,200.000000,152.000000,0.065421,0.055901,0.009346,0.000000,35.000000,2.000000,0.969390,19.000000,31.000000,0.240411,0.115594,0.550365,27.502726,82.814028,79.807772,42.054198,57.317107,60.000000,57.801270,42.198730,0.065421,0.009346,否,,否,,中风险,信用得分=57.80，有效销项金额=1204399.03，毛利率=50.04%，有效经营月份=35.0，最大作废率=6.54%，最大负数率=0.93%，进销匹配差异=0.55，客户HHI=0.240，供应商HHI=0.116
其他服务,中冲击,1.100000,E370,***设计服务部,类D,1687660.525550,800.140000,60273.590198,0.944604,470.000000,3.000000,0.056225,0.250000,0.018072,0.000000,27.000000,2.000000,0.994944,89.000000,2.000000,0.082863,0.551366,0.999604,3.469054,70.459115,44.796130,37.744718,37.403471,30.000000,36.707063,63.292937,0.250000,0.018072,否,,是,信用得分36.71 < 50,高风险,信用得分=36.71，有效销项金额=1687660.53，毛利率=94.46%，有效经营月份=27.0，最大作废率=25.00%，最大负数率=1.81%，进销匹配差异=1.00，客户HHI=0.083，供应商HHI=0.551
科技与线上服务,中冲击,1.250000,E371,***自动化科技有限公司,类D,1005243.850000,186151.180000,55846.880555,0.787041,26.000000,80.000000,0.187500,0.012346,0.000000,0.000000,23.000000,5.000000,1.720606,9.000000,31.000000,0.213263,0.122536,0.849541,11.898214,46.880470,58.883032,41.901058,38.390552,30.000000,38.451617,61.548383,0.187500,0.000000,否,,是,信用得分38.45 < 50,高风险,信用得分=38.45，有效销项金额=1005243.85，毛利率=78.70%，有效经营月份=23.0，最大作废率=18.75%，最大负数率=0.00%，进销匹配差异=0.85，客户HHI=0.213，供应商HHI=0.123
其他服务,中冲击,1.000000,E372,***汽车维修有限责任公司,类C,1755489.810500,548783.330000,47445.670554,0.684282,536.000000,323.000000,0.085324,0.003086,0.035836,0.000000,37.000000,1.000000,0.617633,143.000000,54.000000,0.140009,0.092041,0.734282,17.630039,91.699549,69.829305,56.881680,57.047561,60.000000,57.581082,42.418918,0.085324,0.035836,否,,否,,中风险,信用得分=57.58，有效销项金额=1755489.81，毛利率=68.43%，有效经营月份=37.0，最大作废率=8.53%，最大负数率=3.58%，进销匹配差异=0.73，客户HHI=0.140，供应商HHI=0.092
可选消费与门店经营,高冲击,1.300000,E373,个体经营E373 ,类D,805628.500600,19766080.820000,23017.957160,-14.096339,109.000000,868.000000,0.026786,0.014756,0.000000,0.002270,33.000000,4.000000,4.719066,18.000000,105.000000,0.299280,0.126473,13.966339,0.109923,60.500000,60.909460,42.714799,38.928302,30.000000,38.897806,61.102194,0.026786,0.002270,是,进销匹配差异13.97 > 4,否,,高风险,信用得分=38.90，有效销项金额=805628.50，毛利率=-1409.63%，有效经营月份=33.0，最大作废率=2.68%，最大负数率=0.23%，进销匹配差异=13.97，客户HHI=0.299，供应商HHI=0.126
建筑与工程,中高冲击,1.450000,E374,***建材经营部,类D,863744.422770,47130.240000,37554.105338,0.854091,204.000000,3.000000,0.180723,0.000000,0.000000,0.000000,20.000000,4.000000,1.598924,47.000000,2.000000,0.072504,0.977833,0.962841,8.134907,46.570495,57.849062,26.744470,33.894255,30.000000,34.158985,65.841015,0.180723,0.000000,否,,是,信用得分34.16 < 50,高风险,信用得分=34.16，有效销项金额=863744.42，毛利率=85.41%，有效经营月份=20.0，最大作废率=18.07%，最大负数率=0.00%，进销匹配差异=0.96，客户HHI=0.073，供应商HHI=0.978
其他服务,中冲击,1.200000,E375,***电器经营部,类C,808491.070400,528.300000,26080.357109,0.939464,357.000000,2.000000,0.053050,0.000000,0.000000,0.000000,30.000000,1.000000,0.887233,225.000000,1.000000,0.027964,1.000000,0.999464,3.418901,78.955096,75.082380,42.425717,48.020183,60.000000,49.901483,50.098517,0.053050,0.000000,否,,是,信用得分49.90 < 50,高风险,信用得分=49.90，有效销项金额=808491.07，毛利率=93.95%，有效经营月份=30.0，最大作废率=5.30%，最大负数率=0.00%，进销匹配差异=1.00，客户HHI=0.028，供应商HHI=1.000
装饰装修与家居,高冲击,1.450000,E376,***建筑装饰设计有限责任公司,类D,320055.131900,6353.540000,26671.260992,0.843784,45.000000,3.000000,0.150943,0.000000,0.000000,0.000000,11.000000,7.000000,2.310029,13.000000,2.000000,0.232750,0.847527,0.988784,8.535111,20.000000,61.564260,18.885766,26.728752,30.000000,28.301996,71.698004,0.150943,0.000000,否,,是,信用得分28.30 < 50；高冲击行业且销项收入波动系数>1.5；高冲击行业且有效经营月份数<12,高风险,信用得分=28.30，有效销项金额=320055.13，毛利率=84.38%，有效经营月份=11.0，最大作废率=15.09%，最大负数率=0.00%，进销匹配差异=0.99，客户HHI=0.233，供应商HHI=0.848
文娱广告与线下服务,高冲击,1.250000,E377,***文化传播有限公司,类D,487241.918750,245984.740000,21184.431250,0.559468,58.000000,108.000000,0.333333,0.018182,0.022989,0.000000,31.000000,3.000000,2.022803,25.000000,29.000000,0.101215,0.235277,0.684468,24.070406,60.000000,49.573460,43.079639,43.230414,30.000000,42.026894,57.973106,0.333333,0.022989,否,,是,信用得分42.03 < 50；最大作废率33.33% > 25%；高冲击行业且销项收入波动系数>1.5,高风险,信用得分=42.03，有效销项金额=487241.92，毛利率=55.95%，有效经营月份=31.0，最大作废率=33.33%，最大负数率=2.30%，进销匹配差异=0.68，客户HHI=0.101，供应商HHI=0.235
普通批发商贸,中冲击,1.400000,E378,***商贸有限公司,类D,693565.979800,1178656.780000,21673.936869,-0.412538,298.000000,685.000000,0.176796,0.010116,0.024862,0.005780,33.000000,3.000000,2.471988,72.000000,60.000000,0.124677,0.249806,0.342538,0.085801,63.000000,65.524845,46.872374,41.531426,30.000000,41.377136,58.622864,0.176796,0.024862,否,,是,信用得分41.38 < 50,高风险,信用得分=41.38，有效销项金额=693565.98，毛利率=-41.25%，有效经营月份=33.0，最大作废率=17.68%，最大负数率=2.49%，进销匹配差异=0.34，客户HHI=0.125，供应商HHI=0.250
医疗药品与健康服务,低冲击,1.100000,E379,***药业有限公司,类C,2135950.358850,1294317.860000,68901.624479,0.405360,155.000000,369.000000,0.351464,0.041558,0.000000,0.007792,38.000000,1.000000,0.799483,49.000000,93.000000,0.342372,0.214678,0.427360,30.579599,89.173847,56.352400,40.506320,53.656705,60.000000,53.669033,46.330967,0.351464,0.007792,否,,是,最大作废率35.15% > 25%,中风险,信用得分=53.67，有效销项金额=2135950.36，毛利率=40.54%，有效经营月份=38.0，最大作废率=35.15%，最大负数率=0.78%，进销匹配差异=0.43，客户HHI=0.342，供应商HHI=0.215
建筑与工程,中高冲击,1.450000,E380,***建材有限公司,类D,835308.545910,528.300000,55687.236394,0.890819,166.000000,2.000000,0.117021,0.000000,0.085106,0.000000,14.000000,9.000000,1.695260,6.000000,2.000000,0.894948,0.500000,0.999569,6.200356,23.732499,53.358703,9.759523,23.084812,30.000000,24.588169,75.411831,0.117021,0.085106,否,,是,信用得分24.59 < 50,高风险,信用得分=24.59，有效销项金额=835308.55，毛利率=89.08%，有效经营月份=14.0，最大作废率=11.70%，最大负数率=8.51%，进销匹配差异=1.00，客户HHI=0.895，供应商HHI=0.500
建筑与工程,中高冲击,1.150000,E381,***通信网络工程有限公司,类D,1117506.987630,84704521.000000,79821.927688,-55.707173,80.000000,1766.000000,0.024390,0.031267,0.207317,0.002194,35.000000,11.000000,1.060816,14.000000,195.000000,0.175500,0.054181,55.620923,0.405486,59.044217,30.622620,52.298542,32.998063,30.000000,33.025578,66.974422,0.031267,0.207317,是,进销匹配差异55.62 > 4,否,,高风险,信用得分=33.03，有效销项金额=1117506.99，毛利率=-5570.72%，有效经营月份=35.0，最大作废率=3.13%，最大负数率=20.73%，进销匹配差异=55.62，客户HHI=0.175，供应商HHI=0.054
科技与线上服务,中冲击,1.100000,E382,***教育信息咨询有限公司***分公司,类C,431238.589000,699.240000,21561.929450,0.943646,88.000000,2.000000,0.000000,0.000000,0.000000,0.000000,20.000000,3.000000,0.706507,77.000000,2.000000,0.015447,0.529882,0.998646,3.103187,61.465183,82.523695,39.487225,44.825620,60.000000,47.597202,52.402798,0.000000,0.000000,否,,是,信用得分47.60 < 50,高风险,信用得分=47.60，有效销项金额=431238.59，毛利率=94.36%，有效经营月份=20.0，最大作废率=0.00%，最大负数率=0.00%，进销匹配差异=1.00，客户HHI=0.015，供应商HHI=0.530
其他服务,中冲击,1.300000,E383,***通讯器材经营部,类D,653919.459550,227271.780000,43594.630637,0.655220,111.000000,13.000000,0.119048,0.000000,0.055556,0.000000,19.000000,7.000000,1.290349,10.000000,7.000000,0.759489,0.872832,0.720220,18.962205,41.856269,62.396030,1.795050,32.110747,30.000000,32.069823,67.930177,0.119048,0.055556,否,,是,信用得分32.07 < 50,高风险,信用得分=32.07，有效销项金额=653919.46，毛利率=65.52%，有效经营月份=19.0，最大作废率=11.90%，最大负数率=5.56%，进销匹配差异=0.72，客户HHI=0.759，供应商HHI=0.873
可选消费与门店经营,高冲击,1.250000,E384,个体经营E384 ,类D,1252483.568750,2536964.060000,156560.446094,-0.390967,27.000000,236.000000,0.156250,0.044534,0.000000,0.012146,33.000000,13.000000,1.161839,4.000000,78.000000,0.641724,0.079401,0.265967,0.751582,52.141122,71.648677,31.056780,37.384280,30.000000,37.739645,62.260355,0.156250,0.012146,否,,是,信用得分37.74 < 50,高风险,信用得分=37.74，有效销项金额=1252483.57，毛利率=-39.10%，有效经营月份=33.0，最大作废率=15.62%，最大负数率=1.21%，进销匹配差异=0.27，客户HHI=0.642，供应商HHI=0.079
装饰装修与家居,高冲击,1.000000,E385,***装饰工程有限公司,类D,330286.908000,13660.670000,33028.690800,0.871048,12.000000,29.000000,0.571429,0.064516,0.035714,0.000000,17.000000,6.000000,1.177320,7.000000,7.000000,0.249339,0.279084,0.971048,7.076451,42.926111,42.649560,34.601807,30.437215,30.000000,30.937086,69.062914,0.571429,0.035714,是,最大作废率57.14% > 40%,否,,高风险,信用得分=30.94，有效销项金额=330286.91，毛利率=87.10%，有效经营月份=17.0，最大作废率=57.14%，最大负数率=3.57%，进销匹配差异=0.97，客户HHI=0.249，供应商HHI=0.279
可选消费与门店经营,高冲击,1.100000,E386,个体经营E386 ,类D,2777572.857100,183097.060000,213659.450546,0.845834,54.000000,398.000000,0.181818,0.007481,0.060606,0.000000,25.000000,12.000000,0.907382,6.000000,113.000000,0.387820,0.048474,0.955834,9.724827,43.675244,48.727485,41.737774,34.365685,30.000000,34.695682,65.304318,0.181818,0.060606,否,,是,信用得分34.70 < 50,高风险,信用得分=34.70，有效销项金额=2777572.86，毛利率=84.58%，有效经营月份=25.0，最大作废率=18.18%，最大负数率=6.06%，进销匹配差异=0.96，客户HHI=0.388，供应商HHI=0.048
其他服务,中冲击,1.300000,E387,***农副产品经营部,类D,664243.157900,1258.420000,23722.969925,0.933475,86.000000,3.000000,0.085106,0.000000,0.000000,0.000000,27.000000,2.000000,0.081042,8.000000,1.000000,0.561922,1.000000,0.998475,3.708125,81.500000,70.611847,7.934997,40.727399,30.000000,39.466993,60.533007,0.085106,0.000000,否,,是,信用得分39.47 < 50,高风险,信用得分=39.47，有效销项金额=664243.16，毛利率=93.35%，有效经营月份=27.0，最大作废率=8.51%，最大负数率=0.00%，进销匹配差异=1.00，客户HHI=0.562，供应商HHI=1.000
普通批发商贸,中冲击,1.000000,E388,***商贸有限公司,类C,876779.590000,93133.580000,25050.845428,0.859711,319.000000,291.000000,0.098870,0.003425,0.000000,0.003425,36.000000,2.000000,0.809559,84.000000,56.000000,0.084090,0.308681,0.909711,7.779511,86.533906,69.724507,47.086267,50.815710,60.000000,52.100039,47.899961,0.098870,0.003425,否,,否,,中风险,信用得分=52.10，有效销项金额=876779.59，毛利率=85.97%，有效经营月份=36.0，最大作废率=9.89%，最大负数率=0.34%，进销匹配差异=0.91，客户HHI=0.084，供应商HHI=0.309
其他服务,中冲击,1.400000,E389,***清洁服务有限公司,类D,364678.551800,2836.560000,33152.595618,0.923855,63.000000,2.000000,0.015625,0.000000,0.000000,0.000000,10.000000,3.000000,0.826953,2.000000,2.000000,0.985386,0.739564,0.993855,4.203985,44.792315,80.420038,1.937051,32.951694,30.000000,33.501879,66.498121,0.015625,0.000000,否,,是,信用得分33.50 < 50,高风险,信用得分=33.50，有效销项金额=364678.55，毛利率=92.39%，有效经营月份=10.0，最大作废率=1.56%，最大负数率=0.00%，进销匹配差异=0.99，客户HHI=0.985，供应商HHI=0.740
建筑与工程,中高冲击,1.300000,E390,***建筑工程有限公司,类D,566975.361960,6885.330000,113395.072392,0.893829,14.000000,16.000000,0.000000,0.000000,0.000000,0.000000,10.000000,9.000000,0.600098,1.000000,14.000000,1.000000,0.154993,0.991329,6.216830,32.943084,82.651742,20.987008,34.961157,30.000000,36.003161,63.996839,0.000000,0.000000,否,,是,信用得分36.00 < 50,高风险,信用得分=36.00，有效销项金额=566975.36，毛利率=89.38%，有效经营月份=10.0，最大作废率=0.00%，最大负数率=0.00%，进销匹配差异=0.99，客户HHI=1.000，供应商HHI=0.155
普通批发商贸,中冲击,1.100000,E391,***五金店,类C,1096982.085000,839.620000,28867.949605,0.944361,318.000000,3.000000,0.091429,0.000000,0.011429,0.000000,37.000000,1.000000,0.807159,102.000000,2.000000,0.055755,0.533392,0.999361,3.225409,89.067234,67.996773,40.230653,48.279755,60.000000,49.665123,50.334877,0.091429,0.011429,否,,是,信用得分49.67 < 50,高风险,信用得分=49.67，有效销项金额=1096982.08，毛利率=94.44%，有效经营月份=37.0，最大作废率=9.14%，最大负数率=1.14%，进销匹配差异=1.00，客户HHI=0.056，供应商HHI=0.533
科技与线上服务,中冲击,1.150000,E392,***科技有限公司,类C,835391.776475,88514.420000,26105.993015,0.854822,227.000000,179.000000,0.126923,0.000000,0.007692,0.000000,35.000000,2.000000,1.383980,164.000000,31.000000,0.036087,0.183766,0.912322,8.041634,77.055832,65.111345,58.029191,49.560123,60.000000,51.305249,48.694751,0.126923,0.007692,否,,否,,中风险,信用得分=51.31，有效销项金额=835391.78，毛利率=85.48%，有效经营月份=35.0，最大作废率=12.69%，最大负数率=0.77%，进销匹配差异=0.91，客户HHI=0.036，供应商HHI=0.184
普通批发商贸,中冲击,1.000000,E393,***商贸有限责任公司,类B,759704.525500,373649.920000,21102.903486,0.531940,544.000000,23.000000,0.103789,0.041667,0.016474,0.000000,35.000000,1.000000,0.329440,164.000000,6.000000,0.065731,0.532220,0.581940,25.630583,94.202222,72.814490,44.913240,58.426001,75.000000,59.934361,40.065639,0.103789,0.016474,否,,否,,中风险,信用得分=59.93，有效销项金额=759704.53，毛利率=53.19%，有效经营月份=35.0，最大作废率=10.38%，最大负数率=1.65%，进销匹配差异=0.58，客户HHI=0.066，供应商HHI=0.532
其他服务,中冲击,1.000000,E394,***环保设计研究院（有限合伙）,类C,911190.922000,751513.690000,91119.092200,0.248954,21.000000,533.000000,0.734177,0.032668,0.000000,0.009074,34.000000,5.000000,1.171720,11.000000,131.000000,0.186940,0.076192,0.298954,30.407748,71.003889,58.407205,48.412161,51.157530,60.000000,52.086948,47.913052,0.734177,0.009074,是,最大作废率73.42% > 40%,否,,中风险,信用得分=52.09，有效销项金额=911190.92，毛利率=24.90%，有效经营月份=34.0，最大作废率=73.42%，最大负数率=0.91%，进销匹配差异=0.30，客户HHI=0.187，供应商HHI=0.076
科技与线上服务,中冲击,1.250000,E395,***网络科技有限公司,类D,1544400.520000,231871.950000,55157.161429,0.815514,94.000000,133.000000,0.323741,0.029197,0.021583,0.021898,31.000000,2.000000,1.653083,18.000000,37.000000,0.206906,0.205428,0.878014,10.458350,67.318288,46.350055,40.410018,39.636594,30.000000,38.747763,61.252237,0.323741,0.021898,否,,是,信用得分38.75 < 50；最大作废率32.37% > 25%,高风险,信用得分=38.75，有效销项金额=1544400.52，毛利率=81.55%，有效经营月份=31.0，最大作废率=32.37%，最大负数率=2.19%，进销匹配差异=0.88，客户HHI=0.207，供应商HHI=0.205
文娱广告与线下服务,高冲击,1.150000,E396,***文化传播有限公司,类C,404875.379250,448666.610000,26991.691950,0.159155,65.000000,198.000000,0.071429,0.061611,0.042857,0.000000,31.000000,11.000000,1.813589,14.000000,96.000000,0.208752,0.080896,0.274155,30.033820,42.589043,78.773677,46.394862,48.629799,60.000000,50.998656,49.001344,0.071429,0.042857,否,,是,高冲击行业且销项收入波动系数>1.5,中风险,信用得分=51.00，有效销项金额=404875.38，毛利率=15.92%，有效经营月份=31.0，最大作废率=7.14%，最大负数率=4.29%，进销匹配差异=0.27，客户HHI=0.209，供应商HHI=0.081
其他服务,中冲击,1.300000,E397,***大闸蟹经营部,类D,523423.042800,383834.100000,37387.360200,0.344681,132.000000,19.000000,0.278689,0.000000,0.000000,0.000000,14.000000,9.000000,0.881943,66.000000,4.000000,0.071595,0.872546,0.409681,30.102288,35.028576,57.830582,28.295065,37.904489,30.000000,37.647946,62.352054,0.278689,0.000000,否,,是,信用得分37.65 < 50；最大作废率27.87% > 25%,高风险,信用得分=37.65，有效销项金额=523423.04，毛利率=34.47%，有效经营月份=14.0，最大作废率=27.87%，最大负数率=0.00%，进销匹配差异=0.41，客户HHI=0.072，供应商HHI=0.873
医疗药品与健康服务,低冲击,1.250000,E398,***医疗管理咨询有限公司,类D,580188.168750,77724.010000,29009.408437,0.849409,89.000000,73.000000,0.000000,0.013514,0.000000,0.000000,33.000000,4.000000,1.931543,24.000000,20.000000,0.650607,0.221275,0.874409,8.293949,61.450793,82.805882,25.477657,43.647885,30.000000,43.160648,56.839352,0.013514,0.000000,否,,是,信用得分43.16 < 50,高风险,信用得分=43.16，有效销项金额=580188.17，毛利率=84.94%，有效经营月份=33.0，最大作废率=1.35%，最大负数率=0.00%，进销匹配差异=0.87，客户HHI=0.651，供应商HHI=0.221
装饰装修与家居,高冲击,1.100000,E399,***装饰工程有限公司,类D,296247.206700,18163.240000,42321.029528,0.848922,15.000000,52.000000,0.210526,0.000000,0.000000,0.000000,24.000000,9.000000,1.319861,9.000000,13.000000,0.250247,0.311946,0.958922,8.314388,43.946380,53.745225,33.920902,33.701398,30.000000,34.088359,65.911641,0.210526,0.000000,否,,是,信用得分34.09 < 50,高风险,信用得分=34.09，有效销项金额=296247.21，毛利率=84.89%，有效经营月份=24.0，最大作废率=21.05%，最大负数率=0.00%，进销匹配差异=0.96，客户HHI=0.250，供应商HHI=0.312
普通批发商贸,中冲击,1.100000,E400,***办公用品经营部,类D,681066.054950,63453.470000,32431.716903,0.867205,122.000000,16.000000,0.089552,0.000000,0.000000,0.000000,26.000000,5.000000,0.776855,21.000000,4.000000,0.106262,0.573652,0.922205,7.359112,64.488126,71.324132,30.835227,42.327844,30.000000,41.735482,58.264518,0.089552,0.000000,否,,是,信用得分41.74 < 50,高风险,信用得分=41.74，有效销项金额=681066.05，毛利率=86.72%，有效经营月份=26.0，最大作废率=8.96%，最大负数率=0.00%，进销匹配差异=0.92，客户HHI=0.106，供应商HHI=0.574
其他服务,中冲击,1.150000,E401,***遮阳技术发展中心,类D,259860.412525,165356.500000,15285.906619,0.415938,39.000000,28.000000,0.493506,0.000000,0.000000,0.000000,24.000000,5.000000,2.278226,14.000000,10.000000,0.247180,0.301700,0.473438,30.000000,44.500000,56.714835,34.627328,41.229174,30.000000,40.504174,59.495826,0.493506,0.000000,是,最大作废率49.35% > 40%,否,,高风险,信用得分=40.50，有效销项金额=259860.41，毛利率=41.59%，有效经营月份=24.0，最大作废率=49.35%，最大负数率=0.00%，进销匹配差异=0.47，客户HHI=0.247，供应商HHI=0.302
普通批发商贸,中冲击,1.300000,E402,***商贸有限公司,类D,378663.611900,413456.700000,31555.300992,0.056033,22.000000,57.000000,0.120000,0.000000,0.080000,0.000000,15.000000,7.000000,1.034487,4.000000,5.000000,0.356775,0.993953,0.121033,30.047032,39.409901,69.081923,14.205929,38.978251,30.000000,38.505405,61.494595,0.120000,0.080000,否,,是,信用得分38.51 < 50,高风险,信用得分=38.51，有效销项金额=378663.61，毛利率=5.60%，有效经营月份=15.0，最大作废率=12.00%，最大负数率=8.00%，进销匹配差异=0.12，客户HHI=0.357，供应商HHI=0.994
制造与设备,中冲击,1.250000,E403,***机械有限公司,类C,973008.034375,90426.810000,26297.514443,0.861990,61.000000,108.000000,0.128571,0.018182,0.000000,0.000000,36.000000,2.000000,1.579222,10.000000,53.000000,0.317600,0.053433,0.924490,7.681066,75.844135,65.821485,41.736653,46.068055,60.000000,47.891795,52.108205,0.128571,0.000000,否,,是,信用得分47.89 < 50,高风险,信用得分=47.89，有效销项金额=973008.03，毛利率=86.20%，有效经营月份=36.0，最大作废率=12.86%，最大负数率=0.00%，进销匹配差异=0.92，客户HHI=0.318，供应商HHI=0.053
可选消费与门店经营,高冲击,1.400000,E404,个体经营E404 ,类D,481569.487600,816347.350000,80261.581267,-0.123205,15.000000,25.000000,0.285714,0.137931,0.000000,0.000000,12.000000,14.000000,1.900738,4.000000,12.000000,0.458466,0.233589,0.016795,15.424268,10.378643,64.706087,29.334070,29.265277,30.000000,30.975132,69.024868,0.285714,0.000000,否,,是,信用得分30.98 < 50；最大作废率28.57% > 25%；高冲击行业且销项收入波动系数>1.5,高风险,信用得分=30.98，有效销项金额=481569.49，毛利率=-12.32%，有效经营月份=12.0，最大作废率=28.57%，最大负数率=0.00%，进销匹配差异=0.02，客户HHI=0.458，供应商HHI=0.234
其他服务,中冲击,1.350000,E405,***职业技能服务有限公司,类D,471667.817500,86172.260000,31444.521167,0.786799,25.000000,17.000000,0.444444,0.055556,0.000000,0.000000,16.000000,6.000000,2.377065,12.000000,5.000000,0.295489,0.890698,0.854299,11.695740,30.000000,50.049767,16.794824,26.880129,30.000000,27.795342,72.204658,0.444444,0.000000,是,最大作废率44.44% > 40%,否,,高风险,信用得分=27.80，有效销项金额=471667.82，毛利率=78.68%，有效经营月份=16.0，最大作废率=44.44%，最大负数率=0.00%，进销匹配差异=0.85，客户HHI=0.295，供应商HHI=0.891
其他服务,中冲击,1.250000,E406,***招投标代理有限公司,类D,675810.232500,191619.410000,56317.519375,0.707124,24.000000,52.000000,0.225806,0.000000,0.032258,0.000000,23.000000,6.000000,1.671503,5.000000,34.000000,0.320121,0.152026,0.769624,16.188354,45.062460,50.080040,37.331278,36.108387,30.000000,36.045846,63.954154,0.225806,0.032258,否,,是,信用得分36.05 < 50,高风险,信用得分=36.05，有效销项金额=675810.23，毛利率=70.71%，有效经营月份=23.0，最大作废率=22.58%，最大负数率=3.23%，进销匹配差异=0.77，客户HHI=0.320，供应商HHI=0.152
装饰装修与家居,高冲击,1.100000,E407,***装饰工程有限公司,类D,1238792.915500,388120.850000,95291.762730,0.680085,31.000000,148.000000,0.295455,0.006711,0.045455,0.013423,27.000000,7.000000,1.365228,5.000000,53.000000,0.351896,0.221008,0.790085,17.945416,52.816283,44.355262,34.866044,36.649720,30.000000,36.111635,63.888365,0.295455,0.045455,否,,是,信用得分36.11 < 50；最大作废率29.55% > 25%,高风险,信用得分=36.11，有效销项金额=1238792.92，毛利率=68.01%，有效经营月份=27.0，最大作废率=29.55%，最大负数率=4.55%，进销匹配差异=0.79，客户HHI=0.352，供应商HHI=0.221
其他服务,中冲击,1.100000,E408,***空调制冷有限责任公司,类D,435989.354900,60304.620000,29065.956993,0.829506,26.000000,39.000000,0.187500,0.025000,0.000000,0.000000,25.000000,6.000000,0.795189,10.000000,11.000000,0.273945,0.224686,0.884506,9.348760,60.233480,58.271145,35.957785,39.622341,30.000000,39.143229,60.856771,0.187500,0.000000,否,,是,信用得分39.14 < 50,高风险,信用得分=39.14，有效销项金额=435989.35，毛利率=82.95%，有效经营月份=25.0，最大作废率=18.75%，最大负数率=0.00%，进销匹配差异=0.88，客户HHI=0.274，供应商HHI=0.225
制造与设备,中冲击,1.250000,E409,***塑胶有限公司,类C,175849.740625,47059.720000,6763.451563,0.720064,90.000000,15.000000,0.108911,0.000000,0.000000,0.000000,25.000000,2.000000,1.524278,37.000000,5.000000,0.086248,0.431552,0.782564,15.269236,60.107244,71.057590,37.312419,44.834463,60.000000,47.065639,52.934361,0.108911,0.000000,是,有效销项金额175849.74 <= 5%分位197251.46,否,,高风险,信用得分=47.07，有效销项金额=175849.74，毛利率=72.01%，有效经营月份=25.0，最大作废率=10.89%，最大负数率=0.00%，进销匹配差异=0.78，客户HHI=0.086，供应商HHI=0.432
科技与线上服务,中冲击,1.250000,E410,***网络科技有限公司,类D,330659.736875,16780.680000,12717.682187,0.896266,65.000000,105.000000,0.015152,0.000000,0.015152,0.038095,28.000000,4.000000,1.408936,41.000000,10.000000,0.078243,0.382559,0.958766,5.665900,61.209223,75.386065,39.612417,43.771075,30.000000,43.427319,56.572681,0.015152,0.038095,否,,是,信用得分43.43 < 50,高风险,信用得分=43.43，有效销项金额=330659.74，毛利率=89.63%，有效经营月份=28.0，最大作废率=1.52%，最大负数率=3.81%，进销匹配差异=0.96，客户HHI=0.078，供应商HHI=0.383
制造与设备,中冲击,1.250000,E411,***机电设备有限公司,类C,211498.007500,245753.440000,7833.259537,-0.006597,67.000000,109.000000,0.309278,0.000000,0.041237,0.000000,32.000000,3.000000,1.577649,28.000000,33.000000,0.098338,0.670611,0.055903,25.148829,67.365991,57.836147,29.619943,44.769172,60.000000,46.143431,53.856569,0.309278,0.041237,否,,是,信用得分46.14 < 50；最大作废率30.93% > 25%,高风险,信用得分=46.14，有效销项金额=211498.01，毛利率=-0.66%，有效经营月份=32.0，最大作废率=30.93%，最大负数率=4.12%，进销匹配差异=0.06，客户HHI=0.098，供应商HHI=0.671
普通批发商贸,中冲击,1.000000,E412,***汽车贸易有限公司,类C,272469.863000,65895.240000,8256.662515,0.744432,137.000000,83.000000,0.080537,0.034884,0.000000,0.000000,34.000000,3.000000,1.233513,82.000000,19.000000,0.032271,0.160607,0.794432,13.940073,75.145660,74.822260,51.844845,52.042971,60.000000,53.588684,46.411316,0.080537,0.000000,否,,否,,中风险,信用得分=53.59，有效销项金额=272469.86，毛利率=74.44%，有效经营月份=34.0，最大作废率=8.05%，最大负数率=0.00%，进销匹配差异=0.79，客户HHI=0.032，供应商HHI=0.161
可选消费与门店经营,高冲击,1.250000,E413,***石材工艺品有限公司,类D,179361.793750,24463.710000,25623.113393,0.789754,33.000000,62.000000,0.175000,0.000000,0.000000,0.000000,16.000000,13.000000,2.080068,7.000000,9.000000,0.449249,0.249219,0.914754,11.472472,15.000000,59.491805,29.232084,27.911110,30.000000,29.587486,70.412514,0.175000,0.000000,是,有效销项金额179361.79 <= 5%分位197251.46,否,,高风险,信用得分=29.59，有效销项金额=179361.79，毛利率=78.98%，有效经营月份=16.0，最大作废率=17.50%，最大负数率=0.00%，进销匹配差异=0.91，客户HHI=0.449，供应商HHI=0.249
物流运输,中冲击,1.350000,E414,***物流有限责任公司***分公司,类D,300727.177575,9804.720000,42961.025368,0.906499,11.000000,6.000000,0.214286,0.000000,0.000000,0.000000,10.000000,3.000000,1.597676,6.000000,4.000000,0.329575,0.444963,0.973999,5.177432,34.087835,52.954977,26.601254,28.634184,30.000000,29.670920,70.329080,0.214286,0.000000,否,,是,信用得分29.67 < 50,高风险,信用得分=29.67，有效销项金额=300727.18，毛利率=90.65%，有效经营月份=10.0，最大作废率=21.43%，最大负数率=0.00%，进销匹配差异=0.97，客户HHI=0.330，供应商HHI=0.445
文娱广告与线下服务,高冲击,1.200000,E415,***广告设计服务部,类C,54610.400000,17142.860000,2374.365217,0.679096,208.000000,2.000000,0.000000,0.000000,0.033654,0.000000,21.000000,2.000000,1.215346,185.000000,1.000000,0.011052,1.000000,0.799096,17.503855,58.397978,80.967720,39.477899,47.988161,60.000000,50.193069,49.806931,0.000000,0.033654,是,有效销项金额54610.40 <= 5%分位197251.46,否,,中风险,信用得分=50.19，有效销项金额=54610.40，毛利率=67.91%，有效经营月份=21.0，最大作废率=0.00%，最大负数率=3.37%，进销匹配差异=0.80，客户HHI=0.011，供应商HHI=1.000
科技与线上服务,中冲击,1.300000,E416,***科技有限公司,类D,168578.600050,105461.630000,21072.325006,0.431397,23.000000,7.000000,0.080000,0.125000,0.000000,0.000000,12.000000,22.000000,0.728790,5.000000,5.000000,0.404407,0.969717,0.496397,30.000000,26.655698,73.813052,12.743324,36.665852,30.000000,36.833068,63.166932,0.125000,0.000000,是,有效销项金额168578.60 <= 5%分位197251.46,否,,高风险,信用得分=36.83，有效销项金额=168578.60，毛利率=43.14%，有效经营月份=12.0，最大作废率=12.50%，最大负数率=0.00%，进销匹配差异=0.50，客户HHI=0.404，供应商HHI=0.970
建筑与工程,中高冲击,1.150000,E417,***园林景观工程有限公司,类C,120767.430240,155036.390000,30191.857560,-0.045219,6.000000,127.000000,0.000000,0.007812,0.000000,0.000000,29.000000,8.000000,1.200471,2.000000,23.000000,0.516796,0.307034,0.041031,21.861756,55.604566,98.188277,25.552919,50.117321,60.000000,52.244005,47.755995,0.007812,0.000000,是,有效销项金额120767.43 <= 5%分位197251.46,否,,中风险,信用得分=52.24，有效销项金额=120767.43，毛利率=-4.52%，有效经营月份=29.0，最大作废率=0.78%，最大负数率=0.00%，进销匹配差异=0.04，客户HHI=0.517，供应商HHI=0.307
文娱广告与线下服务,高冲击,1.250000,E418,***营销策划有限公司,类D,266144.087500,46292.930000,29571.565277,0.766288,20.000000,71.000000,0.130435,0.000000,0.000000,0.000000,18.000000,13.000000,2.687223,12.000000,31.000000,0.365189,0.158543,0.891288,12.768749,18.000000,66.141560,36.117795,32.089574,30.000000,33.551136,66.448864,0.130435,0.000000,否,,是,信用得分33.55 < 50；高冲击行业且销项收入波动系数>1.5,高风险,信用得分=33.55，有效销项金额=266144.09，毛利率=76.63%，有效经营月份=18.0，最大作废率=13.04%，最大负数率=0.00%，进销匹配差异=0.89，客户HHI=0.365，供应商HHI=0.159
科技与线上服务,中冲击,1.150000,E419,***科技有限公司,类D,43092.451425,11780867.650000,10773.112856,-225.284314,4.000000,1278.000000,0.000000,0.019939,0.000000,0.009969,37.000000,14.000000,0.313900,2.000000,193.000000,0.600924,0.567403,225.226814,0.000000,68.418052,60.713190,21.348543,36.552519,30.000000,36.131617,63.868383,0.019939,0.009969,是,有效销项金额43092.45 <= 5%分位197251.46；进销匹配差异225.23 > 4,否,,高风险,信用得分=36.13，有效销项金额=43092.45，毛利率=-22528.43%，有效经营月份=37.0，最大作废率=1.99%，最大负数率=1.00%，进销匹配差异=225.23，客户HHI=0.601，供应商HHI=0.567
医疗药品与健康服务,低冲击,1.150000,E420,***康药房,类D,67511.529475,1875705.460000,2250.384316,-25.208933,114.000000,151.000000,0.095238,0.013072,0.000000,0.000000,32.000000,2.000000,0.962809,72.000000,20.000000,0.028052,0.245766,25.185933,0.000000,78.405428,51.666680,48.490065,42.216040,30.000000,41.295769,58.704231,0.095238,0.000000,是,有效销项金额67511.53 <= 5%分位197251.46；进销匹配差异25.19 > 4,否,,高风险,信用得分=41.30，有效销项金额=67511.53，毛利率=-2520.89%，有效经营月份=32.0，最大作废率=9.52%，最大负数率=0.00%，进销匹配差异=25.19，客户HHI=0.028，供应商HHI=0.246
制造与设备,中冲击,1.450000,E421,***保温材料有限公司,类D,192260.844700,30393.810000,38452.168940,0.803797,28.000000,19.000000,0.034483,0.000000,0.000000,0.000000,15.000000,10.000000,1.519961,5.000000,5.000000,0.448898,0.851567,0.876297,10.759493,25.167203,79.837182,11.317331,31.742410,30.000000,32.946076,67.053924,0.034483,0.000000,是,有效销项金额192260.84 <= 5%分位197251.46,否,,高风险,信用得分=32.95，有效销项金额=192260.84，毛利率=80.38%，有效经营月份=15.0，最大作废率=3.45%，最大负数率=0.00%，进销匹配差异=0.88，客户HHI=0.449，供应商HHI=0.852
可选消费与门店经营,高冲击,1.150000,E422,***童装店,类D,17696.993050,889.390000,1361.307157,0.852082,27.000000,3.000000,0.100000,0.000000,0.000000,0.000000,12.000000,5.000000,2.315119,20.000000,2.000000,0.132286,0.665721,0.967082,8.068255,26.500000,69.076065,26.970118,31.708516,30.000000,32.980104,67.019896,0.100000,0.000000,是,有效销项金额17696.99 <= 5%分位197251.46,否,,高风险,信用得分=32.98，有效销项金额=17696.99，毛利率=85.21%，有效经营月份=12.0，最大作废率=10.00%，最大负数率=0.00%，进销匹配差异=0.97，客户HHI=0.132，供应商HHI=0.666
制造与设备,中冲击,1.000000,E423,***通风设备有限公司,类D,61868.440000,61046.140000,10311.406667,0.111297,6.000000,21.000000,0.142857,0.000000,0.000000,0.047619,16.000000,11.000000,0.966809,3.000000,8.000000,0.390098,0.487579,0.161297,30.000000,31.849878,70.034472,23.223772,39.115842,30.000000,39.023348,60.976652,0.142857,0.047619,是,有效销项金额61868.44 <= 5%分位197251.46,否,,高风险,信用得分=39.02，有效销项金额=61868.44，毛利率=11.13%，有效经营月份=16.0，最大作废率=14.29%，最大负数率=4.76%，进销匹配差异=0.16，客户HHI=0.390，供应商HHI=0.488
普通批发商贸,中冲击,1.300000,E424,***贸易有限公司,类D,61901.618100,254329.900000,4761.662931,-2.372435,37.000000,25.000000,0.139535,0.000000,0.046512,0.000000,17.000000,5.000000,3.815507,21.000000,13.000000,0.684234,0.725151,2.307435,0.000000,34.000000,38.488300,7.728234,19.667722,30.000000,20.967722,79.032278,0.139535,0.046512,是,有效销项金额61901.62 <= 5%分位197251.46,否,,高风险,信用得分=20.97，有效销项金额=61901.62，毛利率=-237.24%，有效经营月份=17.0，最大作废率=13.95%，最大负数率=4.65%，进销匹配差异=2.31，客户HHI=0.684，供应商HHI=0.725
普通批发商贸,中冲击,1.200000,E425,***商贸有限公司,类D,69803.492200,57196.250000,23267.830733,0.268101,10.000000,116.000000,0.444444,0.016949,0.000000,0.025424,20.000000,14.000000,0.818372,2.000000,27.000000,0.892453,0.082844,0.328101,30.000000,37.411499,55.444632,23.822320,36.978497,30.000000,36.607922,63.392078,0.444444,0.025424,是,有效销项金额69803.49 <= 5%分位197251.46；最大作废率44.44% > 40%,否,,高风险,信用得分=36.61，有效销项金额=69803.49，毛利率=26.81%，有效经营月份=20.0，最大作废率=44.44%，最大负数率=2.54%，进销匹配差异=0.33，客户HHI=0.892，供应商HHI=0.083
