iter,temperature,objective,J,best_J,best_objective,area,total_area_above_217,symmetry_error,A_norm,D_norm,violation,feasible
0,3.0,0.7834177148122583,0.7834177148122583,0.7761231535617352,0.7761231535617352,783.3431465457338,1178.7971747071672,0.3266415386158038,0.9791789331821673,0.3266415386158038,0.0,True
1,2.985,0.5874976861264711,0.5874976861264711,0.5874976861264711,0.5874976861264711,589.9303832158927,956.7764122528824,0.23769533604188364,0.7374129790198658,0.23769533604188364,0.0,True
2,2.970075,0.5498369631223666,0.5498369631223666,0.5498369631223666,0.5498369631223666,547.3205595147142,889.1238008933747,0.23643824515663908,0.6841506993933928,0.23643824515663908,0.0,True
3,2.955224625,0.5498369631223666,0.5498369631223666,0.5498369631223666,0.5498369631223666,547.3205595147142,889.1238008933747,0.23643824515663908,0.6841506993933928,0.23643824515663908,0.0,True
4,2.940448501875,0.8017489927462953,0.8017489927462953,0.5498369631223666,0.5498369631223666,818.0306131005523,1270.3181373967436,0.2865740209443739,1.0225382663756903,0.2865740209443739,0.0,True
5,2.925746259365625,0.8017489927462953,0.8017489927462953,0.5498369631223666,0.5498369631223666,818.0306131005523,1270.3181373967436,0.2865740209443739,1.0225382663756903,0.2865740209443739,0.0,True
6,2.911117528068797,0.8017489927462953,0.8017489927462953,0.5498369631223666,0.5498369631223666,818.0306131005523,1270.3181373967436,0.2865740209443739,1.0225382663756903,0.2865740209443739,0.0,True
7,2.896561940428453,0.6704154497038117,0.6704154497038117,0.5498369631223666,0.5498369631223666,663.7048804334737,1018.7919405558523,0.2989122644150744,0.8296311005418421,0.2989122644150744,0.0,True
8,2.8820791307263107,0.6704154497038117,0.6704154497038117,0.5498369631223666,0.5498369631223666,663.7048804334737,1018.7919405558523,0.2989122644150744,0.8296311005418421,0.2989122644150744,0.0,True
9,2.8676687350726793,0.6233732457893361,0.6233732457893361,0.5498369631223666,0.5498369631223666,623.7886000128107,991.7473153853065,0.25852740259375595,0.7797357500160134,0.25852740259375595,0.0,True
10,2.853330391397316,0.7222916711928117,0.7222916711928117,0.5498369631223666,0.5498369631223666,723.2956402399302,1112.0928168624057,0.2980266199429092,0.9041195502999128,0.2980266199429092,0.0,True
11,2.8390637394403293,0.7222916711928117,0.7222916711928117,0.5498369631223666,0.5498369631223666,723.2956402399302,1112.0928168624057,0.2980266199429092,0.9041195502999128,0.2980266199429092,0.0,True
12,2.824868420743128,0.7222916711928117,0.7222916711928117,0.5498369631223666,0.5498369631223666,723.2956402399302,1112.0928168624057,0.2980266199429092,0.9041195502999128,0.2980266199429092,0.0,True
13,2.810744078639412,0.7222916711928117,0.7222916711928117,0.5498369631223666,0.5498369631223666,723.2956402399302,1112.0928168624057,0.2980266199429092,0.9041195502999128,0.2980266199429092,0.0,True
14,2.796690358246215,0.6338678516038736,0.6338678516038736,0.5498369631223666,0.5498369631223666,639.3936233218296,1025.5997682587688,0.24799477065757586,0.799242029152287,0.24799477065757586,0.0,True
15,2.7827069064549836,0.6338678516038736,0.6338678516038736,0.5498369631223666,0.5498369631223666,639.3936233218296,1025.5997682587688,0.24799477065757586,0.799242029152287,0.24799477065757586,0.0,True
16,2.7687933719227087,0.6338678516038736,0.6338678516038736,0.5498369631223666,0.5498369631223666,639.3936233218296,1025.5997682587688,0.24799477065757586,0.799242029152287,0.24799477065757586,0.0,True
17,2.754949405063095,0.6338678516038736,0.6338678516038736,0.5498369631223666,0.5498369631223666,639.3936233218296,1025.5997682587688,0.24799477065757586,0.799242029152287,0.24799477065757586,0.0,True
18,2.7411746580377794,0.6796837234094394,0.6796837234094394,0.5498369631223666,0.5498369631223666,683.5660457002414,1073.8183745285348,0.2718781114057607,0.8544575571253017,0.2718781114057607,0.0,True
19,2.7274687847475905,0.6796837234094394,0.6796837234094394,0.5498369631223666,0.5498369631223666,683.5660457002414,1073.8183745285348,0.2718781114057607,0.8544575571253017,0.2718781114057607,0.0,True
20,2.7138314408238524,0.6796837234094394,0.6796837234094394,0.5498369631223666,0.5498369631223666,683.5660457002414,1073.8183745285348,0.2718781114057607,0.8544575571253017,0.2718781114057607,0.0,True
21,2.700262283619733,0.6796837234094394,0.6796837234094394,0.5498369631223666,0.5498369631223666,683.5660457002414,1073.8183745285348,0.2718781114057607,0.8544575571253017,0.2718781114057607,0.0,True
22,2.6867609722016343,0.6796837234094394,0.6796837234094394,0.5498369631223666,0.5498369631223666,683.5660457002414,1073.8183745285348,0.2718781114057607,0.8544575571253017,0.2718781114057607,0.0,True
23,2.6733271673406263,0.6796837234094394,0.6796837234094394,0.5498369631223666,0.5498369631223666,683.5660457002414,1073.8183745285348,0.2718781114057607,0.8544575571253017,0.2718781114057607,0.0,True
24,2.659960531503923,0.6753323758651639,0.6753323758651639,0.5498369631223666,0.5498369631223666,662.5594288415484,1002.6874264825128,0.3186429187626971,0.8281992860519355,0.3186429187626971,0.0,True
25,2.6466607288464035,0.6753323758651639,0.6753323758651639,0.5498369631223666,0.5498369631223666,662.5594288415484,1002.6874264825128,0.3186429187626971,0.8281992860519355,0.3186429187626971,0.0,True
26,2.6334274252021714,0.6753323758651639,0.6753323758651639,0.5498369631223666,0.5498369631223666,662.5594288415484,1002.6874264825128,0.3186429187626971,0.8281992860519355,0.3186429187626971,0.0,True
27,2.6202602880761607,0.5504361785049379,0.5504361785049379,0.5498369631223666,0.5498369631223666,541.9678664394796,862.8645219038592,0.2540476512346438,0.6774598330493495,0.2540476512346438,0.0,True
28,2.60715898663578,0.5860901879990558,0.5860901879990558,0.5498369631223666,0.5498369631223666,565.4737819911747,865.71520785978,0.30433542918925965,0.7068422274889684,0.30433542918925965,0.0,True
29,2.594123191702601,0.6096696222129697,0.6096696222129697,0.5498369631223666,0.5498369631223666,614.568103503982,992.9412670430148,0.23974177215661846,0.7682101293799775,0.23974177215661846,0.0,True
30,2.581152575744088,0.6096696222129697,0.6096696222129697,0.5498369631223666,0.5498369631223666,614.568103503982,992.9412670430148,0.23974177215661846,0.7682101293799775,0.23974177215661846,0.0,True
31,2.5682468128653673,0.6217519172703283,0.6217519172703283,0.5498369631223666,0.5498369631223666,600.7690942701538,909.3395984595345,0.32026319927981245,0.7509613678376923,0.32026319927981245,0.0,True
32,2.5554055788010404,0.6217519172703283,0.6217519172703283,0.5498369631223666,0.5498369631223666,600.7690942701538,909.3395984595345,0.32026319927981245,0.7509613678376923,0.32026319927981245,0.0,True
33,2.542628550907035,0.6217519172703283,0.6217519172703283,0.5498369631223666,0.5498369631223666,600.7690942701538,909.3395984595345,0.32026319927981245,0.7509613678376923,0.32026319927981245,0.0,True
34,2.5299154081525,0.6217519172703283,0.6217519172703283,0.5498369631223666,0.5498369631223666,600.7690942701538,909.3395984595345,0.32026319927981245,0.7509613678376923,0.32026319927981245,0.0,True
35,2.5172658311117377,0.6217519172703283,0.6217519172703283,0.5498369631223666,0.5498369631223666,600.7690942701538,909.3395984595345,0.32026319927981245,0.7509613678376923,0.32026319927981245,0.0,True
36,2.504679501956179,0.6217519172703283,0.6217519172703283,0.5498369631223666,0.5498369631223666,600.7690942701538,909.3395984595345,0.32026319927981245,0.7509613678376923,0.32026319927981245,0.0,True
37,2.4921561044463982,0.6249032586837043,0.6249032586837043,0.5498369631223666,0.5498369631223666,605.4031614047911,917.5381862645852,0.3172516415150406,0.7567539517559889,0.3172516415150406,0.0,True
38,2.479695323924166,0.6249032586837043,0.6249032586837043,0.5498369631223666,0.5498369631223666,605.4031614047911,917.5381862645852,0.3172516415150406,0.7567539517559889,0.3172516415150406,0.0,True
39,2.4672968473045453,0.601624981342699,0.601624981342699,0.5498369631223666,0.5498369631223666,580.4520338063159,883.757467837582,0.31243150587390855,0.7255650422578949,0.31243150587390855,0.0,True
40,2.4549603630680226,0.601624981342699,0.601624981342699,0.5498369631223666,0.5498369631223666,580.4520338063159,883.757467837582,0.31243150587390855,0.7255650422578949,0.31243150587390855,0.0,True
41,2.4426855612526825,0.601624981342699,0.601624981342699,0.5498369631223666,0.5498369631223666,580.4520338063159,883.757467837582,0.31243150587390855,0.7255650422578949,0.31243150587390855,0.0,True
42,2.430472133446419,0.601624981342699,0.601624981342699,0.5498369631223666,0.5498369631223666,580.4520338063159,883.757467837582,0.31243150587390855,0.7255650422578949,0.31243150587390855,0.0,True
43,2.418319772779187,0.601624981342699,0.601624981342699,0.5498369631223666,0.5498369631223666,580.4520338063159,883.757467837582,0.31243150587390855,0.7255650422578949,0.31243150587390855,0.0,True
44,2.406228173915291,0.601624981342699,0.601624981342699,0.5498369631223666,0.5498369631223666,580.4520338063159,883.757467837582,0.31243150587390855,0.7255650422578949,0.31243150587390855,0.0,True
45,2.3941970330457147,0.601624981342699,0.601624981342699,0.5498369631223666,0.5498369631223666,580.4520338063159,883.757467837582,0.31243150587390855,0.7255650422578949,0.31243150587390855,0.0,True
46,2.382226047880486,0.601624981342699,0.601624981342699,0.5498369631223666,0.5498369631223666,580.4520338063159,883.757467837582,0.31243150587390855,0.7255650422578949,0.31243150587390855,0.0,True
47,2.3703149176410836,0.601624981342699,0.601624981342699,0.5498369631223666,0.5498369631223666,580.4520338063159,883.757467837582,0.31243150587390855,0.7255650422578949,0.31243150587390855,0.0,True
48,2.358463343052878,0.601624981342699,0.601624981342699,0.5498369631223666,0.5498369631223666,580.4520338063159,883.757467837582,0.31243150587390855,0.7255650422578949,0.31243150587390855,0.0,True
49,2.3466710263376136,0.6251039068499322,0.6251039068499322,0.5498369631223666,0.5498369631223666,610.0377315980214,933.7733969227265,0.304402972338878,0.7625471644975268,0.304402972338878,0.0,True
50,2.3349376712059255,0.6727308781629951,0.6727308781629951,0.5498369631223666,0.5498369631223666,674.933480710298,1058.8834992549625,0.27388027513828145,0.8436668508878725,0.27388027513828145,0.0,True
51,2.323262982849896,0.6855145636172796,0.6855145636172796,0.5498369631223666,0.5498369631223666,698.1881033903563,1122.1369166120867,0.24866657716905938,0.8727351292379454,0.24866657716905938,0.0,True
52,2.3116466679356464,0.5867486011347902,0.5867486011347902,0.5498369631223666,0.5498369631223666,565.8195804228341,866.5958445250251,0.3055215608827014,0.7072744755285426,0.3055215608827014,0.0,True
53,2.3000884345959682,0.6771971338137254,0.6771971338137254,0.5498369631223666,0.5498369631223666,678.9508244918454,1061.9322582939442,0.27705054127786904,0.8486885306148068,0.27705054127786904,0.0,True
54,2.2885879924229884,0.6771971338137254,0.6771971338137254,0.5498369631223666,0.5498369631223666,678.9508244918454,1061.9322582939442,0.27705054127786904,0.8486885306148068,0.27705054127786904,0.0,True
55,2.2771450524608734,0.6771971338137254,0.6771971338137254,0.5498369631223666,0.5498369631223666,678.9508244918454,1061.9322582939442,0.27705054127786904,0.8486885306148068,0.27705054127786904,0.0,True
56,2.265759327198569,0.6771971338137254,0.6771971338137254,0.5498369631223666,0.5498369631223666,678.9508244918454,1061.9322582939442,0.27705054127786904,0.8486885306148068,0.27705054127786904,0.0,True
57,2.2544305305625763,0.6771971338137254,0.6771971338137254,0.5498369631223666,0.5498369631223666,678.9508244918454,1061.9322582939442,0.27705054127786904,0.8486885306148068,0.27705054127786904,0.0,True
58,2.2431583779097632,0.7163085228770842,0.7163085228770842,0.5498369631223666,0.5498369631223666,709.3564564204005,1075.5952952303107,0.3187387450307797,0.8866955705255006,0.3187387450307797,0.0,True
59,2.2319425860202142,0.7163085228770842,0.7163085228770842,0.5498369631223666,0.5498369631223666,709.3564564204005,1075.5952952303107,0.3187387450307797,0.8866955705255006,0.3187387450307797,0.0,True
60,2.2207828730901134,0.5761099143053081,0.5761099143053081,0.5498369631223666,0.5498369631223666,570.066407174503,905.5288866006573,0.2576726934253938,0.7125830089681287,0.2576726934253938,0.0,True
61,2.2096789587246626,0.5761099143053081,0.5761099143053081,0.5498369631223666,0.5498369631223666,570.066407174503,905.5288866006573,0.2576726934253938,0.7125830089681287,0.2576726934253938,0.0,True
62,2.1986305639310393,0.5761099143053081,0.5761099143053081,0.5498369631223666,0.5498369631223666,570.066407174503,905.5288866006573,0.2576726934253938,0.7125830089681287,0.2576726934253938,0.0,True
63,2.187637411111384,0.5761099143053081,0.5761099143053081,0.5498369631223666,0.5498369631223666,570.066407174503,905.5288866006573,0.2576726934253938,0.7125830089681287,0.2576726934253938,0.0,True
64,2.1766992240558274,0.5761099143053081,0.5761099143053081,0.5498369631223666,0.5498369631223666,570.066407174503,905.5288866006573,0.2576726934253938,0.7125830089681287,0.2576726934253938,0.0,True
65,2.165815727935548,0.5761099143053081,0.5761099143053081,0.5498369631223666,0.5498369631223666,570.066407174503,905.5288866006573,0.2576726934253938,0.7125830089681287,0.2576726934253938,0.0,True
66,2.1549866492958705,0.6211722300059092,0.6211722300059092,0.5498369631223666,0.5498369631223666,612.9856752244989,953.2480822081363,0.28269921394824193,0.7662320940306236,0.28269921394824193,0.0,True
67,2.144211716049391,0.6211722300059092,0.6211722300059092,0.5498369631223666,0.5498369631223666,612.9856752244989,953.2480822081363,0.28269921394824193,0.7662320940306236,0.28269921394824193,0.0,True
68,2.133490657469144,0.6211722300059092,0.6211722300059092,0.5498369631223666,0.5498369631223666,612.9856752244989,953.2480822081363,0.28269921394824193,0.7662320940306236,0.28269921394824193,0.0,True
69,2.1228232041817985,0.6211722300059092,0.6211722300059092,0.5498369631223666,0.5498369631223666,612.9856752244989,953.2480822081363,0.28269921394824193,0.7662320940306236,0.28269921394824193,0.0,True
70,2.1122090881608897,0.7262809174639455,0.7262809174639455,0.5498369631223666,0.5498369631223666,739.8602944612622,1173.625550937919,0.26301053270113706,0.9248253680765778,0.26301053270113706,0.0,True
71,2.101648042720085,0.6833818385288084,0.6833818385288084,0.5498369631223666,0.5498369631223666,677.9122351224588,1041.75841759583,0.3006954426555232,0.8473902939030735,0.3006954426555232,0.0,True
72,2.091139802506485,0.6462642235507664,0.6462642235507664,0.5498369631223666,0.5498369631223666,632.3553301457978,962.730294139255,0.3098443655773112,0.7904441626822473,0.3098443655773112,0.0,True
73,2.0806841034939523,0.7114726628767604,0.7114726628767604,0.5498369631223666,0.5498369631223666,703.0907750854467,1061.5438457952448,0.3208941155899818,0.8788634688568083,0.3208941155899818,0.0,True
74,2.0702806829764824,0.7856012796322626,0.7856012796322626,0.5498369631223666,0.5498369631223666,779.738782548755,1158.8787294970807,0.3444328163403398,0.9746734781859437,0.3444328163403398,0.0,True
75,2.0599292795616,0.7931840570395837,0.7931840570395837,0.5498369631223666,0.5498369631223666,800.5490871305069,1220.4252695532814,0.3090120193346342,1.0006863589131336,0.3090120193346342,0.0,True
76,2.049629633163792,0.8780522338581178,0.8780522338581178,0.5498369631223666,0.5498369631223666,894.2603763901691,1354.9728720145408,0.31858134838906627,1.1178254704877113,0.31858134838906627,0.0,True
77,2.039381484997973,0.6568273603127467,0.6568273603127467,0.5498369631223666,0.5498369631223666,645.0371782459808,984.2639814238769,0.3080660978250448,0.8062964728074761,0.3080660978250448,0.0,True
78,2.029184577572983,0.6568273603127467,0.6568273603127467,0.5498369631223666,0.5498369631223666,645.0371782459808,984.2639814238769,0.3080660978250448,0.8062964728074761,0.3080660978250448,0.0,True
79,2.0190386546851182,0.648849020422222,0.648849020422222,0.5498369631223666,0.5498369631223666,641.5833926659518,990.6711670057264,0.2915451727983807,0.8019792408324398,0.2915451727983807,0.0,True
80,2.0089434614116928,0.8079254557088068,0.8079254557088068,0.5498369631223666,0.5498369631223666,817.4536942594651,1248.911980345788,0.30884491077258286,1.0218171178243314,0.30884491077258286,0.0,True
81,1.9988987441046342,0.936549359551077,0.936549359551077,0.5498369631223666,0.5498369631223666,956.7864913721899,1435.297320622511,0.3312039320013696,1.1959831142152373,0.3312039320013696,0.0,True
82,1.988904250384111,0.9332416183879867,0.9332416183879867,0.5498369631223666,0.5498369631223666,967.3957138397909,1502.1714847530475,0.2892345625938989,1.2092446422997387,0.2892345625938989,0.0,True
83,1.9789597291321905,0.9332416183879867,0.9332416183879867,0.5498369631223666,0.5498369631223666,967.3957138397909,1502.1714847530475,0.2892345625938989,1.2092446422997387,0.2892345625938989,0.0,True
84,1.9690649304865295,0.8789739868243006,0.8789739868243006,0.5498369631223666,0.5498369631223666,901.6486214461643,1386.515658894227,0.3001048101963561,1.1270607768077054,0.3001048101963561,0.0,True
85,1.959219605834097,0.8789739868243006,0.8789739868243006,0.5498369631223666,0.5498369631223666,901.6486214461643,1386.515658894227,0.3001048101963561,1.1270607768077054,0.3001048101963561,0.0,True
86,1.9494235078049265,0.7649768215363324,0.7649768215363324,0.5498369631223666,0.5498369631223666,759.5527359162656,1137.2612753192427,0.33456059203199956,0.9494409198953321,0.33456059203199956,0.0,True
87,1.9396763902659018,0.7649768215363324,0.7649768215363324,0.5498369631223666,0.5498369631223666,759.5527359162656,1137.2612753192427,0.33456059203199956,0.9494409198953321,0.33456059203199956,0.0,True
88,1.9299780083145723,0.6559882846036286,0.6559882846036286,0.5498369631223666,0.5498369631223666,651.721902258158,1013.8975189042812,0.285772067092468,0.8146523778226975,0.285772067092468,0.0,True
89,1.9203281182729994,0.6559882846036286,0.6559882846036286,0.5498369631223666,0.5498369631223666,651.721902258158,1013.8975189042812,0.285772067092468,0.8146523778226975,0.285772067092468,0.0,True
90,1.9107264776816344,0.6559882846036286,0.6559882846036286,0.5498369631223666,0.5498369631223666,651.721902258158,1013.8975189042812,0.285772067092468,0.8146523778226975,0.285772067092468,0.0,True
91,1.9011728452932262,0.7915630433108021,0.7915630433108021,0.5498369631223666,0.5498369631223666,799.8099358347463,1224.917596018995,0.30576449818466356,0.9997624197934328,0.30576449818466356,0.0,True
92,1.8916669810667601,0.7540501850869851,0.7540501850869851,0.5498369631223666,0.5498369631223666,747.5315561512908,1120.6525071319456,0.3332002448486856,0.9344144451891135,0.3332002448486856,0.0,True
93,1.8822086461614262,0.7100973773349463,0.7100973773349463,0.5498369631223666,0.5498369631223666,710.2895179518814,1095.8195384307755,0.2953134970901668,0.8878618974398518,0.2953134970901668,0.0,True
94,1.872797602930619,0.6838709214191634,0.6838709214191634,0.5498369631223666,0.5498369631223666,685.6122523469373,1071.0419458416504,0.27986733538531083,0.8570153154336717,0.27986733538531083,0.0,True
95,1.8634336149159658,0.6671022243140077,0.6671022243140077,0.5498369631223666,0.5498369631223666,655.2143010784453,996.5243893099234,0.3126323695678938,0.8190178763480566,0.3126323695678938,0.0,True
96,1.854116446841386,0.6671022243140077,0.6671022243140077,0.5498369631223666,0.5498369631223666,655.2143010784453,996.5243893099234,0.3126323695678938,0.8190178763480566,0.3126323695678938,0.0,True
97,1.844845864607179,0.6671022243140077,0.6671022243140077,0.5498369631223666,0.5498369631223666,655.2143010784453,996.5243893099234,0.3126323695678938,0.8190178763480566,0.3126323695678938,0.0,True
98,1.8356216352841432,0.5398353044225659,0.5398353044225659,0.5398353044225659,0.5398353044225659,528.4043500053443,839.4287809847797,0.25827166055963197,0.6605054375066804,0.25827166055963197,0.0,True
99,1.8264435271077226,0.5398353044225659,0.5398353044225659,0.5398353044225659,0.5398353044225659,528.4043500053443,839.4287809847797,0.25827166055963197,0.6605054375066804,0.25827166055963197,0.0,True
100,1.817311309472184,0.621276250206061,0.621276250206061,0.5398353044225659,0.5398353044225659,604.9926391641591,924.7845916148027,0.30635896979140637,0.7562407989551988,0.30635896979140637,0.0,True
101,1.808224752924823,0.8745769279875222,0.8745769279875222,0.5398353044225659,0.5398353044225659,892.7171708020325,1359.0407366524516,0.3114980117858127,1.1158964635025406,0.3114980117858127,0.0,True
102,1.7991836291601988,0.8625906434734875,0.8625906434734875,0.5398353044225659,0.5398353044225659,881.341262754977,1347.8318469438586,0.3047234618762754,1.1016765784437212,0.3047234618762754,0.0,True
103,1.7901877110143978,0.7392148393351394,0.7392148393351394,0.5398353044225659,0.5398353044225659,739.0751486319165,1127.8556802707903,0.3084136142740419,0.9238439357898955,0.3084136142740419,0.0,True
104,1.7812367724593259,0.8389304610286795,0.8389304610286795,0.5398353044225659,0.5398353044225659,857.2513142429696,1321.3420709108877,0.2961185368869376,1.071564142803712,0.2961185368869376,0.0,True
105,1.7723305885970293,0.796152530319352,0.796152530319352,0.5398353044225659,0.5398353044225659,800.502331784075,1211.1052457984133,0.3190433000276215,1.0006279147300936,0.3190433000276215,0.0,True
106,1.763468935654044,0.6955887539601671,0.6955887539601671,0.5398353044225659,0.5398353044225659,693.0517785753552,1067.131352340634,0.2972281590224377,0.866314723219194,0.2972281590224377,0.0,True
107,1.7546515909757738,0.7955853284822479,0.7955853284822479,0.5398353044225659,0.5398353044225659,803.3453285303314,1226.930116826697,0.30886055339402707,1.0041816606629141,0.30886055339402707,0.0,True
108,1.745878333020895,0.6403999038813231,0.6403999038813231,0.5398353044225659,0.5398353044225659,634.4305150863461,985.440021070877,0.2842440106025674,0.7930381438579326,0.2842440106025674,0.0,True
109,1.7371489413557903,0.5731041242592361,0.5731041242592361,0.5398353044225659,0.5398353044225659,568.5741512328382,910.3008430746321,0.2520058064350092,0.7107176890410477,0.2520058064350092,0.0,True
110,1.7284631966490114,0.5731041242592361,0.5731041242592361,0.5398353044225659,0.5398353044225659,568.5741512328382,910.3008430746321,0.2520058064350092,0.7107176890410477,0.2520058064350092,0.0,True
111,1.7198208806657662,0.7480002227931711,0.7480002227931711,0.5398353044225659,0.5398353044225659,743.5550336160643,1121.6591940881226,0.3246318945970499,0.9294437920200803,0.3246318945970499,0.0,True
112,1.7112217762624373,0.7228993341826133,0.7228993341826133,0.5398353044225659,0.5398353044225659,720.5306148975297,1100.350221243214,0.3081168204909161,0.9006632686219121,0.3081168204909161,0.0,True
113,1.7026656673811251,0.7117427470535866,0.7117427470535866,0.5398353044225659,0.5398353044225659,719.706575690192,1127.6832227072005,0.2733316444155622,0.89963321961274,0.2733316444155622,0.0,True
114,1.6941523390442195,0.6270987034542419,0.6270987034542419,0.5398353044225659,0.5398353044225659,630.2550278133724,1009.0926243452873,0.25208518039180366,0.7878187847667155,0.25208518039180366,0.0,True
115,1.6856815773489984,0.6270987034542419,0.6270987034542419,0.5398353044225659,0.5398353044225659,630.2550278133724,1009.0926243452873,0.25208518039180366,0.7878187847667155,0.25208518039180366,0.0,True
116,1.6772531694622534,0.6270987034542419,0.6270987034542419,0.5398353044225659,0.5398353044225659,630.2550278133724,1009.0926243452873,0.25208518039180366,0.7878187847667155,0.25208518039180366,0.0,True
117,1.6688669036149422,0.6270987034542419,0.6270987034542419,0.5398353044225659,0.5398353044225659,630.2550278133724,1009.0926243452873,0.25208518039180366,0.7878187847667155,0.25208518039180366,0.0,True
118,1.6605225690968675,0.6270987034542419,0.6270987034542419,0.5398353044225659,0.5398353044225659,630.2550278133724,1009.0926243452873,0.25208518039180366,0.7878187847667155,0.25208518039180366,0.0,True
119,1.652219956251383,0.6270987034542419,0.6270987034542419,0.5398353044225659,0.5398353044225659,630.2550278133724,1009.0926243452873,0.25208518039180366,0.7878187847667155,0.25208518039180366,0.0,True
120,1.6439588564701262,0.6270987034542419,0.6270987034542419,0.5398353044225659,0.5398353044225659,630.2550278133724,1009.0926243452873,0.25208518039180366,0.7878187847667155,0.25208518039180366,0.0,True
121,1.6357390621877756,0.6470155653920268,0.6470155653920268,0.5398353044225659,0.5398353044225659,649.6336202679397,1031.1105759197117,0.26195382552526525,0.8120420253349246,0.26195382552526525,0.0,True
122,1.6275603668768368,0.7233674512971187,0.7233674512971187,0.5398353044225659,0.5398353044225659,727.8097340786024,1130.6922439710074,0.28844644659447194,0.909762167598253,0.28844644659447194,0.0,True
123,1.6194225650424525,0.7888154257599074,0.7888154257599074,0.5398353044225659,0.5398353044225659,805.777942183173,1261.1267569197269,0.27919908783210357,1.0072224277289663,0.27919908783210357,0.0,True
124,1.6113254522172402,0.7685350209404179,0.7685350209404179,0.5398353044225659,0.5398353044225659,772.1551680173221,1177.9172838072466,0.3096641630842033,0.9651939600216527,0.3096641630842033,0.0,True
125,1.603268824956154,0.908122950839944,0.908122950839944,0.5398353044225659,0.5398353044225659,934.530153267574,1436.7506368654508,0.3013635557693892,1.1681626915844674,0.3013635557693892,0.0,True
126,1.5952524808313733,0.8107323604668175,0.8107323604668175,0.5398353044225659,0.5398353044225659,826.4273948764336,1277.999161185863,0.29202796649979373,1.033034243595542,0.29202796649979373,0.0,True
127,1.5872762184272164,0.690138785256211,0.690138785256211,0.5398353044225659,0.5398353044225659,698.6329925706193,1109.6937137789823,0.26278305585639716,0.8732912407132741,0.26278305585639716,0.0,True
128,1.5793398373350804,0.6409235885803859,0.6409235885803859,0.5398353044225659,0.5398353044225659,639.3096263747177,1005.1500033009704,0.27175888500836,0.7991370329683971,0.27175888500836,0.0,True
129,1.571443138148405,0.6166311946457347,0.6166311946457347,0.5398353044225659,0.5398353044225659,612.4880164110604,965.1145141207103,0.2690139342868564,0.7656100205138254,0.2690139342868564,0.0,True
130,1.5635859224576631,0.7045575028747582,0.7045575028747582,0.5398353044225659,0.5398353044225659,706.1349711069262,1093.033918082017,0.28896467718732605,0.8826687138836578,0.28896467718732605,0.0,True
131,1.555767992845375,0.6904671102271488,0.6904671102271488,0.5398353044225659,0.5398353044225659,684.996811217341,1049.0769803717628,0.30364966803991816,0.8562460140216763,0.30364966803991816,0.0,True
132,1.547989152881148,0.7168896809732904,0.7168896809732904,0.5398353044225659,0.5398353044225659,703.368371220105,1050.16583295051,0.33814118718566216,0.8792104640251313,0.33814118718566216,0.0,True
133,1.5402492071167422,0.7168896809732904,0.7168896809732904,0.5398353044225659,0.5398353044225659,703.368371220105,1050.16583295051,0.33814118718566216,0.8792104640251313,0.33814118718566216,0.0,True
134,1.5325479610811585,0.7792371132372657,0.7792371132372657,0.5398353044225659,0.5398353044225659,788.7878733025019,1216.3235189182924,0.2968257469919221,0.9859848416281274,0.2968257469919221,0.0,True
135,1.5248852212757527,0.7792371132372657,0.7792371132372657,0.5398353044225659,0.5398353044225659,788.7878733025019,1216.3235189182924,0.2968257469919221,0.9859848416281274,0.2968257469919221,0.0,True
136,1.517260795169374,0.7792371132372657,0.7792371132372657,0.5398353044225659,0.5398353044225659,788.7878733025019,1216.3235189182924,0.2968257469919221,0.9859848416281274,0.2968257469919221,0.0,True
137,1.5096744911935271,0.7792371132372657,0.7792371132372657,0.5398353044225659,0.5398353044225659,788.7878733025019,1216.3235189182924,0.2968257469919221,0.9859848416281274,0.2968257469919221,0.0,True
138,1.5021261187375594,0.7792371132372657,0.7792371132372657,0.5398353044225659,0.5398353044225659,788.7878733025019,1216.3235189182924,0.2968257469919221,0.9859848416281274,0.2968257469919221,0.0,True
139,1.4946154881438716,0.7792371132372657,0.7792371132372657,0.5398353044225659,0.5398353044225659,788.7878733025019,1216.3235189182924,0.2968257469919221,0.9859848416281274,0.2968257469919221,0.0,True
140,1.4871424107031521,0.7792371132372657,0.7792371132372657,0.5398353044225659,0.5398353044225659,788.7878733025019,1216.3235189182924,0.2968257469919221,0.9859848416281274,0.2968257469919221,0.0,True
141,1.4797066986496363,0.8390628611698754,0.8390628611698754,0.5398353044225659,0.5398353044225659,840.2178917719685,1247.043449107586,0.3462406862313429,1.0502723647149608,0.3462406862313429,0.0,True
142,1.472308165156388,0.7646754762867576,0.7646754762867576,0.5398353044225659,0.5398353044225659,757.6540434752106,1129.3786270973096,0.33909396081982784,0.9470675543440134,0.33909396081982784,0.0,True
143,1.4649466243306062,0.7857362830786571,0.7857362830786571,0.5398353044225659,0.5398353044225659,781.3769900787686,1165.4114326578258,0.34010472253244844,0.9767212375984607,0.34010472253244844,0.0,True
144,1.4576218912089531,0.7857362830786571,0.7857362830786571,0.5398353044225659,0.5398353044225659,781.3769900787686,1165.4114326578258,0.34010472253244844,0.9767212375984607,0.34010472253244844,0.0,True
145,1.4503337817529083,0.7857362830786571,0.7857362830786571,0.5398353044225659,0.5398353044225659,781.3769900787686,1165.4114326578258,0.34010472253244844,0.9767212375984607,0.34010472253244844,0.0,True
146,1.4430821128441438,0.7493974935104321,0.7493974935104321,0.5398353044225659,0.5398353044225659,749.0677337683713,1140.3952637592538,0.3132107548770237,0.9363346672104642,0.3132107548770237,0.0,True
147,1.435866702279923,0.7493974935104321,0.7493974935104321,0.5398353044225659,0.5398353044225659,749.0677337683713,1140.3952637592538,0.3132107548770237,0.9363346672104642,0.3132107548770237,0.0,True
148,1.4286873687685233,0.7254160032084439,0.7254160032084439,0.5398353044225659,0.5398353044225659,725.2912640368521,1113.8359507665368,0.3026204905873278,0.9066140800460651,0.3026204905873278,0.0,True
149,1.4215439319246808,0.7254160032084439,0.7254160032084439,0.5398353044225659,0.5398353044225659,725.2912640368521,1113.8359507665368,0.3026204905873278,0.9066140800460651,0.3026204905873278,0.0,True
150,1.4144362122650573,0.7993516818714367,0.7993516818714367,0.5398353044225659,0.5398353044225659,811.4377179642496,1250.0184854409822,0.29781226217572754,1.014297147455312,0.29781226217572754,0.0,True
151,1.407364031203732,0.7993516818714367,0.7993516818714367,0.5398353044225659,0.5398353044225659,811.4377179642496,1250.0184854409822,0.29781226217572754,1.014297147455312,0.29781226217572754,0.0,True
152,1.4003272110477134,0.7642177454450269,0.7642177454450269,0.5398353044225659,0.5398353044225659,758.0657092319074,1131.9709149655148,0.3363674995570265,0.9475821365398842,0.3363674995570265,0.0,True
153,1.393325574992475,0.793332425638125,0.793332425638125,0.5398353044225659,0.5398353044225659,788.0003333440266,1167.86510849928,0.3461071132070059,0.9850004166800332,0.3461071132070059,0.0,True
154,1.3863589471175126,0.793332425638125,0.793332425638125,0.5398353044225659,0.5398353044225659,788.0003333440266,1167.86510849928,0.3461071132070059,0.9850004166800332,0.3461071132070059,0.0,True
155,1.379427152381925,0.8478432913705464,0.8478432913705464,0.5398353044225659,0.5398353044225659,853.6051584064382,1276.3407770192837,0.33646259254970967,1.067006448008048,0.33646259254970967,0.0,True
156,1.3725300166200154,0.6892738375671614,0.6892738375671614,0.5398353044225659,0.5398353044225659,690.37426522819,1076.933132851123,0.28398785164165086,0.8629678315352375,0.28398785164165086,0.0,True
157,1.3656673665369152,0.6892738375671614,0.6892738375671614,0.5398353044225659,0.5398353044225659,690.37426522819,1076.933132851123,0.28398785164165086,0.8629678315352375,0.28398785164165086,0.0,True
158,1.3588390297042305,0.6892738375671614,0.6892738375671614,0.5398353044225659,0.5398353044225659,690.37426522819,1076.933132851123,0.28398785164165086,0.8629678315352375,0.28398785164165086,0.0,True
159,1.3520448345557095,0.7845104547107425,0.7845104547107425,0.5398353044225659,0.5398353044225659,798.8805974896322,1246.466596490561,0.28496643969104773,0.9986007468620403,0.28496643969104773,0.0,True
160,1.3452846103829308,0.8134705983992676,0.8134705983992676,0.5398353044225659,0.5398353044225659,816.1018962392061,1224.695547174981,0.3312714639665406,1.0201273702990077,0.3312714639665406,0.0,True
161,1.3385581873310162,0.842808363134696,0.842808363134696,0.5398353044225659,0.5398353044225659,838.1436227091424,1227.252912300346,0.36477564421398806,1.047679528386428,0.36477564421398806,0.0,True
162,1.3318653963943612,0.842808363134696,0.842808363134696,0.5398353044225659,0.5398353044225659,838.1436227091424,1227.252912300346,0.36477564421398806,1.047679528386428,0.36477564421398806,0.0,True
163,1.3252060694123893,0.842808363134696,0.842808363134696,0.5398353044225659,0.5398353044225659,838.1436227091424,1227.252912300346,0.36477564421398806,1.047679528386428,0.36477564421398806,0.0,True
164,1.3185800390653273,0.7863015584591547,0.7863015584591547,0.5398353044225659,0.5398353044225659,791.5443181448898,1204.8381913858493,0.31233426694125394,0.9894303976811122,0.31233426694125394,0.0,True
165,1.3119871388700006,0.8112807783854997,0.8112807783854997,0.5398353044225659,0.5398353044225659,821.4165387390137,1254.1729707856034,0.308471023296209,1.0267706734237672,0.308471023296209,0.0,True
166,1.3054272031756506,0.7601544245472124,0.7601544245472124,0.5398353044225659,0.5398353044225659,749.619700929552,1110.779442499469,0.34745728744618143,0.9370246261619399,0.34745728744618143,0.0,True
167,1.2989000671597724,0.7601544245472124,0.7601544245472124,0.5398353044225659,0.5398353044225659,749.619700929552,1110.779442499469,0.34745728744618143,0.9370246261619399,0.34745728744618143,0.0,True
168,1.2924055668239736,0.7601544245472124,0.7601544245472124,0.5398353044225659,0.5398353044225659,749.619700929552,1110.779442499469,0.34745728744618143,0.9370246261619399,0.34745728744618143,0.0,True
169,1.2859435389898537,0.6956966694786841,0.6956966694786841,0.5398353044225659,0.5398353044225659,693.823532151293,1069.510358163196,0.29533692948767615,0.8672794151891162,0.29533692948767615,0.0,True
170,1.2795138212949044,0.7817061322960404,0.7817061322960404,0.5398353044225659,0.5398353044225659,775.5217699226919,1150.890677892064,0.34374861204561646,0.9694022124033649,0.34374861204561646,0.0,True
171,1.2731162521884298,0.8800773402816937,0.8800773402816937,0.5398353044225659,0.5398353044225659,880.6560024652719,1289.1294234995444,0.3650111270819362,1.1008200030815898,0.3650111270819362,0.0,True
172,1.2667506709274876,0.8800773402816937,0.8800773402816937,0.5398353044225659,0.5398353044225659,880.6560024652719,1289.1294234995444,0.3650111270819362,1.1008200030815898,0.3650111270819362,0.0,True
173,1.2604169175728501,0.7891640533486186,0.7891640533486186,0.5398353044225659,0.5398353044225659,789.1045460060607,1186.385859203494,0.32899191864438543,0.9863806825075758,0.32899191864438543,0.0,True
174,1.2541148329849858,0.7891640533486186,0.7891640533486186,0.5398353044225659,0.5398353044225659,789.1045460060607,1186.385859203494,0.32899191864438543,0.9863806825075758,0.32899191864438543,0.0,True
175,1.247844258820061,0.7891640533486186,0.7891640533486186,0.5398353044225659,0.5398353044225659,789.1045460060607,1186.385859203494,0.32899191864438543,0.9863806825075758,0.32899191864438543,0.0,True
176,1.2416050375259606,0.7891640533486186,0.7891640533486186,0.5398353044225659,0.5398353044225659,789.1045460060607,1186.385859203494,0.32899191864438543,0.9863806825075758,0.32899191864438543,0.0,True
177,1.2353970123383309,0.7683701714739309,0.7683701714739309,0.5398353044225659,0.5398353044225659,773.4618400432909,1185.0202464110769,0.3053035381201714,0.9668273000541135,0.3053035381201714,0.0,True
178,1.2292200272766391,0.7683701714739309,0.7683701714739309,0.5398353044225659,0.5398353044225659,773.4618400432909,1185.0202464110769,0.3053035381201714,0.9668273000541135,0.3053035381201714,0.0,True
179,1.223073927140256,0.7683701714739309,0.7683701714739309,0.5398353044225659,0.5398353044225659,773.4618400432909,1185.0202464110769,0.3053035381201714,0.9668273000541135,0.3053035381201714,0.0,True
180,1.2169585575045547,0.7683701714739309,0.7683701714739309,0.5398353044225659,0.5398353044225659,773.4618400432909,1185.0202464110769,0.3053035381201714,0.9668273000541135,0.3053035381201714,0.0,True
181,1.210873764717032,0.7683701714739309,0.7683701714739309,0.5398353044225659,0.5398353044225659,773.4618400432909,1185.0202464110769,0.3053035381201714,0.9668273000541135,0.3053035381201714,0.0,True
182,1.2048193958934468,0.7683701714739309,0.7683701714739309,0.5398353044225659,0.5398353044225659,773.4618400432909,1185.0202464110769,0.3053035381201714,0.9668273000541135,0.3053035381201714,0.0,True
183,1.1987952989139796,0.7683701714739309,0.7683701714739309,0.5398353044225659,0.5398353044225659,773.4618400432909,1185.0202464110769,0.3053035381201714,0.9668273000541135,0.3053035381201714,0.0,True
184,1.1928013224194096,0.7683701714739309,0.7683701714739309,0.5398353044225659,0.5398353044225659,773.4618400432909,1185.0202464110769,0.3053035381201714,0.9668273000541135,0.3053035381201714,0.0,True
185,1.1868373158073127,0.7683701714739309,0.7683701714739309,0.5398353044225659,0.5398353044225659,773.4618400432909,1185.0202464110769,0.3053035381201714,0.9668273000541135,0.3053035381201714,0.0,True
186,1.1809031292282761,0.7683701714739309,0.7683701714739309,0.5398353044225659,0.5398353044225659,773.4618400432909,1185.0202464110769,0.3053035381201714,0.9668273000541135,0.3053035381201714,0.0,True
187,1.1749986135821346,0.7683701714739309,0.7683701714739309,0.5398353044225659,0.5398353044225659,773.4618400432909,1185.0202464110769,0.3053035381201714,0.9668273000541135,0.3053035381201714,0.0,True
188,1.169123620514224,0.7683701714739309,0.7683701714739309,0.5398353044225659,0.5398353044225659,773.4618400432909,1185.0202464110769,0.3053035381201714,0.9668273000541135,0.3053035381201714,0.0,True
189,1.1632780024116527,0.7683701714739309,0.7683701714739309,0.5398353044225659,0.5398353044225659,773.4618400432909,1185.0202464110769,0.3053035381201714,0.9668273000541135,0.3053035381201714,0.0,True
190,1.1574616123995944,0.8843498057667047,0.8843498057667047,0.5398353044225659,0.5398353044225659,885.415755578978,1295.7016424508608,0.36537006545033035,1.1067696944737224,0.36537006545033035,0.0,True
191,1.1516743043375965,0.8843498057667047,0.8843498057667047,0.5398353044225659,0.5398353044225659,885.415755578978,1295.7016424508608,0.36537006545033035,1.1067696944737224,0.36537006545033035,0.0,True
192,1.1459159328159085,0.8716497122837428,0.8716497122837428,0.5398353044225659,0.5398353044225659,880.0175467097055,1312.3893372801256,0.3387811963758346,1.100021933387132,0.3387811963758346,0.0,True
193,1.140186353151829,0.7723692698719394,0.7723692698719394,0.5398353044225659,0.5398353044225659,783.2661295419314,1214.9730606477747,0.29003802174249826,0.9790826619274142,0.29003802174249826,0.0,True
194,1.1344854213860698,0.7465215918405005,0.7465215918405005,0.5398353044225659,0.5398353044225659,752.9684884475839,1165.9166220213565,0.2922472148295489,0.9412106105594799,0.2922472148295489,0.0,True
195,1.1288129942791394,0.8016292434369041,0.8016292434369041,0.5398353044225659,0.5398353044225659,800.1463211725201,1193.2318496343,0.33833737470316366,1.00018290146565,0.33833737470316366,0.0,True
196,1.1231689293077436,0.7029095523437413,0.7029095523437413,0.5398353044225659,0.5398353044225659,704.1136822713282,1090.5190417239733,0.28936693452109735,0.8801421028391603,0.28936693452109735,0.0,True
197,1.117553084661205,0.7762948278082927,0.7762948278082927,0.5398353044225659,0.5398353044225659,784.6989790612739,1207.7484252089116,0.2989440704322601,0.9808737238265924,0.2989440704322601,0.0,True
198,1.1119653192378989,0.7803286423494055,0.7803286423494055,0.5398353044225659,0.5398353044225659,786.251722015035,1201.2626139872214,0.3078612852874992,0.9828146525187939,0.3078612852874992,0.0,True
199,1.1064054926417093,0.8777752864177093,0.8777752864177093,0.5398353044225659,0.5398353044225659,901.1302445260559,1386.582283841822,0.29762107485803474,1.12641280565757,0.29762107485803474,0.0,True
200,1.1008734651785008,1.0381010134502824,1.0381010134502824,0.5398353044225659,0.5398353044225659,1075.242085025106,1621.867812213297,0.32421396351104853,1.3440526062813825,0.32421396351104853,0.0,True
201,1.0953690978526083,0.8998914859016747,0.8998914859016747,0.5398353044225659,0.5398353044225659,922.2453492390343,1405.4462027565244,0.30975601772506534,1.152806686548793,0.30975601772506534,0.0,True
202,1.0898922523633452,0.8998914859016747,0.8998914859016747,0.5398353044225659,0.5398353044225659,922.2453492390343,1405.4462027565244,0.30975601772506534,1.152806686548793,0.30975601772506534,0.0,True
203,1.0844427911015284,0.8998914859016747,0.8998914859016747,0.5398353044225659,0.5398353044225659,922.2453492390343,1405.4462027565244,0.30975601772506534,1.152806686548793,0.30975601772506534,0.0,True
204,1.0790205771460208,0.9043901636846945,0.9043901636846945,0.5398353044225659,0.5398353044225659,933.545331909957,1444.6536553676733,0.2917933275449407,1.1669316648874462,0.2917933275449407,0.0,True
205,1.0736254742602906,0.9043901636846945,0.9043901636846945,0.5398353044225659,0.5398353044225659,933.545331909957,1444.6536553676733,0.2917933275449407,1.1669316648874462,0.2917933275449407,0.0,True
206,1.068257346888989,0.9043901636846945,0.9043901636846945,0.5398353044225659,0.5398353044225659,933.545331909957,1444.6536553676733,0.2917933275449407,1.1669316648874462,0.2917933275449407,0.0,True
207,1.0629160601545442,0.9043901636846945,0.9043901636846945,0.5398353044225659,0.5398353044225659,933.545331909957,1444.6536553676733,0.2917933275449407,1.1669316648874462,0.2917933275449407,0.0,True
208,1.0576014798537714,0.8465011086449377,0.8465011086449377,0.5398353044225659,0.5398353044225659,875.5228981659473,1383.9028542703059,0.2680619091657793,1.094403622707434,0.2680619091657793,0.0,True
209,1.0523134724545025,0.9269872698936129,0.9269872698936129,0.5398353044225659,0.5398353044225659,945.1924531396612,1415.3055673759704,0.33314624465469805,1.1814905664245765,0.33314624465469805,0.0,True
210,1.04705190509223,0.8791246553508711,0.8791246553508711,0.5398353044225659,0.5398353044225659,910.6398706567447,1430.802792481762,0.2743825617540651,1.1382998383209308,0.2743825617540651,0.0,True
211,1.0418166455667688,0.8791246553508711,0.8791246553508711,0.5398353044225659,0.5398353044225659,910.6398706567447,1430.802792481762,0.2743825617540651,1.1382998383209308,0.2743825617540651,0.0,True
212,1.036607562338935,0.9253433819063547,0.9253433819063547,0.5398353044225659,0.5398353044225659,954.0670067345166,1464.6944799110415,0.3017825033788422,1.1925837584181458,0.3017825033788422,0.0,True
213,1.0314245245272404,0.840771128814862,0.840771128814862,0.5398353044225659,0.5398353044225659,849.485313891462,1282.1658764090316,0.3249049305327761,1.0618566423643276,0.3249049305327761,0.0,True
214,1.0262674019046043,0.6680785911546304,0.6680785911546304,0.5398353044225659,0.5398353044225659,680.8345063327298,1101.943648132508,0.24116132704497314,0.8510431329159123,0.24116132704497314,0.0,True
215,1.0211360648950814,0.74502798222623,0.74502798222623,0.5398353044225659,0.5398353044225659,757.5393992253574,1189.5671787863334,0.27393669301347395,0.9469242490316968,0.27393669301347395,0.0,True
216,1.016030384570606,0.788888960139277,0.788888960139277,0.5398353044225659,0.5398353044225659,795.904767238751,1215.1527719003996,0.3082409626845663,0.9948809590484388,0.3082409626845663,0.0,True
217,1.010950232647753,0.7466449013591032,0.7466449013591032,0.5398353044225659,0.5398353044225659,740.669595888992,1113.6661514363627,0.32853001652078406,0.92583699486124,0.32853001652078406,0.0,True
218,1.0058954814845142,0.7537812920198468,0.7537812920198468,0.5398353044225659,0.5398353044225659,758.0313421429217,1161.8058145855425,0.301679558815968,0.9475391776786521,0.301679558815968,0.0,True
219,1.0008660040770916,0.7537812920198468,0.7537812920198468,0.5398353044225659,0.5398353044225659,758.0313421429217,1161.8058145855425,0.301679558815968,0.9475391776786521,0.301679558815968,0.0,True
220,0.9958616740567061,0.6991291574412417,0.6991291574412417,0.5398353044225659,0.5398353044225659,689.956158072559,1046.2405404126052,0.31805839709250877,0.8624451975906987,0.31805839709250877,0.0,True
221,0.9908823656864226,0.6991291574412417,0.6991291574412417,0.5398353044225659,0.5398353044225659,689.956158072559,1046.2405404126052,0.31805839709250877,0.8624451975906987,0.31805839709250877,0.0,True
222,0.9859279538579905,0.6179594619197746,0.6179594619197746,0.5398353044225659,0.5398353044225659,597.7897613923269,907.4414891333503,0.3163114023382949,0.7472372017404086,0.3163114023382949,0.0,True
223,0.9809983140887005,0.6760126488208402,0.6760126488208402,0.5398353044225659,0.5398353044225659,669.3839784588828,1027.1512003827472,0.30100555889772584,0.8367299730736035,0.30100555889772584,0.0,True
224,0.976093322518257,0.6954097820669334,0.6954097820669334,0.5398353044225659,0.5398353044225659,707.4636110144784,1131.783600716947,0.25459707476421617,0.884329513768098,0.25459707476421617,0.0,True
225,0.9712128559056656,0.6598727407308509,0.6598727407308509,0.5398353044225659,0.5398353044225659,657.1316557864271,1023.0672252395141,0.28294180639242394,0.821414569733034,0.28294180639242394,0.0,True
226,0.9663567916261373,0.6431090478772862,0.6431090478772862,0.5398353044225659,0.5398353044225659,632.9132159266026,972.7956774221072,0.2976999464716967,0.7911415199082532,0.2976999464716967,0.0,True
227,0.9615250076680066,0.7358964393556872,0.7358964393556872,0.5398353044225659,0.5398353044225659,742.7547946444472,1152.1147716302542,0.28661998013931983,0.928443493305559,0.28661998013931983,0.0,True
228,0.9567173826296665,0.7161394688842568,0.7161394688842568,0.5398353044225659,0.5398353044225659,730.4974152974438,1163.9781852378917,0.25651410166331184,0.9131217691218048,0.25651410166331184,0.0,True
229,0.9519337957165183,0.7243004529097519,0.7243004529097519,0.5398353044225659,0.5398353044225659,737.1066062440091,1167.4710906302564,0.2644405748208135,0.9213832578050113,0.2644405748208135,0.0,True
230,0.9471741267379357,0.6617193958819779,0.6617193958819779,0.5398353044225659,0.5398353044225659,665.7974899163218,1053.7735715694066,0.2638219740173213,0.8322468623954022,0.2638219740173213,0.0,True
231,0.942438256104246,0.6553286064431489,0.6553286064431489,0.5398353044225659,0.5398353044225659,647.1396869822725,997.9173797956344,0.2969379344455355,0.8089246087278406,0.2969379344455355,0.0,True
232,0.9377260648237248,0.6583677812972704,0.6583677812972704,0.5398353044225659,0.5398353044225659,649.2550253177172,997.9173794459052,0.3008987804808928,0.8115687816471465,0.3008987804808928,0.0,True
233,0.9330374344996062,0.6583677812972704,0.6583677812972704,0.5398353044225659,0.5398353044225659,649.2550253177172,997.9173794459052,0.3008987804808928,0.8115687816471465,0.3008987804808928,0.0,True
234,0.9283722473271081,0.7323260331356138,0.7323260331356138,0.5398353044225659,0.5398353044225659,739.8750337337002,1152.6530285346262,0.2831179287287541,0.9248437921671253,0.2831179287287541,0.0,True
235,0.9237303860904725,0.7237766379179733,0.7237766379179733,0.5398353044225659,0.5398353044225659,723.0315758875722,1106.6717457429318,0.3037466967211589,0.9037894698594653,0.3037466967211589,0.0,True
236,0.9191117341600201,0.7877809143911167,0.7877809143911167,0.5398353044225659,0.5398353044225659,791.034863074137,1196.162862967242,0.3187513640041561,0.9887935788426713,0.3187513640041561,0.0,True
237,0.91451617548922,0.8739441874861422,0.8739441874861422,0.5398353044225659,0.5398353044225659,885.7016185312222,1330.8070904208557,0.3298509042377429,1.1071270231640278,0.3298509042377429,0.0,True
238,0.909943594611774,0.7766987337396898,0.7766987337396898,0.5398353044225659,0.5398353044225659,790.3023461812967,1230.6313596239843,0.2839472694368507,0.9878779327266208,0.2839472694368507,0.0,True
239,0.9053938766387151,0.7217064698909963,0.7217064698909963,0.5398353044225659,0.5398353044225659,734.3638961593745,1164.5422926613014,0.2637935358384789,0.9179548701992181,0.2637935358384789,0.0,True
240,0.9008669072555215,0.7217064698909963,0.7217064698909963,0.5398353044225659,0.5398353044225659,734.3638961593745,1164.5422926613014,0.2637935358384789,0.9179548701992181,0.2637935358384789,0.0,True
241,0.8963625727192439,0.6716981423481577,0.6716981423481577,0.5398353044225659,0.5398353044225659,676.3214281068147,1068.6504949680166,0.2663896425156496,0.8454017851335184,0.2663896425156496,0.0,True
242,0.8918807598556477,0.768260468903153,0.768260468903153,0.5398353044225659,0.5398353044225659,776.1879316558545,1196.5482054258,0.2969867623476011,0.9702349145698181,0.2969867623476011,0.0,True
243,0.8874213560563695,0.768260468903153,0.768260468903153,0.5398353044225659,0.5398353044225659,776.1879316558545,1196.5482054258,0.2969867623476011,0.9702349145698181,0.2969867623476011,0.0,True
244,0.8829842492760877,0.6273626268881967,0.6273626268881967,0.5398353044225659,0.5398353044225659,629.885620024254,1005.6615241263577,0.25404236455658125,0.7873570250303175,0.25404236455658125,0.0,True
245,0.8785693280297072,0.6494641235430715,0.6494641235430715,0.5398353044225659,0.5398353044225659,634.691160068537,964.2191951055134,0.3136978616103389,0.7933639500856713,0.3136978616103389,0.0,True
246,0.8741764813895587,0.649141892020924,0.649141892020924,0.5398353044225659,0.5398353044225659,655.1301937431228,1046.6457930616534,0.25300990831897197,0.8189127421789035,0.25300990831897197,0.0,True
247,0.8698055989826109,0.6912795612598721,0.6912795612598721,0.5398353044225659,0.5398353044225659,677.4298853361298,1017.3958348999902,0.3284280386358619,0.8467873566701623,0.3284280386358619,0.0,True
248,0.8654565709876978,0.6264731122309384,0.6264731122309384,0.5398353044225659,0.5398353044225659,610.1664359625165,930.6567422056019,0.3085916025457883,0.7627080449531456,0.3085916025457883,0.0,True
249,0.8611292881327594,0.6298777342090146,0.6298777342090146,0.5398353044225659,0.5398353044225659,628.2091416085186,991.3784805856019,0.26731578433853626,0.7852614270106483,0.26731578433853626,0.0,True
250,0.8568236416920956,0.6298777342090146,0.6298777342090146,0.5398353044225659,0.5398353044225659,628.2091416085186,991.3784805856019,0.26731578433853626,0.7852614270106483,0.26731578433853626,0.0,True
251,0.852539523483635,0.630930055912109,0.630930055912109,0.5398353044225659,0.5398353044225659,622.8853558763321,965.755463183676,0.286351231734395,0.7786066948454152,0.286351231734395,0.0,True
252,0.8482768258662169,0.6720210374111619,0.6720210374111619,0.5398353044225659,0.5398353044225659,659.0824019209319,997.5728103899912,0.3177464524344885,0.8238530024011649,0.3177464524344885,0.0,True
253,0.8440354417368858,0.631236783585115,0.6092450452660448,0.5398353044225659,0.5398353044225659,598.065338685745,927.0318983882797,0.28645957972005986,0.7475816733571813,0.28645957972005986,2.1991738319070212e-07,False
254,0.8398152645282014,0.636024943733982,0.636024943733982,0.5398353044225659,0.5398353044225659,620.2323038852494,944.5266536820642,0.3110722594479628,0.7752903798565618,0.3110722594479628,0.0,True
255,0.8356161882055604,0.636024943733982,0.636024943733982,0.5398353044225659,0.5398353044225659,620.2323038852494,944.5266536820642,0.3110722594479628,0.7752903798565618,0.3110722594479628,0.0,True
256,0.8314381072645326,0.6576294439133019,0.6576294439133019,0.5398353044225659,0.5398353044225659,641.8238581014803,970.3446321104875,0.32011189358168934,0.8022798226268503,0.32011189358168934,0.0,True
257,0.8272809167282099,0.6379820348511555,0.6379820348511555,0.5398353044225659,0.5398353044225659,624.7538570068688,955.5717330393363,0.3044080332338176,0.780942321258586,0.3044080332338176,0.0,True
258,0.8231445121445689,0.62356210629256,0.62356210629256,0.5398353044225659,0.5398353044225659,624.0777246404971,992.7367481284252,0.2583136574404173,0.7800971558006213,0.2583136574404173,0.0,True
259,0.819028789583846,0.6853500419608283,0.6853500419608283,0.5398353044225659,0.5398353044225659,669.954006601625,1003.6426540582527,0.3304676206146881,0.8374425082520313,0.3304676206146881,0.0,True
260,0.8149336456359267,0.6853500419608283,0.6853500419608283,0.5398353044225659,0.5398353044225659,669.954006601625,1003.6426540582527,0.3304676206146881,0.8374425082520313,0.3304676206146881,0.0,True
261,0.8108589774077472,0.6853500419608283,0.6853500419608283,0.5398353044225659,0.5398353044225659,669.954006601625,1003.6426540582527,0.3304676206146881,0.8374425082520313,0.3304676206146881,0.0,True
262,0.8068046825207084,0.559784252162522,0.559784252162522,0.5398353044225659,0.5398353044225659,561.6263609979426,919.6499370547765,0.22787062096440763,0.7020329512474283,0.22787062096440763,0.0,True
263,0.8027706591081049,0.559784252162522,0.559784252162522,0.5398353044225659,0.5398353044225659,561.6263609979426,919.6499370547765,0.22787062096440763,0.7020329512474283,0.22787062096440763,0.0,True
264,0.7987568058125644,0.6564576997934295,0.6564576997934295,0.5398353044225659,0.5398353044225659,645.3873667871279,985.9078592639132,0.3058125128489751,0.8067342084839099,0.3058125128489751,0.0,True
265,0.7947630217835016,0.705217741085513,0.705217741085513,0.5398353044225659,0.5398353044225659,695.3214342725507,1048.7496969034057,0.32270495365677065,0.8691517928406884,0.32270495365677065,0.0,True
266,0.7907892066745841,0.6466742011858929,0.6466742011858929,0.5398353044225659,0.5398353044225659,654.284682473186,1050.306788083446,0.24725034673951726,0.8178558530914825,0.24725034673951726,0.0,True
267,0.7868352606412111,0.7370628903539239,0.7370628903539239,0.5398353044225659,0.5398353044225659,735.0488919185119,1118.74430693363,0.31298369975075335,0.9188111148981399,0.31298369975075335,0.0,True
268,0.7829010843380051,0.7168784989621109,0.7168784989621109,0.5398353044225659,0.5398353044225659,734.4121756596485,1180.1401861724455,0.24755948419972815,0.9180152195745606,0.24755948419972815,0.0,True
269,0.7789865789163151,0.7168784989621109,0.7168784989621109,0.5398353044225659,0.5398353044225659,734.4121756596485,1180.1401861724455,0.24755948419972815,0.9180152195745606,0.24755948419972815,0.0,True
270,0.7750916460217335,0.7168784989621109,0.7168784989621109,0.5398353044225659,0.5398353044225659,734.4121756596485,1180.1401861724455,0.24755948419972815,0.9180152195745606,0.24755948419972815,0.0,True
271,0.7712161877916248,0.7197690735011971,0.7197690735011971,0.5398353044225659,0.5398353044225659,715.7066176377074,1090.3949748638106,0.31175261022734363,0.8946332720471343,0.31175261022734363,0.0,True
272,0.7673601068526666,0.6562567675619252,0.6562567675619252,0.5398353044225659,0.5398353044225659,650.8138713996531,1006.192977617457,0.28931543362409584,0.8135173392495664,0.28931543362409584,0.0,True
273,0.7635233063184033,0.6054778461184754,0.6054778461184754,0.5398353044225659,0.5398353044225659,608.0266342617232,978.3541862975305,0.24484847046489236,0.760033292827154,0.24484847046489236,0.0,True
274,0.7597056897868112,0.5965826607371368,0.5965826607371368,0.5398353044225659,0.5398353044225659,592.3138027627325,936.7058854351376,0.2610269443991529,0.7403922534534156,0.2610269443991529,0.0,True
275,0.7559071613378772,0.6080959433016466,0.6080959433016466,0.5398353044225659,0.5398353044225659,602.8313525696317,947.4186179482404,0.2687283660107299,0.7535391907120396,0.2687283660107299,0.0,True
276,0.7521276255311877,0.5665526506852095,0.5665526506852095,0.5398353044225659,0.5398353044225659,560.1413191457126,890.2460681238933,0.25476332144237007,0.7001766489321407,0.25476332144237007,0.0,True
277,0.7483669874035318,0.6122617140667698,0.6122617140667698,0.5398353044225659,0.5398353044225659,609.8256405633122,965.9733204952098,0.2622142619129052,0.7622820507041402,0.2622142619129052,0.0,True
278,0.7446251524665142,0.5822202796647633,0.5822202796647633,0.5398353044225659,0.5398353044225659,588.2783855431301,964.6104846384258,0.22492230771508145,0.7353479819289126,0.22492230771508145,0.0,True
279,0.7409020267041816,0.6403320680752577,0.6403320680752577,0.5398353044225659,0.5398353044225659,647.2811701959763,1038.9394915156736,0.2465368138459283,0.8091014627449704,0.2465368138459283,0.0,True
280,0.7371975165706607,0.6570671854671686,0.6570671854671686,0.5398353044225659,0.5398353044225659,661.8378818236915,1049.7539908260264,0.2598634629047951,0.8272973522796144,0.2598634629047951,0.0,True
281,0.7335115289878074,0.6550233398835567,0.6550233398835567,0.5398353044225659,0.5398353044225659,654.5239954165534,1026.2825239656058,0.2743828129802416,0.8181549942706917,0.2743828129802416,0.0,True
282,0.7298439713428683,0.7273104355445501,0.7273104355445501,0.5398353044225659,0.5398353044225659,724.6397017952131,1104.164263271731,0.3108356549124619,0.9057996272440164,0.3108356549124619,0.0,True
283,0.726194751486154,0.7691107829932705,0.7691107829932705,0.5398353044225659,0.5398353044225659,765.9907553368475,1150.7647571612233,0.3295629069117634,0.9574884441710594,0.3295629069117634,0.0,True
284,0.7225637777287232,0.7542036541350041,0.7542036541350041,0.5398353044225659,0.5398353044225659,755.5233913002028,1150.717450095926,0.31040228915775553,0.9444042391252535,0.31040228915775553,0.0,True
285,0.7189509588400795,0.6153568677882806,0.6153568677882806,0.5398353044225659,0.5398353044225659,617.2525988453285,987.9783136980136,0.25086947932872733,0.7715657485566606,0.25086947932872733,0.0,True
286,0.7153562040458792,0.6319339872219916,0.6319339872219916,0.5398353044225659,0.5398353044225659,612.7332760384123,927.6026407751418,0.3193079022946026,0.7659165950480155,0.3193079022946026,0.0,True
287,0.7117794230256498,0.6208651885986591,0.5836744177016193,0.5398353044225659,0.5398353044225659,569.3119250911678,884.4253571607226,0.2850882774894916,0.7116399063639598,0.2850882774894916,3.719077089703978e-07,False
288,0.7082205259105215,0.5906794788804303,0.5906794788804303,0.5398353044225659,0.5398353044225659,583.5791559936065,918.5570658247152,0.2668257246200819,0.7294739449920081,0.2668257246200819,0.0,True
289,0.7046794232809689,0.636697397112099,0.636697397112099,0.5398353044225659,0.5398353044225659,642.526598341246,1030.6721251137774,0.2482887452116961,0.8031582479265574,0.2482887452116961,0.0,True
290,0.7011560261645641,0.6228674219906162,0.6228674219906162,0.5398353044225659,0.5398353044225659,607.710162518698,930.9093355086194,0.3037367659558513,0.7596377031483725,0.3037367659558513,0.0,True
291,0.6976502460337413,0.6191541645416194,0.6191541645416194,0.5398353044225659,0.5398353044225659,599.8049190537604,911.8103213209366,0.3144162012319304,0.7497561488172004,0.3144162012319304,0.0,True
292,0.6941619948035725,0.6191541645416194,0.6191541645416194,0.5398353044225659,0.5398353044225659,599.8049190537604,911.8103213209366,0.3144162012319304,0.7497561488172004,0.3144162012319304,0.0,True
293,0.6906911848295547,0.5279616500466374,0.5279616500466374,0.5279616500466374,0.5279616500466374,523.823261353406,850.8996642761712,0.2320543212080239,0.6547790766917575,0.2320543212080239,0.0,True
294,0.6872377289054069,0.5279616500466374,0.5279616500466374,0.5279616500466374,0.5279616500466374,523.823261353406,850.8996642761712,0.2320543212080239,0.6547790766917575,0.2320543212080239,0.0,True
295,0.6838015402608799,0.6275616282473955,0.6275616282473955,0.5279616500466374,0.5279616500466374,615.3477774654148,946.5037936157648,0.2971077432171921,0.7691847218317684,0.2971077432171921,0.0,True
296,0.6803825325595755,0.5873264452650523,0.5873264452650523,0.5279616500466374,0.5279616500466374,584.8891237717146,932.4940988411931,0.2518282065493402,0.7311114047146432,0.2518282065493402,0.0,True
297,0.6769806198967776,0.5873264452650523,0.5873264452650523,0.5279616500466374,0.5279616500466374,584.8891237717146,932.4940988411931,0.2518282065493402,0.7311114047146432,0.2518282065493402,0.0,True
298,0.6735957167972937,0.5780032385294528,0.5780032385294528,0.5279616500466374,0.5279616500466374,579.0729416954917,938.5441964567618,0.2377147151529915,0.7238411771193647,0.2377147151529915,0.0,True
299,0.6702277382133072,0.5667246276614605,0.5667246276614605,0.5279616500466374,0.5279616500466374,561.7449485534718,897.2705129503998,0.25065932559057563,0.7021811856918397,0.25065932559057563,0.0,True
300,0.6668765995222407,0.5704903058714688,0.5704903058714688,0.5279616500466374,0.5279616500466374,564.8006229696224,899.7274890393834,0.25429920257683064,0.706000778712028,0.25429920257683064,0.0,True
301,0.6635422165246294,0.5704903058714688,0.5704903058714688,0.5279616500466374,0.5279616500466374,564.8006229696224,899.7274890393834,0.25429920257683064,0.706000778712028,0.25429920257683064,0.0,True
302,0.6602245054420063,0.5704903058714688,0.5704903058714688,0.5279616500466374,0.5279616500466374,564.8006229696224,899.7274890393834,0.25429920257683064,0.706000778712028,0.25429920257683064,0.0,True
303,0.6569233829147962,0.5704903058714688,0.5704903058714688,0.5279616500466374,0.5279616500466374,564.8006229696224,899.7274890393834,0.25429920257683064,0.706000778712028,0.25429920257683064,0.0,True
304,0.6536387660002223,0.5810161711857456,0.5810161711857456,0.5279616500466374,0.5279616500466374,577.9938529081255,926.6173364796125,0.2509051663037862,0.7224923161351569,0.2509051663037862,0.0,True
305,0.6503705721702212,0.651798818673617,0.651798818673617,0.5279616500466374,0.5279616500466374,638.161405998876,971.1061544440724,0.3113586280820018,0.7977017574985951,0.3113586280820018,0.0,True
306,0.6471187193093701,0.6063584814597618,0.6063584814597618,0.5279616500466374,0.5279616500466374,606.3430464070138,970.0252131373503,0.25269438617874895,0.7579288080087673,0.25269438617874895,0.0,True
307,0.6438831257128232,0.6347969015241802,0.6347969015241802,0.5279616500466374,0.5279616500466374,614.3601500948571,925.7119001727845,0.32410590063726774,0.7679501876185714,0.32410590063726774,0.0,True
308,0.6406637100842592,0.6221946310357006,0.6221946310357006,0.5279616500466374,0.5279616500466374,607.3196506780255,929.8862455156068,0.3026331223080945,0.7591495633475318,0.3026331223080945,0.0,True
309,0.6374603915338378,0.578138366662306,0.578138366662306,0.5279616500466374,0.5279616500466374,578.700126684374,936.9445998401033,0.2392525193782623,0.7233751583554675,0.2392525193782623,0.0,True
310,0.6342730895761687,0.578138366662306,0.578138366662306,0.5279616500466374,0.5279616500466374,578.700126684374,936.9445998401033,0.2392525193782623,0.7233751583554675,0.2392525193782623,0.0,True
311,0.6311017241282878,0.6322869608168876,0.6322869608168876,0.5279616500466374,0.5279616500466374,637.8685197042797,1024.908277314879,0.24717335358547607,0.7973356496303496,0.24717335358547607,0.0,True
312,0.6279462155076464,0.5949542008447603,0.5949542008447603,0.5279616500466374,0.5279616500466374,588.8060916844628,928.2935283545744,0.2658295687361845,0.7360076146055785,0.2658295687361845,0.0,True
313,0.6248064844301081,0.5944748969882283,0.5944748969882283,0.5279616500466374,0.5279616500466374,600.9267327214172,982.7490105411919,0.2288800195232941,0.7511584159017716,0.2288800195232941,0.0,True
314,0.6216824520079576,0.6204680467513284,0.6204680467513284,0.5279616500466374,0.5279616500466374,629.1135907309482,1024.2731915946983,0.23331218287249564,0.7863919884136853,0.23331218287249564,0.0,True
315,0.6185740397479178,0.6026520698744658,0.6026520698744658,0.5279616500466374,0.5279616500466374,606.3813967671592,980.1146165640725,0.2402278256773385,0.757976745958949,0.2402278256773385,0.0,True
316,0.6154811695491782,0.6109449860395401,0.6109449860395401,0.5279616500466374,0.5279616500466374,595.6992213169326,915.676001399472,0.2990272246240804,0.7446240266461658,0.2990272246240804,0.0,True
317,0.6124037637014323,0.6119386589239632,0.6119386589239632,0.5279616500466374,0.5279616500466374,597.7538290393619,920.8545572285229,0.2963468617150714,0.7471922862992024,0.2963468617150714,0.0,True
318,0.6093417448829251,0.6585695070881384,0.6585695070881384,0.5279616500466374,0.5279616500466374,660.7988366409706,1041.7467289095384,0.26790175009096373,0.8259985458012133,0.26790175009096373,0.0,True
319,0.6062950361585105,0.6826166614983482,0.6826166614983482,0.5279616500466374,0.5279616500466374,689.13086359372,1088.517222189811,0.2654238528461442,0.86141357949215,0.2654238528461442,0.0,True
320,0.6032635609777179,0.6586507341765819,0.6586507341765819,0.5279616500466374,0.5279616500466374,652.8975591913033,1010.6599643749134,0.29121789961397176,0.8161219489891292,0.29121789961397176,0.0,True
321,0.6002472431728293,0.6876244562521606,0.6876244562521606,0.5279616500466374,0.5279616500466374,697.2094540287368,1107.8950220288586,0.25855394659005326,0.871511817535921,0.25855394659005326,0.0,True
322,0.5972460069569652,0.7349910450092085,0.7349910450092085,0.5279616500466374,0.5279616500466374,728.7560515994314,1100.0513065337736,0.32443166619902014,0.9109450644992892,0.32443166619902014,0.0,True
323,0.5942597769221803,0.7315200273619807,0.7315200273619807,0.5279616500466374,0.5279616500466374,748.2319335363829,1194.6549039422837,0.25605695172548554,0.9352899169204787,0.25605695172548554,0.0,True
324,0.5912884780375695,0.6829732074952564,0.6829732074952564,0.5279616500466374,0.5279616500466374,691.1667726044419,1096.9765067450696,0.2606742715545657,0.8639584657555524,0.2606742715545657,0.0,True
325,0.5883320356473816,0.6656082658322611,0.6656082658322611,0.5279616500466374,0.5279616500466374,651.4120270065981,985.9950105720015,0.31874247400495875,0.8142650337582477,0.31874247400495875,0.0,True
326,0.5853903754691446,0.5889770902141578,0.5889770902141578,0.5279616500466374,0.5279616500466374,584.7083688761431,931.0504497122249,0.2578575581584419,0.7308854610951789,0.2578575581584419,0.0,True
327,0.5824634235917989,0.5576920216603752,0.5309447161799273,0.5279616500466374,0.5279616500466374,526.3486003498226,853.5694949891865,0.23463230291277506,0.6579357504372783,0.23463230291277506,2.674730548044788e-07,False
328,0.5795511064738399,0.5576920216603752,0.5309447161799273,0.5279616500466374,0.5279616500466374,526.3486003498226,853.5694949891865,0.23463230291277506,0.6579357504372783,0.23463230291277506,2.674730548044788e-07,False
329,0.5766533509414707,0.6062766121620309,0.6062766121620309,0.5279616500466374,0.5279616500466374,595.1179699066876,923.8967189328458,0.2851612949789308,0.7438974623833594,0.2851612949789308,0.0,True
330,0.5737700841867633,0.5355236756205867,0.5355236756205867,0.5279616500466374,0.5279616500466374,534.53607850645,874.3408363895937,0.22601535642480944,0.6681700981330626,0.22601535642480944,0.0,True
331,0.5709012337658296,0.5467003135801991,0.5467003135801991,0.5279616500466374,0.5279616500466374,536.7705487190082,853.6136271738844,0.25675361150355663,0.6709631858987603,0.25675361150355663,0.0,True
332,0.5680467275970005,0.5467003135801991,0.5467003135801991,0.5279616500466374,0.5279616500466374,536.7705487190082,853.6136271738844,0.25675361150355663,0.6709631858987603,0.25675361150355663,0.0,True
333,0.5652064939590155,0.6155719242270876,0.6155719242270876,0.5279616500466374,0.5279616500466374,606.82986116272,944.5889074048969,0.28198598569902567,0.7585373264534,0.28198598569902567,0.0,True
334,0.5623804614892204,0.5595111982666169,0.5595111982666169,0.5279616500466374,0.5279616500466374,558.8247341496947,905.5942482191851,0.23513185295211347,0.6985309176871184,0.23513185295211347,0.0,True
335,0.5595685591817743,0.5979463370802467,0.5979463370802467,0.5279616500466374,0.5279616500466374,580.7592179657581,893.411208923964,0.2992734045340282,0.7259490224571976,0.2992734045340282,0.0,True
336,0.5567707163858654,0.6239379843353735,0.6239379843353735,0.5279616500466374,0.5279616500466374,626.4479729477628,1000.2844634609759,0.25265336002027045,0.7830599661847034,0.25265336002027045,0.0,True
337,0.553986862803936,0.5762500677311869,0.5762500677311869,0.5279616500466374,0.5279616500466374,579.4405288866371,946.3754356232321,0.23079868318459826,0.7243006611082964,0.23079868318459826,0.0,True
338,0.5512169284899163,0.6237215407478465,0.6237215407478465,0.5279616500466374,0.5279616500466374,626.727527245693,1002.095789479212,0.2511165146928838,0.7834094090571162,0.2511165146928838,0.0,True
339,0.5484608438474667,0.7121207877150632,0.7121207877150632,0.5279616500466374,0.5279616500466374,702.9694004469372,1059.4142470046932,0.32340854107997696,0.8787117505586716,0.32340854107997696,0.0,True
340,0.5457185396282294,0.6587830313583433,0.6587830313583433,0.5279616500466374,0.5279616500466374,657.8072863931535,1029.5166008960982,0.2773388525477799,0.8222591079914419,0.2773388525477799,0.0,True
341,0.5429899469300882,0.6465538300463876,0.6465538300463876,0.5279616500466374,0.5279616500466374,643.3416173084997,1005.6438869981218,0.27876638300483425,0.8041770216356247,0.27876638300483425,0.0,True
342,0.5402749971954377,0.5625008855193405,0.5625008855193405,0.5279616500466374,0.5279616500466374,552.9102656464034,874.6259287379554,0.2623480102624586,0.6911378320580043,0.2623480102624586,0.0,True
343,0.5375736222094605,0.5622216124008761,0.5622216124008761,0.5279616500466374,0.5279616500466374,563.6187644960388,920.3134964582622,0.2301839782228072,0.7045234556200485,0.2301839782228072,0.0,True
344,0.5348857540984132,0.5901749786951024,0.5901749786951024,0.5279616500466374,0.5279616500466374,585.2783659901834,927.2277082045537,0.2601880281789728,0.7315979574877293,0.2601880281789728,0.0,True
345,0.5322113253279211,0.6107982041012042,0.6107982041012042,0.5279616500466374,0.5279616500466374,606.5653168823883,955.3905366683018,0.2668451727637148,0.7582066461029854,0.2668451727637148,0.0,True
346,0.5295502687012815,0.6035256100820215,0.6035256100820215,0.5279616500466374,0.5279616500466374,609.0246386661986,989.7188009291882,0.23543017083032589,0.7612807983327482,0.23543017083032589,0.0,True
347,0.5269025173577752,0.5784895293451409,0.5784895293451409,0.5279616500466374,0.5279616500466374,578.2431455905789,934.4130748849836,0.24175592317794753,0.7228039319882237,0.24175592317794753,0.0,True
348,0.5242680047709862,0.5531290332253133,0.5531290332253133,0.5279616500466374,0.5279616500466374,554.3050042897007,908.6635109047052,0.22704051490608398,0.6928812553621259,0.22704051490608398,0.0,True
349,0.5216466647471313,0.549515740675883,0.549515740675883,0.5279616500466374,0.5279616500466374,536.4601477861925,845.573205161623,0.26704370454321535,0.6705751847327406,0.26704370454321535,0.0,True
350,0.5190384314233957,0.5425701448610301,0.5425701448610301,0.5279616500466374,0.5279616500466374,532.488767720843,847.4809799617585,0.25547491035097464,0.6656109596510538,0.25547491035097464,0.0,True
351,0.5164432392662787,0.5511561382561208,0.5216360941995098,0.5279616500466374,0.5279616500466374,516.8904152330995,841.5991451005932,0.23118993623515954,0.6461130190413743,0.23118993623515954,2.95200440566109e-07,False
352,0.5138610230699473,0.5881082051096309,0.5881082051096309,0.5279616500466374,0.5279616500466374,565.7361373694148,860.7830968356413,0.31029694970464367,0.7071701717117684,0.31029694970464367,0.0,True
353,0.5112917179545976,0.5582185264860945,0.5582185264860945,0.5279616500466374,0.5279616500466374,559.7542282911504,916.4511361612039,0.22811192243779296,0.699692785363938,0.22811192243779296,0.0,True
354,0.5087352593648247,0.6029558845188544,0.6029558845188544,0.5279616500466374,0.5279616500466374,582.7269891245119,888.8303810763292,0.3102325634496883,0.7284087364056399,0.3102325634496883,0.0,True
355,0.5061915830680005,0.6029558845188544,0.6029558845188544,0.5279616500466374,0.5279616500466374,582.7269891245119,888.8303810763292,0.3102325634496883,0.7284087364056399,0.3102325634496883,0.0,True
356,0.5036606251526605,0.6029558845188544,0.6029558845188544,0.5279616500466374,0.5279616500466374,582.7269891245119,888.8303810763292,0.3102325634496883,0.7284087364056399,0.3102325634496883,0.0,True
357,0.5011423220268972,0.6047196952049403,0.6047196952049403,0.5279616500466374,0.5279616500466374,582.5401901345897,884.3331571963115,0.31665676279058086,0.7281752376682371,0.31665676279058086,0.0,True
358,0.49863661041676277,0.5253664386518446,0.5253664386518446,0.5253664386518446,0.5253664386518446,523.6982025393071,859.3719165655652,0.22376837143317005,0.6546227531741339,0.22376837143317005,0.0,True
359,0.496143427364679,0.5253664386518446,0.5253664386518446,0.5253664386518446,0.5253664386518446,523.6982025393071,859.3719165655652,0.22376837143317005,0.6546227531741339,0.22376837143317005,0.0,True
360,0.4936627102278556,0.5266635145926557,0.5266635145926557,0.5253664386518446,0.5253664386518446,524.3466311416349,857.7297275036858,0.22620070781241708,0.6554332889270437,0.22620070781241708,0.0,True
361,0.49119439667671627,0.5905822372246937,0.5905822372246937,0.5253664386518446,0.5253664386518446,574.2408952796466,887.1963088832888,0.2937381795166766,0.7178011190995582,0.2937381795166766,0.0,True
362,0.4887384246933327,0.5897101853700031,0.5897101853700031,0.5253664386518446,0.5253664386518446,579.8983158940248,908.5532335867925,0.2743305298757712,0.724872894867531,0.2743305298757712,0.0,True
363,0.486294732569866,0.5854310643043668,0.5854310643043668,0.5253664386518446,0.5253664386518446,581.5021492453941,925.2134384700636,0.25538894571548987,0.7268776865567426,0.25538894571548987,0.0,True
364,0.48386325890701665,0.5871223793750876,0.5871223793750876,0.5253664386518446,0.5253664386518446,579.5165884807169,913.3659164892314,0.2668178815148677,0.7243957356008961,0.2668178815148677,0.0,True
365,0.4814439426124816,0.6031375905584098,0.6031375905584098,0.5253664386518446,0.5253664386518446,584.6793426919744,895.3569502709652,0.3051438856764405,0.730849178364968,0.3051438856764405,0.0,True
366,0.4790367228994192,0.5574041008900469,0.5574041008900469,0.5253664386518446,0.5253664386518446,549.6174105838672,875.0238252434608,0.25496288876387685,0.6870217632298341,0.25496288876387685,0.0,True
367,0.4766415392849221,0.5995532174252675,0.5995532174252675,0.5253664386518446,0.5253664386518446,576.1034314123388,871.1735408082333,0.31820904979823694,0.7201292892654234,0.31820904979823694,0.0,True
368,0.47425833158849745,0.5865629713484108,0.5865629713484108,0.5253664386518446,0.5253664386518446,565.7688490795284,866.9788369763478,0.30505076134607834,0.7072110613494105,0.30505076134607834,0.0,True
369,0.471887039930555,0.5264083300491371,0.5264083300491371,0.5253664386518446,0.5253664386518446,524.902659818697,861.6264648743293,0.22372834235925781,0.6561283247733712,0.22372834235925781,0.0,True
370,0.4695276047309022,0.5327347197201941,0.5327347197201941,0.5253664386518446,0.5253664386518446,530.4314785628718,865.6026947649639,0.2286905865922712,0.6630393482035898,0.2286905865922712,0.0,True
371,0.4671799667072477,0.584713267609256,0.584713267609256,0.5253664386518446,0.5253664386518446,570.5429655122673,887.2091290899962,0.2849605759534071,0.7131787068903341,0.2849605759534071,0.0,True
372,0.4648440668737115,0.584713267609256,0.584713267609256,0.5253664386518446,0.5253664386518446,570.5429655122673,887.2091290899962,0.2849605759534071,0.7131787068903341,0.2849605759534071,0.0,True
373,0.4625198465393429,0.5068280558178225,0.5068280558178225,0.5068280558178225,0.5068280558178225,501.506592117329,820.0068446524294,0.2266992923838657,0.6268832401466612,0.2266992923838657,0.0,True
374,0.4602072473066462,0.5359092819849898,0.5359092819849898,0.5068280558178225,0.5068280558178225,529.0532696821383,851.5527549467238,0.24329223671039568,0.6613165871026729,0.24329223671039568,0.0,True
375,0.457906211070113,0.5637978177900411,0.5637978177900411,0.5068280558178225,0.5068280558178225,550.8775184188916,863.9976371561272,0.27259996391170327,0.6885968980236145,0.27259996391170327,0.0,True
376,0.4556166800147624,0.596295385126088,0.596295385126088,0.5068280558178225,0.5068280558178225,578.5972536106699,889.3752522343605,0.3000759607225065,0.7232465670133373,0.3000759607225065,0.0,True
377,0.4533385966146886,0.6026247584545323,0.6026247584545323,0.5068280558178225,0.5068280558178225,579.429239917574,878.6791758998293,0.3187472450888504,0.7242865498969675,0.3187472450888504,0.0,True
378,0.45107190363161515,0.5585761633900375,0.5585761633900375,0.5068280558178225,0.5068280558178225,554.0646207175758,889.020898437534,0.2458987342071957,0.6925807758969698,0.2458987342071957,0.0,True
379,0.44881654411345706,0.5585761633900375,0.5585761633900375,0.5068280558178225,0.5068280558178225,554.0646207175758,889.020898437534,0.2458987342071957,0.6925807758969698,0.2458987342071957,0.0,True
380,0.44657246139288975,0.5618710082744827,0.5618710082744827,0.5068280558178225,0.5068280558178225,557.4606377872885,893.6757129949868,0.2469765007020174,0.6968257972341106,0.2469765007020174,0.0,True
381,0.4443395990859253,0.5725373576470165,0.5725373576470165,0.5068280558178225,0.5068280558178225,564.0463926277735,891.1019686531924,0.2633225469923823,0.7050579907847169,0.2633225469923823,0.0,True
382,0.44211790109049565,0.5769243372448835,0.5769243372448835,0.5068280558178225,0.5068280558178225,565.555283891591,885.7422899717911,0.2735448794658043,0.7069441048644888,0.2735448794658043,0.0,True
383,0.43990731158504315,0.5200477803885106,0.5200477803885106,0.5068280558178225,0.5068280558178225,517.5902238629246,849.1927575389352,0.22385444836150553,0.6469877798286557,0.22385444836150553,0.0,True
384,0.43770777502711794,0.5200477803885106,0.5200477803885106,0.5068280558178225,0.5068280558178225,517.5902238629246,849.1927575389352,0.22385444836150553,0.6469877798286557,0.22385444836150553,0.0,True
385,0.43551923615198235,0.5910725359789064,0.5910725359789064,0.5068280558178225,0.5068280558178225,578.3166194969856,899.6914806059176,0.2834849797301469,0.722895774371232,0.2834849797301469,0.0,True
386,0.43334163997122244,0.5925371154492971,0.5925371154492971,0.5068280558178225,0.5068280558178225,588.3937263844475,932.7426741091913,0.2589753495430182,0.7354921579805594,0.2589753495430182,0.0,True
387,0.43117493177136634,0.6446522340488674,0.6446522340488674,0.5068280558178225,0.5068280558178225,643.4484557863474,1011.2501778431781,0.2721161174527118,0.8043105697329342,0.2721161174527118,0.0,True
388,0.4290190571125095,0.6356562686195681,0.6356562686195681,0.5068280558178225,0.5068280558178225,639.5611159983916,1021.7638468532429,0.25346764040325154,0.7994513949979896,0.25346764040325154,0.0,True
389,0.4268739618269469,0.6139031305066942,0.6139031305066942,0.5068280558178225,0.5068280558178225,617.7383426815838,995.8382832208695,0.24460693553436105,0.7721729283519798,0.24460693553436105,0.0,True
390,0.4247395920178122,0.5805217263054396,0.5805217263054396,0.5068280558178225,0.5068280558178225,576.3361961035148,918.018161329247,0.25409184904954724,0.7204202451293935,0.25409184904954724,0.0,True
391,0.42261589405772315,0.6123305036826004,0.6123305036826004,0.5068280558178225,0.5068280558178225,601.2610350861167,931.3399524200292,0.2874236599408279,0.7515762938576459,0.2874236599408279,0.0,True
392,0.42050281458743455,0.6334079958731373,0.6334079958731373,0.5068280558178225,0.5068280558178225,621.2616827935343,953.5570840276733,0.2993467447626497,0.7765771034919179,0.2993467447626497,0.0,True
393,0.4184003005144974,0.6037858093742997,0.6037858093742997,0.5068280558178225,0.5068280558178225,593.0194332609174,922.5879585895038,0.2829793509033235,0.7412742915761467,0.2829793509033235,0.0,True
394,0.4163082990119249,0.5675906053707619,0.5675906053707619,0.5068280558178225,0.5068280558178225,560.2869185933041,889.0764382419566,0.2577985053387361,0.7003586482416302,0.2577985053387361,0.0,True
395,0.4142267575168653,0.5547462453126117,0.5547462453126117,0.5068280558178225,0.5068280558178225,548.0259598727141,875.6561151666366,0.25074510141328965,0.6850324498408926,0.25074510141328965,0.0,True
396,0.41215562372928094,0.5418577901929191,0.5418577901929191,0.5068280558178225,0.5068280558178225,535.141151050442,859.0917873552428,0.24536427674594125,0.6689264388130525,0.24536427674594125,0.0,True
397,0.41009484561063453,0.5437781117421893,0.5437781117421893,0.5068280558178225,0.5068280558178225,541.2934991838373,878.9343050196319,0.2338209998544389,0.6766168739797966,0.2338209998544389,0.0,True
398,0.4080443713825814,0.569076305597504,0.569076305597504,0.5068280558178225,0.5068280558178225,554.7552684055754,866.0130751389801,0.2788848191420851,0.6934440855069692,0.2788848191420851,0.0,True
399,0.4060041495256685,0.5565618092611626,0.5565618092611626,0.5068280558178225,0.5068280558178225,544.6880469877378,858.887600877953,0.26653256048964,0.6808600587346723,0.26653256048964,0.0,True
400,0.4039741287780401,0.5488783394080872,0.5488783394080872,0.5068280558178225,0.5068280558178225,548.4525363936302,894.2182885550972,0.22994123354553567,0.6855656704920378,0.22994123354553567,0.0,True
401,0.4019542581341499,0.5488783394080872,0.5488783394080872,0.5068280558178225,0.5068280558178225,548.4525363936302,894.2182885550972,0.22994123354553567,0.6855656704920378,0.22994123354553567,0.0,True
402,0.39994448684347916,0.5488783394080872,0.5488783394080872,0.5068280558178225,0.5068280558178225,548.4525363936302,894.2182885550972,0.22994123354553567,0.6855656704920378,0.22994123354553567,0.0,True
403,0.39794476440926174,0.526296512775286,0.526296512775286,0.5068280558178225,0.5068280558178225,526.1706874742741,866.8111141482333,0.21965720411765394,0.6577133593428427,0.21965720411765394,0.0,True
404,0.3959550405872154,0.5598063490920033,0.5598063490920033,0.5068280558178225,0.5068280558178225,558.4953616422531,903.6548390598498,0.23707635885010622,0.6981192020528164,0.23707635885010622,0.0,True
405,0.39397526538427935,0.5434047462924682,0.5434047462924682,0.5068280558178225,0.5068280558178225,544.1752082491691,892.0576143680373,0.2241714635814838,0.6802190103114615,0.2241714635814838,0.0,True
406,0.39200538905735793,0.5736607193501986,0.5736607193501986,0.5068280558178225,0.5068280558178225,575.6730503543266,938.1380585772006,0.23315600096720973,0.7195913129429082,0.23315600096720973,0.0,True
407,0.39004536211207114,0.5977595759939667,0.5977595759939667,0.5068280558178225,0.5068280558178225,591.1316146887648,930.0991841543453,0.268398043804325,0.738914518360956,0.268398043804325,0.0,True
408,0.3880951353015108,0.5726975364786296,0.5726975364786296,0.5068280558178225,0.5068280558178225,575.0114648563059,938.3173084502589,0.23187501576453987,0.7187643310703824,0.23187501576453987,0.0,True
409,0.3861546596250032,0.5905521078274356,0.5905521078274356,0.5068280558178225,0.5068280558178225,593.2825201433827,961.4771938504714,0.2380996756732525,0.7416031501792284,0.2380996756732525,0.0,True
410,0.3842238863268782,0.5970449524897259,0.5970449524897259,0.5068280558178225,0.5068280558178225,587.8350876173695,919.8731829506894,0.27563083608175853,0.7347938595217118,0.27563083608175853,0.0,True
411,0.38230276689524384,0.6025262937538051,0.6025262937538051,0.5068280558178225,0.5068280558178225,588.6248766991234,910.267840369063,0.29159842214024034,0.7357810958739043,0.29159842214024034,0.0,True
412,0.3803912530607676,0.5689996803688269,0.5689996803688269,0.5068280558178225,0.5068280558178225,564.6170797043015,902.0592423781211,0.24986578542521004,0.7057713496303769,0.24986578542521004,0.0,True
413,0.3784892967954638,0.6034821332621196,0.6034821332621196,0.5068280558178225,0.5068280558178225,589.3673600460202,910.1772110825315,0.2926189774061735,0.7367092000575252,0.2926189774061735,0.0,True
414,0.3765968503114865,0.6034821332621196,0.6034821332621196,0.5068280558178225,0.5068280558178225,589.3673600460202,910.1772110825315,0.2926189774061735,0.7367092000575252,0.2926189774061735,0.0,True
415,0.37471386605992907,0.5777329188704482,0.5777329188704482,0.5068280558178225,0.5068280558178225,576.591155823233,930.0806429728395,0.24405219175039777,0.7207389447790412,0.24405219175039777,0.0,True
416,0.37284029672962943,0.5731654702716276,0.5731654702716276,0.5068280558178225,0.5068280558178225,572.9627103265542,928.1959494537007,0.239410329119642,0.7162033879081927,0.239410329119642,0.0,True
417,0.3709760952459813,0.6001225173343083,0.6001225173343083,0.5068280558178225,0.5068280558178225,597.2650504108484,947.8327396281302,0.2583853274160533,0.7465813130135605,0.2583853274160533,0.0,True
418,0.3691212147697514,0.6385993873474853,0.6385993873474853,0.5068280558178225,0.5068280558178225,624.435897183198,953.7668103862488,0.30739325770729004,0.7805448714789975,0.30739325770729004,0.0,True
419,0.36727560869590264,0.642327242927445,0.642327242927445,0.5068280558178225,0.5068280558178225,633.6922069595878,977.7405027946147,0.2928218727926858,0.7921152586994847,0.2928218727926858,0.0,True
420,0.3654392306524231,0.683246489388825,0.683246489388825,0.5068280558178225,0.5068280558178225,676.5460691302519,1034.7458060098975,0.30422892966618237,0.8456825864128149,0.30422892966618237,0.0,True
421,0.363612034499161,0.6787972161450675,0.6787972161450675,0.5068280558178225,0.5068280558178225,668.866675771481,1016.9345471781019,0.3117962494834056,0.8360833447143513,0.3117962494834056,0.0,True
422,0.3617939743266652,0.698518661602038,0.698518661602038,0.5068280558178225,0.5068280558178225,689.1421082990431,1043.0116512621062,0.3183977228012512,0.8614276353738038,0.3183977228012512,0.0,True
423,0.3599850044550319,0.6755105886977952,0.6755105886977952,0.5068280558178225,0.5068280558178225,670.1073608735276,1032.3395649287095,0.29722215977819527,0.8376342010919094,0.29722215977819527,0.0,True
424,0.35818507943275674,0.6610849684571185,0.6610849684571185,0.5068280558178225,0.5068280558178225,656.1252915064539,1016.7883669224,0.28991779462990447,0.8201566143830674,0.28991779462990447,0.0,True
425,0.35639415403559294,0.6711636297038822,0.6711636297038822,0.5068280558178225,0.5068280558178225,664.7878554452244,1020.8445941611087,0.29824752063103616,0.8309848193065306,0.29824752063103616,0.0,True
426,0.354612183265415,0.6320156167225839,0.6320156167225839,0.5068280558178225,0.5068280558178225,640.4559991063348,1037.0751689763276,0.23872205834846996,0.8005699988829186,0.23872205834846996,0.0,True
427,0.35283912234908793,0.6430405997647414,0.6430405997647414,0.5068280558178225,0.5068280558178225,640.1944513661194,1002.9651978948665,0.2762348493979562,0.8002430642076493,0.2762348493979562,0.0,True
428,0.3510749267373425,0.6175816657726287,0.6175816657726287,0.5068280558178225,0.5068280558178225,624.0396625055221,1011.0069910719317,0.23848987026765647,0.7800495781319026,0.23848987026765647,0.0,True
429,0.3493195521036558,0.6114602777284539,0.6114602777284539,0.5068280558178225,0.5068280558178225,617.1718723388666,999.2991767573712,0.23811629810648535,0.7714648404235832,0.23811629810648535,0.0,True
430,0.3475729543431375,0.6232695682318814,0.6232695682318814,0.5068280558178225,0.5068280558178225,627.6699073416283,1008.603597254196,0.24686133102652214,0.7845873841770354,0.24686133102652214,0.0,True
431,0.34583508957142184,0.6106465774894755,0.6106465774894755,0.5068280558178225,0.5068280558178225,616.9762394242216,1001.3055308410018,0.2359745599776053,0.771220299280277,0.2359745599776053,0.0,True
432,0.3441059141235647,0.6250708981961314,0.6250708981961314,0.5068280558178225,0.5068280558178225,622.2684995109446,981.3754569051357,0.2686198704135163,0.7778356243886807,0.2686198704135163,0.0,True
433,0.3423853845529469,0.5893702431423317,0.5893702431423317,0.5068280558178225,0.5068280558178225,590.5150188591348,952.805766348484,0.2422320054686291,0.7381437735739185,0.2422320054686291,0.0,True
434,0.3406734576301822,0.6813947643869037,0.6813947643869037,0.5068280558178225,0.5068280558178225,677.6907822212474,1045.1333415010963,0.29471776647770753,0.8471134777765593,0.29471776647770753,0.0,True
435,0.3389700903420313,0.6527585616788082,0.6527585616788082,0.5068280558178225,0.5068280558178225,654.0043695108967,1030.9493778869185,0.268349127855912,0.8175054618886208,0.268349127855912,0.0,True
436,0.33727523989032115,0.6527585616788082,0.6527585616788082,0.5068280558178225,0.5068280558178225,654.0043695108967,1030.9493778869185,0.268349127855912,0.8175054618886208,0.268349127855912,0.0,True
437,0.33558886369086954,0.6808598826915928,0.6808598826915928,0.5068280558178225,0.5068280558178225,680.7114787287215,1059.396520666365,0.2841244626798718,0.8508893484109019,0.2841244626798718,0.0,True
438,0.3339109193724152,0.6553971073838374,0.6553971073838374,0.5068280558178225,0.5068280558178225,662.1163880530913,1056.8432154656512,0.2534842261246082,0.8276454850663642,0.2534842261246082,0.0,True
439,0.3322413647755531,0.670395118902952,0.670395118902952,0.5068280558178225,0.5068280558178225,654.6730474810871,985.7009980281775,0.3251873411900026,0.8183413093513588,0.3251873411900026,0.0,True
440,0.33058015795167534,0.6627722372775842,0.6627722372775842,0.5068280558178225,0.5068280558178225,652.8928721900812,997.8763712375526,0.30496991370421,0.8161160902376016,0.30496991370421,0.0,True
441,0.32892725716191695,0.623946746765951,0.623946746765951,0.5068280558178225,0.5068280558178225,625.0608228756162,995.6098761566184,0.2567284224992896,0.7813260285945202,0.2567284224992896,0.0,True
442,0.3272826208761074,0.6310610671957527,0.6310610671957527,0.5068280558178225,0.5068280558178225,627.9247328302206,987.349997136651,0.2720897532310325,0.7849059160377757,0.2720897532310325,0.0,True
443,0.3256462077717268,0.6225831793942592,0.6225831793942592,0.5068280558178225,0.5068280558178225,605.8149699022965,924.4063755951132,0.3083169357658324,0.7572687123778706,0.3083169357658324,0.0,True
444,0.3240179767328682,0.6390337537124113,0.6390337537124113,0.5068280558178225,0.5068280558178225,621.3629722547703,942.1530576354082,0.3178038432982913,0.7767037153184628,0.3178038432982913,0.0,True
445,0.32239788684920384,0.638784415269769,0.638784415269769,0.5068280558178225,0.5068280558178225,628.5241866785219,968.0371679739131,0.29608583975354136,0.7856552333481523,0.29608583975354136,0.0,True
446,0.32078589741495783,0.6034840589068864,0.6034840589068864,0.5068280558178225,0.5068280558178225,592.3961017866674,921.0177724309987,0.28379156614517453,0.7404951272333342,0.28379156614517453,0.0,True
447,0.31918196792788306,0.570333480253982,0.570333480253982,0.5068280558178225,0.5068280558178225,565.9573108198092,903.5406983560927,0.2504027776221632,0.7074466385247615,0.2504027776221632,0.0,True
448,0.31758605808824364,0.5534084544922182,0.5534084544922182,0.5068280558178225,0.5068280558178225,554.9177040468031,910.1113678642203,0.22618487817088512,0.6936471300585039,0.22618487817088512,0.0,True
449,0.3159981277978024,0.610126694413664,0.610126694413664,0.5068280558178225,0.5068280558178225,598.4040315774043,926.8876852317813,0.2884105559447839,0.7480050394717555,0.2884105559447839,0.0,True
450,0.3144181371588134,0.5556099909642341,0.5556099909642341,0.5068280558178225,0.5068280558178225,557.4807472508486,914.3978994122727,0.2260477903991388,0.6968509340635607,0.2260477903991388,0.0,True
451,0.31284604647301933,0.566175247285219,0.566175247285219,0.5068280558178225,0.5068280558178225,563.9570670601054,907.2499143227867,0.24237604535875598,0.7049463338251317,0.24237604535875598,0.0,True
452,0.31128181624065426,0.6038829360194995,0.6038829360194995,0.5068280558178225,0.5068280558178225,589.9061097122908,911.4108182218272,0.2923836334041502,0.7373826371403635,0.2923836334041502,0.0,True
453,0.309725407159451,0.596246498304958,0.596246498304958,0.5068280558178225,0.5068280558178225,582.6251579247064,903.456093886242,0.2881649504027998,0.728281447405883,0.2881649504027998,0.0,True
454,0.30817678012365374,0.6513714334552778,0.6513714334552778,0.5068280558178225,0.5068280558178225,634.7555953169382,960.7493937864513,0.319867625176523,0.7934444941461727,0.319867625176523,0.0,True
455,0.30663589622303544,0.6258755447247343,0.6258755447247343,0.5068280558178225,0.5068280558178225,621.4506395046233,972.3465079772044,0.2736874505272967,0.776813299380779,0.2736874505272967,0.0,True
456,0.30510271674192024,0.6235498148521224,0.6235498148521224,0.5068280558178225,0.5068280558178225,619.834342836718,972.3531723979447,0.2706492162333139,0.7747929285458974,0.2706492162333139,0.0,True
457,0.30357720315821063,0.6258082844351519,0.6258082844351519,0.5068280558178225,0.5068280558178225,626.332864679717,995.7315034773682,0.25922342613466526,0.7829160808496463,0.25922342613466526,0.0,True
458,0.30205931714241957,0.607700919828672,0.607700919828672,0.5068280558178225,0.5068280558178225,612.2731159956415,990.2442463054027,0.239873144441619,0.7653413949945519,0.239873144441619,0.0,True
459,0.30054902055670746,0.6771105637196132,0.6771105637196132,0.5068280558178225,0.5068280558178225,668.1861665338286,1017.9905242798543,0.30815889334171076,0.8352327081672857,0.30815889334171076,0.0,True
460,0.2990462754539239,0.6105888925249884,0.6105888925249884,0.5068280558178225,0.5068280558178225,617.0320210587323,1001.9796094371478,0.23561958032865854,0.7712900263234154,0.23561958032865854,0.0,True
461,0.2975510440766543,0.6105888925249884,0.6105888925249884,0.5068280558178225,0.5068280558178225,617.0320210587323,1001.9796094371478,0.23561958032865854,0.7712900263234154,0.23561958032865854,0.0,True
462,0.29606328885627103,0.6472931563741688,0.6472931563741688,0.5068280558178225,0.5068280558178225,647.1762025392943,1018.6689667217489,0.2700465971742877,0.8089702531741179,0.2700465971742877,0.0,True
463,0.29458297241198966,0.6666977023946001,0.6666977023946001,0.5068280558178225,0.5068280558178225,656.0860949366742,1000.5150235698535,0.30874123108336776,0.8201076186708427,0.30874123108336776,0.0,True
464,0.2931100575499297,0.639517074995366,0.639517074995366,0.5068280558178225,0.5068280558178225,633.2440939286895,983.2621367283122,0.2847616426925426,0.7915551174108618,0.2847616426925426,0.0,True
465,0.29164450726218005,0.6404939426133482,0.6404939426133482,0.5068280558178225,0.5068280558178225,627.2024593021808,959.3666293443964,0.3056393024131337,0.7840030741277261,0.3056393024131337,0.0,True
466,0.29018628472586916,0.6537480527845325,0.6537480527845325,0.5068280558178225,0.5068280558178225,640.1543979211181,974.0008401229693,0.31204318201184733,0.8001929974013976,0.31204318201184733,0.0,True
467,0.2887353533022398,0.6579726015641523,0.6579726015641523,0.5068280558178225,0.5068280558178225,641.7017155262221,969.5996912575021,0.3216120015956934,0.8021271444077775,0.3216120015956934,0.0,True
468,0.2872916765357286,0.5551361091976093,0.5551361091976093,0.5068280558178225,0.5068280558178225,556.7973566584058,913.0746329088362,0.22646140707168066,0.6959966958230072,0.22646140707168066,0.0,True
469,0.28585521815305,0.6279529429091557,0.6279529429091557,0.5068280558178225,0.5068280558178225,613.4802287885553,939.1018403596102,0.303859142397233,0.7668502859856942,0.303859142397233,0.0,True
470,0.2844259420622847,0.5999912279426396,0.5999912279426396,0.5068280558178225,0.5068280558178225,589.2888652042789,918.0826184956517,0.281211569629652,0.7366110815053486,0.281211569629652,0.0,True
471,0.2830038123519733,0.5736485149435817,0.5736485149435817,0.5068280558178225,0.5068280558178225,565.4637911911013,893.136141246795,0.2628923255045601,0.7068297389888767,0.2628923255045601,0.0,True
472,0.2815887932902134,0.6037954891353662,0.6037954891353662,0.5068280558178225,0.5068280558178225,585.8751619025822,897.9627677055944,0.3038490749020223,0.7323439523782278,0.3038490749020223,0.0,True
473,0.28018084932376236,0.5366560145104169,0.5366560145104169,0.5068280558178225,0.5068280558178225,536.7271304761687,880.2433570447973,0.22339925114589762,0.6709089130952108,0.22339925114589762,0.0,True
474,0.27877994507714354,0.6053292839061792,0.6053292839061792,0.5068280558178225,0.5068280558178225,583.012097735561,884.8744639791146,0.3173123279585442,0.7287651221694513,0.3173123279585442,0.0,True
475,0.2773860453517578,0.6053292839061792,0.6053292839061792,0.5068280558178225,0.5068280558178225,583.012097735561,884.8744639791146,0.3173123279585442,0.7287651221694513,0.3173123279585442,0.0,True
476,0.27599911512499903,0.6186931752717818,0.6186931752717818,0.5068280558178225,0.5068280558178225,602.394658318665,921.8722597465336,0.30532616414316616,0.7529933228983313,0.30532616414316616,0.0,True
477,0.274619119549374,0.5798474422830863,0.5798474422830863,0.5068280558178225,0.5068280558178225,577.8675961921525,926.096854394573,0.24737765204984255,0.7223344952401907,0.24737765204984255,0.0,True
478,0.2732460239516271,0.5787082342359451,0.5787082342359451,0.5068280558178225,0.5068280558178225,579.2001535752706,937.5533433287919,0.23969366619194404,0.7240001919690883,0.23969366619194404,0.0,True
479,0.271879793831869,0.5964253272195457,0.5964253272195457,0.5068280558178225,0.5068280558178225,582.4154515167626,902.288661995363,0.28937269047459485,0.7280193143959532,0.28937269047459485,0.0,True
480,0.2705203948627097,0.5922320812006839,0.5922320812006839,0.5068280558178225,0.5068280558178225,576.5154124165728,891.112130843921,0.29260365112060926,0.7206442655207159,0.29260365112060926,0.0,True
481,0.26916779288839615,0.5994663916921104,0.5994663916921104,0.5068280558178225,0.5068280558178225,586.7569975641692,910.0191871382044,0.2868467294115415,0.7334462469552114,0.2868467294115415,0.0,True
482,0.2678219539239542,0.5862092166756665,0.5862092166756665,0.5068280558178225,0.5068280558178225,573.8740805475138,895.2623552073778,0.28023132065530626,0.7173426006843923,0.28023132065530626,0.0,True
483,0.26648284415433443,0.5402108103069155,0.5402108103069155,0.5068280558178225,0.5068280558178225,539.6924329727517,885.9928543883306,0.2265997715191928,0.6746155412159396,0.2265997715191928,0.0,True
484,0.26515042993356275,0.564165606152026,0.564165606152026,0.5068280558178225,0.5068280558178225,558.6595905154837,891.5947811887406,0.25112821483659276,0.6983244881443547,0.25112821483659276,0.0,True
485,0.26382467778389496,0.5818933049791476,0.5818933049791476,0.5068280558178225,0.5068280558178225,571.8432024497341,897.8572114602092,0.271768342785434,0.7148040030621676,0.271768342785434,0.0,True
486,0.26250555439497547,0.5705669210633136,0.5705669210633136,0.5068280558178225,0.5068280558178225,561.3768385642504,885.5179599524929,0.2645406243986484,0.701721048205313,0.2645406243986484,0.0,True
487,0.2611930266230006,0.5574482612706543,0.5574482612706543,0.5068280558178225,0.5068280558178225,541.3073834808492,845.4958357132319,0.27934766908303754,0.6766342293510615,0.27934766908303754,0.0,True
488,0.2598870614898856,0.525795246730687,0.525795246730687,0.5068280558178225,0.5068280558178225,522.5977352631517,853.0636098383593,0.22840742791809787,0.6532471690789395,0.22840742791809787,0.0,True
489,0.2585876261824362,0.589506564882246,0.589506564882246,0.5068280558178225,0.5068280558178225,568.7532471146408,870.1433387835408,0.3061582455231177,0.710941558893301,0.3061582455231177,0.0,True
490,0.257294688051524,0.5402605817096554,0.5402605817096554,0.5068280558178225,0.5068280558178225,534.47049803182,861.3697140600754,0.24199631977271008,0.6680881225397749,0.24199631977271008,0.0,True
491,0.2560082146112664,0.5927106534717531,0.5927106534717531,0.5068280558178225,0.5068280558178225,574.3915664281246,882.4349366634659,0.3003934428238133,0.7179894580351558,0.3003934428238133,0.0,True
492,0.25472817353821003,0.5927106534717531,0.5927106534717531,0.5068280558178225,0.5068280558178225,574.3915664281246,882.4349366634659,0.3003934428238133,0.7179894580351558,0.3003934428238133,0.0,True
493,0.253454532670519,0.5760631107144962,0.5760631107144962,0.5068280558178225,0.5068280558178225,562.1645168248788,876.8668326280144,0.2805638616424244,0.7027056460310984,0.2805638616424244,0.0,True
494,0.2521872600071664,0.5484528905747657,0.5484528905747657,0.5068280558178225,0.5068280558178225,540.7901154416928,864.0800662578055,0.2508717985442813,0.675987644302116,0.2508717985442813,0.0,True
495,0.2509263237071306,0.5817673529159012,0.5817673529159012,0.5068280558178225,0.5068280558178225,563.252077782819,868.4366301744644,0.29640594951978205,0.7040650972285237,0.29640594951978205,0.0,True
496,0.24967169208859494,0.5922466472707132,0.5922466472707132,0.5068280558178225,0.5068280558178225,567.3738705015237,857.4528698703887,0.3193150352729335,0.7092173381269046,0.3193150352729335,0.0,True
497,0.24842333362815197,0.5771969616346507,0.5771969616346507,0.5068280558178225,0.5068280558178225,561.5961360150593,872.5938944824223,0.2860011420715793,0.7019951700188242,0.2860011420715793,0.0,True
498,0.24718121696001122,0.5784289182480347,0.5784289182480347,0.5068280558178225,0.5068280558178225,560.7429693748985,867.045472728071,0.29259606681666156,0.7009287117186231,0.29259606681666156,0.0,True
499,0.24594531087521115,0.563369701599498,0.563369701599498,0.5068280558178225,0.5068280558178225,551.0484585466668,865.1045912039264,0.27067433457054857,0.6888105731833335,0.27067433457054857,0.0,True
500,0.2447155843208351,0.5264215277385353,0.5264215277385353,0.5068280558178225,0.5068280558178225,522.2595942764607,849.5849813783129,0.23148127582210773,0.6528244928455759,0.23148127582210773,0.0,True
501,0.2434920063992309,0.5665026487916436,0.5421492402800466,0.5068280558178225,0.5068280558178225,531.5958051037074,844.7895891655262,0.2566763693810089,0.6644947563796343,0.2566763693810089,2.435340851159699e-07,False
502,0.24227454636723475,0.5620496756724331,0.5620496756724331,0.5068280558178225,0.5068280558178225,547.7459762895469,857.4302416318375,0.27590648806359896,0.6846824703619336,0.27590648806359896,0.0,True
503,0.2410631736353986,0.5620496756724331,0.5620496756724331,0.5068280558178225,0.5068280558178225,547.7459762895469,857.4302416318375,0.27590648806359896,0.6846824703619336,0.27590648806359896,0.0,True
504,0.2398578577672216,0.5873855467637147,0.5873855467637147,0.5068280558178225,0.5068280558178225,566.3400628187336,867.0009902052495,0.3061266393244095,0.707925078523417,0.3061266393244095,0.0,True
505,0.23865856847838549,0.5493670637190547,0.5493670637190547,0.5068280558178225,0.5068280558178225,541.4415882546334,864.1744660535293,0.2520189133208352,0.6768019853182917,0.2520189133208352,0.0,True
506,0.23746527563599357,0.5640911478064202,0.5640911478064202,0.5068280558178225,0.5068280558178225,551.2553318885017,864.3304562087446,0.2724757746799375,0.6890691648606271,0.2724757746799375,0.0,True
507,0.2362779492578136,0.5626476022004168,0.5626476022004168,0.5068280558178225,0.5068280558178225,558.3859452308544,895.5299870810554,0.2468663337447309,0.697982431538568,0.2468663337447309,0.0,True
508,0.23509655951152453,0.5941291900675254,0.5941291900675254,0.5068280558178225,0.5068280558178225,574.0772057389937,878.2678832396364,0.3060387834863531,0.7175965071737421,0.3060387834863531,0.0,True
509,0.2339210767139669,0.546008606631933,0.546008606631933,0.5068280558178225,0.5068280558178225,542.8589489380676,878.6359444362638,0.23669008770374647,0.6785736861725844,0.23669008770374647,0.0,True
510,0.23275147133039706,0.5957658959403066,0.5957658959403066,0.5068280558178225,0.5068280558178225,580.5560840051487,896.9054951980197,0.2925977414526718,0.7256951050064359,0.2925977414526718,0.0,True
511,0.23158771397374509,0.5483047350508663,0.5483047350508663,0.5068280558178225,0.5068280558178225,543.5896807812103,875.2579775511614,0.24221254789102428,0.6794871009765129,0.24221254789102428,0.0,True
512,0.23042977540387635,0.5570199514414778,0.5570199514414778,0.5068280558178225,0.5068280558178225,549.8192378624568,875.6988382188915,0.2530937277060937,0.6872740473280711,0.2530937277060937,0.0,True
513,0.22927762652685696,0.5345010655678001,0.5345010655678001,0.5068280558178225,0.5068280558178225,531.8086936378756,866.7119605459961,0.23056152878219627,0.6647608670473446,0.23056152878219627,0.0,True
514,0.22813123839422267,0.5328566623051022,0.5328566623051022,0.5068280558178225,0.5068280558178225,529.393683839105,861.3236137777174,0.23212396315295117,0.6617421047988813,0.23212396315295117,0.0,True
515,0.22699058220225155,0.5328566623051022,0.5328566623051022,0.5068280558178225,0.5068280558178225,529.393683839105,861.3236137777174,0.23212396315295117,0.6617421047988813,0.23212396315295117,0.0,True
516,0.22585562929124028,0.5902806264892534,0.5902806264892534,0.5068280558178225,0.5068280558178225,572.8197223777357,882.1161876682947,0.29687789802911546,0.7160246529721697,0.29687789802911546,0.0,True
517,0.2247263511447841,0.5902806264892534,0.5902806264892534,0.5068280558178225,0.5068280558178225,572.8197223777357,882.1161876682947,0.29687789802911546,0.7160246529721697,0.29687789802911546,0.0,True
518,0.22360271938906018,0.5561430327707125,0.5561430327707125,0.5068280558178225,0.5068280558178225,549.6766196498913,877.8653943405734,0.25058663525685865,0.6870957745623641,0.25058663525685865,0.0,True
519,0.22248470579211488,0.5447496602625751,0.5447496602625751,0.5068280558178225,0.5068280558178225,543.0038345270026,883.2878363611574,0.23207101683815945,0.6787547931587532,0.23207101683815945,0.0,True
520,0.2213722822631543,0.5495266809787261,0.5495266809787261,0.5068280558178225,0.5068280558178225,542.789213368161,868.7522210313688,0.24862039760528434,0.6784865167102012,0.24862039760528434,0.0,True
521,0.22026542085183853,0.5495266809787261,0.5495266809787261,0.5068280558178225,0.5068280558178225,542.789213368161,868.7522210313688,0.24862039760528434,0.6784865167102012,0.24862039760528434,0.0,True
522,0.21916409374757934,0.5495266809787261,0.5495266809787261,0.5068280558178225,0.5068280558178225,542.789213368161,868.7522210313688,0.24862039760528434,0.6784865167102012,0.24862039760528434,0.0,True
523,0.21806827327884143,0.5769226889517408,0.5769226889517408,0.5068280558178225,0.5068280558178225,566.1913216487952,888.6473298348383,0.27168427503015025,0.707739152060994,0.27168427503015025,0.0,True
524,0.21697793191244721,0.5952256414700883,0.5952256414700883,0.5068280558178225,0.5068280558178225,576.5354904584267,884.3158054389182,0.3025236243965497,0.7206693630730334,0.3025236243965497,0.0,True
525,0.21589304225288497,0.5952256414700883,0.5952256414700883,0.5068280558178225,0.5068280558178225,576.5354904584267,884.3158054389182,0.3025236243965497,0.7206693630730334,0.3025236243965497,0.0,True
526,0.21481357704162055,0.571382566080633,0.571382566080633,0.5068280558178225,0.5068280558178225,572.2139870377018,930.4322160859547,0.23565109140881324,0.7152674837971272,0.23565109140881324,0.0,True
527,0.21373950915641243,0.6236233230804141,0.6236233230804141,0.5068280558178225,0.5068280558178225,611.9252495157112,943.6888515052972,0.29396243251388915,0.764906561894639,0.29396243251388915,0.0,True
528,0.21267081161063037,0.6032242848367009,0.6032242848367009,0.5068280558178225,0.5068280558178225,596.0958414131695,934.141263932343,0.27213474533392557,0.7451198017664619,0.27213474533392557,0.0,True
529,0.2116074575525772,0.6032242848367009,0.6032242848367009,0.5068280558178225,0.5068280558178225,596.0958414131695,934.141263932343,0.27213474533392557,0.7451198017664619,0.27213474533392557,0.0,True
530,0.21054942026481432,0.583472820733537,0.583472820733537,0.5068280558178225,0.5068280558178225,578.7497324309421,920.3177091704333,0.2568893495215423,0.7234371655386777,0.2568893495215423,0.0,True
531,0.20949667316349024,0.5876898954502969,0.5876898954502969,0.5068280558178225,0.5068280558178225,581.3459856482441,918.8800293311983,0.26337386002694435,0.7266824820603052,0.26337386002694435,0.0,True
532,0.2084491897976728,0.606659618133771,0.606659618133771,0.5068280558178225,0.5068280558178225,591.7612286750981,910.8353738022846,0.2962284768102005,0.7397015358438727,0.2962284768102005,0.0,True
533,0.20740694384868444,0.5611313248270682,0.5611313248270682,0.5068280558178225,0.5068280558178225,555.6449671351822,889.4239658739189,0.24980659527927884,0.6945562089189778,0.24980659527927884,0.0,True
534,0.206369909129441,0.5677377267158099,0.5677377267158099,0.5068280558178225,0.5068280558178225,559.5208032137552,886.7654727616218,0.2605234130125804,0.6994010040171941,0.2605234130125804,0.0,True
535,0.2053380595837938,0.5633458344700262,0.5633458344700262,0.5068280558178225,0.5068280558178225,555.9045919635591,884.4450466391671,0.25643105500637325,0.6948807399544489,0.25643105500637325,0.0,True
536,0.20431136928587484,0.6078652539924732,0.6078652539924732,0.5068280558178225,0.5068280558178225,587.04895314853,892.1620917731968,0.3139913999583648,0.7338111914356625,0.3139913999583648,0.0,True
537,0.20328981243944547,0.6078652539924732,0.6078652539924732,0.5068280558178225,0.5068280558178225,587.04895314853,892.1620917731968,0.3139913999583648,0.7338111914356625,0.3139913999583648,0.0,True
538,0.20227336337724824,0.5818799918774399,0.5818799918774399,0.5068280558178225,0.5068280558178225,566.9926503741874,880.3971333282922,0.28587140933341976,0.7087408129677343,0.28587140933341976,0.0,True
539,0.201261996560362,0.5727147702384291,0.5727147702384291,0.5068280558178225,0.5068280558178225,564.9744960735379,894.6496645461045,0.2612069539136114,0.7062181200919224,0.2612069539136114,0.0,True
540,0.20025568657756018,0.6219978811213077,0.6219978811213077,0.5068280558178225,0.5068280558178225,599.8623223842523,905.9316485618066,0.3237278301169566,0.7498279029803153,0.3237278301169566,0.0,True
541,0.19925440814467238,0.5880165961009869,0.5880165961009869,0.5068280558178225,0.5068280558178225,581.8503209712565,919.9743426622994,0.2629918841704583,0.7273129012140706,0.2629918841704583,0.0,True
542,0.19825813610394902,0.6337421467590991,0.6337421467590991,0.5068280558178225,0.5068280558178225,615.0971534185612,931.8169977827981,0.31844045839285995,0.7688714417732015,0.31844045839285995,0.0,True
543,0.19726684542342926,0.5587781841749124,0.5587781841749124,0.5068280558178225,0.5068280558178225,557.117187989311,904.7758113458297,0.23766881561421765,0.6963964849866388,0.23766881561421765,0.0,True
544,0.19628051119631212,0.5587781841749124,0.5587781841749124,0.5068280558178225,0.5068280558178225,557.117187989311,904.7758113458297,0.23766881561421765,0.6963964849866388,0.23766881561421765,0.0,True
545,0.19529910864033057,0.626790813101726,0.626790813101726,0.5068280558178225,0.5068280558178225,615.4807424248188,949.1720101666808,0.2941505449333654,0.7693509280310235,0.2941505449333654,0.0,True
546,0.19432261309712892,0.6476551023245539,0.6476551023245539,0.5068280558178225,0.5068280558178225,633.9215111601593,965.7012904509373,0.30991260019804856,0.7924018889501991,0.30991260019804856,0.0,True
547,0.19335100003164327,0.644951043996546,0.644951043996546,0.5068280558178225,0.5068280558178225,636.9404037358174,983.1480340871084,0.29209396909235247,0.7961755046697718,0.29209396909235247,0.0,True
548,0.19238424503148505,0.6167369421536958,0.6167369421536958,0.5068280558178225,0.5068280558178225,616.3269421425986,981.1802855962455,0.25816955926307344,0.7704086776782482,0.25816955926307344,0.0,True
549,0.19142232380632762,0.6367048220744831,0.6367048220744831,0.5068280558178225,0.5068280558178225,630.6716280299717,980.427943266519,0.2828904918275267,0.7883395350374646,0.2828904918275267,0.0,True
550,0.19046521218729598,0.6536771599790212,0.6536771599790212,0.5068280558178225,0.5068280558178225,634.8396550350765,955.6448997967623,0.32730820607776423,0.7935495687938456,0.32730820607776423,0.0,True
551,0.1895128861263595,0.5907366481751473,0.5907366481751473,0.5068280558178225,0.5068280558178225,592.4117030906958,957.8890871099675,0.24125469323596138,0.7405146288633698,0.24125469323596138,0.0,True
552,0.1885653216957277,0.5963219733065173,0.5963219733065173,0.5068280558178225,0.5068280558178225,592.1450322528411,937.8779963736133,0.26065023361760414,0.7401812903160514,0.26065023361760414,0.0,True
553,0.18762249508724907,0.6265679493124969,0.6265679493124969,0.5068280558178225,0.5068280558178225,610.5725943163789,931.3956592367879,0.30772309761888506,0.7632157428954736,0.30772309761888506,0.0,True
554,0.18668438261181283,0.6315506211437416,0.6315506211437416,0.5068280558178225,0.5068280558178225,612.6045860005339,928.58159069837,0.31840536131091496,0.7657557325006674,0.31840536131091496,0.0,True
555,0.18575096069875377,0.565905613996198,0.565905613996198,0.5068280558178225,0.5068280558178225,568.2875568792116,930.4260831952075,0.22884667242295947,0.7103594460990145,0.22884667242295947,0.0,True
556,0.18482220589526,0.6047179555809845,0.6047179555809845,0.5068280558178225,0.5068280558178225,590.0181852552109,910.1590979425973,0.2948401449422501,0.7375227315690137,0.2948401449422501,0.0,True
557,0.1838980948657837,0.6175182533682227,0.6175182533682227,0.5068280558178225,0.5068280558178225,599.4143140416053,913.862392991304,0.3101024286060605,0.7492678925520067,0.3101024286060605,0.0,True
558,0.18297860439145477,0.6035901929293942,0.6035901929293942,0.5068280558178225,0.5068280558178225,596.4627215292562,935.5809030584043,0.2722843719709832,0.7455784019115703,0.2722843719709832,0.0,True
559,0.1820637113694975,0.61079134103129,0.61079134103129,0.5068280558178225,0.5068280558178225,602.4823069514141,940.0578929035948,0.2787310748293421,0.7531028836892676,0.2787310748293421,0.0,True
560,0.18115339281265003,0.6459985317500863,0.6459985317500863,0.5068280558178225,0.5068280558178225,633.1855189563458,967.5960080827341,0.30653734221094536,0.7914818986954323,0.30653734221094536,0.0,True
561,0.18024762584858678,0.6113993812542788,0.6113993812542788,0.5068280558178225,0.5068280558178225,606.1050256699934,951.9835793731268,0.27019161264344893,0.7576312820874918,0.27019161264344893,0.0,True
562,0.17934638771934383,0.5864455887321773,0.5864455887321773,0.5068280558178225,0.5068280558178225,585.5574245413175,941.618256582661,0.24694280752841538,0.7319467806766469,0.24694280752841538,0.0,True
563,0.17844965578074712,0.6199017449254765,0.6199017449254765,0.5068280558178225,0.5068280558178225,611.538386580272,951.0110955059199,0.282685522225795,0.76442298322534,0.282685522225795,0.0,True
564,0.17755740750184337,0.606222847139422,0.606222847139422,0.5068280558178225,0.5068280558178225,594.1980882888075,921.0989059375893,0.2876650662890513,0.7427476103610094,0.2876650662890513,0.0,True
565,0.17666962046433415,0.6011921540859947,0.6011921540859947,0.5068280558178225,0.5068280558178225,587.2858665201272,908.4083529707217,0.29105673626961115,0.7341073331501591,0.29105673626961115,0.0,True
566,0.17578627236201247,0.556276820582966,0.556276820582966,0.5068280558178225,0.5068280558178225,552.391195558994,888.7548861793473,0.24311508156282075,0.6904889944487426,0.24311508156282075,0.0,True
567,0.17490734100020242,0.5702943886719594,0.5702943886719594,0.5068280558178225,0.5068280558178225,560.6316627754871,883.7105878734319,0.2658056124780271,0.700789578469359,0.2658056124780271,0.0,True
568,0.1740328042952014,0.5515157532597764,0.5515157532597764,0.5068280558178225,0.5068280558178225,548.1896497829117,885.164416067063,0.23949936566576233,0.6852370622286397,0.23949936566576233,0.0,True
569,0.1731626402737254,0.5520638252641079,0.5520638252641079,0.5068280558178225,0.5068280558178225,547.4356862061611,880.6658953570395,0.24352533277905652,0.6842946077577013,0.24352533277905652,0.0,True
570,0.17229682707235677,0.579624733374716,0.579624733374716,0.5068280558178225,0.5068280558178225,565.7056506673582,881.5835212067782,0.28210763013592516,0.7071320633341978,0.28210763013592516,0.0,True
571,0.171435342936995,0.5846648626628779,0.5846648626628779,0.5068280558178225,0.5068280558178225,567.1917372289197,875.7375892099005,0.29457364195857694,0.7089896715361497,0.29457364195857694,0.0,True
572,0.17057816622231003,0.5557263348340082,0.5557263348340082,0.5068280558178225,0.5068280558178225,544.1883767249731,859.2053314134818,0.2652050173321892,0.6802354709062164,0.2652050173321892,0.0,True
573,0.16972527539119847,0.5371900710461358,0.5371900710461358,0.5068280558178225,0.5068280558178225,532.6142159001528,861.8473253029711,0.23717544044500735,0.6657677698751909,0.23717544044500735,0.0,True
574,0.16887664901424249,0.5256392724358974,0.5256392724358974,0.5068280558178225,0.5068280558178225,523.6233355567264,858.2246553040827,0.2248961794125393,0.654529169445908,0.2248961794125393,0.0,True
575,0.16803226576917127,0.531653381566159,0.531653381566159,0.5068280558178225,0.5068280558178225,526.0565186551931,850.9518259059572,0.23784642580955018,0.6575706483189915,0.23784642580955018,0.0,True
576,0.16719210444032542,0.527565761795263,0.527565761795263,0.5068280558178225,0.5068280558178225,525.1955516555688,858.9856654144853,0.2267321803221347,0.656494439569461,0.2267321803221347,0.0,True
577,0.16635614391812378,0.5343173341229343,0.5343173341229343,0.5068280558178225,0.5068280558178225,526.6479411182922,846.2053924260025,0.2450012854814284,0.6583099263978653,0.2450012854814284,0.0,True
578,0.16552436319853317,0.5343173341229343,0.5343173341229343,0.5068280558178225,0.5068280558178225,526.6479411182922,846.2053924260025,0.2450012854814284,0.6583099263978653,0.2450012854814284,0.0,True
579,0.1646967413825405,0.5343173341229343,0.5343173341229343,0.5068280558178225,0.5068280558178225,526.6479411182922,846.2053924260025,0.2450012854814284,0.6583099263978653,0.2450012854814284,0.0,True
580,0.1638732576756278,0.5826543395572006,0.5826543395572006,0.5068280558178225,0.5068280558178225,558.7059381625096,848.7462249639009,0.3126221455500156,0.698382422703137,0.3126221455500156,0.0,True
581,0.16305389138724966,0.5826543395572006,0.5826543395572006,0.5068280558178225,0.5068280558178225,558.7059381625096,848.7462249639009,0.3126221455500156,0.698382422703137,0.3126221455500156,0.0,True
582,0.1622386219303134,0.5826543395572006,0.5826543395572006,0.5068280558178225,0.5068280558178225,558.7059381625096,848.7462249639009,0.3126221455500156,0.698382422703137,0.3126221455500156,0.0,True
583,0.16142742882066183,0.5826543395572006,0.5826543395572006,0.5068280558178225,0.5068280558178225,558.7059381625096,848.7462249639009,0.3126221455500156,0.698382422703137,0.3126221455500156,0.0,True
584,0.16062029167655853,0.6542451905732425,0.5357183907135225,0.5068280558178225,0.5068280558178225,526.6477132017965,842.5131283075941,0.2496721388731685,0.6583096415022456,0.2496721388731685,1.1852679985972002e-06,False
585,0.15981719021817573,0.606370894656464,0.606370894656464,0.5068280558178225,0.5068280558178225,583.7851065243049,885.382161788512,0.31852975482565754,0.7297313831553811,0.31852975482565754,0.0,True
586,0.15901810426708485,0.5788904245148112,0.5788904245148112,0.5068280558178225,0.5068280558178225,572.2070696413657,906.4790731738915,0.26069746192872084,0.7152588370517071,0.26069746192872084,0.0,True
587,0.15822301374574943,0.6089028502889979,0.6089028502889979,0.5068280558178225,0.5068280558178225,587.6815138051737,893.1092587432229,0.3156050856982364,0.7346018922564671,0.3156050856982364,0.0,True
588,0.15743189867702068,0.583055363104803,0.583055363104803,0.5068280558178225,0.5068280558178225,571.8721473658621,895.0770062938489,0.27555744719891234,0.7148401842073276,0.27555744719891234,0.0,True
589,0.15664473918363558,0.5712483334239093,0.5712483334239093,0.5068280558178225,0.5068280558178225,565.9159478768656,902.3519744763021,0.2535729301055062,0.7073949348460821,0.2535729301055062,0.0,True
590,0.1558615154877174,0.5896858146282546,0.5896858146282546,0.5068280558178225,0.5068280558178225,582.4213571351938,917.6348854969707,0.2668904237831999,0.7280266964189923,0.2668904237831999,0.0,True
591,0.15508220791027882,0.6322667399719932,0.6322667399719932,0.5068280558178225,0.5068280558178225,613.7916543755227,930.0501198450528,0.31733014131136966,0.7672395679694034,0.31733014131136966,0.0,True
592,0.15430679687072743,0.5684250770919306,0.5684250770919306,0.5068280558178225,0.5068280558178225,571.2017018213388,935.219261928169,0.22874529332753024,0.7140021272766736,0.22874529332753024,0.0,True
593,0.15353526288637379,0.6060851757710572,0.6060851757710572,0.5068280558178225,0.5068280558178225,591.7812528251802,912.7529580895925,0.29425526516341505,0.7397265660314752,0.29425526516341505,0.0,True
594,0.15276758657194192,0.5497674506248984,0.5497674506248984,0.5068280558178225,0.5068280558178225,550.1916862769078,901.7972364638445,0.22783241710868044,0.6877396078461347,0.22783241710868044,0.0,True
595,0.1520037486390822,0.5762849082383085,0.5762849082383085,0.5068280558178225,0.5068280558178225,567.408530569024,895.127959166703,0.2660081466347081,0.70926066321128,0.2660081466347081,0.0,True
596,0.15124372989588677,0.5526564127970486,0.5526564127970486,0.5068280558178225,0.5068280558178225,545.576767038844,871.8839798327286,0.25092247212686697,0.681970958798555,0.25092247212686697,0.0,True
597,0.15048751124640733,0.5526564127970486,0.5526564127970486,0.5068280558178225,0.5068280558178225,545.576767038844,871.8839798327286,0.25092247212686697,0.681970958798555,0.25092247212686697,0.0,True
598,0.1497350736901753,0.5526564127970486,0.5526564127970486,0.5068280558178225,0.5068280558178225,545.576767038844,871.8839798327286,0.25092247212686697,0.681970958798555,0.25092247212686697,0.0,True
599,0.14898639832172442,0.5576183299703362,0.5576183299703362,0.5068280558178225,0.5068280558178225,545.3241332988815,858.773482072594,0.2681990444460497,0.6816551666236019,0.2681990444460497,0.0,True
600,0.14824146633011578,0.5406397359806,0.5406397359806,0.5068280558178225,0.5068280558178225,534.7420984354382,860.9059318924287,0.24246799949863873,0.6684276230442977,0.24246799949863873,0.0,True
601,0.1475002589984652,0.5623048641565481,0.5623048641565481,0.5068280558178225,0.5068280558178225,552.6156537023567,873.5393591029974,0.26255389055662015,0.6907695671279458,0.26255389055662015,0.0,True
602,0.14676275770347286,0.541669515085566,0.541669515085566,0.5068280558178225,0.5068280558178225,539.6339762834422,878.7894731056551,0.23163261945851388,0.6745424703543027,0.23163261945851388,0.0,True
603,0.1460289439149555,0.5522231062458707,0.5522231062458707,0.5068280558178225,0.5068280558178225,545.6057712071224,873.0161970913466,0.24939352146546204,0.6820072140089031,0.24939352146546204,0.0,True
604,0.14529879919538072,0.5403489526652714,0.5403489526652714,0.5068280558178225,0.5068280558178225,536.0506880148125,867.571915233812,0.2376820021743681,0.6700633600185156,0.2376820021743681,0.0,True
605,0.1445723051994038,0.553287490248269,0.553287490248269,0.5068280558178225,0.5068280558178225,544.9048415625056,867.3925398623173,0.2549858462702555,0.681131051953132,0.2549858462702555,0.0,True
606,0.1438494436734068,0.584401390825552,0.584401390825552,0.5068280558178225,0.5068280558178225,560.0563340835141,849.5837983250972,0.31450699500825724,0.7000704176043926,0.31450699500825724,0.0,True
607,0.14313019645503977,0.5768311804200662,0.5768311804200662,0.5068280558178225,0.5068280558178225,554.8943555811835,848.0930304215731,0.30432873095510204,0.6936179444764794,0.30432873095510204,0.0,True
608,0.14241454547276458,0.5768311804200662,0.5768311804200662,0.5068280558178225,0.5068280558178225,554.8943555811835,848.0930304215731,0.30432873095510204,0.6936179444764794,0.30432873095510204,0.0,True
609,0.14170247274540076,0.5655785803928371,0.5655785803928371,0.5068280558178225,0.5068280558178225,556.1637467331998,878.6021372069308,0.26311767333762454,0.6952046834164998,0.26311767333762454,0.0,True
610,0.14099396038167375,0.5930504470349102,0.5930504470349102,0.5068280558178225,0.5068280558178225,578.9647086261957,897.362080845719,0.28818775662329615,0.7237058857827446,0.28818775662329615,0.0,True
611,0.14028899057976538,0.6014197348110767,0.6014197348110767,0.5068280558178225,0.5068280558178225,584.156380678955,896.8037933050924,0.30094300572330396,0.7301954758486937,0.30094300572330396,0.0,True
612,0.13958754562686654,0.587697862221268,0.587697862221268,0.5068280558178225,0.5068280558178225,561.6842784306579,848.2622993590962,0.3207470619814746,0.7021053480383224,0.3207470619814746,0.0,True
613,0.1388896078987322,0.587697862221268,0.587697862221268,0.5068280558178225,0.5068280558178225,561.6842784306579,848.2622993590962,0.3207470619814746,0.7021053480383224,0.3207470619814746,0.0,True
614,0.13819515985923853,0.5855544067679045,0.5855544067679045,0.5068280558178225,0.5068280558178225,561.4812187692588,851.9736986232897,0.3141944678160102,0.7018515234615735,0.3141944678160102,0.0,True
615,0.13750418405994233,0.5550940093848925,0.5550940093848925,0.5068280558178225,0.5068280558178225,542.8074012756987,855.4054252029309,0.26712511089552066,0.6785092515946234,0.26712511089552066,0.0,True
616,0.1368166631396426,0.5550940093848925,0.5550940093848925,0.5068280558178225,0.5068280558178225,542.8074012756987,855.4054252029309,0.26712511089552066,0.6785092515946234,0.26712511089552066,0.0,True
617,0.1361325798239444,0.5651807957572577,0.5651807957572577,0.5068280558178225,0.5068280558178225,547.4998888896483,849.4332974285333,0.2870613099293849,0.6843748611120604,0.2870613099293849,0.0,True
618,0.13545191692482467,0.5651807957572577,0.5651807957572577,0.5068280558178225,0.5068280558178225,547.4998888896483,849.4332974285333,0.2870613099293849,0.6843748611120604,0.2870613099293849,0.0,True
619,0.13477465734020055,0.5530379186865144,0.5530379186865144,0.5068280558178225,0.5068280558178225,542.7060137266435,859.8944234396972,0.2605671889190048,0.6783825171583043,0.2605671889190048,0.0,True
620,0.13410078405349954,0.5747915032368569,0.5747915032368569,0.5068280558178225,0.5068280558178225,564.1312406558231,886.6471491944363,0.2705888922100389,0.705164050819779,0.2705888922100389,0.0,True
621,0.13343028013323205,0.5802756304278319,0.5802756304278319,0.5068280558178225,0.5068280558178225,568.7116142558741,890.256751203865,0.2755098931798069,0.7108895178198427,0.2755098931798069,0.0,True
622,0.13276312873256588,0.567345875456342,0.567345875456342,0.5068280558178225,0.5068280558178225,565.3357370069384,910.9347159089082,0.24225701858423643,0.706669671258673,0.24225701858423643,0.0,True
623,0.13209931308890305,0.6082772508475921,0.6082772508475921,0.5068280558178225,0.5068280558178225,586.0745867479001,888.8985960103648,0.3182066248105986,0.732593233434875,0.3182066248105986,0.0,True
624,0.13143881652345854,0.5956326162149237,0.5956326162149237,0.5068280558178225,0.5068280558178225,582.1628719559394,902.7478586903702,0.2874670108449225,0.7277035899449242,0.2874670108449225,0.0,True
625,0.13078162244084124,0.5902813564171795,0.5902813564171795,0.5068280558178225,0.5068280558178225,576.955522814493,896.6526357331936,0.2848175798483271,0.7211944035181161,0.2848175798483271,0.0,True
626,0.13012771432863704,0.619217629797981,0.619217629797981,0.5068280558178225,0.5068280558178225,599.046316488272,908.5201542684333,0.3168403429024766,0.7488078956103401,0.3168403429024766,0.0,True
627,0.12947707575699385,0.5616164133758267,0.5616164133758267,0.5068280558178225,0.5068280558178225,554.5002230632239,883.4589244753382,0.2547623939850194,0.6931252788290299,0.2547623939850194,0.0,True
628,0.12882969037820888,0.5887639577448112,0.5887639577448112,0.5068280558178225,0.5068280558178225,570.6422077535109,878.2525785776013,0.29817341986829704,0.7133027596918886,0.29817341986829704,0.0,True
629,0.12818554192631784,0.5418665252683222,0.5418665252683222,0.5068280558178225,0.5068280558178225,538.8705061092612,874.8326397301414,0.23451610807572892,0.6735881326365765,0.23451610807572892,0.0,True
630,0.12754461421668625,0.5861676920462144,0.5861676920462144,0.5068280558178225,0.5068280558178225,570.1455418022529,882.1955663178303,0.29096780989747717,0.7126819272528161,0.29096780989747717,0.0,True
631,0.12690689114560283,0.5658838713426051,0.5658838713426051,0.5068280558178225,0.5068280558178225,558.3950034384143,887.2048299113109,0.25762747777997563,0.6979937542980178,0.25762747777997563,0.0,True
632,0.12627235668987483,0.5566086042887815,0.5566086042887815,0.5068280558178225,0.5068280558178225,552.3525304468228,887.335116339345,0.24433380049270503,0.6904406630585285,0.24433380049270503,0.0,True
633,0.12564099490642544,0.6161428919488273,0.6161428919488273,0.5068280558178225,0.5068280558178225,596.9521731231125,908.1960515515126,0.31269913488701295,0.7461902164038906,0.31269913488701295,0.0,True
634,0.12501278993189333,0.5711181106270734,0.5711181106270734,0.5068280558178225,0.5068280558178225,569.8686779360277,921.3743786623546,0.24161005811016417,0.7123358474200345,0.24161005811016417,0.0,True
635,0.12438772598223385,0.5711181106270734,0.5711181106270734,0.5068280558178225,0.5068280558178225,569.8686779360277,921.3743786623546,0.24161005811016417,0.7123358474200345,0.24161005811016417,0.0,True
636,0.12376578735232269,0.5736018870250684,0.5736018870250684,0.5068280558178225,0.5068280558178225,570.659362690489,914.7950045427498,0.24758314890296837,0.7133242033631113,0.24758314890296837,0.0,True
637,0.12314695841556107,0.5989403478884172,0.5989403478884172,0.5068280558178225,0.5068280558178225,591.8805285549117,929.8510496385644,0.2701496180095647,0.7398506606936397,0.2701496180095647,0.0,True
638,0.12253122362348326,0.6092253425922405,0.6092253425922405,0.5068280558178225,0.5068280558178225,593.8706932539604,912.830093583778,0.29862828665008356,0.7423383665674506,0.29862828665008356,0.0,True
639,0.12191856750536584,0.5937998344711899,0.5937998344711899,0.5068280558178225,0.5068280558178225,586.9731284129995,924.5062059438986,0.2673278236993842,0.7337164105162494,0.2673278236993842,0.0,True
640,0.121308974667839,0.6375609885279785,0.6375609885279785,0.5068280558178225,0.5068280558178225,617.6557352029806,932.2184954466945,0.32370740075123483,0.7720696690037258,0.32370740075123483,0.0,True
641,0.12070242979449981,0.6261593342943707,0.6261593342943707,0.5068280558178225,0.5068280558178225,610.0846140596184,931.7342664258431,0.3077843233073486,0.762605767574523,0.3077843233073486,0.0,True
642,0.12009891764552731,0.6007036670086182,0.6007036670086182,0.5068280558178225,0.5068280558178225,597.9010845028299,951.1041754203158,0.2584673935621401,0.7473763556285374,0.2584673935621401,0.0,True
643,0.11949842305729967,0.5910885033893427,0.5910885033893427,0.5068280558178225,0.5068280558178225,592.8265791011403,958.6070871555858,0.24121748891948305,0.7410332238764253,0.24121748891948305,0.0,True
644,0.11890093094201318,0.6164016058893309,0.6164016058893309,0.5068280558178225,0.5068280558178225,605.475590631851,937.8016709707497,0.28870154695487094,0.7568444882898138,0.28870154695487094,0.0,True
645,0.11830642628730312,0.6184982588401229,0.6184982588401229,0.5068280558178225,0.5068280558178225,606.8467251570971,937.8046271755602,0.29169124775887645,0.7585584064463714,0.29169124775887645,0.0,True
646,0.1177148941558666,0.5997178320043534,0.5997178320043534,0.5068280558178225,0.5068280558178225,596.0628546276721,946.4686637678551,0.2605427806838012,0.7450785682845901,0.2605427806838012,0.0,True
647,0.11712631968508727,0.6321687018136196,0.6321687018136196,0.5068280558178225,0.5068280558178225,613.2909706976283,929.2585410487034,0.31846367484398325,0.7666137133720353,0.31846367484398325,0.0,True
648,0.11654068808666183,0.5733309802585862,0.5733309802585862,0.5068280558178225,0.5068280558178225,572.0268235815497,923.6573638794597,0.24269169874910076,0.7150335294769371,0.24269169874910076,0.0,True
649,0.11595798464622853,0.5975454100946888,0.5975454100946888,0.5068280558178225,0.5068280558178225,583.1608977398807,901.8276264866053,0.2909320819076435,0.7289511221748509,0.2909320819076435,0.0,True
650,0.11537819472299739,0.5849286707152906,0.5849286707152906,0.5068280558178225,0.5068280558178225,577.0493964560678,909.6547532141527,0.2667014960541044,0.7213117455700848,0.2667014960541044,0.0,True
651,0.1148013037493824,0.5927003509546709,0.5927003509546709,0.5068280558178225,0.5068280558178225,583.5879796639005,914.53524672953,0.2735362291625265,0.7294849745798756,0.2735362291625265,0.0,True
652,0.11422729723063549,0.5577472485678227,0.5577472485678227,0.5068280558178225,0.5068280558178225,552.0885302962063,884.434298983878,0.2488992818621405,0.6901106628702578,0.2488992818621405,0.0,True
653,0.11365616074448232,0.5606229343371064,0.5606229343371064,0.5068280558178225,0.5068280558178225,556.1883408882859,892.822342311385,0.24652712019952105,0.6952354261103574,0.24652712019952105,0.0,True
654,0.1130878799407599,0.5606229343371064,0.5606229343371064,0.5068280558178225,0.5068280558178225,556.1883408882859,892.822342311385,0.24652712019952105,0.6952354261103574,0.24652712019952105,0.0,True
655,0.1125224405410561,0.5849261633050363,0.5849261633050363,0.5068280558178225,0.5068280558178225,581.235907081573,926.128040966564,0.25448248202886664,0.7265448838519662,0.25448248202886664,0.0,True
656,0.11195982833835082,0.6009646698422338,0.6009646698422338,0.5068280558178225,0.5068280558178225,590.0984449016514,918.3503285993602,0.28209510184429626,0.7376230561270642,0.28209510184429626,0.0,True
657,0.11140002919665906,0.602030658644479,0.602030658644479,0.5068280558178225,0.5068280558178225,591.9724735350467,922.5200370674922,0.28018248100437726,0.7399655919188084,0.28018248100437726,0.0,True
658,0.11084302905067576,0.6013230555715211,0.6013230555715211,0.5068280558178225,0.5068280558178225,592.2773286481996,925.2983129719055,0.2769346433478218,0.7403466608102495,0.2769346433478218,0.0,True
659,0.11028881390542239,0.6049967151400447,0.6049967151400447,0.5068280558178225,0.5068280558178225,594.3991783524469,924.3193091565795,0.2829914469388454,0.7429989729405587,0.2829914469388454,0.0,True
660,0.10973736983589527,0.5929947289308084,0.5929947289308084,0.5068280558178225,0.5068280558178225,587.2821743521141,927.7443966264286,0.26374275457569524,0.7341027179401426,0.26374275457569524,0.0,True
661,0.10918868298671579,0.5753014576856658,0.5753014576856658,0.5068280558178225,0.5068280558178225,575.9668436999998,934.384048012305,0.23776823149388635,0.7199585546249998,0.23776823149388635,0.0,True
662,0.10864273957178221,0.5720316131613424,0.5720316131613424,0.5068280558178225,0.5068280558178225,573.6019203123556,934.5722451346128,0.2337664429601043,0.7170024003904445,0.2337664429601043,0.0,True
663,0.1080995258739233,0.5769831773267502,0.5769831773267502,0.5068280558178225,0.5068280558178225,573.3862572077162,916.121845772487,0.25090067423332846,0.7167328215096452,0.25090067423332846,0.0,True
664,0.10755902824455368,0.5769831773267502,0.5769831773267502,0.5068280558178225,0.5068280558178225,573.3862572077162,916.121845772487,0.25090067423332846,0.7167328215096452,0.25090067423332846,0.0,True
665,0.10702123310333092,0.6042321851160153,0.6042321851160153,0.5068280558178225,0.5068280558178225,589.3901204806989,908.5482499917927,0.2950527656513459,0.7367376506008736,0.2950527656513459,0.0,True
666,0.10648612693781427,0.6305277803876324,0.6305277803876324,0.5068280558178225,0.5068280558178225,612.0492976694152,928.7294967539576,0.31661548308964693,0.765061622086769,0.31661548308964693,0.0,True
667,0.1059536963031252,0.5739679914425984,0.5739679914425984,0.5068280558178225,0.5068280558178225,571.8143238683144,921.0365422674721,0.24543486019274427,0.714767904835393,0.24543486019274427,0.0,True
668,0.10542392782160957,0.5739679914425984,0.5739679914425984,0.5068280558178225,0.5068280558178225,571.8143238683144,921.0365422674721,0.24543486019274427,0.714767904835393,0.24543486019274427,0.0,True
669,0.10489680818250152,0.637156299433359,0.637156299433359,0.5068280558178225,0.5068280558178225,619.1943432285249,938.5568542286574,0.3178708303613325,0.7739929290356561,0.3178708303613325,0.0,True
670,0.10437232414158902,0.5720771713253947,0.5720771713253947,0.5068280558178225,0.5068280558178225,572.5793199021007,929.7982956631006,0.23690088803685527,0.7157241498776259,0.23690088803685527,0.0,True
671,0.10385046252088108,0.5771510509815355,0.5771510509815355,0.5068280558178225,0.5068280558178225,575.7741331811617,928.0203137424712,0.24449561482673027,0.7197176664764521,0.24449561482673027,0.0,True
672,0.10333121020827667,0.579058707498059,0.579058707498059,0.5068280558178225,0.5068280558178225,579.4327425366295,937.4409314088047,0.2401835259283611,0.7242909281707868,0.2401835259283611,0.0,True
673,0.10281455415723528,0.579058707498059,0.579058707498059,0.5068280558178225,0.5068280558178225,579.4327425366295,937.4409314088047,0.2401835259283611,0.7242909281707868,0.2401835259283611,0.0,True
674,0.10230048138644911,0.5778764030207214,0.5778764030207214,0.5068280558178225,0.5068280558178225,573.8173590894557,915.3362301464688,0.25262071272482545,0.7172716988618197,0.25262071272482545,0.0,True
675,0.10178897897951686,0.5655232184992152,0.5655232184992152,0.5068280558178225,0.5068280558178225,564.6145025067356,915.9395316353146,0.2382850960194051,0.7057681281334195,0.2382850960194051,0.0,True
676,0.10128003408461927,0.5586708564542945,0.5586708564542945,0.5068280558178225,0.5068280558178225,557.9592441133034,908.5266179824696,0.2348550595171802,0.6974490551416292,0.2348550595171802,0.0,True
677,0.10077363391419618,0.6188664935392814,0.6188664935392814,0.5068280558178225,0.5068280558178225,598.8923035157175,909.4176920141065,0.3161190932100954,0.7486153793946468,0.3161190932100954,0.0,True
678,0.10026976574462519,0.5778812380168997,0.5778812380168997,0.5068280558178225,0.5068280558178225,576.3080325064759,928.6726752027638,0.24537236524577752,0.7203850406330949,0.24537236524577752,0.0,True
679,0.09976841691590206,0.5748945324603998,0.5748945324603998,0.5068280558178225,0.5068280558178225,574.965256895627,932.1013411881942,0.23933310892242082,0.7187065711195337,0.23933310892242082,0.0,True
680,0.09926957483132255,0.6335957691788816,0.6335957691788816,0.5068280558178225,0.5068280558178225,612.9705450135792,924.6625985858944,0.32415514097333253,0.766213181266974,0.32415514097333253,0.0,True
681,0.09877322695716594,0.5760645179454545,0.5760645179454545,0.5068280558178225,0.5068280558178225,575.0178676939356,928.6370895127693,0.24307961237753614,0.7187723346174195,0.24307961237753614,0.0,True
682,0.0982793608223801,0.6431206103188741,0.6431206103188741,0.5068280558178225,0.5068280558178225,622.207737389665,935.5931408091392,0.32896280034305736,0.7777596717370813,0.32896280034305736,0.0,True
683,0.0977879640182682,0.6031863168838677,0.6031863168838677,0.5068280558178225,0.5068280558178225,596.0080510094385,934.0629433415763,0.27226424083536344,0.7450100637617981,0.27226424083536344,0.0,True
684,0.09729902419817686,0.6031863168838677,0.6031863168838677,0.5068280558178225,0.5068280558178225,596.0080510094385,934.0629433415763,0.27226424083536344,0.7450100637617981,0.27226424083536344,0.0,True
685,0.09681252907718597,0.6311746227452085,0.6311746227452085,0.5068280558178225,0.5068280558178225,611.3639169826371,924.8702609843951,0.32077065128467047,0.7642048962282963,0.32077065128467047,0.0,True
686,0.09632846643180004,0.5944853118859343,0.5944853118859343,0.5068280558178225,0.5068280558178225,592.1121565500614,945.4779244158442,0.25462391634876885,0.7401401956875767,0.25462391634876885,0.0,True
687,0.09584682409964104,0.6112905707687469,0.6112905707687469,0.5068280558178225,0.5068280558178225,599.7867954794241,928.0565813779647,0.28825708241416936,0.7497334943492802,0.28825708241416936,0.0,True
688,0.09536758997914284,0.6256818043554139,0.6256818043554139,0.5068280558178225,0.5068280558178225,606.0629191221558,918.8833812201926,0.31792250041175835,0.7575786489026948,0.31792250041175835,0.0,True
689,0.09489075202924713,0.5857939207943895,0.5857939207943895,0.5068280558178225,0.5068280558178225,581.2441320900624,923.602941200353,0.2573510173852832,0.726555165112578,0.2573510173852832,0.0,True
690,0.09441629826910089,0.5857939207943895,0.5857939207943895,0.5068280558178225,0.5068280558178225,581.2441320900624,923.602941200353,0.2573510173852832,0.726555165112578,0.2573510173852832,0.0,True
691,0.09394421677775538,0.5857939207943895,0.5857939207943895,0.5068280558178225,0.5068280558178225,581.2441320900624,923.602941200353,0.2573510173852832,0.726555165112578,0.2573510173852832,0.0,True
692,0.09347449569386661,0.6087400329921586,0.6087400329921586,0.5068280558178225,0.5068280558178225,595.3994026514883,918.487406704057,0.2925518522403544,0.7442492533143604,0.2925518522403544,0.0,True
693,0.09300712321539728,0.6304887406858317,0.6304887406858317,0.5068280558178225,0.5068280558178225,613.1034954878245,932.0154061760811,0.31341060711328445,0.7663793693597806,0.31341060711328445,0.0,True
694,0.0925420875993203,0.6424656278481553,0.6424656278481553,0.5068280558178225,0.5068280558178225,623.8977509576341,942.88473812948,0.32185031920075136,0.7798721886970427,0.32185031920075136,0.0,True
695,0.0920793771613237,0.6004714375160175,0.6004714375160175,0.5068280558178225,0.5068280558178225,592.2462744689232,926.8427512083227,0.27418649118569915,0.7403078430861539,0.27418649118569915,0.0,True
696,0.09161898027551707,0.595351234453114,0.595351234453114,0.5068280558178225,0.5068280558178225,588.5180749143165,925.9097485548582,0.26799306301029024,0.7356475936428956,0.26799306301029024,0.0,True
697,0.09116088537413948,0.5783515343106107,0.5783515343106107,0.5068280558178225,0.5068280558178225,579.5694923678178,941.3735760400098,0.23742742829590044,0.7244618654597723,0.23742742829590044,0.0,True
698,0.09070508094726878,0.5822098104249454,0.5822098104249454,0.5068280558178225,0.5068280558178225,583.3781599368978,945.649581377397,0.2391797349338659,0.7292226999211222,0.2391797349338659,0.0,True
699,0.09025155554253245,0.5842566892687001,0.5842566892687001,0.5068280558178225,0.5068280558178225,580.1058574671537,923.3510593213582,0.25554687994980246,0.725132321833942,0.25554687994980246,0.0,True
700,0.08980029776481978,0.5840124870695991,0.5840124870695991,0.5068280558178225,0.5068280558178225,583.666324809142,941.0726775540453,0.24434817620533253,0.7295829060114275,0.24434817620533253,0.0,True
701,0.08935129627599568,0.5840124870695991,0.5840124870695991,0.5068280558178225,0.5068280558178225,583.666324809142,941.0726775540453,0.24434817620533253,0.7295829060114275,0.24434817620533253,0.0,True
702,0.0889045397946157,0.6355259725188126,0.6355259725188126,0.5068280558178225,0.5068280558178225,619.0098487577951,941.4381831858735,0.3129745161858061,0.7737623109472439,0.3129745161858061,0.0,True
703,0.08846001709564262,0.6187835452787712,0.6187835452787712,0.5068280558178225,0.5068280558178225,608.1825124089571,941.3688454888063,0.2887461564031127,0.7602281405111964,0.2887461564031127,0.0,True
704,0.0880177170101644,0.5755977590759589,0.5755977590759589,0.5068280558178225,0.5068280558178225,576.6322387130546,937.1895327635972,0.23681516734012062,0.7207902983913183,0.23681516734012062,0.0,True
705,0.08757762842511359,0.5755977590759589,0.5755977590759589,0.5068280558178225,0.5068280558178225,576.6322387130546,937.1895327635972,0.23681516734012062,0.7207902983913183,0.23681516734012062,0.0,True
706,0.08713974028298802,0.6447158568858011,0.6447158568858011,0.5068280558178225,0.5068280558178225,627.6610639632258,950.6853518770927,0.3183747530599288,0.7845763299540323,0.3183747530599288,0.0,True
707,0.08670404158157308,0.6398891815172382,0.6398891815172382,0.5068280558178225,0.5068280558178225,628.4491418011578,964.3942776260981,0.2999872748040835,0.7855614272514473,0.2999872748040835,0.0,True
708,0.08627052137366521,0.6276026611615585,0.6276026611615585,0.5068280558178225,0.5068280558178225,622.817109636705,976.9282875080418,0.27545896743147236,0.7785213870458813,0.27545896743147236,0.0,True
709,0.08583916876679688,0.6487029611984027,0.6487029611984027,0.5068280558178225,0.5068280558178225,636.0802247731984,970.7536386969088,0.3071092150728467,0.7951002809664981,0.3071092150728467,0.0,True
710,0.0854099729229629,0.6243867666584236,0.6243867666584236,0.5068280558178225,0.5068280558178225,620.5828146229782,976.7911388316127,0.271256012877726,0.7757285182787227,0.271256012877726,0.0,True
711,0.08498292305834809,0.6452692684765642,0.6452692684765642,0.5068280558178225,0.5068280558178225,636.8676188394152,981.6379969308193,0.29336700664025295,0.796084523549269,0.29336700664025295,0.0,True
712,0.08455800844305635,0.6648765527137287,0.6648765527137287,0.5068280558178225,0.5068280558178225,654.4541059554429,998.6352088010386,0.30743070000905415,0.8180676324443036,0.30743070000905415,0.0,True
713,0.08413521840084107,0.6964301681966696,0.6964301681966696,0.5068280558178225,0.5068280558178225,685.3982962969817,1033.7383176945636,0.3223555297893687,0.8567478703712271,0.3223555297893687,0.0,True
714,0.08371454230883686,0.6613274163920556,0.6613274163920556,0.5068280558178225,0.5068280558178225,658.3846729811783,1024.9475026404425,0.2841360917784154,0.8229808412264729,0.2841360917784154,0.0,True
715,0.08329596959729267,0.6862111581724348,0.6862111581724348,0.5068280558178225,0.5068280558178225,673.5443157172946,1015.7003635650444,0.322866273066007,0.8419303946466182,0.322866273066007,0.0,True
716,0.0828794897493062,0.670663348262925,0.670663348262925,0.5068280558178225,0.5068280558178225,666.9986403834256,1033.3062853614342,0.2901317930914251,0.833748300479282,0.2901317930914251,0.0,True
717,0.08246509230055966,0.662426393133778,0.662426393133778,0.5068280558178225,0.5068280558178225,664.1524132833363,1045.0615508781796,0.2709767717028627,0.8301905166041703,0.2709767717028627,0.0,True
718,0.08205276683905686,0.7201376580936046,0.7201376580936046,0.5068280558178225,0.5068280558178225,708.1447945254816,1057.2513698898156,0.33503654294602747,0.8851809931568521,0.33503654294602747,0.0,True
719,0.08164250300486157,0.6795632339322686,0.6795632339322686,0.5068280558178225,0.5068280558178225,682.1687647653715,1069.1541014147617,0.2755518825418947,0.8527109559567144,0.2755518825418947,0.0,True
720,0.08123429048983727,0.6795632339322686,0.6795632339322686,0.5068280558178225,0.5068280558178225,682.1687647653715,1069.1541014147617,0.2755518825418947,0.8527109559567144,0.2755518825418947,0.0,True
721,0.08082811903738808,0.7331003537640934,0.7331003537640934,0.5068280558178225,0.5068280558178225,727.1267472713307,1098.6177023012121,0.32288149967226354,0.9089084340891634,0.32288149967226354,0.0,True
722,0.08042397844220114,0.7263126446375894,0.7263126446375894,0.5068280558178225,0.5068280558178225,724.1720254969207,1105.4914846560866,0.3088737410926125,0.9052150318711508,0.3088737410926125,0.0,True
723,0.08002185854999014,0.7380669722134947,0.7380669722134947,0.5068280558178225,0.5068280558178225,731.2296986871074,1101.0119893464573,0.32746995287425235,0.9140371233588843,0.32746995287425235,0.0,True
724,0.07962174925724019,0.6713846576081721,0.6713846576081721,0.5068280558178225,0.5068280558178225,680.9000197396366,1089.7056514683522,0.25199046778663375,0.8511250246745458,0.25199046778663375,0.0,True
725,0.07922364051095399,0.7006856321058609,0.7006856321058609,0.5068280558178225,0.5068280558178225,704.3053966056957,1097.6852505677975,0.2813947002529242,0.8803817457571196,0.2813947002529242,0.0,True
726,0.07882752230839922,0.703003036142232,0.703003036142232,0.5068280558178225,0.5068280558178225,708.3936451640195,1107.7826181415865,0.27719532207905023,0.8854920564550244,0.27719532207905023,0.0,True
727,0.07843338469685722,0.7291821618091241,0.7291821618091241,0.5068280558178225,0.5068280558178225,726.2473770090776,1106.0156057294735,0.3123856897539376,0.907809221261347,0.3123856897539376,0.0,True
728,0.07804121777337293,0.7318900431572092,0.7318900431572092,0.5068280558178225,0.5068280558178225,724.3624653794722,1091.6009730225098,0.3269096198339034,0.9054530817243402,0.3269096198339034,0.0,True
729,0.07765101168450607,0.6616378696853931,0.6616378696853931,0.5068280558178225,0.5068280558178225,667.518444540458,1061.8220527459048,0.25853076904164113,0.8343980556755725,0.25853076904164113,0.0,True
730,0.07726275662608353,0.6616378696853931,0.6616378696853931,0.5068280558178225,0.5068280558178225,667.518444540458,1061.8220527459048,0.25853076904164113,0.8343980556755725,0.25853076904164113,0.0,True
731,0.07687644284295311,0.7095578079207299,0.7095578079207299,0.5068280558178225,0.5068280558178225,704.4474271272582,1074.2500486183076,0.31055436394793007,0.8805592839090727,0.31055436394793007,0.0,True
732,0.07649206062873835,0.703218320540596,0.703218320540596,0.5068280558178225,0.5068280558178225,701.7500156556894,1080.7400082443626,0.2972901894728924,0.8771875195696117,0.2972901894728924,0.0,True
733,0.07610960032559466,0.6876000083092213,0.6876000083092213,0.5068280558178225,0.5068280558178225,691.9043206833533,1085.0171542090725,0.2739457590376239,0.8648804008541916,0.2739457590376239,0.0,True
734,0.07572905232396669,0.6738683991199739,0.6738683991199739,0.5068280558178225,0.5068280558178225,676.5154402073271,1062.3026307773,0.27305796312854236,0.8456443002591588,0.27305796312854236,0.0,True
735,0.07535040706234686,0.6692857998714778,0.6692857998714778,0.5068280558178225,0.5068280558178225,672.2758501119415,1058.3800788281972,0.2701481034117637,0.8403448126399269,0.2701481034117637,0.0,True
736,0.07497365502703512,0.6577054822646745,0.6577054822646745,0.5068280558178225,0.5068280558178225,662.7022608895244,1052.1349997178356,0.25947001328780256,0.8283778261119055,0.25947001328780256,0.0,True
737,0.07459878675189995,0.6577054822646745,0.6577054822646745,0.5068280558178225,0.5068280558178225,662.7022608895244,1052.1349997178356,0.25947001328780256,0.8283778261119055,0.25947001328780256,0.0,True
738,0.07422579281814044,0.6578702743698557,0.6578702743698557,0.5068280558178225,0.5068280558178225,659.7901589926738,1039.217315423551,0.2685129508375538,0.8247376987408422,0.2685129508375538,0.0,True
739,0.07385466385404973,0.6497757156805605,0.6497757156805605,0.5068280558178225,0.5068280558178225,655.1877612513063,1044.7955098745679,0.25495474861889195,0.8189847015641328,0.25495474861889195,0.0,True
740,0.07348539053477948,0.6497757156805605,0.6497757156805605,0.5068280558178225,0.5068280558178225,655.1877612513063,1044.7955098745679,0.25495474861889195,0.8189847015641328,0.25495474861889195,0.0,True
741,0.07311796358210558,0.6497757156805605,0.6497757156805605,0.5068280558178225,0.5068280558178225,655.1877612513063,1044.7955098745679,0.25495474861889195,0.8189847015641328,0.25495474861889195,0.0,True
742,0.07275237376419505,0.6597952240429509,0.6597952240429509,0.5068280558178225,0.5068280558178225,662.9357325217951,1046.5710535013627,0.26575486028793405,0.8286696656522439,0.26575486028793405,0.0,True
743,0.07238861189537407,0.6592844717084074,0.6592844717084074,0.5068280558178225,0.5068280558178225,660.3303282524089,1038.5336607125134,0.2716514482918322,0.8254129103155111,0.2716514482918322,0.0,True
744,0.0720266688358972,0.6592844717084074,0.6592844717084074,0.5068280558178225,0.5068280558178225,660.3303282524089,1038.5336607125134,0.2716514482918322,0.8254129103155111,0.2716514482918322,0.0,True
745,0.07166653549171771,0.6572664095061672,0.6572664095061672,0.5068280558178225,0.5068280558178225,657.5398442185573,1031.6046606120294,0.27306348604976566,0.8219248052731966,0.27306348604976566,0.0,True
746,0.07130820281425912,0.6567812113749434,0.6567812113749434,0.5068280558178225,0.5068280558178225,661.0163634952714,1049.0802629854713,0.2613063110552698,0.8262704543690893,0.2613063110552698,0.0,True
747,0.07095166180018782,0.6561306583603512,0.6561306583603512,0.5068280558178225,0.5068280558178225,661.0069014957551,1049.7666637987236,0.2591653985052185,0.8262586268696939,0.2591653985052185,0.0,True
748,0.07059690349118689,0.6729134754922881,0.6729134754922881,0.5068280558178225,0.5068280558178225,675.4303577519447,1060.6542278211195,0.27303970819778844,0.8442879471899309,0.27303970819778844,0.0,True
749,0.07024391897373095,0.6823382456171821,0.6823382456171821,0.5068280558178225,0.5068280558178225,681.4777957486056,1058.206259863071,0.2868172477905075,0.8518472446857569,0.2868172477905075,0.0,True
750,0.06989269937886229,0.6442480746516769,0.6442480746516769,0.5068280558178225,0.5068280558178225,649.7866435181196,1039.2324889693377,0.25228253857774074,0.8122333043976495,0.25228253857774074,0.0,True
751,0.06954323588196798,0.6600118248524062,0.6600118248524062,0.5068280558178225,0.5068280558178225,660.5460945278141,1036.411209932749,0.2734466404685629,0.8256826181597677,0.2734466404685629,0.0,True
752,0.06919551970255813,0.6600118248524062,0.6600118248524062,0.5068280558178225,0.5068280558178225,660.5460945278141,1036.411209932749,0.2734466404685629,0.8256826181597677,0.2734466404685629,0.0,True
753,0.06884954210404534,0.6656300233894978,0.6656300233894978,0.5068280558178225,0.5068280558178225,664.6746586001773,1036.9238136795548,0.2801323237144758,0.8308433232502216,0.2801323237144758,0.0,True
754,0.06850529439352511,0.6359761865457653,0.6359761865457653,0.5068280558178225,0.5068280558178225,641.149029952396,1027.3229952725567,0.24990261779139605,0.8014362874404949,0.24990261779139605,0.0,True
755,0.06816276792155748,0.6866716687696672,0.6866716687696672,0.5068280558178225,0.5068280558178225,679.3083317932228,1036.1971807287591,0.3075895948353243,0.8491354147415285,0.3075895948353243,0.0,True
756,0.0678219540819497,0.6298242378797643,0.6298242378797643,0.5068280558178225,0.5068280558178225,635.9744752185693,1024.761664369611,0.2444885735450537,0.7949680940232117,0.2444885735450537,0.0,True
757,0.06748284431153995,0.663166710854145,0.663166710854145,0.5068280558178225,0.5068280558178225,666.3259960113396,1050.9306747726855,0.26710488114740955,0.8329074950141745,0.26710488114740955,0.0,True
758,0.06714543008998225,0.6886741630261182,0.6886741630261182,0.5068280558178225,0.5068280558178225,678.5062948830097,1028.2872049073503,0.3166038500116158,0.8481328686037621,0.3166038500116158,0.0,True
759,0.06680970293953234,0.6307205270941703,0.6307205270941703,0.5068280558178225,0.5068280558178225,635.1329220858948,1017.9136160327109,0.24993073423004106,0.7939161526073686,0.24993073423004106,0.0,True
760,0.06647565442483468,0.6425536456796456,0.6425536456796456,0.5068280558178225,0.5068280558178225,641.2560418646342,1008.8351875866211,0.271515363493636,0.8015700523307927,0.271515363493636,0.0,True
761,0.0661432761527105,0.6307031529952836,0.6307031529952836,0.5068280558178225,0.5068280558178225,632.6760633602318,1007.6336810388609,0.2570386585169361,0.7908450792002897,0.2570386585169361,0.0,True
762,0.06581255977194694,0.6311109889953883,0.6311109889953883,0.5068280558178225,0.5068280558178225,633.5285393385398,1009.9769105128685,0.2559117235805533,0.7919106741731747,0.2559117235805533,0.0,True
763,0.06548349697308721,0.6311109889953883,0.6311109889953883,0.5068280558178225,0.5068280558178225,633.5285393385398,1009.9769105128685,0.2559117235805533,0.7919106741731747,0.2559117235805533,0.0,True
764,0.06515607948822177,0.6311109889953883,0.6311109889953883,0.5068280558178225,0.5068280558178225,633.5285393385398,1009.9769105128685,0.2559117235805533,0.7919106741731747,0.2559117235805533,0.0,True
765,0.06483029909078067,0.6748980891452003,0.6748980891452003,0.5068280558178225,0.5068280558178225,664.7315010097283,1011.9297447260724,0.3108600858722935,0.8309143762621604,0.3108600858722935,0.0,True
766,0.06450614759532676,0.6349472395450707,0.6349472395450707,0.5068280558178225,0.5068280558178225,632.8277262632602,995.8552423800272,0.2707432635490602,0.7910346578290752,0.2707432635490602,0.0,True
767,0.06418361685735012,0.6600017650386985,0.6600017650386985,0.5068280558178225,0.5068280558178225,652.11998936448,1001.4078596219488,0.2979892478159279,0.8151499867056,0.2979892478159279,0.0,True
768,0.06386269877306337,0.6680130394027256,0.6680130394027256,0.5068280558178225,0.5068280558178225,657.9123930306001,1002.7567892613552,0.3077989850031685,0.8223904912882501,0.3077989850031685,0.0,True
769,0.06354338527919806,0.671267414440978,0.671267414440978,0.5068280558178225,0.5068280558178225,657.0719482138239,991.6771376313241,0.32109819917960725,0.8213399352672799,0.32109819917960725,0.0,True
770,0.06322566835280206,0.6614396926944263,0.6614396926944263,0.5068280558178225,0.5068280558178225,651.5008307705876,995.684013403448,0.30458821923387375,0.8143760384632346,0.30458821923387375,0.0,True
771,0.06290954001103806,0.6446451357992193,0.6446451357992193,0.5068280558178225,0.5068280558178225,642.7451092416859,1008.6716908643008,0.2741438840424807,0.8034313865521073,0.2741438840424807,0.0,True
772,0.06259499231098287,0.6446451357992193,0.6446451357992193,0.5068280558178225,0.5068280558178225,642.7451092416859,1008.6716908643008,0.2741438840424807,0.8034313865521073,0.2741438840424807,0.0,True
773,0.062282017349427954,0.6459797979978216,0.6459797979978216,0.5068280558178225,0.5068280558178225,648.3089172251252,1027.6409085263776,0.26236498475279024,0.8103861465314065,0.26236498475279024,0.0,True
774,0.06197060726268081,0.6347334876702844,0.6347334876702844,0.5068280558178225,0.5068280558178225,641.4912066911062,1034.0248557681473,0.24476227271855508,0.8018640083638827,0.24476227271855508,0.0,True
775,0.06166075422636741,0.644520590304773,0.644520590304773,0.5068280558178225,0.5068280558178225,650.1690777272044,1040.038373951828,0.25207549097823106,0.8127113471590054,0.25207549097823106,0.0,True
776,0.061352450455235574,0.6426998211594765,0.6426998211594765,0.5068280558178225,0.5068280558178225,648.7930648437452,1039.9149027980284,0.2500196314039981,0.8109913310546816,0.2500196314039981,0.0,True
777,0.06104568820295939,0.6426998211594765,0.6426998211594765,0.5068280558178225,0.5068280558178225,648.7930648437452,1039.9149027980284,0.2500196314039981,0.8109913310546816,0.2500196314039981,0.0,True
778,0.060740459761944594,0.6426998211594765,0.6426998211594765,0.5068280558178225,0.5068280558178225,648.7930648437452,1039.9149027980284,0.2500196314039981,0.8109913310546816,0.2500196314039981,0.0,True
779,0.06043675746313487,0.6319845994572593,0.6319845994572593,0.5068280558178225,0.5068280558178225,639.5894319437527,1033.735813652589,0.2411461550215856,0.7994867899296909,0.2411461550215856,0.0,True
780,0.060134573675819196,0.6485777248972286,0.6485777248972286,0.5068280558178225,0.5068280558178225,656.5612217620773,1055.2681804753738,0.2469555195180368,0.8207015272025966,0.2469555195180368,0.0,True
781,0.059833900807440096,0.6485777248972286,0.6485777248972286,0.5068280558178225,0.5068280558178225,656.5612217620773,1055.2681804753738,0.2469555195180368,0.8207015272025966,0.2469555195180368,0.0,True
782,0.059534731303402894,0.6424899933886413,0.6424899933886413,0.5068280558178225,0.5068280558178225,645.9347689649529,1028.271751264494,0.2576569018143586,0.8074184612061912,0.2576569018143586,0.0,True
783,0.05923705764688588,0.6498884869971995,0.6498884869971995,0.5068280558178225,0.5068280558178225,651.2837303505868,1028.254285655678,0.26671740980145364,0.8141046629382335,0.26671740980145364,0.0,True
784,0.058940872358651454,0.6498884869971995,0.6498884869971995,0.5068280558178225,0.5068280558178225,651.2837303505868,1028.254285655678,0.26671740980145364,0.8141046629382335,0.26671740980145364,0.0,True
785,0.0586461679968582,0.6668050498383009,0.6668050498383009,0.5068280558178225,0.5068280558178225,658.8086261854314,1009.0853500683559,0.30115833975349493,0.8235107827317892,0.30115833975349493,0.0,True
786,0.05835293715687391,0.6721642667345189,0.6721642667345189,0.5068280558178225,0.5068280558178225,664.7795171329666,1017.6675530446755,0.301607297477244,0.8309743964162082,0.301607297477244,0.0,True
787,0.058061172471089544,0.6503274634112344,0.6503274634112344,0.5068280558178225,0.5068280558178225,652.0506733937613,1030.1430426303607,0.2659437473056442,0.8150633417422015,0.2659437473056442,0.0,True
788,0.057770866608734095,0.6772769490005558,0.6772769490005558,0.5068280558178225,0.5068280558178225,677.5653493383451,1056.8202849481831,0.28135756109834614,0.8469566866729313,0.28135756109834614,0.0,True
789,0.05748201227569042,0.6595212006172316,0.6595212006172316,0.5068280558178225,0.5068280558178225,663.1912002987458,1048.6671256497136,0.26409633451943026,0.8289890003734323,0.26409633451943026,0.0,True
790,0.05719460221431197,0.664851364442625,0.664851364442625,0.5068280558178225,0.5068280558178225,665.0584915292213,1040.4671314565592,0.27641728118185455,0.8313231144115266,0.27641728118185455,0.0,True
791,0.056908629203240406,0.6681404173240074,0.6681404173240074,0.5068280558178225,0.5068280558178225,666.8988643887998,1039.8312526623508,0.2820130366126923,0.8336235804859997,0.2820130366126923,0.0,True
792,0.0566240860572242,0.6651199603854299,0.6651199603854299,0.5068280558178225,0.5068280558178225,666.8357019296502,1046.9184366348077,0.27212907065661956,0.8335446274120628,0.27212907065661956,0.0,True
793,0.05634096562693808,0.6877194499187161,0.6877194499187161,0.5068280558178225,0.5068280558178225,681.6935553622876,1045.3052292294476,0.30412529658904824,0.8521169442028595,0.30412529658904824,0.0,True
794,0.056059260798803384,0.6303850688313463,0.6303850688313463,0.5068280558178225,0.5068280558178225,639.0944271237069,1036.7644225823437,0.23725815032700914,0.7988680339046336,0.23725815032700914,0.0,True
795,0.05577896449480937,0.6303850688313463,0.6303850688313463,0.5068280558178225,0.5068280558178225,639.0944271237069,1036.7644225823437,0.23725815032700914,0.7988680339046336,0.23725815032700914,0.0,True
796,0.05550006967233532,0.6303850688313463,0.6303850688313463,0.5068280558178225,0.5068280558178225,639.0944271237069,1036.7644225823437,0.23725815032700914,0.7988680339046336,0.23725815032700914,0.0,True
797,0.05522256932397364,0.6303850688313463,0.6303850688313463,0.5068280558178225,0.5068280558178225,639.0944271237069,1036.7644225823437,0.23725815032700914,0.7988680339046336,0.23725815032700914,0.0,True
798,0.05494645647735377,0.6303850688313463,0.6303850688313463,0.5068280558178225,0.5068280558178225,639.0944271237069,1036.7644225823437,0.23725815032700914,0.7988680339046336,0.23725815032700914,0.0,True
799,0.054671724194967006,0.6356794192422218,0.6356794192422218,0.5068280558178225,0.5068280558178225,640.6719217460544,1025.9972524625648,0.2503049590480807,0.8008399021825681,0.2503049590480807,0.0,True
800,0.05439836557399217,0.6356794192422218,0.6356794192422218,0.5068280558178225,0.5068280558178225,640.6719217460544,1025.9972524625648,0.2503049590480807,0.8008399021825681,0.2503049590480807,0.0,True
801,0.05412637374612221,0.6290238776205372,0.6290238776205372,0.5068280558178225,0.5068280558178225,636.0560080664837,1027.355693875436,0.24158290187454662,0.7950700100831046,0.24158290187454662,0.0,True
802,0.0538557418773916,0.6502809623734738,0.6502809623734738,0.5068280558178225,0.5068280558178225,651.9052308943675,1029.6312138319422,0.26621295113634086,0.8148815386179593,0.26621295113634086,0.0,True
803,0.053586463168004646,0.6564355758047817,0.6564355758047817,0.5068280558178225,0.5068280558178225,656.1348038330034,1029.2045214352463,0.27439207483634576,0.8201685047912542,0.27439207483634576,0.0,True
804,0.05331853085216462,0.6659837139018404,0.6659837139018404,0.5068280558178225,0.5068280558178225,658.8727245056026,1011.923465378677,0.29823359986479414,0.8235909056320032,0.29823359986479414,0.0,True
805,0.0530519381979038,0.6069023060357657,0.6069023060357657,0.5068280558178225,0.5068280558178225,608.7090587999,977.4161852488289,0.24760626528617719,0.7608863234998751,0.24760626528617719,0.0,True
806,0.05278667850691428,0.6316286628081977,0.6316286628081977,0.5068280558178225,0.5068280558178225,622.2959009389267,962.505303976309,0.2903991649554562,0.7778698761736584,0.2903991649554562,0.0,True
807,0.05252274511437971,0.6116288924755547,0.6116288924755547,0.5068280558178225,0.5068280558178225,610.5849542619926,971.2526530285708,0.25789019165437077,0.7632311928274907,0.25789019165437077,0.0,True
808,0.052260131388807814,0.6041979571335909,0.6041979571335909,0.5068280558178225,0.5068280558178225,605.2468186911171,971.0850606880565,0.2486899692628783,0.7565585233638964,0.2486899692628783,0.0,True
809,0.051998830731863774,0.5759857695887906,0.5759857695887906,0.5068280558178225,0.5068280558178225,579.6778961141725,948.0340615823918,0.229225368296299,0.7245973701427156,0.229225368296299,0.0,True
810,0.05173883657820445,0.6109447022816311,0.6109447022816311,0.5068280558178225,0.5068280558178225,601.7953470972644,937.2849524470051,0.2812459119050826,0.7522441838715805,0.2812459119050826,0.0,True
811,0.05148014239531343,0.594546279608011,0.594546279608011,0.5068280558178225,0.5068280558178225,587.7561199997691,925.2763935231949,0.2675322486940435,0.7346951499997114,0.2675322486940435,0.0,True
812,0.05122274168333686,0.594546279608011,0.594546279608011,0.5068280558178225,0.5068280558178225,587.7561199997691,925.2763935231949,0.2675322486940435,0.7346951499997114,0.2675322486940435,0.0,True
813,0.05096662797492018,0.5745514443799415,0.5745514443799415,0.5068280558178225,0.5068280558178225,572.3654947685822,918.644977332196,0.24577212152477385,0.7154568684607276,0.24577212152477385,0.0,True
814,0.05071179483504558,0.5745514443799415,0.5745514443799415,0.5068280558178225,0.5068280558178225,572.3654947685822,918.644977332196,0.24577212152477385,0.7154568684607276,0.24577212152477385,0.0,True
815,0.05045823586087035,0.5745514443799415,0.5745514443799415,0.5068280558178225,0.5068280558178225,572.3654947685822,918.644977332196,0.24577212152477385,0.7154568684607276,0.24577212152477385,0.0,True
816,0.050205944681566,0.5606834348349037,0.5606834348349037,0.5068280558178225,0.5068280558178225,561.7522839439516,916.8650184409532,0.2305006212798201,0.7021903549299395,0.2305006212798201,0.0,True
817,0.04995491495815817,0.5880036068013031,0.5880036068013031,0.5068280558178225,0.5068280558178225,579.876821450919,912.2284319068743,0.2687046267724969,0.7248460268136487,0.2687046267724969,0.0,True
818,0.049705140383367374,0.5826446422118297,0.5826446422118297,0.5068280558178225,0.5068280558178225,580.3008145917645,928.030829341939,0.2496047648134525,0.7253760182397057,0.2496047648134525,0.0,True
819,0.04945661468145054,0.6148579008715983,0.6148579008715983,0.5068280558178225,0.5068280558178225,604.4972543327555,937.593059047362,0.28640934443479094,0.7556215679159444,0.28640934443479094,0.0,True
820,0.049209331608043284,0.5693690444168441,0.5693690444168441,0.5068280558178225,0.5068280558178225,568.5194114889202,920.5384208608763,0.23971519788012965,0.7106492643611503,0.23971519788012965,0.0,True
821,0.048963284950003065,0.5736409257111793,0.5736409257111793,0.5068280558178225,0.5068280558178225,568.3418875019415,905.1301835040088,0.2544725804899347,0.710427359377427,0.2544725804899347,0.0,True
822,0.04871846852525305,0.569063521800914,0.569063521800914,0.5068280558178225,0.5068280558178225,566.4871258056335,910.2669576808764,0.24462428906994943,0.7081089072570418,0.24462428906994943,0.0,True
823,0.04847487618262678,0.5518492066289427,0.5518492066289427,0.5068280558178225,0.5068280558178225,548.7845760067526,886.3664649742772,0.23887567541011379,0.6859807200084407,0.23887567541011379,0.0,True
824,0.04823250180171365,0.5594436763025634,0.5594436763025634,0.5068280558178225,0.5068280558178225,551.4921567360441,876.6224853261459,0.2562934638617494,0.6893651959200551,0.2562934638617494,0.0,True
825,0.04799133929270508,0.5594436763025634,0.5594436763025634,0.5068280558178225,0.5068280558178225,551.4921567360441,876.6224853261459,0.2562934638617494,0.6893651959200551,0.2562934638617494,0.0,True
826,0.04775138259624156,0.5636484199640002,0.5636484199640002,0.5068280558178225,0.5068280558178225,556.3934080477234,884.3831454360025,0.2560139597408074,0.6954917600596542,0.2560139597408074,0.0,True
827,0.04751262568326035,0.5636484199640002,0.5636484199640002,0.5068280558178225,0.5068280558178225,556.3934080477234,884.3831454360025,0.2560139597408074,0.6954917600596542,0.2560139597408074,0.0,True
828,0.047275062554844045,0.5790840472192128,0.5790840472192128,0.5068280558178225,0.5068280558178225,561.2335494109279,866.3580203048484,0.2933489716155031,0.70154193676366,0.2933489716155031,0.0,True
829,0.047038687242069825,0.5577846982919703,0.5577846982919703,0.5068280558178225,0.5068280558178225,549.2443452789994,872.4334248173172,0.2573196539094861,0.6865554315987492,0.2573196539094861,0.0,True
830,0.04680349380585948,0.535426137453923,0.535426137453923,0.5068280558178225,0.5068280558178225,533.4727869223268,869.6740327139732,0.22879149632295673,0.6668409836529086,0.22879149632295673,0.0,True
831,0.04656947633683018,0.5548201930251236,0.5548201930251236,0.5068280558178225,0.5068280558178225,541.7322241657483,852.3981650928785,0.26934832293364597,0.6771652802071855,0.26934832293364597,0.0,True
832,0.04633662895514603,0.574272829977956,0.574272829977956,0.5068280558178225,0.5068280558178225,561.5901259509656,878.9219500270827,0.27627156590287066,0.701987657438707,0.27627156590287066,0.0,True
833,0.0461049458103703,0.5802837211403195,0.5802837211403195,0.5068280558178225,0.5068280558178225,564.9052233689345,877.2923780521353,0.2866388356416729,0.7061315292111681,0.2866388356416729,0.0,True
834,0.04587442108131845,0.5459391508652538,0.5459391508652538,0.5068280558178225,0.5068280558178225,544.3374353601664,884.9345594830686,0.2321463164170274,0.680421794200208,0.2321463164170274,0.0,True
835,0.04564504897591186,0.5485393892263914,0.5485393892263914,0.5068280558178225,0.5068280558178225,542.7536521405464,871.3236846675459,0.24543314534471147,0.678442065175683,0.24543314534471147,0.0,True
836,0.0454168237310323,0.5387752557844319,0.5387752557844319,0.5068280558178225,0.5068280558178225,537.1686706571093,876.244154575505,0.22917556319820445,0.6714608383213866,0.22917556319820445,0.0,True
837,0.045189739612377135,0.5406247170201375,0.5406247170201375,0.5068280558178225,0.5068280558178225,539.9148659616897,882.4215830366817,0.2273306976788635,0.6748935824521121,0.2273306976788635,0.0,True
838,0.04496379091431525,0.5594293313081522,0.5594293313081522,0.5068280558178225,0.5068280558178225,557.0928760563368,898.3442124841267,0.2399102158628587,0.6963660950704209,0.2399102158628587,0.0,True
839,0.044738971959743676,0.5529995406619057,0.5529995406619057,0.5068280558178225,0.5068280558178225,550.5665623103732,890.1064656521079,0.2375126621344306,0.6882082028879666,0.2375126621344306,0.0,True
840,0.044515277099944954,0.5529995406619057,0.5529995406619057,0.5068280558178225,0.5068280558178225,550.5665623103732,890.1064656521079,0.2375126621344306,0.6882082028879666,0.2375126621344306,0.0,True
841,0.04429270071444523,0.5480949816269834,0.5480949816269834,0.5068280558178225,0.5068280558178225,544.787989049646,880.5876667325535,0.23801830402847748,0.6809849863120574,0.23801830402847748,0.0,True
842,0.044071237210873006,0.5480949816269834,0.5480949816269834,0.5068280558178225,0.5068280558178225,544.787989049646,880.5876667325535,0.23801830402847748,0.6809849863120574,0.23801830402847748,0.0,True
843,0.04385088102481864,0.547327518254719,0.547327518254719,0.5068280558178225,0.5068280558178225,546.2927627880513,889.1426609693779,0.231071169383914,0.6828659534850641,0.231071169383914,0.0,True
844,0.043631626619694545,0.547327518254719,0.547327518254719,0.5068280558178225,0.5068280558178225,546.2927627880513,889.1426609693779,0.231071169383914,0.6828659534850641,0.231071169383914,0.0,True
845,0.04341346848659607,0.547327518254719,0.547327518254719,0.5068280558178225,0.5068280558178225,546.2927627880513,889.1426609693779,0.231071169383914,0.6828659534850641,0.231071169383914,0.0,True
846,0.043196401144163094,0.547327518254719,0.547327518254719,0.5068280558178225,0.5068280558178225,546.2927627880513,889.1426609693779,0.231071169383914,0.6828659534850641,0.231071169383914,0.0,True
847,0.04298041913844228,0.547327518254719,0.547327518254719,0.5068280558178225,0.5068280558178225,546.2927627880513,889.1426609693779,0.231071169383914,0.6828659534850641,0.231071169383914,0.0,True
848,0.04276551704275006,0.5401765736339769,0.5401765736339769,0.5068280558178225,0.5068280558178225,538.7406074425982,878.8465636138192,0.22926180707234503,0.6734257593032477,0.22926180707234503,0.0,True
849,0.04255168945753631,0.5716243186893952,0.5716243186893952,0.5068280558178225,0.5068280558178225,557.9439335219898,872.1011788300005,0.27807792285884714,0.6974299169024873,0.27807792285884714,0.0,True
850,0.04233893101024863,0.5403886120525714,0.5403886120525714,0.5068280558178225,0.5068280558178225,538.3286211237953,876.4513590503966,0.23117022856416816,0.6729107764047442,0.23117022856416816,0.0,True
851,0.04212723635519739,0.5714597665392767,0.5714597665392767,0.5068280558178225,0.5068280558178225,556.1423844856758,866.2993645546587,0.2827839337143678,0.6951779806070948,0.2827839337143678,0.0,True
852,0.0419166001734214,0.5714597665392767,0.5714597665392767,0.5068280558178225,0.5068280558178225,556.1423844856758,866.2993645546587,0.2827839337143678,0.6951779806070948,0.2827839337143678,0.0,True
853,0.041707017172554296,0.5358241053223789,0.5358241053223789,0.5068280558178225,0.5068280558178225,534.1881911807909,872.9176893810671,0.22803146013062273,0.6677352389759886,0.22803146013062273,0.0,True
854,0.041498482086691525,0.5358241053223789,0.5358241053223789,0.5068280558178225,0.5068280558178225,534.1881911807909,872.9176893810671,0.22803146013062273,0.6677352389759886,0.22803146013062273,0.0,True
855,0.04129098967625807,0.5361719671409494,0.5361719671409494,0.5068280558178225,0.5068280558178225,532.8869998744021,866.1600025578749,0.23298614083615815,0.6661087498430027,0.23298614083615815,0.0,True
856,0.04108453472787678,0.5361719671409494,0.5361719671409494,0.5068280558178225,0.5068280558178225,532.8869998744021,866.1600025578749,0.23298614083615815,0.6661087498430027,0.23298614083615815,0.0,True
857,0.040879112054237395,0.566249562947627,0.566249562947627,0.5068280558178225,0.5068280558178225,552.4717786331806,864.8812859776658,0.27612252214531313,0.6905897232914758,0.27612252214531313,0.0,True
858,0.04067471649396621,0.5762390007650966,0.5762390007650966,0.5068280558178225,0.5068280558178225,558.3765850479568,863.6709409328422,0.29219829616044807,0.697970731309946,0.29219829616044807,0.0,True
859,0.04047134291149638,0.5762390007650966,0.5762390007650966,0.5068280558178225,0.5068280558178225,558.3765850479568,863.6709409328422,0.29219829616044807,0.697970731309946,0.29219829616044807,0.0,True
860,0.040268986196938895,0.5762390007650966,0.5762390007650966,0.5068280558178225,0.5068280558178225,558.3765850479568,863.6709409328422,0.29219829616044807,0.697970731309946,0.29219829616044807,0.0,True
861,0.040067641265954204,0.5602417330142685,0.5602417330142685,0.5068280558178225,0.5068280558178225,549.4950571925727,866.7657553000405,0.26477852656922457,0.6868688214907159,0.26477852656922457,0.0,True
862,0.03986730305962443,0.5588159573614893,0.5588159573614893,0.5068280558178225,0.5068280558178225,547.691583530793,863.7190589639692,0.26528607257348474,0.6846144794134912,0.26528607257348474,0.0,True
863,0.039667966544326305,0.5361647554144888,0.5361647554144888,0.5068280558178225,0.5068280558178225,533.0973543310619,867.0917897595393,0.2323485679160325,0.6663716929138274,0.2323485679160325,0.0,True
864,0.03946962671160467,0.5361647554144888,0.5361647554144888,0.5068280558178225,0.5068280558178225,533.0973543310619,867.0917897595393,0.2323485679160325,0.6663716929138274,0.2323485679160325,0.0,True
865,0.039272278578046646,0.5361647554144888,0.5361647554144888,0.5068280558178225,0.5068280558178225,533.0973543310619,867.0917897595393,0.2323485679160325,0.6663716929138274,0.2323485679160325,0.0,True
866,0.03907591718515641,0.5477596747430239,0.5477596747430239,0.5068280558178225,0.5068280558178225,540.8361451124157,865.9186435839554,0.2484268258988673,0.6760451813905196,0.2484268258988673,0.0,True
867,0.03888053759923063,0.5477596747430239,0.5477596747430239,0.5068280558178225,0.5068280558178225,540.8361451124157,865.9186435839554,0.2484268258988673,0.6760451813905196,0.2484268258988673,0.0,True
868,0.038686134911234474,0.5402420955009148,0.5402420955009148,0.5068280558178225,0.5068280558178225,537.8907146645596,875.0789403812104,0.2319590672314174,0.6723633933306995,0.2319590672314174,0.0,True
869,0.038492704236678305,0.5465497160334372,0.5465497160334372,0.5068280558178225,0.5068280558178225,543.0988730595811,878.1089890832709,0.23779400702101217,0.6788735913244764,0.23779400702101217,0.0,True
870,0.03830024071549491,0.5618375782822577,0.5618375782822577,0.5068280558178225,0.5068280558178225,561.5184964524664,913.5751516417679,0.23502964628783218,0.701898120565583,0.23502964628783218,0.0,True
871,0.038108739511917435,0.5647451203774855,0.5647451203774855,0.5068280558178225,0.5068280558178225,564.8737443258603,919.0558900399064,0.2349353136411922,0.7060921804073255,0.2349353136411922,0.0,True
872,0.03791819581435785,0.5647451203774855,0.5647451203774855,0.5068280558178225,0.5068280558178225,564.8737443258603,919.0558900399064,0.2349353136411922,0.7060921804073255,0.2349353136411922,0.0,True
873,0.037728604835286055,0.5952133282206641,0.5952133282206641,0.5068280558178225,0.5068280558178225,589.177772191083,929.0882916531893,0.2656092585115552,0.7364722152388538,0.2656092585115552,0.0,True
874,0.03753996181110963,0.5815120678562726,0.5815120678562726,0.5068280558178225,0.5068280558178225,580.2538699030406,933.5420843577449,0.24596643897037393,0.7253173373788008,0.24596643897037393,0.0,True
875,0.037352262002054076,0.5815120678562726,0.5815120678562726,0.5068280558178225,0.5068280558178225,580.2538699030406,933.5420843577449,0.24596643897037393,0.7253173373788008,0.24596643897037393,0.0,True
876,0.03716550069204381,0.5815120678562726,0.5815120678562726,0.5068280558178225,0.5068280558178225,580.2538699030406,933.5420843577449,0.24596643897037393,0.7253173373788008,0.24596643897037393,0.0,True
877,0.03697967318858359,0.5987357432794456,0.5987357432794456,0.5068280558178225,0.5068280558178225,592.5148644220436,932.6737654456012,0.26761745636719153,0.7406435805275545,0.26761745636719153,0.0,True
878,0.03679477482264067,0.5958271551970572,0.5958271551970572,0.5068280558178225,0.5068280558178225,598.2466406120286,966.6327264494718,0.24120448220510718,0.7478083007650358,0.24120448220510718,0.0,True
879,0.03661080094852747,0.5958271551970572,0.5958271551970572,0.5068280558178225,0.5068280558178225,598.2466406120286,966.6327264494718,0.24120448220510718,0.7478083007650358,0.24120448220510718,0.0,True
880,0.03642774694378483,0.5958271551970572,0.5958271551970572,0.5068280558178225,0.5068280558178225,598.2466406120286,966.6327264494718,0.24120448220510718,0.7478083007650358,0.24120448220510718,0.0,True
881,0.03624560820906591,0.5933047269016386,0.5933047269016386,0.5068280558178225,0.5068280558178225,594.7344207585298,959.3252778619791,0.24304036245974975,0.7434180259481623,0.24304036245974975,0.0,True
882,0.03606438016802058,0.5933047269016386,0.5933047269016386,0.5068280558178225,0.5068280558178225,594.7344207585298,959.3252778619791,0.24304036245974975,0.7434180259481623,0.24304036245974975,0.0,True
883,0.035884058267180476,0.5933047269016386,0.5933047269016386,0.5068280558178225,0.5068280558178225,594.7344207585298,959.3252778619791,0.24304036245974975,0.7434180259481623,0.24304036245974975,0.0,True
884,0.035704637975844576,0.5933047269016386,0.5933047269016386,0.5068280558178225,0.5068280558178225,594.7344207585298,959.3252778619791,0.24304036245974975,0.7434180259481623,0.24304036245974975,0.0,True
885,0.03552611478596535,0.5933047269016386,0.5933047269016386,0.5068280558178225,0.5068280558178225,594.7344207585298,959.3252778619791,0.24304036245974975,0.7434180259481623,0.24304036245974975,0.0,True
886,0.03534848421203553,0.6058108643722085,0.6058108643722085,0.5068280558178225,0.5068280558178225,598.6879790675619,937.4934460355795,0.27319627562697313,0.7483599738344523,0.27319627562697313,0.0,True
887,0.03517174179097535,0.5866119315564847,0.5866119315564847,0.5068280558178225,0.5068280558178225,584.1484375675112,935.4698653455044,0.25160682894970837,0.730185546959389,0.25160682894970837,0.0,True
888,0.03499588308202047,0.5866119315564847,0.5866119315564847,0.5068280558178225,0.5068280558178225,584.1484375675112,935.4698653455044,0.25160682894970837,0.730185546959389,0.25160682894970837,0.0,True
889,0.03482090366661037,0.5866119315564847,0.5866119315564847,0.5068280558178225,0.5068280558178225,584.1484375675112,935.4698653455044,0.25160682894970837,0.730185546959389,0.25160682894970837,0.0,True
890,0.03464679914827732,0.5789286523450748,0.5789286523450748,0.5068280558178225,0.5068280558178225,575.0283316827677,917.6282799595964,0.2525962070755105,0.7187854146034596,0.2525962070755105,0.0,True
891,0.03447356515253593,0.5925979761805742,0.5925979761805742,0.5068280558178225,0.5068280558178225,582.2815666890133,909.7899127799304,0.2770053510922919,0.7278519583612666,0.2770053510922919,0.0,True
892,0.03430119732677325,0.5664609529426003,0.5664609529426003,0.5068280558178225,0.5068280558178225,566.8801219344684,922.335467718478,0.2348028208331352,0.7086001524180855,0.2348028208331352,0.0,True
893,0.034129691340139386,0.5664609529426003,0.5664609529426003,0.5068280558178225,0.5068280558178225,566.8801219344684,922.335467718478,0.2348028208331352,0.7086001524180855,0.2348028208331352,0.0,True
894,0.033959042883438685,0.5664609529426003,0.5664609529426003,0.5068280558178225,0.5068280558178225,566.8801219344684,922.335467718478,0.2348028208331352,0.7086001524180855,0.2348028208331352,0.0,True
895,0.03378924766902149,0.5664609529426003,0.5664609529426003,0.5068280558178225,0.5068280558178225,566.8801219344684,922.335467718478,0.2348028208331352,0.7086001524180855,0.2348028208331352,0.0,True
896,0.03362030143067638,0.5664609529426003,0.5664609529426003,0.5068280558178225,0.5068280558178225,566.8801219344684,922.335467718478,0.2348028208331352,0.7086001524180855,0.2348028208331352,0.0,True
897,0.033452199923523,0.5664609529426003,0.5664609529426003,0.5068280558178225,0.5068280558178225,566.8801219344684,922.335467718478,0.2348028208331352,0.7086001524180855,0.2348028208331352,0.0,True
898,0.03328493892390539,0.5664609529426003,0.5664609529426003,0.5068280558178225,0.5068280558178225,566.8801219344684,922.335467718478,0.2348028208331352,0.7086001524180855,0.2348028208331352,0.0,True
899,0.03311851422928586,0.5664609529426003,0.5664609529426003,0.5068280558178225,0.5068280558178225,566.8801219344684,922.335467718478,0.2348028208331352,0.7086001524180855,0.2348028208331352,0.0,True
900,0.032952921658139435,0.5732708831927047,0.5732708831927047,0.5068280558178225,0.5068280558178225,570.1558066163078,915.8722916421319,0.24794850801145127,0.7126947582703848,0.24794850801145127,0.0,True
901,0.032788157049848735,0.5732708831927047,0.5732708831927047,0.5068280558178225,0.5068280558178225,570.1558066163078,915.8722916421319,0.24794850801145127,0.7126947582703848,0.24794850801145127,0.0,True
902,0.03262421626459949,0.5692882546096589,0.5692882546096589,0.5068280558178225,0.5068280558178225,568.9459897219556,922.4191212255802,0.23820171200982582,0.7111824871524445,0.23820171200982582,0.0,True
903,0.032461095183276494,0.6140356719118738,0.6140356719118738,0.5068280558178225,0.5068280558178225,604.9089924467265,941.1231334735927,0.28246767840329373,0.7561362405584081,0.28246767840329373,0.0,True
904,0.03229878970736011,0.586858655945469,0.586858655945469,0.5068280558178225,0.5068280558178225,589.9550906959694,959.1187320825462,0.23549317195498606,0.7374438633699617,0.23549317195498606,0.0,True
905,0.032137295758823306,0.586858655945469,0.586858655945469,0.5068280558178225,0.5068280558178225,589.9550906959694,959.1187320825462,0.23549317195498606,0.7374438633699617,0.23549317195498606,0.0,True
906,0.03197660928002919,0.622953052275333,0.622953052275333,0.5068280558178225,0.5068280558178225,620.0643407550381,978.1194922984666,0.26798918038224945,0.7750804259437976,0.26798918038224945,0.0,True
907,0.03181672623362904,0.622953052275333,0.622953052275333,0.5068280558178225,0.5068280558178225,620.0643407550381,978.1194922984666,0.26798918038224945,0.7750804259437976,0.26798918038224945,0.0,True
908,0.0316576426024609,0.6465292957938412,0.6465292957938412,0.5068280558178225,0.5068280558178225,634.56168340109,970.8912881183771,0.3042927427262916,0.7932021042513625,0.3042927427262916,0.0,True
909,0.0314993543894486,0.6067311152143674,0.6067311152143674,0.5068280558178225,0.5068280558178225,603.4008306687163,955.507815063201,0.26251796126413546,0.7542510383358954,0.26251796126413546,0.0,True
910,0.031341857617501356,0.6321175673756939,0.6321175673756939,0.5068280558178225,0.5068280558178225,619.650486956576,951.4634948164733,0.2997446376289667,0.77456310869572,0.2997446376289667,0.0,True
911,0.03118514832941385,0.6066441715951741,0.6066441715951741,0.5068280558178225,0.5068280558178225,605.118197038114,964.0948238840199,0.2572191639560817,0.7563977462976424,0.2572191639560817,0.0,True
912,0.031029222587766782,0.6066441715951741,0.6066441715951741,0.5068280558178225,0.5068280558178225,605.118197038114,964.0948238840199,0.2572191639560817,0.7563977462976424,0.2572191639560817,0.0,True
913,0.030874076474827948,0.5989735354909381,0.5989735354909381,0.5068280558178225,0.5068280558178225,599.0309267698958,960.0926991212907,0.24940491522426414,0.7487886584623697,0.24940491522426414,0.0,True
914,0.030719706092453808,0.5989735354909381,0.5989735354909381,0.5068280558178225,0.5068280558178225,599.0309267698958,960.0926991212907,0.24940491522426414,0.7487886584623697,0.24940491522426414,0.0,True
915,0.03056610756199154,0.5922354150006117,0.5922354150006117,0.5068280558178225,0.5068280558178225,591.6928313227666,949.6447489546712,0.24834729197730313,0.7396160391534582,0.24834729197730313,0.0,True
916,0.03041327702418158,0.6034629478325775,0.6034629478325775,0.5068280558178225,0.5068280558178225,599.2137270920927,947.9540549061489,0.26383645542332157,0.7490171588651158,0.26383645542332157,0.0,True
917,0.030261210639060673,0.5860364254019166,0.5860364254019166,0.5068280558178225,0.5068280558178225,586.9696073081707,948.5579036055118,0.2414600633575573,0.7337120091352134,0.2414600633575573,0.0,True
918,0.03010990458586537,0.5860364254019166,0.5860364254019166,0.5068280558178225,0.5068280558178225,586.9696073081707,948.5579036055118,0.2414600633575573,0.7337120091352134,0.2414600633575573,0.0,True
919,0.029959355062936042,0.5860364254019166,0.5860364254019166,0.5068280558178225,0.5068280558178225,586.9696073081707,948.5579036055118,0.2414600633575573,0.7337120091352134,0.2414600633575573,0.0,True
920,0.02980955828762136,0.5860364254019166,0.5860364254019166,0.5068280558178225,0.5068280558178225,586.9696073081707,948.5579036055118,0.2414600633575573,0.7337120091352134,0.2414600633575573,0.0,True
921,0.029660510496183255,0.5860364254019166,0.5860364254019166,0.5068280558178225,0.5068280558178225,586.9696073081707,948.5579036055118,0.2414600633575573,0.7337120091352134,0.2414600633575573,0.0,True
922,0.029512207943702337,0.5860364254019166,0.5860364254019166,0.5068280558178225,0.5068280558178225,586.9696073081707,948.5579036055118,0.2414600633575573,0.7337120091352134,0.2414600633575573,0.0,True
923,0.029364646903983826,0.5860364254019166,0.5860364254019166,0.5068280558178225,0.5068280558178225,586.9696073081707,948.5579036055118,0.2414600633575573,0.7337120091352134,0.2414600633575573,0.0,True
924,0.02921782366946391,0.5911865898902787,0.5911865898902787,0.5068280558178225,0.5068280558178225,589.6935137803898,944.5785248199572,0.25068255110812554,0.7371168922254873,0.25068255110812554,0.0,True
925,0.029071734551116588,0.6175249051878271,0.6175249051878271,0.5068280558178225,0.5068280558178225,606.749426598056,939.6169193176929,0.2887305230484271,0.7584367832475699,0.2887305230484271,0.0,True
926,0.028926375878361006,0.6175249051878271,0.6175249051878271,0.5068280558178225,0.5068280558178225,606.749426598056,939.6169193176929,0.2887305230484271,0.7584367832475699,0.2887305230484271,0.0,True
927,0.0287817439989692,0.6077340555409079,0.6077340555409079,0.5068280558178225,0.5068280558178225,600.6248096776932,939.4058811436029,0.2739578235764211,0.7507810120971165,0.2739578235764211,0.0,True
928,0.028637835278974354,0.6099982663562528,0.6099982663562528,0.5068280558178225,0.5068280558178225,603.9014516625963,947.3583238817346,0.27194832050493667,0.7548768145782454,0.27194832050493667,0.0,True
929,0.02849464610257948,0.6099982663562528,0.6099982663562528,0.5068280558178225,0.5068280558178225,603.9014516625963,947.3583238817346,0.27194832050493667,0.7548768145782454,0.27194832050493667,0.0,True
930,0.028352172872066584,0.584281509382645,0.584281509382645,0.5068280558178225,0.5068280558178225,586.5825307488137,952.4303244782066,0.23673931659144326,0.7332281634360172,0.23673931659144326,0.0,True
931,0.02821041200770625,0.584281509382645,0.584281509382645,0.5068280558178225,0.5068280558178225,586.5825307488137,952.4303244782066,0.23673931659144326,0.7332281634360172,0.23673931659144326,0.0,True
932,0.028069359947667717,0.6109705825921116,0.6109705825921116,0.5068280558178225,0.5068280558178225,598.7755090094056,926.5131641574791,0.2901400406962724,0.748469386261757,0.2901400406962724,0.0,True
933,0.02792901314792938,0.5773007757832311,0.5773007757832311,0.5068280558178225,0.5068280558178225,578.3816197878355,938.8787523255812,0.23738952822958384,0.7229770247347943,0.23738952822958384,0.0,True
934,0.027789368082189733,0.5773007757832311,0.5773007757832311,0.5068280558178225,0.5068280558178225,578.3816197878355,938.8787523255812,0.23738952822958384,0.7229770247347943,0.23738952822958384,0.0,True
935,0.027650421241778782,0.5682500277036605,0.5682500277036605,0.5068280558178225,0.5068280558178225,564.4944540158428,904.4314946328686,0.2477246014659933,0.7056180675198036,0.2477246014659933,0.0,True
936,0.027512169135569888,0.5682500277036605,0.5682500277036605,0.5068280558178225,0.5068280558178225,564.4944540158428,904.4314946328686,0.2477246014659933,0.7056180675198036,0.2477246014659933,0.0,True
937,0.02737460828989204,0.5682500277036605,0.5682500277036605,0.5068280558178225,0.5068280558178225,564.4944540158428,904.4314946328686,0.2477246014659933,0.7056180675198036,0.2477246014659933,0.0,True
938,0.027237735248442578,0.5682500277036605,0.5682500277036605,0.5068280558178225,0.5068280558178225,564.4944540158428,904.4314946328686,0.2477246014659933,0.7056180675198036,0.2477246014659933,0.0,True
939,0.027101546572200364,0.5682500277036605,0.5682500277036605,0.5068280558178225,0.5068280558178225,564.4944540158428,904.4314946328686,0.2477246014659933,0.7056180675198036,0.2477246014659933,0.0,True
940,0.026966038839339363,0.5682500277036605,0.5682500277036605,0.5068280558178225,0.5068280558178225,564.4944540158428,904.4314946328686,0.2477246014659933,0.7056180675198036,0.2477246014659933,0.0,True
941,0.026831208645142667,0.5682500277036605,0.5682500277036605,0.5068280558178225,0.5068280558178225,564.4944540158428,904.4314946328686,0.2477246014659933,0.7056180675198036,0.2477246014659933,0.0,True
942,0.026697052601916953,0.5682500277036605,0.5682500277036605,0.5068280558178225,0.5068280558178225,564.4944540158428,904.4314946328686,0.2477246014659933,0.7056180675198036,0.2477246014659933,0.0,True
943,0.026563567338907367,0.6072040603524904,0.6072040603524904,0.5068280558178225,0.5068280558178225,595.4636983136807,922.2722305918202,0.2872444144267328,0.7443296228921008,0.2872444144267328,0.0,True
944,0.02643074950221283,0.5864353450513982,0.5864353450513982,0.5068280558178225,0.5068280558178225,586.6924962300366,946.0131566220266,0.24359803616705372,0.7333656202875457,0.24359803616705372,0.0,True
945,0.026298595754701767,0.5864353450513982,0.5864353450513982,0.5068280558178225,0.5068280558178225,586.6924962300366,946.0131566220266,0.24359803616705372,0.7333656202875457,0.24359803616705372,0.0,True
946,0.026167102775928257,0.6060644794720895,0.6060644794720895,0.5068280558178225,0.5068280558178225,602.1766006056471,952.7223625602045,0.2638665131404944,0.7527207507570588,0.2638665131404944,0.0,True
947,0.026036267262048614,0.6217117412620423,0.6217117412620423,0.5068280558178225,0.5068280558178225,611.4245075232443,946.657240340855,0.28905099059734524,0.7642806344040554,0.28905099059734524,0.0,True
948,0.02590608592573837,0.5939984200606299,0.5939984200606299,0.5068280558178225,0.5068280558178225,592.1717434259954,946.6710357582732,0.2528271485429465,0.7402146792824942,0.2528271485429465,0.0,True
949,0.025776555496109677,0.6185847922317247,0.6185847922317247,0.5068280558178225,0.5068280558178225,604.291184514391,928.6339357586204,0.2994333526054418,0.7553639806429888,0.2994333526054418,0.0,True
950,0.025647672718629128,0.5630392031468112,0.5630392031468112,0.5068280558178225,0.5068280558178225,564.0598067957994,920.6127069912864,0.23162290733495564,0.7050747584947493,0.23162290733495564,0.0,True
951,0.025519434355035984,0.5620774364433381,0.5620774364433381,0.5068280558178225,0.5068280558178225,563.1718500283044,919.8387220135078,0.2310068922285722,0.7039648125353806,0.2310068922285722,0.0,True
952,0.025391837183260803,0.5546366753098259,0.5546366753098259,0.5068280558178225,0.5068280558178225,555.3196055217232,909.0101330973099,0.22910673492772685,0.694149506902154,0.22910673492772685,0.0,True
953,0.0252648779973445,0.5546366753098259,0.5546366753098259,0.5068280558178225,0.5068280558178225,555.3196055217232,909.0101330973099,0.22910673492772685,0.694149506902154,0.22910673492772685,0.0,True
954,0.025138553607357776,0.5987114925354979,0.5987114925354979,0.5068280558178225,0.5068280558178225,584.8855804366985,904.8260296158994,0.2897886988446224,0.7311069755458732,0.2897886988446224,0.0,True
955,0.025012860839320986,0.5987114925354979,0.5987114925354979,0.5068280558178225,0.5068280558178225,584.8855804366985,904.8260296158994,0.2897886988446224,0.7311069755458732,0.2897886988446224,0.0,True
956,0.02488779653512438,0.5608020709996339,0.5608020709996339,0.5068280558178225,0.5068280558178225,558.7678036196903,904.8657641274424,0.23960080944134957,0.6984597545246128,0.23960080944134957,0.0,True
957,0.024763357552448757,0.5608020709996339,0.5608020709996339,0.5068280558178225,0.5068280558178225,558.7678036196903,904.8657641274424,0.23960080944134957,0.6984597545246128,0.23960080944134957,0.0,True
958,0.024639540764686513,0.563830252875391,0.563830252875391,0.5068280558178225,0.5068280558178225,562.7717183498567,912.5913810585905,0.23801666439755506,0.7034646479373208,0.23801666439755506,0.0,True
959,0.02451634306086308,0.5740535384482282,0.5740535384482282,0.5068280558178225,0.5068280558178225,571.5562953079859,919.30176096393,0.24647260017913517,0.7144453691349824,0.24647260017913517,0.0,True
960,0.024393761345558766,0.5644300541124303,0.5644300541124303,0.5068280558178225,0.5068280558178225,564.9080896384954,919.9012666543082,0.23378491892915593,0.7061351120481193,0.23378491892915593,0.0,True
961,0.024271792538830973,0.5645555214114812,0.5645555214114812,0.5068280558178225,0.5068280558178225,565.0245705054152,919.9897250522151,0.23386340739747638,0.706280713131769,0.23386340739747638,0.0,True
962,0.024150433576136818,0.5421951159576228,0.5421951159576228,0.5068280558178225,0.5068280558178225,542.1012016221102,889.4654427340661,0.22618854846092146,0.6776265020276377,0.22618854846092146,0.0,True
963,0.024029681408256134,0.5614826968889439,0.5614826968889439,0.5068280558178225,0.5068280558178225,554.8006570409217,884.4323563630992,0.2534404065937917,0.6935008213011521,0.2534404065937917,0.0,True
964,0.023909533001214855,0.5614826968889439,0.5614826968889439,0.5068280558178225,0.5068280558178225,554.8006570409217,884.4323563630992,0.2534404065937917,0.6935008213011521,0.2534404065937917,0.0,True
965,0.02378998533620878,0.5635469190673815,0.5635469190673815,0.5068280558178225,0.5068280558178225,555.15141117758,880.5164089028076,0.2592981142899968,0.693939263971975,0.2592981142899968,0.0,True
966,0.023671035409527735,0.5820931326791094,0.5820931326791094,0.5068280558178225,0.5068280558178225,566.4929302097576,878.4899909064807,0.2880393958185722,0.7081161627621969,0.2880393958185722,0.0,True
967,0.023552680232480097,0.5820931326791094,0.5820931326791094,0.5068280558178225,0.5068280558178225,566.4929302097576,878.4899909064807,0.2880393958185722,0.7081161627621969,0.2880393958185722,0.0,True
968,0.023434916831317695,0.5610579392174783,0.5610579392174783,0.5068280558178225,0.5068280558178225,555.2421375497611,887.2377959419694,0.2507368962047911,0.6940526719372013,0.2507368962047911,0.0,True
969,0.023317742247161106,0.5610579392174783,0.5610579392174783,0.5068280558178225,0.5068280558178225,555.2421375497611,887.2377959419694,0.2507368962047911,0.6940526719372013,0.2507368962047911,0.0,True
970,0.0232011535359253,0.5610579392174783,0.5610579392174783,0.5068280558178225,0.5068280558178225,555.2421375497611,887.2377959419694,0.2507368962047911,0.6940526719372013,0.2507368962047911,0.0,True
971,0.023085147768245672,0.5686787969669581,0.5686787969669581,0.5068280558178225,0.5068280558178225,559.0849517283668,882.5525922502729,0.26493154734879043,0.6988561896604586,0.26493154734879043,0.0,True
972,0.022969722029404442,0.5760249993755104,0.5760249993755104,0.5068280558178225,0.5068280558178225,565.1045355677109,886.9576895671194,0.2718617691792115,0.7063806694596386,0.2718617691792115,0.0,True
973,0.022854873419257418,0.5481482986404937,0.5481482986404937,0.5068280558178225,0.5068280558178225,545.882049315146,884.4781382052837,0.23500501829913667,0.6823525616439325,0.23500501829913667,0.0,True
974,0.02274059905216113,0.5481482986404937,0.5481482986404937,0.5068280558178225,0.5068280558178225,545.882049315146,884.4781382052837,0.23500501829913667,0.6823525616439325,0.23500501829913667,0.0,True
975,0.022626896056900325,0.5481482986404937,0.5481482986404937,0.5068280558178225,0.5068280558178225,545.882049315146,884.4781382052837,0.23500501829913667,0.6823525616439325,0.23500501829913667,0.0,True
976,0.022513761576615825,0.5481482986404937,0.5481482986404937,0.5068280558178225,0.5068280558178225,545.882049315146,884.4781382052837,0.23500501829913667,0.6823525616439325,0.23500501829913667,0.0,True
977,0.022401192768732744,0.5489483021608069,0.5489483021608069,0.5068280558178225,0.5068280558178225,546.2623494837301,883.5586741793494,0.23656248787514367,0.6828279368546626,0.23656248787514367,0.0,True
978,0.02228918680488908,0.5757659540963735,0.5757659540963735,0.5068280558178225,0.5068280558178225,571.658986223046,912.1458111600466,0.25188113717069427,0.7145737327788075,0.25188113717069427,0.0,True
979,0.022177740870864635,0.5757659540963735,0.5757659540963735,0.5068280558178225,0.5068280558178225,571.658986223046,912.1458111600466,0.25188113717069427,0.7145737327788075,0.25188113717069427,0.0,True
980,0.02206685216651031,0.5757659540963735,0.5757659540963735,0.5068280558178225,0.5068280558178225,571.658986223046,912.1458111600466,0.25188113717069427,0.7145737327788075,0.25188113717069427,0.0,True
981,0.02195651790567776,0.5655393363410279,0.5655393363410279,0.5068280558178225,0.5068280558178225,566.2671098758043,922.3614586384638,0.23351871733233087,0.7078338873447554,0.23351871733233087,0.0,True
982,0.02184673531614937,0.5655393363410279,0.5655393363410279,0.5068280558178225,0.5068280558178225,566.2671098758043,922.3614586384638,0.23351871733233087,0.7078338873447554,0.23351871733233087,0.0,True
983,0.021737501639568623,0.5655393363410279,0.5655393363410279,0.5068280558178225,0.5068280558178225,566.2671098758043,922.3614586384638,0.23351871733233087,0.7078338873447554,0.23351871733233087,0.0,True
984,0.02162881413137078,0.5655393363410279,0.5655393363410279,0.5068280558178225,0.5068280558178225,566.2671098758043,922.3614586384638,0.23351871733233087,0.7078338873447554,0.23351871733233087,0.0,True
985,0.021520670060713926,0.5655393363410279,0.5655393363410279,0.5068280558178225,0.5068280558178225,566.2671098758043,922.3614586384638,0.23351871733233087,0.7078338873447554,0.23351871733233087,0.0,True
986,0.021413066710410357,0.5972688965446021,0.5972688965446021,0.5068280558178225,0.5068280558178225,584.8493561516559,908.3474338459324,0.2850856997063441,0.7310616951895699,0.2850856997063441,0.0,True
987,0.021306001376858306,0.5779881688947164,0.5779881688947164,0.5068280558178225,0.5068280558178225,565.2755152505886,883.1796833648095,0.27790697683483795,0.7065943940632358,0.27790697683483795,0.0,True
988,0.021199471369974014,0.5779881688947164,0.5779881688947164,0.5068280558178225,0.5068280558178225,565.2755152505886,883.1796833648095,0.27790697683483795,0.7065943940632358,0.27790697683483795,0.0,True
989,0.021093474013124145,0.5980581517407361,0.5980581517407361,0.5068280558178225,0.5068280558178225,589.5124228614039,923.1202421829232,0.2741159391233586,0.736890528576755,0.2741159391233586,0.0,True
990,0.020988006643058523,0.614634582345247,0.614634582345247,0.5068280558178225,0.5068280558178225,600.7619886585147,924.6059118757471,0.2965594742301553,0.7509524858231434,0.2965594742301553,0.0,True
991,0.02088306660984323,0.6301214549245983,0.6301214549245983,0.5068280558178225,0.5068280558178225,618.1256336892444,950.9573520942696,0.2975384181550314,0.7726570421115555,0.2975384181550314,0.0,True
992,0.020778651276794013,0.6241471149844587,0.6241471149844587,0.5068280558178225,0.5068280558178225,616.7096343399688,959.9266884815448,0.2817539497899535,0.770887042924961,0.2817539497899535,0.0,True
993,0.020674758020410043,0.6264500622897009,0.6264500622897009,0.5068280558178225,0.5068280558178225,612.9923175233621,941.2545491665591,0.3002726148558635,0.7662403969042026,0.3002726148558635,0.0,True
994,0.020571384230307993,0.6017991380954802,0.6017991380954802,0.5068280558178225,0.5068280558178225,597.3709891681731,942.6938062970171,0.2636650752444295,0.7467137364602163,0.2636650752444295,0.0,True
995,0.020468527309156454,0.6017991380954802,0.6017991380954802,0.5068280558178225,0.5068280558178225,597.3709891681731,942.6938062970171,0.2636650752444295,0.7467137364602163,0.2636650752444295,0.0,True
996,0.02036618467261067,0.5995095347829389,0.5995095347829389,0.5068280558178225,0.5068280558178225,594.3608135296502,937.1892943783524,0.2648127431483167,0.7429510169120627,0.2648127431483167,0.0,True
997,0.020264353749247618,0.6070646315547852,0.6070646315547852,0.5068280558178225,0.5068280558178225,596.5716800755702,926.6281483102927,0.2835480382955379,0.7457146000944627,0.2835480382955379,0.0,True
998,0.02016303198050138,0.5700033013520521,0.5700033013520521,0.5068280558178225,0.5068280558178225,567.805059495376,915.5559661957598,0.24391291431199377,0.70975632436922,0.24391291431199377,0.0,True
999,0.02006221682059887,0.5700033013520521,0.5700033013520521,0.5068280558178225,0.5068280558178225,567.805059495376,915.5559661957598,0.24391291431199377,0.70975632436922,0.24391291431199377,0.0,True
1000,0.019961905736495877,0.5700033013520521,0.5700033013520521,0.5068280558178225,0.5068280558178225,567.805059495376,915.5559661957598,0.24391291431199377,0.70975632436922,0.24391291431199377,0.0,True
1001,0.019862096207813398,0.5881895743469455,0.5881895743469455,0.5068280558178225,0.5068280558178225,575.2752101997359,895.4050043204998,0.2827458847405889,0.7190940127496698,0.2827458847405889,0.0,True
1002,0.01976278572677433,0.5880560038338284,0.5880560038338284,0.5068280558178225,0.5068280558178225,577.069572486142,901.9701213412936,0.2770670930281807,0.7213369656076775,0.2770670930281807,0.0,True
1003,0.01966397179814046,0.6139100990037071,0.6139100990037071,0.5068280558178225,0.5068280558178225,595.9331630827062,909.3341689958166,0.30822860435446375,0.7449164538533828,0.30822860435446375,0.0,True
1004,0.019565651939149758,0.5582353711513723,0.5582353711513723,0.5068280558178225,0.5068280558178225,554.8636677331408,893.5579160952869,0.24243220628291376,0.693579584666426,0.24243220628291376,0.0,True
1005,0.01946782367945401,0.5582353711513723,0.5582353711513723,0.5068280558178225,0.5068280558178225,554.8636677331408,893.5579160952869,0.24243220628291376,0.693579584666426,0.24243220628291376,0.0,True
1006,0.01937048456105674,0.5503861394318774,0.5503861394318774,0.5068280558178225,0.5068280558178225,548.6975659282609,892.3277933301135,0.2342525641488306,0.6858719574103261,0.2342525641488306,0.0,True
1007,0.019273632138251454,0.5503861394318774,0.5503861394318774,0.5068280558178225,0.5068280558178225,548.6975659282609,892.3277933301135,0.2342525641488306,0.6858719574103261,0.2342525641488306,0.0,True
1008,0.019177263977560196,0.5503861394318774,0.5503861394318774,0.5068280558178225,0.5068280558178225,548.6975659282609,892.3277933301135,0.2342525641488306,0.6858719574103261,0.2342525641488306,0.0,True
1009,0.019081377657672396,0.5506092021829401,0.5506092021829401,0.5068280558178225,0.5068280558178225,549.9081908886332,896.8457937120703,0.2314651171846204,0.6873852386107915,0.2314651171846204,0.0,True
1010,0.018985970769384033,0.5682723045201353,0.5682723045201353,0.5068280558178225,0.5068280558178225,561.9952809919989,894.4999950458712,0.2550881121737876,0.7024941012399987,0.2550881121737876,0.0,True
1011,0.018891040915537113,0.5682723045201353,0.5682723045201353,0.5068280558178225,0.5068280558178225,561.9952809919989,894.4999950458712,0.2550881121737876,0.7024941012399987,0.2550881121737876,0.0,True
1012,0.018796585710959428,0.5682723045201353,0.5682723045201353,0.5068280558178225,0.5068280558178225,561.9952809919989,894.4999950458712,0.2550881121737876,0.7024941012399987,0.2550881121737876,0.0,True
1013,0.01870260278240463,0.5682723045201353,0.5682723045201353,0.5068280558178225,0.5068280558178225,561.9952809919989,894.4999950458712,0.2550881121737876,0.7024941012399987,0.2550881121737876,0.0,True
1014,0.018609089768492605,0.5497896575201405,0.5497896575201405,0.5068280558178225,0.5068280558178225,549.1194413868354,895.9966150068742,0.23103382102219874,0.6863993017335442,0.23103382102219874,0.0,True
1015,0.018516044319650142,0.5497896575201405,0.5497896575201405,0.5068280558178225,0.5068280558178225,549.1194413868354,895.9966150068742,0.23103382102219874,0.6863993017335442,0.23103382102219874,0.0,True
1016,0.01842346409805189,0.5654527629863142,0.5654527629863142,0.5068280558178225,0.5068280558178225,557.646060462497,885.0933515419795,0.25837486693876444,0.6970575755781212,0.25837486693876444,0.0,True
1017,0.01833134677756163,0.5654527629863142,0.5654527629863142,0.5068280558178225,0.5068280558178225,557.646060462497,885.0933515419795,0.25837486693876444,0.6970575755781212,0.25837486693876444,0.0,True
1018,0.018239690043673824,0.573914479682642,0.573914479682642,0.5068280558178225,0.5068280558178225,563.2082636007674,885.0453247631526,0.2703574967732352,0.7040103295009592,0.2703574967732352,0.0,True
1019,0.018148491593455454,0.587895460073202,0.587895460073202,0.5068280558178225,0.5068280558178225,571.6137578294354,883.3195860658956,0.2924447399081537,0.7145171972867942,0.2924447399081537,0.0,True
1020,0.018057749135488178,0.5575841922751729,0.5575841922751729,0.5068280558178225,0.5068280558178225,554.1474209238157,891.0470043665418,0.24235066322278054,0.6926842761547697,0.24235066322278054,0.0,True
1021,0.017967460389810737,0.5715126118583517,0.5715126118583517,0.5068280558178225,0.5068280558178225,569.9659414205609,919.9754427879587,0.24264137705120298,0.7124574267757011,0.24264137705120298,0.0,True
1022,0.017877623087861682,0.5715126118583517,0.5715126118583517,0.5068280558178225,0.5068280558178225,569.9659414205609,919.9754427879587,0.24264137705120298,0.7124574267757011,0.24264137705120298,0.0,True
1023,0.017788234972422372,0.5715126118583517,0.5715126118583517,0.5068280558178225,0.5068280558178225,569.9659414205609,919.9754427879587,0.24264137705120298,0.7124574267757011,0.24264137705120298,0.0,True
1024,0.01769929379756026,0.5715126118583517,0.5715126118583517,0.5068280558178225,0.5068280558178225,569.9659414205609,919.9754427879587,0.24264137705120298,0.7124574267757011,0.24264137705120298,0.0,True
1025,0.01761079732857246,0.5715126118583517,0.5715126118583517,0.5068280558178225,0.5068280558178225,569.9659414205609,919.9754427879587,0.24264137705120298,0.7124574267757011,0.24264137705120298,0.0,True
1026,0.017522743341929596,0.5715126118583517,0.5715126118583517,0.5068280558178225,0.5068280558178225,569.9659414205609,919.9754427879587,0.24264137705120298,0.7124574267757011,0.24264137705120298,0.0,True
1027,0.01743512962521995,0.5715126118583517,0.5715126118583517,0.5068280558178225,0.5068280558178225,569.9659414205609,919.9754427879587,0.24264137705120298,0.7124574267757011,0.24264137705120298,0.0,True
1028,0.01734795397709385,0.5715126118583517,0.5715126118583517,0.5068280558178225,0.5068280558178225,569.9659414205609,919.9754427879587,0.24264137705120298,0.7124574267757011,0.24264137705120298,0.0,True
1029,0.01726121420720838,0.5715126118583517,0.5715126118583517,0.5068280558178225,0.5068280558178225,569.9659414205609,919.9754427879587,0.24264137705120298,0.7124574267757011,0.24264137705120298,0.0,True
1030,0.017174908136172336,0.5715126118583517,0.5715126118583517,0.5068280558178225,0.5068280558178225,569.9659414205609,919.9754427879587,0.24264137705120298,0.7124574267757011,0.24264137705120298,0.0,True
1031,0.017089033595491476,0.5764557998278794,0.5764557998278794,0.5068280558178225,0.5068280558178225,574.8861267150972,925.9132085368526,0.24476812984056465,0.7186076583938715,0.24476812984056465,0.0,True
1032,0.017003588427514017,0.5693044332791883,0.5693044332791883,0.5068280558178225,0.5068280558178225,571.3059201116384,932.2020220365984,0.23137251060501574,0.714132400139548,0.23137251060501574,0.0,True
1033,0.016918570485376448,0.5693044332791883,0.5693044332791883,0.5068280558178225,0.5068280558178225,571.3059201116384,932.2020220365984,0.23137251060501574,0.714132400139548,0.23137251060501574,0.0,True
1034,0.016833977632949564,0.5745481586084633,0.5745481586084633,0.5068280558178225,0.5068280558178225,577.2390569942761,941.5319846570098,0.23154661246157224,0.7215488212428451,0.23154661246157224,0.0,True
1035,0.016749807744784816,0.5745481586084633,0.5745481586084633,0.5068280558178225,0.5068280558178225,577.2390569942761,941.5319846570098,0.23154661246157224,0.7215488212428451,0.23154661246157224,0.0,True
1036,0.01666605870606089,0.5745481586084633,0.5745481586084633,0.5068280558178225,0.5068280558178225,577.2390569942761,941.5319846570098,0.23154661246157224,0.7215488212428451,0.23154661246157224,0.0,True
1037,0.016582728412530588,0.5748017456926136,0.5748017456926136,0.5068280558178225,0.5068280558178225,577.8876808588304,943.6882989227281,0.23050008313712322,0.722359601073538,0.23050008313712322,0.0,True
1038,0.016499814770467934,0.5748017456926136,0.5748017456926136,0.5068280558178225,0.5068280558178225,577.8876808588304,943.6882989227281,0.23050008313712322,0.722359601073538,0.23050008313712322,0.0,True
1039,0.016417315696615593,0.5748017456926136,0.5748017456926136,0.5068280558178225,0.5068280558178225,577.8876808588304,943.6882989227281,0.23050008313712322,0.722359601073538,0.23050008313712322,0.0,True
1040,0.016335229118132514,0.5959963469779794,0.5959963469779794,0.5068280558178225,0.5068280558178225,593.2347838586105,945.2949145323362,0.2563863703389841,0.7415434798232632,0.2563863703389841,0.0,True
1041,0.01625355297254185,0.5740681432074524,0.5740681432074524,0.5068280558178225,0.5068280558178225,573.8577343974003,928.4920077884738,0.23980875203242363,0.7173221679967504,0.23980875203242363,0.0,True
1042,0.01617228520767914,0.5809307512149027,0.5809307512149027,0.5068280558178225,0.5068280558178225,575.9002879819203,914.6704463164305,0.25672666410240813,0.7198753599774004,0.25672666410240813,0.0,True
1043,0.016091423781640742,0.5809307512149027,0.5809307512149027,0.5068280558178225,0.5068280558178225,575.9002879819203,914.6704463164305,0.25672666410240813,0.7198753599774004,0.25672666410240813,0.0,True
1044,0.016010966662732537,0.5809307512149027,0.5809307512149027,0.5068280558178225,0.5068280558178225,575.9002879819203,914.6704463164305,0.25672666410240813,0.7198753599774004,0.25672666410240813,0.0,True
1045,0.015930911829418873,0.5829730289415435,0.5829730289415435,0.5068280558178225,0.5068280558178225,577.3634604897462,914.8682303941539,0.259266670043385,0.7217043256121828,0.259266670043385,0.0,True
1046,0.015851257270271778,0.5829730289415435,0.5829730289415435,0.5068280558178225,0.5068280558178225,577.3634604897462,914.8682303941539,0.259266670043385,0.7217043256121828,0.259266670043385,0.0,True
1047,0.01577200098392042,0.5811379589682335,0.5811379589682335,0.5068280558178225,0.5068280558178225,574.1064451232819,907.2953240291204,0.26264939828453965,0.7176330564041024,0.26264939828453965,0.0,True
1048,0.015693140979000816,0.5811379589682335,0.5811379589682335,0.5068280558178225,0.5068280558178225,574.1064451232819,907.2953240291204,0.26264939828453965,0.7176330564041024,0.26264939828453965,0.0,True
1049,0.01561467527410581,0.5811379589682335,0.5811379589682335,0.5068280558178225,0.5068280558178225,574.1064451232819,907.2953240291204,0.26264939828453965,0.7176330564041024,0.26264939828453965,0.0,True
1050,0.01553660189773528,0.5811379589682335,0.5811379589682335,0.5068280558178225,0.5068280558178225,574.1064451232819,907.2953240291204,0.26264939828453965,0.7176330564041024,0.26264939828453965,0.0,True
1051,0.015458918888246605,0.5811379589682335,0.5811379589682335,0.5068280558178225,0.5068280558178225,574.1064451232819,907.2953240291204,0.26264939828453965,0.7176330564041024,0.26264939828453965,0.0,True
1052,0.015381624293805372,0.5690793686057515,0.5690793686057515,0.5068280558178225,0.5068280558178225,567.0644210555819,915.1143020698739,0.2429933339403914,0.7088305263194773,0.2429933339403914,0.0,True
1053,0.015304716172336346,0.5690793686057515,0.5690793686057515,0.5068280558178225,0.5068280558178225,567.0644210555819,915.1143020698739,0.2429933339403914,0.7088305263194773,0.2429933339403914,0.0,True
1054,0.015228192591474664,0.6133673414158025,0.6133673414158025,0.5068280558178225,0.5068280558178225,594.9978883203148,907.0220330414398,0.30914729711842365,0.7437473604003935,0.30914729711842365,0.0,True
1055,0.01515205162851729,0.5545478974744886,0.5545478974744886,0.5068280558178225,0.5068280558178225,555.9137786053276,911.5652300583129,0.22707780398275676,0.6948922232566594,0.22707780398275676,0.0,True
1056,0.015076291370374703,0.5545478974744886,0.5545478974744886,0.5068280558178225,0.5068280558178225,555.9137786053276,911.5652300583129,0.22707780398275676,0.6948922232566594,0.22707780398275676,0.0,True
1057,0.01500090991352283,0.5545478974744886,0.5545478974744886,0.5068280558178225,0.5068280558178225,555.9137786053276,911.5652300583129,0.22707780398275676,0.6948922232566594,0.22707780398275676,0.0,True
1058,0.014925905363955216,0.5545478974744886,0.5545478974744886,0.5068280558178225,0.5068280558178225,555.9137786053276,911.5652300583129,0.22707780398275676,0.6948922232566594,0.22707780398275676,0.0,True
1059,0.01485127583713544,0.5545478974744886,0.5545478974744886,0.5068280558178225,0.5068280558178225,555.9137786053276,911.5652300583129,0.22707780398275676,0.6948922232566594,0.22707780398275676,0.0,True
1060,0.014777019457949762,0.5545478974744886,0.5545478974744886,0.5068280558178225,0.5068280558178225,555.9137786053276,911.5652300583129,0.22707780398275676,0.6948922232566594,0.22707780398275676,0.0,True
1061,0.014703134360660014,0.5668855057842921,0.5668855057842921,0.5068280558178225,0.5068280558178225,564.2142954212949,906.9668433056152,0.24399332430219697,0.7052678692766186,0.24399332430219697,0.0,True
1062,0.014629618688856713,0.5668855057842921,0.5668855057842921,0.5068280558178225,0.5068280558178225,564.2142954212949,906.9668433056152,0.24399332430219697,0.7052678692766186,0.24399332430219697,0.0,True
1063,0.01455647059541243,0.5582762121618795,0.5582762121618795,0.5068280558178225,0.5068280558178225,558.0606597126163,909.4025453197946,0.2332437830444678,0.6975758246407703,0.2332437830444678,0.0,True
1064,0.014483688242435367,0.5582762121618795,0.5582762121618795,0.5068280558178225,0.5068280558178225,558.0606597126163,909.4025453197946,0.2332437830444678,0.6975758246407703,0.2332437830444678,0.0,True
1065,0.01441126980122319,0.5582762121618795,0.5582762121618795,0.5068280558178225,0.5068280558178225,558.0606597126163,909.4025453197946,0.2332437830444678,0.6975758246407703,0.2332437830444678,0.0,True
1066,0.014339213452217073,0.5582762121618795,0.5582762121618795,0.5068280558178225,0.5068280558178225,558.0606597126163,909.4025453197946,0.2332437830444678,0.6975758246407703,0.2332437830444678,0.0,True
1067,0.014267517384955988,0.5582762121618795,0.5582762121618795,0.5068280558178225,0.5068280558178225,558.0606597126163,909.4025453197946,0.2332437830444678,0.6975758246407703,0.2332437830444678,0.0,True
1068,0.014196179798031207,0.5598780931102372,0.5598780931102372,0.5068280558178225,0.5068280558178225,558.8426845411581,907.7696097431404,0.23630248045574606,0.6985533556764476,0.23630248045574606,0.0,True
1069,0.01412519889904105,0.5744345356653964,0.5744345356653964,0.5068280558178225,0.5068280558178225,568.5003984795653,903.2330442420622,0.25665562331925607,0.7106254980994566,0.25665562331925607,0.0,True
1070,0.014054572904545844,0.5712249814332995,0.5712249814332995,0.5068280558178225,0.5068280558178225,562.9271070075256,890.3134899855459,0.2622125426723819,0.703658883759407,0.2622125426723819,0.0,True
1071,0.013984300040023115,0.5687638573359519,0.5687638573359519,0.5068280558178225,0.5068280558178225,559.0145097406464,881.9285239793946,0.2654205377096211,0.698768137175808,0.2654205377096211,0.0,True
1072,0.013914378539822999,0.5738754347369677,0.5738754347369677,0.5068280558178225,0.5068280558178225,562.0311501266714,880.7022322218213,0.27366059458710085,0.7025389376583392,0.27366059458710085,0.0,True
1073,0.013844806647123883,0.5738754347369677,0.5738754347369677,0.5068280558178225,0.5068280558178225,562.0311501266714,880.7022322218213,0.27366059458710085,0.7025389376583392,0.27366059458710085,0.0,True
1074,0.013775582613888265,0.560620955997375,0.560620955997375,0.5068280558178225,0.5068280558178225,556.4894164582432,893.4769528082013,0.2456423886547077,0.695611770572804,0.2456423886547077,0.0,True
1075,0.013706704700818823,0.560620955997375,0.560620955997375,0.5068280558178225,0.5068280558178225,556.4894164582432,893.4769528082013,0.2456423886547077,0.695611770572804,0.2456423886547077,0.0,True
1076,0.01363817117731473,0.566907863222401,0.566907863222401,0.5068280558178225,0.5068280558178225,559.8399261522216,889.6584963700343,0.256826426130691,0.6997999076902769,0.256826426130691,0.0,True
1077,0.013569980321428156,0.566907863222401,0.566907863222401,0.5068280558178225,0.5068280558178225,559.8399261522216,889.6584963700343,0.256826426130691,0.6997999076902769,0.256826426130691,0.0,True
1078,0.013502130419821014,0.566907863222401,0.566907863222401,0.5068280558178225,0.5068280558178225,559.8399261522216,889.6584963700343,0.256826426130691,0.6997999076902769,0.256826426130691,0.0,True
1079,0.013434619767721909,0.566907863222401,0.566907863222401,0.5068280558178225,0.5068280558178225,559.8399261522216,889.6584963700343,0.256826426130691,0.6997999076902769,0.256826426130691,0.0,True
1080,0.0133674466688833,0.566907863222401,0.566907863222401,0.5068280558178225,0.5068280558178225,559.8399261522216,889.6584963700343,0.256826426130691,0.6997999076902769,0.256826426130691,0.0,True
1081,0.013300609435538882,0.566907863222401,0.566907863222401,0.5068280558178225,0.5068280558178225,559.8399261522216,889.6584963700343,0.256826426130691,0.6997999076902769,0.256826426130691,0.0,True
1082,0.013234106388361188,0.566907863222401,0.566907863222401,0.5068280558178225,0.5068280558178225,559.8399261522216,889.6584963700343,0.256826426130691,0.6997999076902769,0.256826426130691,0.0,True
1083,0.013167935856419382,0.5541318389229779,0.5541318389229779,0.5068280558178225,0.5068280558178225,552.0742074953839,896.7854361964918,0.23688969121505674,0.6900927593692299,0.23688969121505674,0.0,True
1084,0.013102096177137285,0.5541318389229779,0.5541318389229779,0.5068280558178225,0.5068280558178225,552.0742074953839,896.7854361964918,0.23688969121505674,0.6900927593692299,0.23688969121505674,0.0,True
1085,0.013036585696251598,0.5541318389229779,0.5541318389229779,0.5068280558178225,0.5068280558178225,552.0742074953839,896.7854361964918,0.23688969121505674,0.6900927593692299,0.23688969121505674,0.0,True
1086,0.01297140276777034,0.6037362433932587,0.6037362433932587,0.5068280558178225,0.5068280558178225,586.596166376456,899.7729470436007,0.3015486593795324,0.73324520797057,0.3015486593795324,0.0,True
1087,0.012906545753931489,0.5514938458656096,0.5514938458656096,0.5068280558178225,0.5068280558178225,547.7081503127839,883.5186348219535,0.24083071447307897,0.6846351878909799,0.24083071447307897,0.0,True
1088,0.01284201302516183,0.5514938458656096,0.5514938458656096,0.5068280558178225,0.5068280558178225,547.7081503127839,883.5186348219535,0.24083071447307897,0.6846351878909799,0.24083071447307897,0.0,True
1089,0.01277780296003602,0.5569506830138096,0.5569506830138096,0.5068280558178225,0.5068280558178225,553.2206351479613,890.6212412735708,0.24294209086447832,0.6915257939349516,0.24294209086447832,0.0,True
1090,0.012713913945235841,0.5608409613517581,0.5608409613517581,0.5068280558178225,0.5068280558178225,553.8951737838065,882.7152957247669,0.25394228096975807,0.6923689672297582,0.25394228096975807,0.0,True
1091,0.012650344375509662,0.5458333688685177,0.5458333688685177,0.5068280558178225,0.5068280558178225,542.6733114164072,877.8817880049021,0.23664740459720515,0.678341639270509,0.23664740459720515,0.0,True
1092,0.012587092653632115,0.5458333688685177,0.5458333688685177,0.5068280558178225,0.5068280558178225,542.6733114164072,877.8817880049021,0.23664740459720515,0.678341639270509,0.23664740459720515,0.0,True
1093,0.012524157190363955,0.5458333688685177,0.5458333688685177,0.5068280558178225,0.5068280558178225,542.6733114164072,877.8817880049021,0.23664740459720515,0.678341639270509,0.23664740459720515,0.0,True
1094,0.012461536404412134,0.5458333688685177,0.5458333688685177,0.5068280558178225,0.5068280558178225,542.6733114164072,877.8817880049021,0.23664740459720515,0.678341639270509,0.23664740459720515,0.0,True
1095,0.012399228722390073,0.5458333688685177,0.5458333688685177,0.5068280558178225,0.5068280558178225,542.6733114164072,877.8817880049021,0.23664740459720515,0.678341639270509,0.23664740459720515,0.0,True
1096,0.012337232578778123,0.5557106721787313,0.5557106721787313,0.5068280558178225,0.5068280558178225,547.8968172540644,872.8407576897869,0.2543365236047499,0.6848710215675805,0.2543365236047499,0.0,True
1097,0.012275546415884232,0.5557106721787313,0.5557106721787313,0.5068280558178225,0.5068280558178225,547.8968172540644,872.8407576897869,0.2543365236047499,0.6848710215675805,0.2543365236047499,0.0,True
1098,0.01221416868380481,0.550690066286394,0.550690066286394,0.5068280558178225,0.5068280558178225,545.6780510591158,876.4311657057199,0.24407257203222565,0.6820975638238947,0.24407257203222565,0.0,True
1099,0.012153097840385787,0.550690066286394,0.550690066286394,0.5068280558178225,0.5068280558178225,545.6780510591158,876.4311657057199,0.24407257203222565,0.6820975638238947,0.24407257203222565,0.0,True
1100,0.012092332351183857,0.550690066286394,0.550690066286394,0.5068280558178225,0.5068280558178225,545.6780510591158,876.4311657057199,0.24407257203222565,0.6820975638238947,0.24407257203222565,0.0,True
1101,0.012031870689427938,0.550690066286394,0.550690066286394,0.5068280558178225,0.5068280558178225,545.6780510591158,876.4311657057199,0.24407257203222565,0.6820975638238947,0.24407257203222565,0.0,True
1102,0.011971711335980798,0.550690066286394,0.550690066286394,0.5068280558178225,0.5068280558178225,545.6780510591158,876.4311657057199,0.24407257203222565,0.6820975638238947,0.24407257203222565,0.0,True
1103,0.011911852779300893,0.550690066286394,0.550690066286394,0.5068280558178225,0.5068280558178225,545.6780510591158,876.4311657057199,0.24407257203222565,0.6820975638238947,0.24407257203222565,0.0,True
1104,0.01185229351540439,0.550690066286394,0.550690066286394,0.5068280558178225,0.5068280558178225,545.6780510591158,876.4311657057199,0.24407257203222565,0.6820975638238947,0.24407257203222565,0.0,True
1105,0.011793032047827367,0.550690066286394,0.550690066286394,0.5068280558178225,0.5068280558178225,545.6780510591158,876.4311657057199,0.24407257203222565,0.6820975638238947,0.24407257203222565,0.0,True
1106,0.01173406688758823,0.550690066286394,0.550690066286394,0.5068280558178225,0.5068280558178225,545.6780510591158,876.4311657057199,0.24407257203222565,0.6820975638238947,0.24407257203222565,0.0,True
1107,0.011675396553150289,0.561356883350755,0.561356883350755,0.5068280558178225,0.5068280558178225,551.546250410598,872.5768764671268,0.262513047471606,0.6894328130132474,0.262513047471606,0.0,True
1108,0.011617019570384537,0.561356883350755,0.561356883350755,0.5068280558178225,0.5068280558178225,551.546250410598,872.5768764671268,0.262513047471606,0.6894328130132474,0.262513047471606,0.0,True
1109,0.011558934472532615,0.5704882953170416,0.5704882953170416,0.5068280558178225,0.5068280558178225,558.0287933448144,874.6534891552703,0.27404367046776335,0.697535991681018,0.27404367046776335,0.0,True
1110,0.011501139800169952,0.556698495657233,0.556698495657233,0.5068280558178225,0.5068280558178225,548.22759932233,870.2032375211336,0.2566644875006476,0.6852844991529125,0.2566644875006476,0.0,True
1111,0.011443634101169102,0.5417494685606471,0.5417494685606471,0.5068280558178225,0.5068280558178225,537.8984806572497,870.1252512229456,0.23696099328517872,0.6723731008215621,0.23696099328517872,0.0,True
1112,0.011386415930663257,0.5417494685606471,0.5417494685606471,0.5068280558178225,0.5068280558178225,537.8984806572497,870.1252512229456,0.23696099328517872,0.6723731008215621,0.23696099328517872,0.0,True
1113,0.011329483851009941,0.5417494685606471,0.5417494685606471,0.5068280558178225,0.5068280558178225,537.8984806572497,870.1252512229456,0.23696099328517872,0.6723731008215621,0.23696099328517872,0.0,True
1114,0.011272836431754892,0.5417494685606471,0.5417494685606471,0.5068280558178225,0.5068280558178225,537.8984806572497,870.1252512229456,0.23696099328517872,0.6723731008215621,0.23696099328517872,0.0,True
1115,0.011216472249596118,0.5417494685606471,0.5417494685606471,0.5068280558178225,0.5068280558178225,537.8984806572497,870.1252512229456,0.23696099328517872,0.6723731008215621,0.23696099328517872,0.0,True
1116,0.011160389888348138,0.5417494685606471,0.5417494685606471,0.5068280558178225,0.5068280558178225,537.8984806572497,870.1252512229456,0.23696099328517872,0.6723731008215621,0.23696099328517872,0.0,True
1117,0.011104587938906398,0.5448804986842293,0.5448804986842293,0.5068280558178225,0.5068280558178225,542.6672712618348,880.8402506260462,0.2334887877670795,0.6783340890772935,0.2334887877670795,0.0,True
1118,0.011049064999211865,0.5448804986842293,0.5448804986842293,0.5068280558178225,0.5068280558178225,542.6672712618348,880.8402506260462,0.2334887877670795,0.6783340890772935,0.2334887877670795,0.0,True
1119,0.010993819674215805,0.5448804986842293,0.5448804986842293,0.5068280558178225,0.5068280558178225,542.6672712618348,880.8402506260462,0.2334887877670795,0.6783340890772935,0.2334887877670795,0.0,True
1120,0.010938850575844726,0.5448804986842293,0.5448804986842293,0.5068280558178225,0.5068280558178225,542.6672712618348,880.8402506260462,0.2334887877670795,0.6783340890772935,0.2334887877670795,0.0,True
1121,0.010884156322965502,0.5448804986842293,0.5448804986842293,0.5068280558178225,0.5068280558178225,542.6672712618348,880.8402506260462,0.2334887877670795,0.6783340890772935,0.2334887877670795,0.0,True
1122,0.010829735541350674,0.5448804986842293,0.5448804986842293,0.5068280558178225,0.5068280558178225,542.6672712618348,880.8402506260462,0.2334887877670795,0.6783340890772935,0.2334887877670795,0.0,True
1123,0.01077558686364392,0.5492557574177465,0.5492557574177465,0.5068280558178225,0.5068280558178225,543.5392743612825,871.9683845668321,0.24552964117208087,0.6794240929516032,0.24552964117208087,0.0,True
1124,0.010721708929325701,0.5492557574177465,0.5492557574177465,0.5068280558178225,0.5068280558178225,543.5392743612825,871.9683845668321,0.24552964117208087,0.6794240929516032,0.24552964117208087,0.0,True
1125,0.010668100384679073,0.5492557574177465,0.5492557574177465,0.5068280558178225,0.5068280558178225,543.5392743612825,871.9683845668321,0.24552964117208087,0.6794240929516032,0.24552964117208087,0.0,True
1126,0.010614759882755677,0.5492557574177465,0.5492557574177465,0.5068280558178225,0.5068280558178225,543.5392743612825,871.9683845668321,0.24552964117208087,0.6794240929516032,0.24552964117208087,0.0,True
1127,0.010561686083341898,0.5492557574177465,0.5492557574177465,0.5068280558178225,0.5068280558178225,543.5392743612825,871.9683845668321,0.24552964117208087,0.6794240929516032,0.24552964117208087,0.0,True
1128,0.01050887765292519,0.5665753183696692,0.5665753183696692,0.5068280558178225,0.5068280558178225,555.4939508810478,874.4899496845231,0.2683937044958413,0.6943674386013098,0.2683937044958413,0.0,True
1129,0.010456333264660564,0.5665753183696692,0.5665753183696692,0.5068280558178225,0.5068280558178225,555.4939508810478,874.4899496845231,0.2683937044958413,0.6943674386013098,0.2683937044958413,0.0,True
1130,0.010404051598337261,0.5665753183696692,0.5665753183696692,0.5068280558178225,0.5068280558178225,555.4939508810478,874.4899496845231,0.2683937044958413,0.6943674386013098,0.2683937044958413,0.0,True
1131,0.010352031340345574,0.5522472625913707,0.5522472625913707,0.5068280558178225,0.5068280558178225,550.1987480569339,890.1688044695057,0.23607786013851156,0.6877484350711675,0.23607786013851156,0.0,True
1132,0.010300271183643846,0.5522472625913707,0.5522472625913707,0.5068280558178225,0.5068280558178225,550.1987480569339,890.1688044695057,0.23607786013851156,0.6877484350711675,0.23607786013851156,0.0,True
1133,0.010248769827725627,0.5522472625913707,0.5522472625913707,0.5068280558178225,0.5068280558178225,550.1987480569339,890.1688044695057,0.23607786013851156,0.6877484350711675,0.23607786013851156,0.0,True
1134,0.010197525978586999,0.5522472625913707,0.5522472625913707,0.5068280558178225,0.5068280558178225,550.1987480569339,890.1688044695057,0.23607786013851156,0.6877484350711675,0.23607786013851156,0.0,True
1135,0.010146538348694063,0.5522472625913707,0.5522472625913707,0.5068280558178225,0.5068280558178225,550.1987480569339,890.1688044695057,0.23607786013851156,0.6877484350711675,0.23607786013851156,0.0,True
1136,0.010095805656950592,0.5522472625913707,0.5522472625913707,0.5068280558178225,0.5068280558178225,550.1987480569339,890.1688044695057,0.23607786013851156,0.6877484350711675,0.23607786013851156,0.0,True
1137,0.010045326628665838,0.5522472625913707,0.5522472625913707,0.5068280558178225,0.5068280558178225,550.1987480569339,890.1688044695057,0.23607786013851156,0.6877484350711675,0.23607786013851156,0.0,True
1138,0.009995099995522509,0.5522472625913707,0.5522472625913707,0.5068280558178225,0.5068280558178225,550.1987480569339,890.1688044695057,0.23607786013851156,0.6877484350711675,0.23607786013851156,0.0,True
1139,0.009945124495544896,0.5522472625913707,0.5522472625913707,0.5068280558178225,0.5068280558178225,550.1987480569339,890.1688044695057,0.23607786013851156,0.6877484350711675,0.23607786013851156,0.0,True
1140,0.009895398873067172,0.5498744834616599,0.5498744834616599,0.5068280558178225,0.5068280558178225,549.7789761514894,898.5124604571256,0.22939293109702225,0.6872237201893617,0.22939293109702225,0.0,True
1141,0.009845921878701836,0.5498744834616599,0.5498744834616599,0.5068280558178225,0.5068280558178225,549.7789761514894,898.5124604571256,0.22939293109702225,0.6872237201893617,0.22939293109702225,0.0,True
1142,0.009796692269308327,0.5498744834616599,0.5498744834616599,0.5068280558178225,0.5068280558178225,549.7789761514894,898.5124604571256,0.22939293109702225,0.6872237201893617,0.22939293109702225,0.0,True
1143,0.009747708807961785,0.5498744834616599,0.5498744834616599,0.5068280558178225,0.5068280558178225,549.7789761514894,898.5124604571256,0.22939293109702225,0.6872237201893617,0.22939293109702225,0.0,True
1144,0.009698970263921976,0.5642587727790884,0.5642587727790884,0.5068280558178225,0.5068280558178225,558.6052181079076,891.8852905396878,0.25159735644889775,0.6982565226348845,0.25159735644889775,0.0,True
1145,0.009650475412602366,0.5642587727790884,0.5642587727790884,0.5068280558178225,0.5068280558178225,558.6052181079076,891.8852905396878,0.25159735644889775,0.6982565226348845,0.25159735644889775,0.0,True
1146,0.009602223035539354,0.5642587727790884,0.5642587727790884,0.5068280558178225,0.5068280558178225,558.6052181079076,891.8852905396878,0.25159735644889775,0.6982565226348845,0.25159735644889775,0.0,True
1147,0.009554211920361658,0.5642587727790884,0.5642587727790884,0.5068280558178225,0.5068280558178225,558.6052181079076,891.8852905396878,0.25159735644889775,0.6982565226348845,0.25159735644889775,0.0,True
1148,0.00950644086075985,0.5642587727790884,0.5642587727790884,0.5068280558178225,0.5068280558178225,558.6052181079076,891.8852905396878,0.25159735644889775,0.6982565226348845,0.25159735644889775,0.0,True
1149,0.009458908656456051,0.5860374820089012,0.5860374820089012,0.5068280558178225,0.5068280558178225,567.1542088429305,872.192754228734,0.2992584975711233,0.7089427610536632,0.2992584975711233,0.0,True
1150,0.009411614113173771,0.5827154396576553,0.5827154396576553,0.5068280558178225,0.5068280558178225,564.1672433845858,869.1526117089662,0.29689700565380894,0.7052090542307323,0.29689700565380894,0.0,True
1151,0.009364556042607903,0.5827154396576553,0.5827154396576553,0.5068280558178225,0.5068280558178225,564.1672433845858,869.1526117089662,0.29689700565380894,0.7052090542307323,0.29689700565380894,0.0,True
1152,0.009317733262394863,0.557987532401259,0.557987532401259,0.5068280558178225,0.5068280558178225,550.3737785228925,876.4504916815581,0.2547015873124271,0.6879672231536156,0.2547015873124271,0.0,True
1153,0.009271144596082888,0.5438000960760732,0.5438000960760732,0.5068280558178225,0.5068280558178225,540.6931461337974,875.7105971132204,0.23564531069666825,0.6758664326672468,0.23564531069666825,0.0,True
1154,0.009224788873102473,0.5438000960760732,0.5438000960760732,0.5068280558178225,0.5068280558178225,540.6931461337974,875.7105971132204,0.23564531069666825,0.6758664326672468,0.23564531069666825,0.0,True
1155,0.00917866492873696,0.5438000960760732,0.5438000960760732,0.5068280558178225,0.5068280558178225,540.6931461337974,875.7105971132204,0.23564531069666825,0.6758664326672468,0.23564531069666825,0.0,True
1156,0.009132771604093275,0.5436907575146459,0.5436907575146459,0.5068280558178225,0.5068280558178225,543.2356045821666,889.7351601586812,0.2278653450175005,0.6790445057277082,0.2278653450175005,0.0,True
1157,0.009087107746072808,0.5436907575146459,0.5436907575146459,0.5068280558178225,0.5068280558178225,543.2356045821666,889.7351601586812,0.2278653450175005,0.6790445057277082,0.2278653450175005,0.0,True
1158,0.009041672207342444,0.5436907575146459,0.5436907575146459,0.5068280558178225,0.5068280558178225,543.2356045821666,889.7351601586812,0.2278653450175005,0.6790445057277082,0.2278653450175005,0.0,True
1159,0.008996463846305732,0.5436907575146459,0.5436907575146459,0.5068280558178225,0.5068280558178225,543.2356045821666,889.7351601586812,0.2278653450175005,0.6790445057277082,0.2278653450175005,0.0,True
1160,0.008951481527074203,0.5436907575146459,0.5436907575146459,0.5068280558178225,0.5068280558178225,543.2356045821666,889.7351601586812,0.2278653450175005,0.6790445057277082,0.2278653450175005,0.0,True
1161,0.008906724119438832,0.5436907575146459,0.5436907575146459,0.5068280558178225,0.5068280558178225,543.2356045821666,889.7351601586812,0.2278653450175005,0.6790445057277082,0.2278653450175005,0.0,True
1162,0.008862190498841637,0.5436907575146459,0.5436907575146459,0.5068280558178225,0.5068280558178225,543.2356045821666,889.7351601586812,0.2278653450175005,0.6790445057277082,0.2278653450175005,0.0,True
1163,0.008817879546347428,0.5436907575146459,0.5436907575146459,0.5068280558178225,0.5068280558178225,543.2356045821666,889.7351601586812,0.2278653450175005,0.6790445057277082,0.2278653450175005,0.0,True
1164,0.008773790148615691,0.5436907575146459,0.5436907575146459,0.5068280558178225,0.5068280558178225,543.2356045821666,889.7351601586812,0.2278653450175005,0.6790445057277082,0.2278653450175005,0.0,True
1165,0.008729921197872612,0.5436907575146459,0.5436907575146459,0.5068280558178225,0.5068280558178225,543.2356045821666,889.7351601586812,0.2278653450175005,0.6790445057277082,0.2278653450175005,0.0,True
1166,0.00868627159188325,0.5436907575146459,0.5436907575146459,0.5068280558178225,0.5068280558178225,543.2356045821666,889.7351601586812,0.2278653450175005,0.6790445057277082,0.2278653450175005,0.0,True
1167,0.008642840233923834,0.5436907575146459,0.5436907575146459,0.5068280558178225,0.5068280558178225,543.2356045821666,889.7351601586812,0.2278653450175005,0.6790445057277082,0.2278653450175005,0.0,True
1168,0.008599626032754215,0.5436907575146459,0.5436907575146459,0.5068280558178225,0.5068280558178225,543.2356045821666,889.7351601586812,0.2278653450175005,0.6790445057277082,0.2278653450175005,0.0,True
1169,0.008556627902590444,0.5436907575146459,0.5436907575146459,0.5068280558178225,0.5068280558178225,543.2356045821666,889.7351601586812,0.2278653450175005,0.6790445057277082,0.2278653450175005,0.0,True
1170,0.008513844763077491,0.5436907575146459,0.5436907575146459,0.5068280558178225,0.5068280558178225,543.2356045821666,889.7351601586812,0.2278653450175005,0.6790445057277082,0.2278653450175005,0.0,True
1171,0.008471275539262104,0.5436907575146459,0.5436907575146459,0.5068280558178225,0.5068280558178225,543.2356045821666,889.7351601586812,0.2278653450175005,0.6790445057277082,0.2278653450175005,0.0,True
1172,0.008428919161565794,0.5436907575146459,0.5436907575146459,0.5068280558178225,0.5068280558178225,543.2356045821666,889.7351601586812,0.2278653450175005,0.6790445057277082,0.2278653450175005,0.0,True
1173,0.008386774565757964,0.5436907575146459,0.5436907575146459,0.5068280558178225,0.5068280558178225,543.2356045821666,889.7351601586812,0.2278653450175005,0.6790445057277082,0.2278653450175005,0.0,True
1174,0.008344840692929175,0.5436907575146459,0.5436907575146459,0.5068280558178225,0.5068280558178225,543.2356045821666,889.7351601586812,0.2278653450175005,0.6790445057277082,0.2278653450175005,0.0,True
1175,0.008303116489464529,0.5436907575146459,0.5436907575146459,0.5068280558178225,0.5068280558178225,543.2356045821666,889.7351601586812,0.2278653450175005,0.6790445057277082,0.2278653450175005,0.0,True
1176,0.008261600907017207,0.5436907575146459,0.5436907575146459,0.5068280558178225,0.5068280558178225,543.2356045821666,889.7351601586812,0.2278653450175005,0.6790445057277082,0.2278653450175005,0.0,True
1177,0.00822029290248212,0.5436907575146459,0.5436907575146459,0.5068280558178225,0.5068280558178225,543.2356045821666,889.7351601586812,0.2278653450175005,0.6790445057277082,0.2278653450175005,0.0,True
1178,0.00817919143796971,0.5436907575146459,0.5436907575146459,0.5068280558178225,0.5068280558178225,543.2356045821666,889.7351601586812,0.2278653450175005,0.6790445057277082,0.2278653450175005,0.0,True
1179,0.00813829548077986,0.5453940028573052,0.5453940028573052,0.5068280558178225,0.5068280558178225,544.3726900458274,889.3136319101218,0.23022633022402073,0.6804658625572843,0.23022633022402073,0.0,True
1180,0.00809760400337596,0.5453940028573052,0.5453940028573052,0.5068280558178225,0.5068280558178225,544.3726900458274,889.3136319101218,0.23022633022402073,0.6804658625572843,0.23022633022402073,0.0,True
1181,0.00805711598335908,0.5312955294145846,0.5312955294145846,0.5068280558178225,0.5068280558178225,529.0592949876894,864.4917400564447,0.2278954876678543,0.6613241187346118,0.2278954876678543,0.0,True
1182,0.008016830403442284,0.5312955294145846,0.5312955294145846,0.5068280558178225,0.5068280558178225,529.0592949876894,864.4917400564447,0.2278954876678543,0.6613241187346118,0.2278954876678543,0.0,True
1183,0.007976746251425072,0.5312955294145846,0.5312955294145846,0.5068280558178225,0.5068280558178225,529.0592949876894,864.4917400564447,0.2278954876678543,0.6613241187346118,0.2278954876678543,0.0,True
1184,0.007936862520167946,0.5312955294145846,0.5312955294145846,0.5068280558178225,0.5068280558178225,529.0592949876894,864.4917400564447,0.2278954876678543,0.6613241187346118,0.2278954876678543,0.0,True
1185,0.007897178207567107,0.5312955294145846,0.5312955294145846,0.5068280558178225,0.5068280558178225,529.0592949876894,864.4917400564447,0.2278954876678543,0.6613241187346118,0.2278954876678543,0.0,True
1186,0.007857692316529271,0.5312955294145846,0.5312955294145846,0.5068280558178225,0.5068280558178225,529.0592949876894,864.4917400564447,0.2278954876678543,0.6613241187346118,0.2278954876678543,0.0,True
1187,0.007818403854946625,0.5312955294145846,0.5312955294145846,0.5068280558178225,0.5068280558178225,529.0592949876894,864.4917400564447,0.2278954876678543,0.6613241187346118,0.2278954876678543,0.0,True
1188,0.0077793118356718925,0.5312955294145846,0.5312955294145846,0.5068280558178225,0.5068280558178225,529.0592949876894,864.4917400564447,0.2278954876678543,0.6613241187346118,0.2278954876678543,0.0,True
1189,0.007740415276493533,0.5312955294145846,0.5312955294145846,0.5068280558178225,0.5068280558178225,529.0592949876894,864.4917400564447,0.2278954876678543,0.6613241187346118,0.2278954876678543,0.0,True
1190,0.0077017132001110655,0.5312955294145846,0.5312955294145846,0.5068280558178225,0.5068280558178225,529.0592949876894,864.4917400564447,0.2278954876678543,0.6613241187346118,0.2278954876678543,0.0,True
1191,0.0076632046341105105,0.5312955294145846,0.5312955294145846,0.5068280558178225,0.5068280558178225,529.0592949876894,864.4917400564447,0.2278954876678543,0.6613241187346118,0.2278954876678543,0.0,True
1192,0.007624888610939958,0.5315382921217734,0.5315382921217734,0.5068280558178225,0.5068280558178225,529.3363936625977,864.9224290059926,0.22789649222333472,0.6616704920782471,0.22789649222333472,0.0,True
1193,0.007586764167885258,0.5315382921217734,0.5315382921217734,0.5068280558178225,0.5068280558178225,529.3363936625977,864.9224290059926,0.22789649222333472,0.6616704920782471,0.22789649222333472,0.0,True
1194,0.007548830347045832,0.5315382921217734,0.5315382921217734,0.5068280558178225,0.5068280558178225,529.3363936625977,864.9224290059926,0.22789649222333472,0.6616704920782471,0.22789649222333472,0.0,True
1195,0.007511086195310602,0.5315382921217734,0.5315382921217734,0.5068280558178225,0.5068280558178225,529.3363936625977,864.9224290059926,0.22789649222333472,0.6616704920782471,0.22789649222333472,0.0,True
1196,0.007473530764334049,0.5315382921217734,0.5315382921217734,0.5068280558178225,0.5068280558178225,529.3363936625977,864.9224290059926,0.22789649222333472,0.6616704920782471,0.22789649222333472,0.0,True
1197,0.007436163110512379,0.5315382921217734,0.5315382921217734,0.5068280558178225,0.5068280558178225,529.3363936625977,864.9224290059926,0.22789649222333472,0.6616704920782471,0.22789649222333472,0.0,True
1198,0.007398982294959817,0.5315382921217734,0.5315382921217734,0.5068280558178225,0.5068280558178225,529.3363936625977,864.9224290059926,0.22789649222333472,0.6616704920782471,0.22789649222333472,0.0,True
1199,0.007361987383485018,0.5315382921217734,0.5315382921217734,0.5068280558178225,0.5068280558178225,529.3363936625977,864.9224290059926,0.22789649222333472,0.6616704920782471,0.22789649222333472,0.0,True
1200,0.007325177446567592,0.5315382921217734,0.5315382921217734,0.5068280558178225,0.5068280558178225,529.3363936625977,864.9224290059926,0.22789649222333472,0.6616704920782471,0.22789649222333472,0.0,True
1201,0.007288551559334755,0.5315382921217734,0.5315382921217734,0.5068280558178225,0.5068280558178225,529.3363936625977,864.9224290059926,0.22789649222333472,0.6616704920782471,0.22789649222333472,0.0,True
1202,0.007252108801538081,0.5315382921217734,0.5315382921217734,0.5068280558178225,0.5068280558178225,529.3363936625977,864.9224290059926,0.22789649222333472,0.6616704920782471,0.22789649222333472,0.0,True
1203,0.007215848257530391,0.5381527122596486,0.5381527122596486,0.5068280558178225,0.5068280558178225,533.2956996407615,861.961284796629,0.2383965835799406,0.6666196245509519,0.2383965835799406,0.0,True
1204,0.007179769016242739,0.5381527122596486,0.5381527122596486,0.5068280558178225,0.5068280558178225,533.2956996407615,861.961284796629,0.2383965835799406,0.6666196245509519,0.2383965835799406,0.0,True
1205,0.007143870171161525,0.5381527122596486,0.5381527122596486,0.5068280558178225,0.5068280558178225,533.2956996407615,861.961284796629,0.2383965835799406,0.6666196245509519,0.2383965835799406,0.0,True
1206,0.007108150820305717,0.5381527122596486,0.5381527122596486,0.5068280558178225,0.5068280558178225,533.2956996407615,861.961284796629,0.2383965835799406,0.6666196245509519,0.2383965835799406,0.0,True
1207,0.007072610066204189,0.5381527122596486,0.5381527122596486,0.5068280558178225,0.5068280558178225,533.2956996407615,861.961284796629,0.2383965835799406,0.6666196245509519,0.2383965835799406,0.0,True
1208,0.007037247015873168,0.5343647295561846,0.5343647295561846,0.5068280558178225,0.5068280558178225,531.5124783174914,865.6128366390021,0.23097103676126554,0.6643905978968643,0.23097103676126554,0.0,True
1209,0.007002060780793802,0.5343647295561846,0.5343647295561846,0.5068280558178225,0.5068280558178225,531.5124783174914,865.6128366390021,0.23097103676126554,0.6643905978968643,0.23097103676126554,0.0,True
1210,0.006967050476889833,0.5343647295561846,0.5343647295561846,0.5068280558178225,0.5068280558178225,531.5124783174914,865.6128366390021,0.23097103676126554,0.6643905978968643,0.23097103676126554,0.0,True
1211,0.006932215224505384,0.5343647295561846,0.5343647295561846,0.5068280558178225,0.5068280558178225,531.5124783174914,865.6128366390021,0.23097103676126554,0.6643905978968643,0.23097103676126554,0.0,True
1212,0.006897554148382857,0.5343647295561846,0.5343647295561846,0.5068280558178225,0.5068280558178225,531.5124783174914,865.6128366390021,0.23097103676126554,0.6643905978968643,0.23097103676126554,0.0,True
1213,0.006863066377640943,0.5343647295561846,0.5343647295561846,0.5068280558178225,0.5068280558178225,531.5124783174914,865.6128366390021,0.23097103676126554,0.6643905978968643,0.23097103676126554,0.0,True
1214,0.0068287510457527385,0.5343647295561846,0.5343647295561846,0.5068280558178225,0.5068280558178225,531.5124783174914,865.6128366390021,0.23097103676126554,0.6643905978968643,0.23097103676126554,0.0,True
1215,0.006794607290523975,0.5343647295561846,0.5343647295561846,0.5068280558178225,0.5068280558178225,531.5124783174914,865.6128366390021,0.23097103676126554,0.6643905978968643,0.23097103676126554,0.0,True
1216,0.006760634254071355,0.5343647295561846,0.5343647295561846,0.5068280558178225,0.5068280558178225,531.5124783174914,865.6128366390021,0.23097103676126554,0.6643905978968643,0.23097103676126554,0.0,True
1217,0.006726831082800998,0.5343647295561846,0.5343647295561846,0.5068280558178225,0.5068280558178225,531.5124783174914,865.6128366390021,0.23097103676126554,0.6643905978968643,0.23097103676126554,0.0,True
1218,0.006693196927386993,0.5343647295561846,0.5343647295561846,0.5068280558178225,0.5068280558178225,531.5124783174914,865.6128366390021,0.23097103676126554,0.6643905978968643,0.23097103676126554,0.0,True
1219,0.006659730942750058,0.5343647295561846,0.5343647295561846,0.5068280558178225,0.5068280558178225,531.5124783174914,865.6128366390021,0.23097103676126554,0.6643905978968643,0.23097103676126554,0.0,True
1220,0.006626432288036307,0.5343647295561846,0.5343647295561846,0.5068280558178225,0.5068280558178225,531.5124783174914,865.6128366390021,0.23097103676126554,0.6643905978968643,0.23097103676126554,0.0,True
1221,0.006593300126596126,0.5343647295561846,0.5343647295561846,0.5068280558178225,0.5068280558178225,531.5124783174914,865.6128366390021,0.23097103676126554,0.6643905978968643,0.23097103676126554,0.0,True
1222,0.006560333625963145,0.5343647295561846,0.5343647295561846,0.5068280558178225,0.5068280558178225,531.5124783174914,865.6128366390021,0.23097103676126554,0.6643905978968643,0.23097103676126554,0.0,True
1223,0.006527531957833329,0.5343647295561846,0.5343647295561846,0.5068280558178225,0.5068280558178225,531.5124783174914,865.6128366390021,0.23097103676126554,0.6643905978968643,0.23097103676126554,0.0,True
1224,0.0064948942980441625,0.5343647295561846,0.5343647295561846,0.5068280558178225,0.5068280558178225,531.5124783174914,865.6128366390021,0.23097103676126554,0.6643905978968643,0.23097103676126554,0.0,True
1225,0.006462419826553941,0.5343647295561846,0.5343647295561846,0.5068280558178225,0.5068280558178225,531.5124783174914,865.6128366390021,0.23097103676126554,0.6643905978968643,0.23097103676126554,0.0,True
1226,0.006430107727421172,0.5343647295561846,0.5343647295561846,0.5068280558178225,0.5068280558178225,531.5124783174914,865.6128366390021,0.23097103676126554,0.6643905978968643,0.23097103676126554,0.0,True
1227,0.006397957188784066,0.5384273716023856,0.5384273716023856,0.5068280558178225,0.5068280558178225,535.7095640929377,871.0077778948262,0.2322716767368836,0.6696369551161722,0.2322716767368836,0.0,True
1228,0.006365967402840145,0.5310934888660589,0.5310934888660589,0.5068280558178225,0.5068280558178225,529.4958279272796,867.0783534522525,0.22594879809896426,0.6618697849090995,0.22594879809896426,0.0,True
1229,0.006334137565825944,0.5310934888660589,0.5310934888660589,0.5068280558178225,0.5068280558178225,529.4958279272796,867.0783534522525,0.22594879809896426,0.6618697849090995,0.22594879809896426,0.0,True
1230,0.006302466877996815,0.5310934888660589,0.5310934888660589,0.5068280558178225,0.5068280558178225,529.4958279272796,867.0783534522525,0.22594879809896426,0.6618697849090995,0.22594879809896426,0.0,True
1231,0.00627095454360683,0.5310934888660589,0.5310934888660589,0.5068280558178225,0.5068280558178225,529.4958279272796,867.0783534522525,0.22594879809896426,0.6618697849090995,0.22594879809896426,0.0,True
1232,0.006239599770888796,0.5310934888660589,0.5310934888660589,0.5068280558178225,0.5068280558178225,529.4958279272796,867.0783534522525,0.22594879809896426,0.6618697849090995,0.22594879809896426,0.0,True
1233,0.006208401772034352,0.5310934888660589,0.5310934888660589,0.5068280558178225,0.5068280558178225,529.4958279272796,867.0783534522525,0.22594879809896426,0.6618697849090995,0.22594879809896426,0.0,True
1234,0.00617735976317418,0.5310934888660589,0.5310934888660589,0.5068280558178225,0.5068280558178225,529.4958279272796,867.0783534522525,0.22594879809896426,0.6618697849090995,0.22594879809896426,0.0,True
1235,0.006146472964358309,0.5310934888660589,0.5310934888660589,0.5068280558178225,0.5068280558178225,529.4958279272796,867.0783534522525,0.22594879809896426,0.6618697849090995,0.22594879809896426,0.0,True
1236,0.006115740599536518,0.5310934888660589,0.5310934888660589,0.5068280558178225,0.5068280558178225,529.4958279272796,867.0783534522525,0.22594879809896426,0.6618697849090995,0.22594879809896426,0.0,True
1237,0.006085161896538836,0.5310934888660589,0.5310934888660589,0.5068280558178225,0.5068280558178225,529.4958279272796,867.0783534522525,0.22594879809896426,0.6618697849090995,0.22594879809896426,0.0,True
1238,0.006054736087056142,0.5310934888660589,0.5310934888660589,0.5068280558178225,0.5068280558178225,529.4958279272796,867.0783534522525,0.22594879809896426,0.6618697849090995,0.22594879809896426,0.0,True
1239,0.006024462406620861,0.5310934888660589,0.5310934888660589,0.5068280558178225,0.5068280558178225,529.4958279272796,867.0783534522525,0.22594879809896426,0.6618697849090995,0.22594879809896426,0.0,True
1240,0.005994340094587756,0.5310934888660589,0.5310934888660589,0.5068280558178225,0.5068280558178225,529.4958279272796,867.0783534522525,0.22594879809896426,0.6618697849090995,0.22594879809896426,0.0,True
1241,0.0059643683941148174,0.5310934888660589,0.5310934888660589,0.5068280558178225,0.5068280558178225,529.4958279272796,867.0783534522525,0.22594879809896426,0.6618697849090995,0.22594879809896426,0.0,True
1242,0.005934546552144243,0.5310934888660589,0.5310934888660589,0.5068280558178225,0.5068280558178225,529.4958279272796,867.0783534522525,0.22594879809896426,0.6618697849090995,0.22594879809896426,0.0,True
1243,0.005904873819383522,0.5310934888660589,0.5310934888660589,0.5068280558178225,0.5068280558178225,529.4958279272796,867.0783534522525,0.22594879809896426,0.6618697849090995,0.22594879809896426,0.0,True
1244,0.005875349450286604,0.5310934888660589,0.5310934888660589,0.5068280558178225,0.5068280558178225,529.4958279272796,867.0783534522525,0.22594879809896426,0.6618697849090995,0.22594879809896426,0.0,True
1245,0.005845972703035171,0.5310934888660589,0.5310934888660589,0.5068280558178225,0.5068280558178225,529.4958279272796,867.0783534522525,0.22594879809896426,0.6618697849090995,0.22594879809896426,0.0,True
1246,0.005816742839519996,0.5310934888660589,0.5310934888660589,0.5068280558178225,0.5068280558178225,529.4958279272796,867.0783534522525,0.22594879809896426,0.6618697849090995,0.22594879809896426,0.0,True
1247,0.005787659125322395,0.5310934888660589,0.5310934888660589,0.5068280558178225,0.5068280558178225,529.4958279272796,867.0783534522525,0.22594879809896426,0.6618697849090995,0.22594879809896426,0.0,True
1248,0.005758720829695784,0.5310934888660589,0.5310934888660589,0.5068280558178225,0.5068280558178225,529.4958279272796,867.0783534522525,0.22594879809896426,0.6618697849090995,0.22594879809896426,0.0,True
1249,0.005729927225547305,0.5310934888660589,0.5310934888660589,0.5068280558178225,0.5068280558178225,529.4958279272796,867.0783534522525,0.22594879809896426,0.6618697849090995,0.22594879809896426,0.0,True
1250,0.005701277589419568,0.5310934888660589,0.5310934888660589,0.5068280558178225,0.5068280558178225,529.4958279272796,867.0783534522525,0.22594879809896426,0.6618697849090995,0.22594879809896426,0.0,True
1251,0.00567277120147247,0.5310934888660589,0.5310934888660589,0.5068280558178225,0.5068280558178225,529.4958279272796,867.0783534522525,0.22594879809896426,0.6618697849090995,0.22594879809896426,0.0,True
1252,0.005644407345465108,0.5310934888660589,0.5310934888660589,0.5068280558178225,0.5068280558178225,529.4958279272796,867.0783534522525,0.22594879809896426,0.6618697849090995,0.22594879809896426,0.0,True
1253,0.005616185308737782,0.5310934888660589,0.5310934888660589,0.5068280558178225,0.5068280558178225,529.4958279272796,867.0783534522525,0.22594879809896426,0.6618697849090995,0.22594879809896426,0.0,True
1254,0.005588104382194093,0.5310934888660589,0.5310934888660589,0.5068280558178225,0.5068280558178225,529.4958279272796,867.0783534522525,0.22594879809896426,0.6618697849090995,0.22594879809896426,0.0,True
1255,0.005560163860283122,0.5310934888660589,0.5310934888660589,0.5068280558178225,0.5068280558178225,529.4958279272796,867.0783534522525,0.22594879809896426,0.6618697849090995,0.22594879809896426,0.0,True
1256,0.005532363040981707,0.5310934888660589,0.5310934888660589,0.5068280558178225,0.5068280558178225,529.4958279272796,867.0783534522525,0.22594879809896426,0.6618697849090995,0.22594879809896426,0.0,True
1257,0.005504701225776798,0.5310934888660589,0.5310934888660589,0.5068280558178225,0.5068280558178225,529.4958279272796,867.0783534522525,0.22594879809896426,0.6618697849090995,0.22594879809896426,0.0,True
1258,0.005477177719647914,0.5310934888660589,0.5310934888660589,0.5068280558178225,0.5068280558178225,529.4958279272796,867.0783534522525,0.22594879809896426,0.6618697849090995,0.22594879809896426,0.0,True
1259,0.005449791831049674,0.5310934888660589,0.5310934888660589,0.5068280558178225,0.5068280558178225,529.4958279272796,867.0783534522525,0.22594879809896426,0.6618697849090995,0.22594879809896426,0.0,True
1260,0.005422542871894426,0.5310934888660589,0.5310934888660589,0.5068280558178225,0.5068280558178225,529.4958279272796,867.0783534522525,0.22594879809896426,0.6618697849090995,0.22594879809896426,0.0,True
1261,0.005395430157534954,0.5310934888660589,0.5310934888660589,0.5068280558178225,0.5068280558178225,529.4958279272796,867.0783534522525,0.22594879809896426,0.6618697849090995,0.22594879809896426,0.0,True
1262,0.005368453006747279,0.5310934888660589,0.5310934888660589,0.5068280558178225,0.5068280558178225,529.4958279272796,867.0783534522525,0.22594879809896426,0.6618697849090995,0.22594879809896426,0.0,True
1263,0.005341610741713543,0.5310934888660589,0.5310934888660589,0.5068280558178225,0.5068280558178225,529.4958279272796,867.0783534522525,0.22594879809896426,0.6618697849090995,0.22594879809896426,0.0,True
1264,0.005314902688004976,0.5310934888660589,0.5310934888660589,0.5068280558178225,0.5068280558178225,529.4958279272796,867.0783534522525,0.22594879809896426,0.6618697849090995,0.22594879809896426,0.0,True
1265,0.005288328174564951,0.5310934888660589,0.5310934888660589,0.5068280558178225,0.5068280558178225,529.4958279272796,867.0783534522525,0.22594879809896426,0.6618697849090995,0.22594879809896426,0.0,True
1266,0.005261886533692126,0.5310934888660589,0.5310934888660589,0.5068280558178225,0.5068280558178225,529.4958279272796,867.0783534522525,0.22594879809896426,0.6618697849090995,0.22594879809896426,0.0,True
1267,0.005235577101023666,0.5310934888660589,0.5310934888660589,0.5068280558178225,0.5068280558178225,529.4958279272796,867.0783534522525,0.22594879809896426,0.6618697849090995,0.22594879809896426,0.0,True
1268,0.005209399215518547,0.5310934888660589,0.5310934888660589,0.5068280558178225,0.5068280558178225,529.4958279272796,867.0783534522525,0.22594879809896426,0.6618697849090995,0.22594879809896426,0.0,True
1269,0.005183352219440955,0.5310934888660589,0.5310934888660589,0.5068280558178225,0.5068280558178225,529.4958279272796,867.0783534522525,0.22594879809896426,0.6618697849090995,0.22594879809896426,0.0,True
1270,0.005157435458343749,0.5310934888660589,0.5310934888660589,0.5068280558178225,0.5068280558178225,529.4958279272796,867.0783534522525,0.22594879809896426,0.6618697849090995,0.22594879809896426,0.0,True
1271,0.0051316482810520305,0.5310934888660589,0.5310934888660589,0.5068280558178225,0.5068280558178225,529.4958279272796,867.0783534522525,0.22594879809896426,0.6618697849090995,0.22594879809896426,0.0,True
1272,0.005105990039646771,0.5310934888660589,0.5310934888660589,0.5068280558178225,0.5068280558178225,529.4958279272796,867.0783534522525,0.22594879809896426,0.6618697849090995,0.22594879809896426,0.0,True
1273,0.0050804600894485364,0.5310934888660589,0.5310934888660589,0.5068280558178225,0.5068280558178225,529.4958279272796,867.0783534522525,0.22594879809896426,0.6618697849090995,0.22594879809896426,0.0,True
1274,0.005055057789001294,0.5310934888660589,0.5310934888660589,0.5068280558178225,0.5068280558178225,529.4958279272796,867.0783534522525,0.22594879809896426,0.6618697849090995,0.22594879809896426,0.0,True
1275,0.005029782500056287,0.5310934888660589,0.5310934888660589,0.5068280558178225,0.5068280558178225,529.4958279272796,867.0783534522525,0.22594879809896426,0.6618697849090995,0.22594879809896426,0.0,True
1276,0.005004633587556006,0.5310934888660589,0.5310934888660589,0.5068280558178225,0.5068280558178225,529.4958279272796,867.0783534522525,0.22594879809896426,0.6618697849090995,0.22594879809896426,0.0,True
1277,0.004979610419618226,0.5310934888660589,0.5310934888660589,0.5068280558178225,0.5068280558178225,529.4958279272796,867.0783534522525,0.22594879809896426,0.6618697849090995,0.22594879809896426,0.0,True
1278,0.004954712367520135,0.5310934888660589,0.5310934888660589,0.5068280558178225,0.5068280558178225,529.4958279272796,867.0783534522525,0.22594879809896426,0.6618697849090995,0.22594879809896426,0.0,True
1279,0.004929938805682535,0.5310934888660589,0.5310934888660589,0.5068280558178225,0.5068280558178225,529.4958279272796,867.0783534522525,0.22594879809896426,0.6618697849090995,0.22594879809896426,0.0,True
1280,0.004905289111654122,0.5310934888660589,0.5310934888660589,0.5068280558178225,0.5068280558178225,529.4958279272796,867.0783534522525,0.22594879809896426,0.6618697849090995,0.22594879809896426,0.0,True
1281,0.0048807626660958515,0.5310934888660589,0.5310934888660589,0.5068280558178225,0.5068280558178225,529.4958279272796,867.0783534522525,0.22594879809896426,0.6618697849090995,0.22594879809896426,0.0,True
1282,0.004856358852765372,0.5388045132661781,0.5388045132661781,0.5068280558178225,0.5068280558178225,534.3197928287982,864.2345243516655,0.23758231513659897,0.6678997410359977,0.23758231513659897,0.0,True
1283,0.004832077058501545,0.5388045132661781,0.5388045132661781,0.5068280558178225,0.5068280558178225,534.3197928287982,864.2345243516655,0.23758231513659897,0.6678997410359977,0.23758231513659897,0.0,True
1284,0.004807916673209038,0.5388045132661781,0.5388045132661781,0.5068280558178225,0.5068280558178225,534.3197928287982,864.2345243516655,0.23758231513659897,0.6678997410359977,0.23758231513659897,0.0,True
1285,0.004783877089842992,0.5388045132661781,0.5388045132661781,0.5068280558178225,0.5068280558178225,534.3197928287982,864.2345243516655,0.23758231513659897,0.6678997410359977,0.23758231513659897,0.0,True
1286,0.004759957704393777,0.5388045132661781,0.5388045132661781,0.5068280558178225,0.5068280558178225,534.3197928287982,864.2345243516655,0.23758231513659897,0.6678997410359977,0.23758231513659897,0.0,True
1287,0.0047361579158718085,0.5388045132661781,0.5388045132661781,0.5068280558178225,0.5068280558178225,534.3197928287982,864.2345243516655,0.23758231513659897,0.6678997410359977,0.23758231513659897,0.0,True
1288,0.004712477126292449,0.5388045132661781,0.5388045132661781,0.5068280558178225,0.5068280558178225,534.3197928287982,864.2345243516655,0.23758231513659897,0.6678997410359977,0.23758231513659897,0.0,True
1289,0.004688914740660987,0.5390451526891593,0.5390451526891593,0.5068280558178225,0.5068280558178225,535.3982161653869,867.8332028567212,0.23523904514815264,0.6692477702067336,0.23523904514815264,0.0,True
1290,0.004665470166957683,0.5382536094592824,0.5382536094592824,0.5068280558178225,0.5068280558178225,534.6785000461776,867.1904429185664,0.2346997397295898,0.668348125057722,0.2346997397295898,0.0,True
1291,0.004642142816122894,0.5382536094592824,0.5382536094592824,0.5068280558178225,0.5068280558178225,534.6785000461776,867.1904429185664,0.2346997397295898,0.668348125057722,0.2346997397295898,0.0,True
1292,0.00461893210204228,0.5382536094592824,0.5382536094592824,0.5068280558178225,0.5068280558178225,534.6785000461776,867.1904429185664,0.2346997397295898,0.668348125057722,0.2346997397295898,0.0,True
1293,0.004595837441532069,0.5382536094592824,0.5382536094592824,0.5068280558178225,0.5068280558178225,534.6785000461776,867.1904429185664,0.2346997397295898,0.668348125057722,0.2346997397295898,0.0,True
1294,0.004572858254324409,0.5382536094592824,0.5382536094592824,0.5068280558178225,0.5068280558178225,534.6785000461776,867.1904429185664,0.2346997397295898,0.668348125057722,0.2346997397295898,0.0,True
1295,0.004549993963052786,0.5382536094592824,0.5382536094592824,0.5068280558178225,0.5068280558178225,534.6785000461776,867.1904429185664,0.2346997397295898,0.668348125057722,0.2346997397295898,0.0,True
1296,0.004527243993237523,0.5382536094592824,0.5382536094592824,0.5068280558178225,0.5068280558178225,534.6785000461776,867.1904429185664,0.2346997397295898,0.668348125057722,0.2346997397295898,0.0,True
1297,0.004504607773271335,0.5382536094592824,0.5382536094592824,0.5068280558178225,0.5068280558178225,534.6785000461776,867.1904429185664,0.2346997397295898,0.668348125057722,0.2346997397295898,0.0,True
1298,0.0044820847344049786,0.5382536094592824,0.5382536094592824,0.5068280558178225,0.5068280558178225,534.6785000461776,867.1904429185664,0.2346997397295898,0.668348125057722,0.2346997397295898,0.0,True
1299,0.0044596743107329535,0.5382536094592824,0.5382536094592824,0.5068280558178225,0.5068280558178225,534.6785000461776,867.1904429185664,0.2346997397295898,0.668348125057722,0.2346997397295898,0.0,True
1300,0.0044373759391792885,0.5382536094592824,0.5382536094592824,0.5068280558178225,0.5068280558178225,534.6785000461776,867.1904429185664,0.2346997397295898,0.668348125057722,0.2346997397295898,0.0,True
1301,0.004415189059483392,0.5382536094592824,0.5382536094592824,0.5068280558178225,0.5068280558178225,534.6785000461776,867.1904429185664,0.2346997397295898,0.668348125057722,0.2346997397295898,0.0,True
1302,0.0043931131141859755,0.5382536094592824,0.5382536094592824,0.5068280558178225,0.5068280558178225,534.6785000461776,867.1904429185664,0.2346997397295898,0.668348125057722,0.2346997397295898,0.0,True
1303,0.0043711475486150455,0.5382536094592824,0.5382536094592824,0.5068280558178225,0.5068280558178225,534.6785000461776,867.1904429185664,0.2346997397295898,0.668348125057722,0.2346997397295898,0.0,True
1304,0.00434929181087197,0.5382536094592824,0.5382536094592824,0.5068280558178225,0.5068280558178225,534.6785000461776,867.1904429185664,0.2346997397295898,0.668348125057722,0.2346997397295898,0.0,True
1305,0.00432754535181761,0.5382536094592824,0.5382536094592824,0.5068280558178225,0.5068280558178225,534.6785000461776,867.1904429185664,0.2346997397295898,0.668348125057722,0.2346997397295898,0.0,True
1306,0.004305907625058522,0.5382536094592824,0.5382536094592824,0.5068280558178225,0.5068280558178225,534.6785000461776,867.1904429185664,0.2346997397295898,0.668348125057722,0.2346997397295898,0.0,True
1307,0.004284378086933229,0.5382536094592824,0.5382536094592824,0.5068280558178225,0.5068280558178225,534.6785000461776,867.1904429185664,0.2346997397295898,0.668348125057722,0.2346997397295898,0.0,True
1308,0.004262956196498563,0.5382536094592824,0.5382536094592824,0.5068280558178225,0.5068280558178225,534.6785000461776,867.1904429185664,0.2346997397295898,0.668348125057722,0.2346997397295898,0.0,True
1309,0.00424164141551607,0.5382536094592824,0.5382536094592824,0.5068280558178225,0.5068280558178225,534.6785000461776,867.1904429185664,0.2346997397295898,0.668348125057722,0.2346997397295898,0.0,True
1310,0.0042204332084384896,0.5382536094592824,0.5382536094592824,0.5068280558178225,0.5068280558178225,534.6785000461776,867.1904429185664,0.2346997397295898,0.668348125057722,0.2346997397295898,0.0,True
1311,0.004199331042396297,0.5382536094592824,0.5382536094592824,0.5068280558178225,0.5068280558178225,534.6785000461776,867.1904429185664,0.2346997397295898,0.668348125057722,0.2346997397295898,0.0,True
1312,0.0041783343871843156,0.5382536094592824,0.5382536094592824,0.5068280558178225,0.5068280558178225,534.6785000461776,867.1904429185664,0.2346997397295898,0.668348125057722,0.2346997397295898,0.0,True
1313,0.004157442715248394,0.5382536094592824,0.5382536094592824,0.5068280558178225,0.5068280558178225,534.6785000461776,867.1904429185664,0.2346997397295898,0.668348125057722,0.2346997397295898,0.0,True
1314,0.004136655501672152,0.5382536094592824,0.5382536094592824,0.5068280558178225,0.5068280558178225,534.6785000461776,867.1904429185664,0.2346997397295898,0.668348125057722,0.2346997397295898,0.0,True
1315,0.0041159722241637916,0.5382536094592824,0.5382536094592824,0.5068280558178225,0.5068280558178225,534.6785000461776,867.1904429185664,0.2346997397295898,0.668348125057722,0.2346997397295898,0.0,True
1316,0.004095392363042972,0.5382536094592824,0.5382536094592824,0.5068280558178225,0.5068280558178225,534.6785000461776,867.1904429185664,0.2346997397295898,0.668348125057722,0.2346997397295898,0.0,True
1317,0.004074915401227758,0.5389521906453623,0.5330235625550719,0.5068280558178225,0.5068280558178225,530.436611088434,865.2752067221252,0.22963842617564068,0.6630457638605425,0.22963842617564068,5.928628090290425e-08,False
1318,0.004054540824221619,0.5389521906453623,0.5330235625550719,0.5068280558178225,0.5068280558178225,530.436611088434,865.2752067221252,0.22963842617564068,0.6630457638605425,0.22963842617564068,5.928628090290425e-08,False
1319,0.004034268120100511,0.5389521906453623,0.5330235625550719,0.5068280558178225,0.5068280558178225,530.436611088434,865.2752067221252,0.22963842617564068,0.6630457638605425,0.22963842617564068,5.928628090290425e-08,False
1320,0.004014096779500008,0.5534745259106423,0.5534745259106423,0.5068280558178225,0.5068280558178225,544.7133947752292,865.4095366112209,0.25616768494105596,0.6808917434690365,0.25616768494105596,0.0,True
1321,0.003994026295602508,0.5544728992005318,0.5544728992005318,0.5068280558178225,0.5068280558178225,544.7327744372116,863.0609488639732,0.2594390718932388,0.6809159680465144,0.2594390718932388,0.0,True
1322,0.003974056164124495,0.5544728992005318,0.5544728992005318,0.5068280558178225,0.5068280558178225,544.7327744372116,863.0609488639732,0.2594390718932388,0.6809159680465144,0.2594390718932388,0.0,True
1323,0.003954185883303873,0.5544728992005318,0.5544728992005318,0.5068280558178225,0.5068280558178225,544.7327744372116,863.0609488639732,0.2594390718932388,0.6809159680465144,0.2594390718932388,0.0,True
1324,0.0039344149538873534,0.5544728992005318,0.5544728992005318,0.5068280558178225,0.5068280558178225,544.7327744372116,863.0609488639732,0.2594390718932388,0.6809159680465144,0.2594390718932388,0.0,True
1325,0.003914742879117917,0.5489923074384524,0.5489923074384524,0.5068280558178225,0.5068280558178225,542.7644091416506,869.8834440055048,0.24691149813169377,0.6784555114270633,0.24691149813169377,0.0,True
1326,0.0038951691647223273,0.5489923074384524,0.5489923074384524,0.5068280558178225,0.5068280558178225,542.7644091416506,869.8834440055048,0.24691149813169377,0.6784555114270633,0.24691149813169377,0.0,True
1327,0.0038756933188987155,0.5489923074384524,0.5489923074384524,0.5068280558178225,0.5068280558178225,542.7644091416506,869.8834440055048,0.24691149813169377,0.6784555114270633,0.24691149813169377,0.0,True
1328,0.003856314852304222,0.5425338284110106,0.5425338284110106,0.5068280558178225,0.5068280558178225,539.8417037046514,876.2183651492339,0.2339077922314689,0.6748021296308143,0.2339077922314689,0.0,True
1329,0.003837033278042701,0.5325435168773774,0.5325435168773774,0.5068280558178225,0.5068280558178225,530.3775592549738,866.5066910814353,0.22821050843091803,0.6629719490687173,0.22821050843091803,0.0,True
1330,0.0038178481116524876,0.5325435168773774,0.5325435168773774,0.5068280558178225,0.5068280558178225,530.3775592549738,866.5066910814353,0.22821050843091803,0.6629719490687173,0.22821050843091803,0.0,True
1331,0.003798758871094225,0.5325435168773774,0.5325435168773774,0.5068280558178225,0.5068280558178225,530.3775592549738,866.5066910814353,0.22821050843091803,0.6629719490687173,0.22821050843091803,0.0,True
1332,0.003779765076738754,0.5325435168773774,0.5325435168773774,0.5068280558178225,0.5068280558178225,530.3775592549738,866.5066910814353,0.22821050843091803,0.6629719490687173,0.22821050843091803,0.0,True
1333,0.00376086625135506,0.5325435168773774,0.5325435168773774,0.5068280558178225,0.5068280558178225,530.3775592549738,866.5066910814353,0.22821050843091803,0.6629719490687173,0.22821050843091803,0.0,True
1334,0.0037420619200982845,0.5325435168773774,0.5325435168773774,0.5068280558178225,0.5068280558178225,530.3775592549738,866.5066910814353,0.22821050843091803,0.6629719490687173,0.22821050843091803,0.0,True
1335,0.003723351610497793,0.5325435168773774,0.5325435168773774,0.5068280558178225,0.5068280558178225,530.3775592549738,866.5066910814353,0.22821050843091803,0.6629719490687173,0.22821050843091803,0.0,True
1336,0.0037047348524453043,0.5325435168773774,0.5325435168773774,0.5068280558178225,0.5068280558178225,530.3775592549738,866.5066910814353,0.22821050843091803,0.6629719490687173,0.22821050843091803,0.0,True
1337,0.0036862111781830777,0.5325435168773774,0.5325435168773774,0.5068280558178225,0.5068280558178225,530.3775592549738,866.5066910814353,0.22821050843091803,0.6629719490687173,0.22821050843091803,0.0,True
1338,0.0036677801222921623,0.5325435168773774,0.5325435168773774,0.5068280558178225,0.5068280558178225,530.3775592549738,866.5066910814353,0.22821050843091803,0.6629719490687173,0.22821050843091803,0.0,True
1339,0.0036494412216807014,0.5325435168773774,0.5325435168773774,0.5068280558178225,0.5068280558178225,530.3775592549738,866.5066910814353,0.22821050843091803,0.6629719490687173,0.22821050843091803,0.0,True
1340,0.0036311940155722977,0.5325435168773774,0.5325435168773774,0.5068280558178225,0.5068280558178225,530.3775592549738,866.5066910814353,0.22821050843091803,0.6629719490687173,0.22821050843091803,0.0,True
1341,0.003613038045494436,0.5325435168773774,0.5325435168773774,0.5068280558178225,0.5068280558178225,530.3775592549738,866.5066910814353,0.22821050843091803,0.6629719490687173,0.22821050843091803,0.0,True
1342,0.003594972855266964,0.5325435168773774,0.5325435168773774,0.5068280558178225,0.5068280558178225,530.3775592549738,866.5066910814353,0.22821050843091803,0.6629719490687173,0.22821050843091803,0.0,True
1343,0.003576997990990629,0.5325435168773774,0.5325435168773774,0.5068280558178225,0.5068280558178225,530.3775592549738,866.5066910814353,0.22821050843091803,0.6629719490687173,0.22821050843091803,0.0,True
1344,0.003559113001035676,0.5325435168773774,0.5325435168773774,0.5068280558178225,0.5068280558178225,530.3775592549738,866.5066910814353,0.22821050843091803,0.6629719490687173,0.22821050843091803,0.0,True
1345,0.0035413174360304977,0.5325435168773774,0.5325435168773774,0.5068280558178225,0.5068280558178225,530.3775592549738,866.5066910814353,0.22821050843091803,0.6629719490687173,0.22821050843091803,0.0,True
1346,0.0035236108488503454,0.5325435168773774,0.5325435168773774,0.5068280558178225,0.5068280558178225,530.3775592549738,866.5066910814353,0.22821050843091803,0.6629719490687173,0.22821050843091803,0.0,True
1347,0.0035059927946060935,0.5325435168773774,0.5325435168773774,0.5068280558178225,0.5068280558178225,530.3775592549738,866.5066910814353,0.22821050843091803,0.6629719490687173,0.22821050843091803,0.0,True
1348,0.003488462830633063,0.5325435168773774,0.5325435168773774,0.5068280558178225,0.5068280558178225,530.3775592549738,866.5066910814353,0.22821050843091803,0.6629719490687173,0.22821050843091803,0.0,True
1349,0.003471020516479898,0.5325435168773774,0.5325435168773774,0.5068280558178225,0.5068280558178225,530.3775592549738,866.5066910814353,0.22821050843091803,0.6629719490687173,0.22821050843091803,0.0,True
1350,0.0034536654138974986,0.5325435168773774,0.5325435168773774,0.5068280558178225,0.5068280558178225,530.3775592549738,866.5066910814353,0.22821050843091803,0.6629719490687173,0.22821050843091803,0.0,True
1351,0.0034363970868280112,0.5325435168773774,0.5325435168773774,0.5068280558178225,0.5068280558178225,530.3775592549738,866.5066910814353,0.22821050843091803,0.6629719490687173,0.22821050843091803,0.0,True
1352,0.0034192151013938714,0.5325435168773774,0.5325435168773774,0.5068280558178225,0.5068280558178225,530.3775592549738,866.5066910814353,0.22821050843091803,0.6629719490687173,0.22821050843091803,0.0,True
1353,0.003402119025886902,0.5325435168773774,0.5325435168773774,0.5068280558178225,0.5068280558178225,530.3775592549738,866.5066910814353,0.22821050843091803,0.6629719490687173,0.22821050843091803,0.0,True
1354,0.0033851084307574674,0.5325435168773774,0.5325435168773774,0.5068280558178225,0.5068280558178225,530.3775592549738,866.5066910814353,0.22821050843091803,0.6629719490687173,0.22821050843091803,0.0,True
1355,0.00336818288860368,0.5325435168773774,0.5325435168773774,0.5068280558178225,0.5068280558178225,530.3775592549738,866.5066910814353,0.22821050843091803,0.6629719490687173,0.22821050843091803,0.0,True
1356,0.0033513419741606617,0.5362183658601116,0.5362183658601116,0.5068280558178225,0.5068280558178225,533.6336989915005,869.0932741144431,0.2309629308084957,0.6670421237393757,0.2309629308084957,0.0,True
1357,0.0033345852642898584,0.5362183658601116,0.5362183658601116,0.5068280558178225,0.5068280558178225,533.6336989915005,869.0932741144431,0.2309629308084957,0.6670421237393757,0.2309629308084957,0.0,True
1358,0.003317912337968409,0.5362183658601116,0.5362183658601116,0.5068280558178225,0.5068280558178225,533.6336989915005,869.0932741144431,0.2309629308084957,0.6670421237393757,0.2309629308084957,0.0,True
1359,0.003301322776278567,0.5362183658601116,0.5362183658601116,0.5068280558178225,0.5068280558178225,533.6336989915005,869.0932741144431,0.2309629308084957,0.6670421237393757,0.2309629308084957,0.0,True
1360,0.003284816162397174,0.5362183658601116,0.5362183658601116,0.5068280558178225,0.5068280558178225,533.6336989915005,869.0932741144431,0.2309629308084957,0.6670421237393757,0.2309629308084957,0.0,True
1361,0.0032683920815851884,0.5362183658601116,0.5362183658601116,0.5068280558178225,0.5068280558178225,533.6336989915005,869.0932741144431,0.2309629308084957,0.6670421237393757,0.2309629308084957,0.0,True
1362,0.0032520501211772625,0.5362183658601116,0.5362183658601116,0.5068280558178225,0.5068280558178225,533.6336989915005,869.0932741144431,0.2309629308084957,0.6670421237393757,0.2309629308084957,0.0,True
1363,0.003235789870571376,0.5362183658601116,0.5362183658601116,0.5068280558178225,0.5068280558178225,533.6336989915005,869.0932741144431,0.2309629308084957,0.6670421237393757,0.2309629308084957,0.0,True
1364,0.0032196109212185194,0.5362183658601116,0.5362183658601116,0.5068280558178225,0.5068280558178225,533.6336989915005,869.0932741144431,0.2309629308084957,0.6670421237393757,0.2309629308084957,0.0,True
1365,0.0032035128666124267,0.5362183658601116,0.5362183658601116,0.5068280558178225,0.5068280558178225,533.6336989915005,869.0932741144431,0.2309629308084957,0.6670421237393757,0.2309629308084957,0.0,True
1366,0.0031874953022793646,0.5362183658601116,0.5362183658601116,0.5068280558178225,0.5068280558178225,533.6336989915005,869.0932741144431,0.2309629308084957,0.6670421237393757,0.2309629308084957,0.0,True
1367,0.0031715578257679677,0.5352968977723919,0.5352968977723919,0.5068280558178225,0.5068280558178225,532.8902077117945,868.6972186814564,0.23005988674857267,0.666112759639743,0.23005988674857267,0.0,True
1368,0.003155700036639128,0.5352968977723919,0.5352968977723919,0.5068280558178225,0.5068280558178225,532.8902077117945,868.6972186814564,0.23005988674857267,0.666112759639743,0.23005988674857267,0.0,True
1369,0.003139921536455932,0.5352968977723919,0.5352968977723919,0.5068280558178225,0.5068280558178225,532.8902077117945,868.6972186814564,0.23005988674857267,0.666112759639743,0.23005988674857267,0.0,True
1370,0.0031242219287736525,0.5352968977723919,0.5352968977723919,0.5068280558178225,0.5068280558178225,532.8902077117945,868.6972186814564,0.23005988674857267,0.666112759639743,0.23005988674857267,0.0,True
1371,0.0031086008191297844,0.5352968977723919,0.5352968977723919,0.5068280558178225,0.5068280558178225,532.8902077117945,868.6972186814564,0.23005988674857267,0.666112759639743,0.23005988674857267,0.0,True
1372,0.0030930578150341354,0.5352968977723919,0.5352968977723919,0.5068280558178225,0.5068280558178225,532.8902077117945,868.6972186814564,0.23005988674857267,0.666112759639743,0.23005988674857267,0.0,True
1373,0.003077592525958965,0.5352968977723919,0.5352968977723919,0.5068280558178225,0.5068280558178225,532.8902077117945,868.6972186814564,0.23005988674857267,0.666112759639743,0.23005988674857267,0.0,True
1374,0.00306220456332917,0.5352968977723919,0.5352968977723919,0.5068280558178225,0.5068280558178225,532.8902077117945,868.6972186814564,0.23005988674857267,0.666112759639743,0.23005988674857267,0.0,True
1375,0.0030468935405125242,0.5352968977723919,0.5352968977723919,0.5068280558178225,0.5068280558178225,532.8902077117945,868.6972186814564,0.23005988674857267,0.666112759639743,0.23005988674857267,0.0,True
1376,0.0030316590728099615,0.5352968977723919,0.5352968977723919,0.5068280558178225,0.5068280558178225,532.8902077117945,868.6972186814564,0.23005988674857267,0.666112759639743,0.23005988674857267,0.0,True
1377,0.0030165007774459116,0.5352968977723919,0.5352968977723919,0.5068280558178225,0.5068280558178225,532.8902077117945,868.6972186814564,0.23005988674857267,0.666112759639743,0.23005988674857267,0.0,True
1378,0.003001418273558682,0.5352968977723919,0.5352968977723919,0.5068280558178225,0.5068280558178225,532.8902077117945,868.6972186814564,0.23005988674857267,0.666112759639743,0.23005988674857267,0.0,True
1379,0.0029864111821908883,0.5352968977723919,0.5352968977723919,0.5068280558178225,0.5068280558178225,532.8902077117945,868.6972186814564,0.23005988674857267,0.666112759639743,0.23005988674857267,0.0,True
1380,0.002971479126279934,0.5352968977723919,0.5352968977723919,0.5068280558178225,0.5068280558178225,532.8902077117945,868.6972186814564,0.23005988674857267,0.666112759639743,0.23005988674857267,0.0,True
1381,0.0029566217306485343,0.5352968977723919,0.5352968977723919,0.5068280558178225,0.5068280558178225,532.8902077117945,868.6972186814564,0.23005988674857267,0.666112759639743,0.23005988674857267,0.0,True
1382,0.0029418386219952916,0.5352968977723919,0.5352968977723919,0.5068280558178225,0.5068280558178225,532.8902077117945,868.6972186814564,0.23005988674857267,0.666112759639743,0.23005988674857267,0.0,True
1383,0.0029271294288853154,0.5352968977723919,0.5352968977723919,0.5068280558178225,0.5068280558178225,532.8902077117945,868.6972186814564,0.23005988674857267,0.666112759639743,0.23005988674857267,0.0,True
1384,0.002912493781740889,0.5352968977723919,0.5352968977723919,0.5068280558178225,0.5068280558178225,532.8902077117945,868.6972186814564,0.23005988674857267,0.666112759639743,0.23005988674857267,0.0,True
1385,0.0028979313128321845,0.5352968977723919,0.5352968977723919,0.5068280558178225,0.5068280558178225,532.8902077117945,868.6972186814564,0.23005988674857267,0.666112759639743,0.23005988674857267,0.0,True
1386,0.0028834416562680235,0.5352968977723919,0.5352968977723919,0.5068280558178225,0.5068280558178225,532.8902077117945,868.6972186814564,0.23005988674857267,0.666112759639743,0.23005988674857267,0.0,True
1387,0.0028690244479866833,0.5352968977723919,0.5352968977723919,0.5068280558178225,0.5068280558178225,532.8902077117945,868.6972186814564,0.23005988674857267,0.666112759639743,0.23005988674857267,0.0,True
1388,0.00285467932574675,0.5352968977723919,0.5352968977723919,0.5068280558178225,0.5068280558178225,532.8902077117945,868.6972186814564,0.23005988674857267,0.666112759639743,0.23005988674857267,0.0,True
1389,0.0028404059291180163,0.5352968977723919,0.5352968977723919,0.5068280558178225,0.5068280558178225,532.8902077117945,868.6972186814564,0.23005988674857267,0.666112759639743,0.23005988674857267,0.0,True
1390,0.002826203899472426,0.5352968977723919,0.5352968977723919,0.5068280558178225,0.5068280558178225,532.8902077117945,868.6972186814564,0.23005988674857267,0.666112759639743,0.23005988674857267,0.0,True
1391,0.002812072879975064,0.5352968977723919,0.5352968977723919,0.5068280558178225,0.5068280558178225,532.8902077117945,868.6972186814564,0.23005988674857267,0.666112759639743,0.23005988674857267,0.0,True
1392,0.0027980125155751883,0.5352968977723919,0.5352968977723919,0.5068280558178225,0.5068280558178225,532.8902077117945,868.6972186814564,0.23005988674857267,0.666112759639743,0.23005988674857267,0.0,True
1393,0.0027840224529973126,0.5352968977723919,0.5352968977723919,0.5068280558178225,0.5068280558178225,532.8902077117945,868.6972186814564,0.23005988674857267,0.666112759639743,0.23005988674857267,0.0,True
1394,0.002770102340732326,0.5352968977723919,0.5352968977723919,0.5068280558178225,0.5068280558178225,532.8902077117945,868.6972186814564,0.23005988674857267,0.666112759639743,0.23005988674857267,0.0,True
1395,0.0027562518290286642,0.5352968977723919,0.5352968977723919,0.5068280558178225,0.5068280558178225,532.8902077117945,868.6972186814564,0.23005988674857267,0.666112759639743,0.23005988674857267,0.0,True
1396,0.002742470569883521,0.5352968977723919,0.5352968977723919,0.5068280558178225,0.5068280558178225,532.8902077117945,868.6972186814564,0.23005988674857267,0.666112759639743,0.23005988674857267,0.0,True
1397,0.0027287582170341033,0.5352968977723919,0.5352968977723919,0.5068280558178225,0.5068280558178225,532.8902077117945,868.6972186814564,0.23005988674857267,0.666112759639743,0.23005988674857267,0.0,True
1398,0.0027151144259489326,0.5352968977723919,0.5352968977723919,0.5068280558178225,0.5068280558178225,532.8902077117945,868.6972186814564,0.23005988674857267,0.666112759639743,0.23005988674857267,0.0,True
1399,0.002701538853819188,0.5352968977723919,0.5352968977723919,0.5068280558178225,0.5068280558178225,532.8902077117945,868.6972186814564,0.23005988674857267,0.666112759639743,0.23005988674857267,0.0,True
1400,0.002688031159550092,0.5352968977723919,0.5352968977723919,0.5068280558178225,0.5068280558178225,532.8902077117945,868.6972186814564,0.23005988674857267,0.666112759639743,0.23005988674857267,0.0,True
1401,0.0026745910037523414,0.5352968977723919,0.5352968977723919,0.5068280558178225,0.5068280558178225,532.8902077117945,868.6972186814564,0.23005988674857267,0.666112759639743,0.23005988674857267,0.0,True
1402,0.0026612180487335796,0.5352968977723919,0.5352968977723919,0.5068280558178225,0.5068280558178225,532.8902077117945,868.6972186814564,0.23005988674857267,0.666112759639743,0.23005988674857267,0.0,True
1403,0.0026479119584899118,0.5352968977723919,0.5352968977723919,0.5068280558178225,0.5068280558178225,532.8902077117945,868.6972186814564,0.23005988674857267,0.666112759639743,0.23005988674857267,0.0,True
1404,0.002634672398697462,0.5352968977723919,0.5352968977723919,0.5068280558178225,0.5068280558178225,532.8902077117945,868.6972186814564,0.23005988674857267,0.666112759639743,0.23005988674857267,0.0,True
1405,0.0026214990367039747,0.5352968977723919,0.5352968977723919,0.5068280558178225,0.5068280558178225,532.8902077117945,868.6972186814564,0.23005988674857267,0.666112759639743,0.23005988674857267,0.0,True
1406,0.002608391541520455,0.5352968977723919,0.5352968977723919,0.5068280558178225,0.5068280558178225,532.8902077117945,868.6972186814564,0.23005988674857267,0.666112759639743,0.23005988674857267,0.0,True
1407,0.002595349583812853,0.5352968977723919,0.5352968977723919,0.5068280558178225,0.5068280558178225,532.8902077117945,868.6972186814564,0.23005988674857267,0.666112759639743,0.23005988674857267,0.0,True
1408,0.0025823728358937885,0.5352968977723919,0.5352968977723919,0.5068280558178225,0.5068280558178225,532.8902077117945,868.6972186814564,0.23005988674857267,0.666112759639743,0.23005988674857267,0.0,True
1409,0.0025694609717143197,0.5352968977723919,0.5352968977723919,0.5068280558178225,0.5068280558178225,532.8902077117945,868.6972186814564,0.23005988674857267,0.666112759639743,0.23005988674857267,0.0,True
1410,0.0025566136668557483,0.5352968977723919,0.5352968977723919,0.5068280558178225,0.5068280558178225,532.8902077117945,868.6972186814564,0.23005988674857267,0.666112759639743,0.23005988674857267,0.0,True
1411,0.0025438305985214693,0.5352968977723919,0.5352968977723919,0.5068280558178225,0.5068280558178225,532.8902077117945,868.6972186814564,0.23005988674857267,0.666112759639743,0.23005988674857267,0.0,True
1412,0.002531111445528862,0.5352968977723919,0.5352968977723919,0.5068280558178225,0.5068280558178225,532.8902077117945,868.6972186814564,0.23005988674857267,0.666112759639743,0.23005988674857267,0.0,True
1413,0.002518455888301218,0.5352968977723919,0.5352968977723919,0.5068280558178225,0.5068280558178225,532.8902077117945,868.6972186814564,0.23005988674857267,0.666112759639743,0.23005988674857267,0.0,True
1414,0.002505863608859712,0.5352968977723919,0.5352968977723919,0.5068280558178225,0.5068280558178225,532.8902077117945,868.6972186814564,0.23005988674857267,0.666112759639743,0.23005988674857267,0.0,True
1415,0.0024933342908154132,0.5352968977723919,0.5352968977723919,0.5068280558178225,0.5068280558178225,532.8902077117945,868.6972186814564,0.23005988674857267,0.666112759639743,0.23005988674857267,0.0,True
1416,0.002480867619361336,0.5352968977723919,0.5352968977723919,0.5068280558178225,0.5068280558178225,532.8902077117945,868.6972186814564,0.23005988674857267,0.666112759639743,0.23005988674857267,0.0,True
1417,0.002468463281264529,0.5352968977723919,0.5352968977723919,0.5068280558178225,0.5068280558178225,532.8902077117945,868.6972186814564,0.23005988674857267,0.666112759639743,0.23005988674857267,0.0,True
1418,0.0024561209648582064,0.5352968977723919,0.5352968977723919,0.5068280558178225,0.5068280558178225,532.8902077117945,868.6972186814564,0.23005988674857267,0.666112759639743,0.23005988674857267,0.0,True
1419,0.0024438403600339155,0.5352968977723919,0.5352968977723919,0.5068280558178225,0.5068280558178225,532.8902077117945,868.6972186814564,0.23005988674857267,0.666112759639743,0.23005988674857267,0.0,True
1420,0.002431621158233746,0.5352968977723919,0.5352968977723919,0.5068280558178225,0.5068280558178225,532.8902077117945,868.6972186814564,0.23005988674857267,0.666112759639743,0.23005988674857267,0.0,True
1421,0.0024194630524425774,0.5352968977723919,0.5352968977723919,0.5068280558178225,0.5068280558178225,532.8902077117945,868.6972186814564,0.23005988674857267,0.666112759639743,0.23005988674857267,0.0,True
1422,0.0024073657371803643,0.5352968977723919,0.5352968977723919,0.5068280558178225,0.5068280558178225,532.8902077117945,868.6972186814564,0.23005988674857267,0.666112759639743,0.23005988674857267,0.0,True
1423,0.0023953289084944623,0.5352968977723919,0.5352968977723919,0.5068280558178225,0.5068280558178225,532.8902077117945,868.6972186814564,0.23005988674857267,0.666112759639743,0.23005988674857267,0.0,True
1424,0.00238335226395199,0.5352968977723919,0.5352968977723919,0.5068280558178225,0.5068280558178225,532.8902077117945,868.6972186814564,0.23005988674857267,0.666112759639743,0.23005988674857267,0.0,True
1425,0.00237143550263223,0.5352968977723919,0.5352968977723919,0.5068280558178225,0.5068280558178225,532.8902077117945,868.6972186814564,0.23005988674857267,0.666112759639743,0.23005988674857267,0.0,True
1426,0.002359578325119069,0.5352968977723919,0.5352968977723919,0.5068280558178225,0.5068280558178225,532.8902077117945,868.6972186814564,0.23005988674857267,0.666112759639743,0.23005988674857267,0.0,True
1427,0.0023477804334934736,0.5352968977723919,0.5352968977723919,0.5068280558178225,0.5068280558178225,532.8902077117945,868.6972186814564,0.23005988674857267,0.666112759639743,0.23005988674857267,0.0,True
1428,0.0023360415313260063,0.5352968977723919,0.5352968977723919,0.5068280558178225,0.5068280558178225,532.8902077117945,868.6972186814564,0.23005988674857267,0.666112759639743,0.23005988674857267,0.0,True
1429,0.002324361323669376,0.5352968977723919,0.5352968977723919,0.5068280558178225,0.5068280558178225,532.8902077117945,868.6972186814564,0.23005988674857267,0.666112759639743,0.23005988674857267,0.0,True
1430,0.002312739517051029,0.5352968977723919,0.5352968977723919,0.5068280558178225,0.5068280558178225,532.8902077117945,868.6972186814564,0.23005988674857267,0.666112759639743,0.23005988674857267,0.0,True
1431,0.002301175819465774,0.5352968977723919,0.5352968977723919,0.5068280558178225,0.5068280558178225,532.8902077117945,868.6972186814564,0.23005988674857267,0.666112759639743,0.23005988674857267,0.0,True
1432,0.002289669940368445,0.5352968977723919,0.5352968977723919,0.5068280558178225,0.5068280558178225,532.8902077117945,868.6972186814564,0.23005988674857267,0.666112759639743,0.23005988674857267,0.0,True
1433,0.0022782215906666024,0.5352968977723919,0.5352968977723919,0.5068280558178225,0.5068280558178225,532.8902077117945,868.6972186814564,0.23005988674857267,0.666112759639743,0.23005988674857267,0.0,True
1434,0.0022668304827132696,0.5352968977723919,0.5352968977723919,0.5068280558178225,0.5068280558178225,532.8902077117945,868.6972186814564,0.23005988674857267,0.666112759639743,0.23005988674857267,0.0,True
1435,0.002255496330299703,0.5352968977723919,0.5352968977723919,0.5068280558178225,0.5068280558178225,532.8902077117945,868.6972186814564,0.23005988674857267,0.666112759639743,0.23005988674857267,0.0,True
1436,0.0022442188486482043,0.5352968977723919,0.5352968977723919,0.5068280558178225,0.5068280558178225,532.8902077117945,868.6972186814564,0.23005988674857267,0.666112759639743,0.23005988674857267,0.0,True
1437,0.0022329977544049634,0.5347157734683116,0.5347157734683116,0.5068280558178225,0.5068280558178225,533.752762475631,876.9943470140204,0.2256070210071149,0.6671909530945388,0.2256070210071149,0.0,True
1438,0.0022218327656329385,0.5347157734683116,0.5347157734683116,0.5068280558178225,0.5068280558178225,533.752762475631,876.9943470140204,0.2256070210071149,0.6671909530945388,0.2256070210071149,0.0,True
1439,0.002210723601804774,0.5347157734683116,0.5347157734683116,0.5068280558178225,0.5068280558178225,533.752762475631,876.9943470140204,0.2256070210071149,0.6671909530945388,0.2256070210071149,0.0,True
1440,0.00219966998379575,0.5347157734683116,0.5347157734683116,0.5068280558178225,0.5068280558178225,533.752762475631,876.9943470140204,0.2256070210071149,0.6671909530945388,0.2256070210071149,0.0,True
1441,0.0021886716338767715,0.5347157734683116,0.5347157734683116,0.5068280558178225,0.5068280558178225,533.752762475631,876.9943470140204,0.2256070210071149,0.6671909530945388,0.2256070210071149,0.0,True
1442,0.0021777282757073878,0.5347157734683116,0.5347157734683116,0.5068280558178225,0.5068280558178225,533.752762475631,876.9943470140204,0.2256070210071149,0.6671909530945388,0.2256070210071149,0.0,True
1443,0.002166839634328851,0.5347157734683116,0.5347157734683116,0.5068280558178225,0.5068280558178225,533.752762475631,876.9943470140204,0.2256070210071149,0.6671909530945388,0.2256070210071149,0.0,True
1444,0.0021560054361572066,0.5347157734683116,0.5347157734683116,0.5068280558178225,0.5068280558178225,533.752762475631,876.9943470140204,0.2256070210071149,0.6671909530945388,0.2256070210071149,0.0,True
1445,0.0021452254089764206,0.5347157734683116,0.5347157734683116,0.5068280558178225,0.5068280558178225,533.752762475631,876.9943470140204,0.2256070210071149,0.6671909530945388,0.2256070210071149,0.0,True
1446,0.0021344992819315387,0.5347157734683116,0.5347157734683116,0.5068280558178225,0.5068280558178225,533.752762475631,876.9943470140204,0.2256070210071149,0.6671909530945388,0.2256070210071149,0.0,True
1447,0.002123826785521881,0.5347157734683116,0.5347157734683116,0.5068280558178225,0.5068280558178225,533.752762475631,876.9943470140204,0.2256070210071149,0.6671909530945388,0.2256070210071149,0.0,True
1448,0.002113207651594272,0.5347157734683116,0.5347157734683116,0.5068280558178225,0.5068280558178225,533.752762475631,876.9943470140204,0.2256070210071149,0.6671909530945388,0.2256070210071149,0.0,True
1449,0.0021026416133363003,0.5347157734683116,0.5347157734683116,0.5068280558178225,0.5068280558178225,533.752762475631,876.9943470140204,0.2256070210071149,0.6671909530945388,0.2256070210071149,0.0,True
1450,0.0020921284052696186,0.5347157734683116,0.5347157734683116,0.5068280558178225,0.5068280558178225,533.752762475631,876.9943470140204,0.2256070210071149,0.6671909530945388,0.2256070210071149,0.0,True
1451,0.0020816677632432704,0.5347157734683116,0.5347157734683116,0.5068280558178225,0.5068280558178225,533.752762475631,876.9943470140204,0.2256070210071149,0.6671909530945388,0.2256070210071149,0.0,True
1452,0.002071259424427054,0.5347157734683116,0.5347157734683116,0.5068280558178225,0.5068280558178225,533.752762475631,876.9943470140204,0.2256070210071149,0.6671909530945388,0.2256070210071149,0.0,True
1453,0.0020609031273049186,0.5347157734683116,0.5347157734683116,0.5068280558178225,0.5068280558178225,533.752762475631,876.9943470140204,0.2256070210071149,0.6671909530945388,0.2256070210071149,0.0,True
1454,0.002050598611668394,0.5347157734683116,0.5347157734683116,0.5068280558178225,0.5068280558178225,533.752762475631,876.9943470140204,0.2256070210071149,0.6671909530945388,0.2256070210071149,0.0,True
1455,0.0020403456186100523,0.5347157734683116,0.5347157734683116,0.5068280558178225,0.5068280558178225,533.752762475631,876.9943470140204,0.2256070210071149,0.6671909530945388,0.2256070210071149,0.0,True
1456,0.002030143890517002,0.5347157734683116,0.5347157734683116,0.5068280558178225,0.5068280558178225,533.752762475631,876.9943470140204,0.2256070210071149,0.6671909530945388,0.2256070210071149,0.0,True
1457,0.002019993171064417,0.5347157734683116,0.5347157734683116,0.5068280558178225,0.5068280558178225,533.752762475631,876.9943470140204,0.2256070210071149,0.6671909530945388,0.2256070210071149,0.0,True
1458,0.002009893205209095,0.5347157734683116,0.5347157734683116,0.5068280558178225,0.5068280558178225,533.752762475631,876.9943470140204,0.2256070210071149,0.6671909530945388,0.2256070210071149,0.0,True
1459,0.0019998437391830493,0.5347157734683116,0.5347157734683116,0.5068280558178225,0.5068280558178225,533.752762475631,876.9943470140204,0.2256070210071149,0.6671909530945388,0.2256070210071149,0.0,True
1460,0.001989844520487134,0.5410369547238407,0.5410369547238407,0.5068280558178225,0.5068280558178225,539.4635310371411,879.2489085979843,0.2300212168878074,0.6743294137964264,0.2300212168878074,0.0,True
1461,0.0019798952978846984,0.5410369547238407,0.5410369547238407,0.5068280558178225,0.5068280558178225,539.4635310371411,879.2489085979843,0.2300212168878074,0.6743294137964264,0.2300212168878074,0.0,True
1462,0.0019699958213952747,0.5410369547238407,0.5410369547238407,0.5068280558178225,0.5068280558178225,539.4635310371411,879.2489085979843,0.2300212168878074,0.6743294137964264,0.2300212168878074,0.0,True
1463,0.0019601458422882985,0.5410369547238407,0.5410369547238407,0.5068280558178225,0.5068280558178225,539.4635310371411,879.2489085979843,0.2300212168878074,0.6743294137964264,0.2300212168878074,0.0,True
1464,0.001950345113076857,0.5410369547238407,0.5410369547238407,0.5068280558178225,0.5068280558178225,539.4635310371411,879.2489085979843,0.2300212168878074,0.6743294137964264,0.2300212168878074,0.0,True
1465,0.0019405933875114726,0.5400997828258352,0.5400997828258352,0.5068280558178225,0.5068280558178225,537.8290749633164,875.088963630282,0.23166447410977778,0.6722863437041455,0.23166447410977778,0.0,True
1466,0.001930890420573915,0.5400997828258352,0.5400997828258352,0.5068280558178225,0.5068280558178225,537.8290749633164,875.088963630282,0.23166447410977778,0.6722863437041455,0.23166447410977778,0.0,True
1467,0.0019212359684710454,0.5400997828258352,0.5400997828258352,0.5068280558178225,0.5068280558178225,537.8290749633164,875.088963630282,0.23166447410977778,0.6722863437041455,0.23166447410977778,0.0,True
1468,0.00191162978862869,0.5400997828258352,0.5400997828258352,0.5068280558178225,0.5068280558178225,537.8290749633164,875.088963630282,0.23166447410977778,0.6722863437041455,0.23166447410977778,0.0,True
1469,0.0019020716396855467,0.5400997828258352,0.5400997828258352,0.5068280558178225,0.5068280558178225,537.8290749633164,875.088963630282,0.23166447410977778,0.6722863437041455,0.23166447410977778,0.0,True
1470,0.001892561281487119,0.5400997828258352,0.5400997828258352,0.5068280558178225,0.5068280558178225,537.8290749633164,875.088963630282,0.23166447410977778,0.6722863437041455,0.23166447410977778,0.0,True
1471,0.0018830984750796834,0.5400997828258352,0.5400997828258352,0.5068280558178225,0.5068280558178225,537.8290749633164,875.088963630282,0.23166447410977778,0.6722863437041455,0.23166447410977778,0.0,True
1472,0.001873682982704285,0.5400997828258352,0.5400997828258352,0.5068280558178225,0.5068280558178225,537.8290749633164,875.088963630282,0.23166447410977778,0.6722863437041455,0.23166447410977778,0.0,True
1473,0.0018643145677907636,0.5400997828258352,0.5400997828258352,0.5068280558178225,0.5068280558178225,537.8290749633164,875.088963630282,0.23166447410977778,0.6722863437041455,0.23166447410977778,0.0,True
1474,0.0018549929949518097,0.5400997828258352,0.5400997828258352,0.5068280558178225,0.5068280558178225,537.8290749633164,875.088963630282,0.23166447410977778,0.6722863437041455,0.23166447410977778,0.0,True
1475,0.0018457180299770507,0.5400997828258352,0.5400997828258352,0.5068280558178225,0.5068280558178225,537.8290749633164,875.088963630282,0.23166447410977778,0.6722863437041455,0.23166447410977778,0.0,True
1476,0.0018364894398271653,0.5400997828258352,0.5400997828258352,0.5068280558178225,0.5068280558178225,537.8290749633164,875.088963630282,0.23166447410977778,0.6722863437041455,0.23166447410977778,0.0,True
1477,0.0018273069926280296,0.5400997828258352,0.5400997828258352,0.5068280558178225,0.5068280558178225,537.8290749633164,875.088963630282,0.23166447410977778,0.6722863437041455,0.23166447410977778,0.0,True
1478,0.0018181704576648895,0.5400997828258352,0.5400997828258352,0.5068280558178225,0.5068280558178225,537.8290749633164,875.088963630282,0.23166447410977778,0.6722863437041455,0.23166447410977778,0.0,True
1479,0.001809079605376565,0.5400997828258352,0.5400997828258352,0.5068280558178225,0.5068280558178225,537.8290749633164,875.088963630282,0.23166447410977778,0.6722863437041455,0.23166447410977778,0.0,True
1480,0.0018000342073496822,0.5400997828258352,0.5400997828258352,0.5068280558178225,0.5068280558178225,537.8290749633164,875.088963630282,0.23166447410977778,0.6722863437041455,0.23166447410977778,0.0,True
1481,0.0017910340363129337,0.5400997828258352,0.5400997828258352,0.5068280558178225,0.5068280558178225,537.8290749633164,875.088963630282,0.23166447410977778,0.6722863437041455,0.23166447410977778,0.0,True
1482,0.001782078866131369,0.5400997828258352,0.5400997828258352,0.5068280558178225,0.5068280558178225,537.8290749633164,875.088963630282,0.23166447410977778,0.6722863437041455,0.23166447410977778,0.0,True
1483,0.001773168471800712,0.5400997828258352,0.5400997828258352,0.5068280558178225,0.5068280558178225,537.8290749633164,875.088963630282,0.23166447410977778,0.6722863437041455,0.23166447410977778,0.0,True
1484,0.0017643026294417085,0.5400997828258352,0.5400997828258352,0.5068280558178225,0.5068280558178225,537.8290749633164,875.088963630282,0.23166447410977778,0.6722863437041455,0.23166447410977778,0.0,True
1485,0.0017554811162945,0.5400997828258352,0.5400997828258352,0.5068280558178225,0.5068280558178225,537.8290749633164,875.088963630282,0.23166447410977778,0.6722863437041455,0.23166447410977778,0.0,True
1486,0.0017467037107130275,0.5400997828258352,0.5400997828258352,0.5068280558178225,0.5068280558178225,537.8290749633164,875.088963630282,0.23166447410977778,0.6722863437041455,0.23166447410977778,0.0,True
1487,0.0017379701921594623,0.5400997828258352,0.5400997828258352,0.5068280558178225,0.5068280558178225,537.8290749633164,875.088963630282,0.23166447410977778,0.6722863437041455,0.23166447410977778,0.0,True
1488,0.001729280341198665,0.5400997828258352,0.5400997828258352,0.5068280558178225,0.5068280558178225,537.8290749633164,875.088963630282,0.23166447410977778,0.6722863437041455,0.23166447410977778,0.0,True
1489,0.0017206339394926717,0.5400997828258352,0.5400997828258352,0.5068280558178225,0.5068280558178225,537.8290749633164,875.088963630282,0.23166447410977778,0.6722863437041455,0.23166447410977778,0.0,True
1490,0.0017120307697952083,0.5400997828258352,0.5400997828258352,0.5068280558178225,0.5068280558178225,537.8290749633164,875.088963630282,0.23166447410977778,0.6722863437041455,0.23166447410977778,0.0,True
1491,0.0017034706159462323,0.5400997828258352,0.5400997828258352,0.5068280558178225,0.5068280558178225,537.8290749633164,875.088963630282,0.23166447410977778,0.6722863437041455,0.23166447410977778,0.0,True
1492,0.001694953262866501,0.5400997828258352,0.5400997828258352,0.5068280558178225,0.5068280558178225,537.8290749633164,875.088963630282,0.23166447410977778,0.6722863437041455,0.23166447410977778,0.0,True
1493,0.0016864784965521685,0.5400997828258352,0.5400997828258352,0.5068280558178225,0.5068280558178225,537.8290749633164,875.088963630282,0.23166447410977778,0.6722863437041455,0.23166447410977778,0.0,True
1494,0.0016780461040694077,0.5400997828258352,0.5400997828258352,0.5068280558178225,0.5068280558178225,537.8290749633164,875.088963630282,0.23166447410977778,0.6722863437041455,0.23166447410977778,0.0,True
1495,0.0016696558735490607,0.5400997828258352,0.5400997828258352,0.5068280558178225,0.5068280558178225,537.8290749633164,875.088963630282,0.23166447410977778,0.6722863437041455,0.23166447410977778,0.0,True
1496,0.0016613075941813154,0.5400997828258352,0.5400997828258352,0.5068280558178225,0.5068280558178225,537.8290749633164,875.088963630282,0.23166447410977778,0.6722863437041455,0.23166447410977778,0.0,True
1497,0.0016530010562104088,0.5400997828258352,0.5400997828258352,0.5068280558178225,0.5068280558178225,537.8290749633164,875.088963630282,0.23166447410977778,0.6722863437041455,0.23166447410977778,0.0,True
1498,0.0016447360509293568,0.5400997828258352,0.5400997828258352,0.5068280558178225,0.5068280558178225,537.8290749633164,875.088963630282,0.23166447410977778,0.6722863437041455,0.23166447410977778,0.0,True
1499,0.00163651237067471,0.5273031139943494,0.5273031139943494,0.5068280558178225,0.5068280558178225,525.00515853073,858.4437266026451,0.2264120009332022,0.6562564481634126,0.2264120009332022,0.0,True
1500,0.0016283298088213365,0.5273031139943494,0.5273031139943494,0.5068280558178225,0.5068280558178225,525.00515853073,858.4437266026451,0.2264120009332022,0.6562564481634126,0.2264120009332022,0.0,True
1501,0.0016201881597772297,0.5273031139943494,0.5273031139943494,0.5068280558178225,0.5068280558178225,525.00515853073,858.4437266026451,0.2264120009332022,0.6562564481634126,0.2264120009332022,0.0,True
1502,0.0016120872189783436,0.5273031139943494,0.5273031139943494,0.5068280558178225,0.5068280558178225,525.00515853073,858.4437266026451,0.2264120009332022,0.6562564481634126,0.2264120009332022,0.0,True
1503,0.0016040267828834518,0.5273031139943494,0.5273031139943494,0.5068280558178225,0.5068280558178225,525.00515853073,858.4437266026451,0.2264120009332022,0.6562564481634126,0.2264120009332022,0.0,True
1504,0.0015960066489690346,0.5273031139943494,0.5273031139943494,0.5068280558178225,0.5068280558178225,525.00515853073,858.4437266026451,0.2264120009332022,0.6562564481634126,0.2264120009332022,0.0,True
1505,0.0015880266157241895,0.5273031139943494,0.5273031139943494,0.5068280558178225,0.5068280558178225,525.00515853073,858.4437266026451,0.2264120009332022,0.6562564481634126,0.2264120009332022,0.0,True
1506,0.0015800864826455686,0.5273031139943494,0.5273031139943494,0.5068280558178225,0.5068280558178225,525.00515853073,858.4437266026451,0.2264120009332022,0.6562564481634126,0.2264120009332022,0.0,True
1507,0.0015721860502323408,0.5273031139943494,0.5273031139943494,0.5068280558178225,0.5068280558178225,525.00515853073,858.4437266026451,0.2264120009332022,0.6562564481634126,0.2264120009332022,0.0,True
1508,0.0015643251199811792,0.5273031139943494,0.5273031139943494,0.5068280558178225,0.5068280558178225,525.00515853073,858.4437266026451,0.2264120009332022,0.6562564481634126,0.2264120009332022,0.0,True
1509,0.0015565034943812732,0.5273031139943494,0.5273031139943494,0.5068280558178225,0.5068280558178225,525.00515853073,858.4437266026451,0.2264120009332022,0.6562564481634126,0.2264120009332022,0.0,True
1510,0.001548720976909367,0.5273031139943494,0.5273031139943494,0.5068280558178225,0.5068280558178225,525.00515853073,858.4437266026451,0.2264120009332022,0.6562564481634126,0.2264120009332022,0.0,True
1511,0.00154097737202482,0.5273031139943494,0.5273031139943494,0.5068280558178225,0.5068280558178225,525.00515853073,858.4437266026451,0.2264120009332022,0.6562564481634126,0.2264120009332022,0.0,True
1512,0.001533272485164696,0.5273031139943494,0.5273031139943494,0.5068280558178225,0.5068280558178225,525.00515853073,858.4437266026451,0.2264120009332022,0.6562564481634126,0.2264120009332022,0.0,True
1513,0.0015256061227388725,0.5273031139943494,0.5273031139943494,0.5068280558178225,0.5068280558178225,525.00515853073,858.4437266026451,0.2264120009332022,0.6562564481634126,0.2264120009332022,0.0,True
1514,0.0015179780921251783,0.5273031139943494,0.5273031139943494,0.5068280558178225,0.5068280558178225,525.00515853073,858.4437266026451,0.2264120009332022,0.6562564481634126,0.2264120009332022,0.0,True
1515,0.0015103882016645523,0.5273031139943494,0.5273031139943494,0.5068280558178225,0.5068280558178225,525.00515853073,858.4437266026451,0.2264120009332022,0.6562564481634126,0.2264120009332022,0.0,True
1516,0.0015028362606562295,0.5273031139943494,0.5273031139943494,0.5068280558178225,0.5068280558178225,525.00515853073,858.4437266026451,0.2264120009332022,0.6562564481634126,0.2264120009332022,0.0,True
1517,0.0014953220793529484,0.5273031139943494,0.5273031139943494,0.5068280558178225,0.5068280558178225,525.00515853073,858.4437266026451,0.2264120009332022,0.6562564481634126,0.2264120009332022,0.0,True
1518,0.0014878454689561836,0.5273031139943494,0.5273031139943494,0.5068280558178225,0.5068280558178225,525.00515853073,858.4437266026451,0.2264120009332022,0.6562564481634126,0.2264120009332022,0.0,True
1519,0.0014804062416114026,0.5273031139943494,0.5273031139943494,0.5068280558178225,0.5068280558178225,525.00515853073,858.4437266026451,0.2264120009332022,0.6562564481634126,0.2264120009332022,0.0,True
1520,0.0014730042104033456,0.5273031139943494,0.5273031139943494,0.5068280558178225,0.5068280558178225,525.00515853073,858.4437266026451,0.2264120009332022,0.6562564481634126,0.2264120009332022,0.0,True
1521,0.0014656391893513288,0.5264880809444838,0.5264880809444838,0.5068280558178225,0.5068280558178225,524.9222874841453,860.4859048046167,0.2239369313195224,0.6561528593551816,0.2239369313195224,0.0,True
1522,0.0014583109934045721,0.5264880809444838,0.5264880809444838,0.5068280558178225,0.5068280558178225,524.9222874841453,860.4859048046167,0.2239369313195224,0.6561528593551816,0.2239369313195224,0.0,True
1523,0.0014510194384375493,0.5264880809444838,0.5264880809444838,0.5068280558178225,0.5068280558178225,524.9222874841453,860.4859048046167,0.2239369313195224,0.6561528593551816,0.2239369313195224,0.0,True
1524,0.0014437643412453616,0.5264880809444838,0.5264880809444838,0.5068280558178225,0.5068280558178225,524.9222874841453,860.4859048046167,0.2239369313195224,0.6561528593551816,0.2239369313195224,0.0,True
1525,0.0014365455195391348,0.5264880809444838,0.5264880809444838,0.5068280558178225,0.5068280558178225,524.9222874841453,860.4859048046167,0.2239369313195224,0.6561528593551816,0.2239369313195224,0.0,True
1526,0.001429362791941439,0.5264880809444838,0.5264880809444838,0.5068280558178225,0.5068280558178225,524.9222874841453,860.4859048046167,0.2239369313195224,0.6561528593551816,0.2239369313195224,0.0,True
1527,0.001422215977981732,0.5264880809444838,0.5264880809444838,0.5068280558178225,0.5068280558178225,524.9222874841453,860.4859048046167,0.2239369313195224,0.6561528593551816,0.2239369313195224,0.0,True
1528,0.0014151048980918233,0.5264880809444838,0.5264880809444838,0.5068280558178225,0.5068280558178225,524.9222874841453,860.4859048046167,0.2239369313195224,0.6561528593551816,0.2239369313195224,0.0,True
1529,0.0014080293736013641,0.5264880809444838,0.5264880809444838,0.5068280558178225,0.5068280558178225,524.9222874841453,860.4859048046167,0.2239369313195224,0.6561528593551816,0.2239369313195224,0.0,True
1530,0.0014009892267333574,0.5239164023584435,0.5239164023584435,0.5068280558178225,0.5068280558178225,522.5612824645289,858.2700688269393,0.22225093400660262,0.6532016030806611,0.22225093400660262,0.0,True
1531,0.0013939842805996906,0.5239164023584435,0.5239164023584435,0.5068280558178225,0.5068280558178225,522.5612824645289,858.2700688269393,0.22225093400660262,0.6532016030806611,0.22225093400660262,0.0,True
1532,0.0013870143591966921,0.5239164023584435,0.5239164023584435,0.5068280558178225,0.5068280558178225,522.5612824645289,858.2700688269393,0.22225093400660262,0.6532016030806611,0.22225093400660262,0.0,True
1533,0.0013800792874007087,0.5239164023584435,0.5239164023584435,0.5068280558178225,0.5068280558178225,522.5612824645289,858.2700688269393,0.22225093400660262,0.6532016030806611,0.22225093400660262,0.0,True
1534,0.0013731788909637052,0.5239164023584435,0.5239164023584435,0.5068280558178225,0.5068280558178225,522.5612824645289,858.2700688269393,0.22225093400660262,0.6532016030806611,0.22225093400660262,0.0,True
1535,0.0013663129965088866,0.5239164023584435,0.5239164023584435,0.5068280558178225,0.5068280558178225,522.5612824645289,858.2700688269393,0.22225093400660262,0.6532016030806611,0.22225093400660262,0.0,True
1536,0.0013594814315263423,0.5239164023584435,0.5239164023584435,0.5068280558178225,0.5068280558178225,522.5612824645289,858.2700688269393,0.22225093400660262,0.6532016030806611,0.22225093400660262,0.0,True
1537,0.0013526840243687107,0.5239164023584435,0.5239164023584435,0.5068280558178225,0.5068280558178225,522.5612824645289,858.2700688269393,0.22225093400660262,0.6532016030806611,0.22225093400660262,0.0,True
1538,0.0013459206042468672,0.5239164023584435,0.5239164023584435,0.5068280558178225,0.5068280558178225,522.5612824645289,858.2700688269393,0.22225093400660262,0.6532016030806611,0.22225093400660262,0.0,True
1539,0.0013391910012256329,0.5239164023584435,0.5239164023584435,0.5068280558178225,0.5068280558178225,522.5612824645289,858.2700688269393,0.22225093400660262,0.6532016030806611,0.22225093400660262,0.0,True
1540,0.0013324950462195047,0.5239164023584435,0.5239164023584435,0.5068280558178225,0.5068280558178225,522.5612824645289,858.2700688269393,0.22225093400660262,0.6532016030806611,0.22225093400660262,0.0,True
1541,0.0013258325709884073,0.5239164023584435,0.5239164023584435,0.5068280558178225,0.5068280558178225,522.5612824645289,858.2700688269393,0.22225093400660262,0.6532016030806611,0.22225093400660262,0.0,True
1542,0.0013192034081334653,0.5239164023584435,0.5239164023584435,0.5068280558178225,0.5068280558178225,522.5612824645289,858.2700688269393,0.22225093400660262,0.6532016030806611,0.22225093400660262,0.0,True
1543,0.001312607391092798,0.5239164023584435,0.5239164023584435,0.5068280558178225,0.5068280558178225,522.5612824645289,858.2700688269393,0.22225093400660262,0.6532016030806611,0.22225093400660262,0.0,True
1544,0.001306044354137334,0.5239164023584435,0.5239164023584435,0.5068280558178225,0.5068280558178225,522.5612824645289,858.2700688269393,0.22225093400660262,0.6532016030806611,0.22225093400660262,0.0,True
1545,0.0012995141323666473,0.5239164023584435,0.5239164023584435,0.5068280558178225,0.5068280558178225,522.5612824645289,858.2700688269393,0.22225093400660262,0.6532016030806611,0.22225093400660262,0.0,True
1546,0.001293016561704814,0.5239164023584435,0.5239164023584435,0.5068280558178225,0.5068280558178225,522.5612824645289,858.2700688269393,0.22225093400660262,0.6532016030806611,0.22225093400660262,0.0,True
1547,0.00128655147889629,0.5239164023584435,0.5239164023584435,0.5068280558178225,0.5068280558178225,522.5612824645289,858.2700688269393,0.22225093400660262,0.6532016030806611,0.22225093400660262,0.0,True
1548,0.0012801187215018084,0.5239164023584435,0.5239164023584435,0.5068280558178225,0.5068280558178225,522.5612824645289,858.2700688269393,0.22225093400660262,0.6532016030806611,0.22225093400660262,0.0,True
1549,0.0012737181278942994,0.5239164023584435,0.5239164023584435,0.5068280558178225,0.5068280558178225,522.5612824645289,858.2700688269393,0.22225093400660262,0.6532016030806611,0.22225093400660262,0.0,True
1550,0.001267349537254828,0.5239164023584435,0.5239164023584435,0.5068280558178225,0.5068280558178225,522.5612824645289,858.2700688269393,0.22225093400660262,0.6532016030806611,0.22225093400660262,0.0,True
1551,0.0012610127895685537,0.5239164023584435,0.5239164023584435,0.5068280558178225,0.5068280558178225,522.5612824645289,858.2700688269393,0.22225093400660262,0.6532016030806611,0.22225093400660262,0.0,True
1552,0.001254707725620711,0.5239164023584435,0.5239164023584435,0.5068280558178225,0.5068280558178225,522.5612824645289,858.2700688269393,0.22225093400660262,0.6532016030806611,0.22225093400660262,0.0,True
1553,0.0012484341869926075,0.5239164023584435,0.5239164023584435,0.5068280558178225,0.5068280558178225,522.5612824645289,858.2700688269393,0.22225093400660262,0.6532016030806611,0.22225093400660262,0.0,True
1554,0.0012421920160576444,0.5239164023584435,0.5239164023584435,0.5068280558178225,0.5068280558178225,522.5612824645289,858.2700688269393,0.22225093400660262,0.6532016030806611,0.22225093400660262,0.0,True
1555,0.0012359810559773561,0.5239164023584435,0.5239164023584435,0.5068280558178225,0.5068280558178225,522.5612824645289,858.2700688269393,0.22225093400660262,0.6532016030806611,0.22225093400660262,0.0,True
1556,0.0012298011506974695,0.5239164023584435,0.5239164023584435,0.5068280558178225,0.5068280558178225,522.5612824645289,858.2700688269393,0.22225093400660262,0.6532016030806611,0.22225093400660262,0.0,True
1557,0.0012236521449439822,0.5239164023584435,0.5239164023584435,0.5068280558178225,0.5068280558178225,522.5612824645289,858.2700688269393,0.22225093400660262,0.6532016030806611,0.22225093400660262,0.0,True
1558,0.0012175338842192623,0.5239164023584435,0.5239164023584435,0.5068280558178225,0.5068280558178225,522.5612824645289,858.2700688269393,0.22225093400660262,0.6532016030806611,0.22225093400660262,0.0,True
1559,0.001211446214798166,0.5239164023584435,0.5239164023584435,0.5068280558178225,0.5068280558178225,522.5612824645289,858.2700688269393,0.22225093400660262,0.6532016030806611,0.22225093400660262,0.0,True
1560,0.0012053889837241752,0.5239164023584435,0.5239164023584435,0.5068280558178225,0.5068280558178225,522.5612824645289,858.2700688269393,0.22225093400660262,0.6532016030806611,0.22225093400660262,0.0,True
1561,0.0011993620388055543,0.5239164023584435,0.5239164023584435,0.5068280558178225,0.5068280558178225,522.5612824645289,858.2700688269393,0.22225093400660262,0.6532016030806611,0.22225093400660262,0.0,True
1562,0.0011933652286115265,0.5239164023584435,0.5239164023584435,0.5068280558178225,0.5068280558178225,522.5612824645289,858.2700688269393,0.22225093400660262,0.6532016030806611,0.22225093400660262,0.0,True
1563,0.0011873984024684688,0.5239164023584435,0.5239164023584435,0.5068280558178225,0.5068280558178225,522.5612824645289,858.2700688269393,0.22225093400660262,0.6532016030806611,0.22225093400660262,0.0,True
1564,0.0011814614104561265,0.5239164023584435,0.5239164023584435,0.5068280558178225,0.5068280558178225,522.5612824645289,858.2700688269393,0.22225093400660262,0.6532016030806611,0.22225093400660262,0.0,True
1565,0.001175554103403846,0.5239164023584435,0.5239164023584435,0.5068280558178225,0.5068280558178225,522.5612824645289,858.2700688269393,0.22225093400660262,0.6532016030806611,0.22225093400660262,0.0,True
1566,0.0011696763328868267,0.5239164023584435,0.5239164023584435,0.5068280558178225,0.5068280558178225,522.5612824645289,858.2700688269393,0.22225093400660262,0.6532016030806611,0.22225093400660262,0.0,True
1567,0.0011638279512223926,0.5239164023584435,0.5239164023584435,0.5068280558178225,0.5068280558178225,522.5612824645289,858.2700688269393,0.22225093400660262,0.6532016030806611,0.22225093400660262,0.0,True
1568,0.0011580088114662805,0.5239164023584435,0.5239164023584435,0.5068280558178225,0.5068280558178225,522.5612824645289,858.2700688269393,0.22225093400660262,0.6532016030806611,0.22225093400660262,0.0,True
1569,0.001152218767408949,0.5239164023584435,0.5239164023584435,0.5068280558178225,0.5068280558178225,522.5612824645289,858.2700688269393,0.22225093400660262,0.6532016030806611,0.22225093400660262,0.0,True
1570,0.0011464576735719044,0.5239164023584435,0.5239164023584435,0.5068280558178225,0.5068280558178225,522.5612824645289,858.2700688269393,0.22225093400660262,0.6532016030806611,0.22225093400660262,0.0,True
1571,0.0011407253852040449,0.5239164023584435,0.5239164023584435,0.5068280558178225,0.5068280558178225,522.5612824645289,858.2700688269393,0.22225093400660262,0.6532016030806611,0.22225093400660262,0.0,True
1572,0.0011350217582780247,0.5239164023584435,0.5239164023584435,0.5068280558178225,0.5068280558178225,522.5612824645289,858.2700688269393,0.22225093400660262,0.6532016030806611,0.22225093400660262,0.0,True
1573,0.0011293466494866347,0.5239164023584435,0.5239164023584435,0.5068280558178225,0.5068280558178225,522.5612824645289,858.2700688269393,0.22225093400660262,0.6532016030806611,0.22225093400660262,0.0,True
1574,0.0011236999162392014,0.5239164023584435,0.5239164023584435,0.5068280558178225,0.5068280558178225,522.5612824645289,858.2700688269393,0.22225093400660262,0.6532016030806611,0.22225093400660262,0.0,True
1575,0.0011180814166580053,0.5239164023584435,0.5239164023584435,0.5068280558178225,0.5068280558178225,522.5612824645289,858.2700688269393,0.22225093400660262,0.6532016030806611,0.22225093400660262,0.0,True
1576,0.0011124910095747153,0.5239164023584435,0.5239164023584435,0.5068280558178225,0.5068280558178225,522.5612824645289,858.2700688269393,0.22225093400660262,0.6532016030806611,0.22225093400660262,0.0,True
1577,0.0011069285545268418,0.5239164023584435,0.5239164023584435,0.5068280558178225,0.5068280558178225,522.5612824645289,858.2700688269393,0.22225093400660262,0.6532016030806611,0.22225093400660262,0.0,True
1578,0.0011013939117542077,0.5239164023584435,0.5239164023584435,0.5068280558178225,0.5068280558178225,522.5612824645289,858.2700688269393,0.22225093400660262,0.6532016030806611,0.22225093400660262,0.0,True
1579,0.0010958869421954366,0.5239164023584435,0.5239164023584435,0.5068280558178225,0.5068280558178225,522.5612824645289,858.2700688269393,0.22225093400660262,0.6532016030806611,0.22225093400660262,0.0,True
1580,0.0010904075074844595,0.5239164023584435,0.5239164023584435,0.5068280558178225,0.5068280558178225,522.5612824645289,858.2700688269393,0.22225093400660262,0.6532016030806611,0.22225093400660262,0.0,True
1581,0.001084955469947037,0.5239164023584435,0.5239164023584435,0.5068280558178225,0.5068280558178225,522.5612824645289,858.2700688269393,0.22225093400660262,0.6532016030806611,0.22225093400660262,0.0,True
1582,0.001079530692597302,0.5239164023584435,0.5239164023584435,0.5068280558178225,0.5068280558178225,522.5612824645289,858.2700688269393,0.22225093400660262,0.6532016030806611,0.22225093400660262,0.0,True
1583,0.0010741330391343155,0.5239164023584435,0.5239164023584435,0.5068280558178225,0.5068280558178225,522.5612824645289,858.2700688269393,0.22225093400660262,0.6532016030806611,0.22225093400660262,0.0,True
1584,0.001068762373938644,0.5239164023584435,0.5239164023584435,0.5068280558178225,0.5068280558178225,522.5612824645289,858.2700688269393,0.22225093400660262,0.6532016030806611,0.22225093400660262,0.0,True
1585,0.0010634185620689506,0.5239164023584435,0.5239164023584435,0.5068280558178225,0.5068280558178225,522.5612824645289,858.2700688269393,0.22225093400660262,0.6532016030806611,0.22225093400660262,0.0,True
1586,0.0010581014692586058,0.5239164023584435,0.5239164023584435,0.5068280558178225,0.5068280558178225,522.5612824645289,858.2700688269393,0.22225093400660262,0.6532016030806611,0.22225093400660262,0.0,True
1587,0.0010528109619123128,0.5239164023584435,0.5239164023584435,0.5068280558178225,0.5068280558178225,522.5612824645289,858.2700688269393,0.22225093400660262,0.6532016030806611,0.22225093400660262,0.0,True
1588,0.001047546907102751,0.5239164023584435,0.5239164023584435,0.5068280558178225,0.5068280558178225,522.5612824645289,858.2700688269393,0.22225093400660262,0.6532016030806611,0.22225093400660262,0.0,True
1589,0.0010423091725672374,0.5239164023584435,0.5239164023584435,0.5068280558178225,0.5068280558178225,522.5612824645289,858.2700688269393,0.22225093400660262,0.6532016030806611,0.22225093400660262,0.0,True
1590,0.0010370976267044011,0.5239164023584435,0.5239164023584435,0.5068280558178225,0.5068280558178225,522.5612824645289,858.2700688269393,0.22225093400660262,0.6532016030806611,0.22225093400660262,0.0,True
1591,0.001031912138570879,0.5239164023584435,0.5239164023584435,0.5068280558178225,0.5068280558178225,522.5612824645289,858.2700688269393,0.22225093400660262,0.6532016030806611,0.22225093400660262,0.0,True
1592,0.0010267525778780246,0.5239164023584435,0.5239164023584435,0.5068280558178225,0.5068280558178225,522.5612824645289,858.2700688269393,0.22225093400660262,0.6532016030806611,0.22225093400660262,0.0,True
1593,0.0010216188149886345,0.5239164023584435,0.5239164023584435,0.5068280558178225,0.5068280558178225,522.5612824645289,858.2700688269393,0.22225093400660262,0.6532016030806611,0.22225093400660262,0.0,True
1594,0.0010165107209136914,0.5239164023584435,0.5239164023584435,0.5068280558178225,0.5068280558178225,522.5612824645289,858.2700688269393,0.22225093400660262,0.6532016030806611,0.22225093400660262,0.0,True
1595,0.001011428167309123,0.5239164023584435,0.5239164023584435,0.5068280558178225,0.5068280558178225,522.5612824645289,858.2700688269393,0.22225093400660262,0.6532016030806611,0.22225093400660262,0.0,True
1596,0.0010063710264725772,0.5239164023584435,0.5239164023584435,0.5068280558178225,0.5068280558178225,522.5612824645289,858.2700688269393,0.22225093400660262,0.6532016030806611,0.22225093400660262,0.0,True
1597,0.0010013391713402143,0.5239164023584435,0.5239164023584435,0.5068280558178225,0.5068280558178225,522.5612824645289,858.2700688269393,0.22225093400660262,0.6532016030806611,0.22225093400660262,0.0,True
1598,0.0009963324754835132,0.5239164023584435,0.5239164023584435,0.5068280558178225,0.5068280558178225,522.5612824645289,858.2700688269393,0.22225093400660262,0.6532016030806611,0.22225093400660262,0.0,True
1599,0.0009913508131060957,0.5239164023584435,0.5239164023584435,0.5068280558178225,0.5068280558178225,522.5612824645289,858.2700688269393,0.22225093400660262,0.6532016030806611,0.22225093400660262,0.0,True
1600,0.0009863940590405652,0.5239164023584435,0.5239164023584435,0.5068280558178225,0.5068280558178225,522.5612824645289,858.2700688269393,0.22225093400660262,0.6532016030806611,0.22225093400660262,0.0,True
1601,0.0009814620887453624,0.5239164023584435,0.5239164023584435,0.5068280558178225,0.5068280558178225,522.5612824645289,858.2700688269393,0.22225093400660262,0.6532016030806611,0.22225093400660262,0.0,True
1602,0.0009765547783016356,0.5239164023584435,0.5239164023584435,0.5068280558178225,0.5068280558178225,522.5612824645289,858.2700688269393,0.22225093400660262,0.6532016030806611,0.22225093400660262,0.0,True
1603,0.0009716720044101275,0.5227139797064271,0.5227139797064271,0.5068280558178225,0.5068280558178225,520.5859555334578,853.4203927288157,0.2240042287155054,0.6507324444168222,0.2240042287155054,0.0,True
1604,0.0009668136443880768,0.5227139797064271,0.5227139797064271,0.5068280558178225,0.5068280558178225,520.5859555334578,853.4203927288157,0.2240042287155054,0.6507324444168222,0.2240042287155054,0.0,True
1605,0.0009619795761661365,0.5227139797064271,0.5227139797064271,0.5068280558178225,0.5068280558178225,520.5859555334578,853.4203927288157,0.2240042287155054,0.6507324444168222,0.2240042287155054,0.0,True
1606,0.0009571696782853058,0.5227139797064271,0.5227139797064271,0.5068280558178225,0.5068280558178225,520.5859555334578,853.4203927288157,0.2240042287155054,0.6507324444168222,0.2240042287155054,0.0,True
1607,0.0009523838298938792,0.5227139797064271,0.5227139797064271,0.5068280558178225,0.5068280558178225,520.5859555334578,853.4203927288157,0.2240042287155054,0.6507324444168222,0.2240042287155054,0.0,True
1608,0.0009476219107444098,0.5227139797064271,0.5227139797064271,0.5068280558178225,0.5068280558178225,520.5859555334578,853.4203927288157,0.2240042287155054,0.6507324444168222,0.2240042287155054,0.0,True
1609,0.0009428838011906878,0.5227139797064271,0.5227139797064271,0.5068280558178225,0.5068280558178225,520.5859555334578,853.4203927288157,0.2240042287155054,0.6507324444168222,0.2240042287155054,0.0,True
1610,0.0009381693821847344,0.5227139797064271,0.5227139797064271,0.5068280558178225,0.5068280558178225,520.5859555334578,853.4203927288157,0.2240042287155054,0.6507324444168222,0.2240042287155054,0.0,True
1611,0.0009334785352738107,0.5227139797064271,0.5227139797064271,0.5068280558178225,0.5068280558178225,520.5859555334578,853.4203927288157,0.2240042287155054,0.6507324444168222,0.2240042287155054,0.0,True
1612,0.0009288111425974416,0.5227139797064271,0.5227139797064271,0.5068280558178225,0.5068280558178225,520.5859555334578,853.4203927288157,0.2240042287155054,0.6507324444168222,0.2240042287155054,0.0,True
1613,0.0009241670868844544,0.5227139797064271,0.5227139797064271,0.5068280558178225,0.5068280558178225,520.5859555334578,853.4203927288157,0.2240042287155054,0.6507324444168222,0.2240042287155054,0.0,True
1614,0.0009195462514500322,0.5227139797064271,0.5227139797064271,0.5068280558178225,0.5068280558178225,520.5859555334578,853.4203927288157,0.2240042287155054,0.6507324444168222,0.2240042287155054,0.0,True
1615,0.000914948520192782,0.5227139797064271,0.5227139797064271,0.5068280558178225,0.5068280558178225,520.5859555334578,853.4203927288157,0.2240042287155054,0.6507324444168222,0.2240042287155054,0.0,True
1616,0.0009103737775918181,0.5227139797064271,0.5227139797064271,0.5068280558178225,0.5068280558178225,520.5859555334578,853.4203927288157,0.2240042287155054,0.6507324444168222,0.2240042287155054,0.0,True
1617,0.000905821908703859,0.5227139797064271,0.5227139797064271,0.5068280558178225,0.5068280558178225,520.5859555334578,853.4203927288157,0.2240042287155054,0.6507324444168222,0.2240042287155054,0.0,True
1618,0.0009012927991603397,0.5227139797064271,0.5227139797064271,0.5068280558178225,0.5068280558178225,520.5859555334578,853.4203927288157,0.2240042287155054,0.6507324444168222,0.2240042287155054,0.0,True
1619,0.000896786335164538,0.5227139797064271,0.5227139797064271,0.5068280558178225,0.5068280558178225,520.5859555334578,853.4203927288157,0.2240042287155054,0.6507324444168222,0.2240042287155054,0.0,True
1620,0.0008923024034887154,0.5227139797064271,0.5227139797064271,0.5068280558178225,0.5068280558178225,520.5859555334578,853.4203927288157,0.2240042287155054,0.6507324444168222,0.2240042287155054,0.0,True
1621,0.0008878408914712718,0.5227139797064271,0.5227139797064271,0.5068280558178225,0.5068280558178225,520.5859555334578,853.4203927288157,0.2240042287155054,0.6507324444168222,0.2240042287155054,0.0,True
1622,0.0008834016870139154,0.5227139797064271,0.5227139797064271,0.5068280558178225,0.5068280558178225,520.5859555334578,853.4203927288157,0.2240042287155054,0.6507324444168222,0.2240042287155054,0.0,True
1623,0.0008789846785788459,0.5227139797064271,0.5227139797064271,0.5068280558178225,0.5068280558178225,520.5859555334578,853.4203927288157,0.2240042287155054,0.6507324444168222,0.2240042287155054,0.0,True
1624,0.0008745897551859516,0.5227139797064271,0.5227139797064271,0.5068280558178225,0.5068280558178225,520.5859555334578,853.4203927288157,0.2240042287155054,0.6507324444168222,0.2240042287155054,0.0,True
1625,0.0008702168064100218,0.5227139797064271,0.5227139797064271,0.5068280558178225,0.5068280558178225,520.5859555334578,853.4203927288157,0.2240042287155054,0.6507324444168222,0.2240042287155054,0.0,True
1626,0.0008658657223779717,0.5227139797064271,0.5227139797064271,0.5068280558178225,0.5068280558178225,520.5859555334578,853.4203927288157,0.2240042287155054,0.6507324444168222,0.2240042287155054,0.0,True
1627,0.0008615363937660819,0.5227139797064271,0.5227139797064271,0.5068280558178225,0.5068280558178225,520.5859555334578,853.4203927288157,0.2240042287155054,0.6507324444168222,0.2240042287155054,0.0,True
1628,0.0008572287117972515,0.5227139797064271,0.5227139797064271,0.5068280558178225,0.5068280558178225,520.5859555334578,853.4203927288157,0.2240042287155054,0.6507324444168222,0.2240042287155054,0.0,True
1629,0.0008529425682382652,0.5227139797064271,0.5227139797064271,0.5068280558178225,0.5068280558178225,520.5859555334578,853.4203927288157,0.2240042287155054,0.6507324444168222,0.2240042287155054,0.0,True
1630,0.0008486778553970739,0.5227139797064271,0.5227139797064271,0.5068280558178225,0.5068280558178225,520.5859555334578,853.4203927288157,0.2240042287155054,0.6507324444168222,0.2240042287155054,0.0,True
1631,0.0008444344661200885,0.5227139797064271,0.5227139797064271,0.5068280558178225,0.5068280558178225,520.5859555334578,853.4203927288157,0.2240042287155054,0.6507324444168222,0.2240042287155054,0.0,True
1632,0.0008402122937894881,0.5227139797064271,0.5227139797064271,0.5068280558178225,0.5068280558178225,520.5859555334578,853.4203927288157,0.2240042287155054,0.6507324444168222,0.2240042287155054,0.0,True
1633,0.0008360112323205406,0.5227139797064271,0.5227139797064271,0.5068280558178225,0.5068280558178225,520.5859555334578,853.4203927288157,0.2240042287155054,0.6507324444168222,0.2240042287155054,0.0,True
1634,0.0008318311761589379,0.5227139797064271,0.5227139797064271,0.5068280558178225,0.5068280558178225,520.5859555334578,853.4203927288157,0.2240042287155054,0.6507324444168222,0.2240042287155054,0.0,True
1635,0.0008276720202781432,0.5227139797064271,0.5227139797064271,0.5068280558178225,0.5068280558178225,520.5859555334578,853.4203927288157,0.2240042287155054,0.6507324444168222,0.2240042287155054,0.0,True
1636,0.0008235336601767524,0.5227139797064271,0.5227139797064271,0.5068280558178225,0.5068280558178225,520.5859555334578,853.4203927288157,0.2240042287155054,0.6507324444168222,0.2240042287155054,0.0,True
1637,0.0008194159918758686,0.5227139797064271,0.5227139797064271,0.5068280558178225,0.5068280558178225,520.5859555334578,853.4203927288157,0.2240042287155054,0.6507324444168222,0.2240042287155054,0.0,True
1638,0.0008153189119164893,0.5227139797064271,0.5227139797064271,0.5068280558178225,0.5068280558178225,520.5859555334578,853.4203927288157,0.2240042287155054,0.6507324444168222,0.2240042287155054,0.0,True
1639,0.0008112423173569068,0.5227139797064271,0.5227139797064271,0.5068280558178225,0.5068280558178225,520.5859555334578,853.4203927288157,0.2240042287155054,0.6507324444168222,0.2240042287155054,0.0,True
1640,0.0008071861057701223,0.5227139797064271,0.5227139797064271,0.5068280558178225,0.5068280558178225,520.5859555334578,853.4203927288157,0.2240042287155054,0.6507324444168222,0.2240042287155054,0.0,True
1641,0.0008031501752412717,0.5227139797064271,0.5227139797064271,0.5068280558178225,0.5068280558178225,520.5859555334578,853.4203927288157,0.2240042287155054,0.6507324444168222,0.2240042287155054,0.0,True
1642,0.0007991344243650653,0.5227139797064271,0.5227139797064271,0.5068280558178225,0.5068280558178225,520.5859555334578,853.4203927288157,0.2240042287155054,0.6507324444168222,0.2240042287155054,0.0,True
1643,0.00079513875224324,0.5227139797064271,0.5227139797064271,0.5068280558178225,0.5068280558178225,520.5859555334578,853.4203927288157,0.2240042287155054,0.6507324444168222,0.2240042287155054,0.0,True
1644,0.0007911630584820237,0.5227139797064271,0.5227139797064271,0.5068280558178225,0.5068280558178225,520.5859555334578,853.4203927288157,0.2240042287155054,0.6507324444168222,0.2240042287155054,0.0,True
1645,0.0007872072431896136,0.5227139797064271,0.5227139797064271,0.5068280558178225,0.5068280558178225,520.5859555334578,853.4203927288157,0.2240042287155054,0.6507324444168222,0.2240042287155054,0.0,True
1646,0.0007832712069736655,0.5227139797064271,0.5227139797064271,0.5068280558178225,0.5068280558178225,520.5859555334578,853.4203927288157,0.2240042287155054,0.6507324444168222,0.2240042287155054,0.0,True
1647,0.0007793548509387972,0.5227139797064271,0.5227139797064271,0.5068280558178225,0.5068280558178225,520.5859555334578,853.4203927288157,0.2240042287155054,0.6507324444168222,0.2240042287155054,0.0,True
1648,0.0007754580766841032,0.5227139797064271,0.5227139797064271,0.5068280558178225,0.5068280558178225,520.5859555334578,853.4203927288157,0.2240042287155054,0.6507324444168222,0.2240042287155054,0.0,True
1649,0.0007715807863006827,0.5227139797064271,0.5227139797064271,0.5068280558178225,0.5068280558178225,520.5859555334578,853.4203927288157,0.2240042287155054,0.6507324444168222,0.2240042287155054,0.0,True
1650,0.0007677228823691792,0.5227139797064271,0.5227139797064271,0.5068280558178225,0.5068280558178225,520.5859555334578,853.4203927288157,0.2240042287155054,0.6507324444168222,0.2240042287155054,0.0,True
1651,0.0007638842679573333,0.5227139797064271,0.5227139797064271,0.5068280558178225,0.5068280558178225,520.5859555334578,853.4203927288157,0.2240042287155054,0.6507324444168222,0.2240042287155054,0.0,True
1652,0.0007600648466175466,0.5227139797064271,0.5227139797064271,0.5068280558178225,0.5068280558178225,520.5859555334578,853.4203927288157,0.2240042287155054,0.6507324444168222,0.2240042287155054,0.0,True
1653,0.0007562645223844589,0.5227139797064271,0.5227139797064271,0.5068280558178225,0.5068280558178225,520.5859555334578,853.4203927288157,0.2240042287155054,0.6507324444168222,0.2240042287155054,0.0,True
1654,0.0007524831997725366,0.5227139797064271,0.5227139797064271,0.5068280558178225,0.5068280558178225,520.5859555334578,853.4203927288157,0.2240042287155054,0.6507324444168222,0.2240042287155054,0.0,True
1655,0.0007487207837736739,0.5227139797064271,0.5227139797064271,0.5068280558178225,0.5068280558178225,520.5859555334578,853.4203927288157,0.2240042287155054,0.6507324444168222,0.2240042287155054,0.0,True
1656,0.0007449771798548055,0.5227139797064271,0.5227139797064271,0.5068280558178225,0.5068280558178225,520.5859555334578,853.4203927288157,0.2240042287155054,0.6507324444168222,0.2240042287155054,0.0,True
1657,0.0007412522939555314,0.5227139797064271,0.5227139797064271,0.5068280558178225,0.5068280558178225,520.5859555334578,853.4203927288157,0.2240042287155054,0.6507324444168222,0.2240042287155054,0.0,True
1658,0.0007375460324857537,0.5227139797064271,0.5227139797064271,0.5068280558178225,0.5068280558178225,520.5859555334578,853.4203927288157,0.2240042287155054,0.6507324444168222,0.2240042287155054,0.0,True
1659,0.000733858302323325,0.5227139797064271,0.5227139797064271,0.5068280558178225,0.5068280558178225,520.5859555334578,853.4203927288157,0.2240042287155054,0.6507324444168222,0.2240042287155054,0.0,True
1660,0.0007301890108117084,0.5227139797064271,0.5227139797064271,0.5068280558178225,0.5068280558178225,520.5859555334578,853.4203927288157,0.2240042287155054,0.6507324444168222,0.2240042287155054,0.0,True
1661,0.0007265380657576499,0.5227139797064271,0.5227139797064271,0.5068280558178225,0.5068280558178225,520.5859555334578,853.4203927288157,0.2240042287155054,0.6507324444168222,0.2240042287155054,0.0,True
1662,0.0007229053754288616,0.5227139797064271,0.5227139797064271,0.5068280558178225,0.5068280558178225,520.5859555334578,853.4203927288157,0.2240042287155054,0.6507324444168222,0.2240042287155054,0.0,True
1663,0.0007192908485517173,0.5227139797064271,0.5227139797064271,0.5068280558178225,0.5068280558178225,520.5859555334578,853.4203927288157,0.2240042287155054,0.6507324444168222,0.2240042287155054,0.0,True
1664,0.0007156943943089588,0.5227139797064271,0.5227139797064271,0.5068280558178225,0.5068280558178225,520.5859555334578,853.4203927288157,0.2240042287155054,0.6507324444168222,0.2240042287155054,0.0,True
1665,0.0007121159223374139,0.5227139797064271,0.5227139797064271,0.5068280558178225,0.5068280558178225,520.5859555334578,853.4203927288157,0.2240042287155054,0.6507324444168222,0.2240042287155054,0.0,True
1666,0.0007085553427257268,0.5227139797064271,0.5227139797064271,0.5068280558178225,0.5068280558178225,520.5859555334578,853.4203927288157,0.2240042287155054,0.6507324444168222,0.2240042287155054,0.0,True
1667,0.0007050125660120982,0.5227139797064271,0.5227139797064271,0.5068280558178225,0.5068280558178225,520.5859555334578,853.4203927288157,0.2240042287155054,0.6507324444168222,0.2240042287155054,0.0,True
1668,0.0007014875031820377,0.5227139797064271,0.5227139797064271,0.5068280558178225,0.5068280558178225,520.5859555334578,853.4203927288157,0.2240042287155054,0.6507324444168222,0.2240042287155054,0.0,True
1669,0.0006979800656661275,0.5227139797064271,0.5227139797064271,0.5068280558178225,0.5068280558178225,520.5859555334578,853.4203927288157,0.2240042287155054,0.6507324444168222,0.2240042287155054,0.0,True
1670,0.0006944901653377969,0.5227139797064271,0.5227139797064271,0.5068280558178225,0.5068280558178225,520.5859555334578,853.4203927288157,0.2240042287155054,0.6507324444168222,0.2240042287155054,0.0,True
1671,0.000691017714511108,0.5227139797064271,0.5227139797064271,0.5068280558178225,0.5068280558178225,520.5859555334578,853.4203927288157,0.2240042287155054,0.6507324444168222,0.2240042287155054,0.0,True
1672,0.0006875626259385525,0.5227139797064271,0.5227139797064271,0.5068280558178225,0.5068280558178225,520.5859555334578,853.4203927288157,0.2240042287155054,0.6507324444168222,0.2240042287155054,0.0,True
1673,0.0006841248128088598,0.5227139797064271,0.5227139797064271,0.5068280558178225,0.5068280558178225,520.5859555334578,853.4203927288157,0.2240042287155054,0.6507324444168222,0.2240042287155054,0.0,True
1674,0.0006807041887448154,0.5227139797064271,0.5227139797064271,0.5068280558178225,0.5068280558178225,520.5859555334578,853.4203927288157,0.2240042287155054,0.6507324444168222,0.2240042287155054,0.0,True
1675,0.0006773006678010914,0.5227139797064271,0.5227139797064271,0.5068280558178225,0.5068280558178225,520.5859555334578,853.4203927288157,0.2240042287155054,0.6507324444168222,0.2240042287155054,0.0,True
1676,0.0006739141644620859,0.5227139797064271,0.5227139797064271,0.5068280558178225,0.5068280558178225,520.5859555334578,853.4203927288157,0.2240042287155054,0.6507324444168222,0.2240042287155054,0.0,True
1677,0.0006705445936397755,0.5227139797064271,0.5227139797064271,0.5068280558178225,0.5068280558178225,520.5859555334578,853.4203927288157,0.2240042287155054,0.6507324444168222,0.2240042287155054,0.0,True
1678,0.0006671918706715766,0.5227139797064271,0.5227139797064271,0.5068280558178225,0.5068280558178225,520.5859555334578,853.4203927288157,0.2240042287155054,0.6507324444168222,0.2240042287155054,0.0,True
1679,0.0006638559113182188,0.5227139797064271,0.5227139797064271,0.5068280558178225,0.5068280558178225,520.5859555334578,853.4203927288157,0.2240042287155054,0.6507324444168222,0.2240042287155054,0.0,True
1680,0.0006605366317616277,0.5227139797064271,0.5227139797064271,0.5068280558178225,0.5068280558178225,520.5859555334578,853.4203927288157,0.2240042287155054,0.6507324444168222,0.2240042287155054,0.0,True
1681,0.0006572339486028196,0.5227139797064271,0.5227139797064271,0.5068280558178225,0.5068280558178225,520.5859555334578,853.4203927288157,0.2240042287155054,0.6507324444168222,0.2240042287155054,0.0,True
1682,0.0006539477788598054,0.5227139797064271,0.5227139797064271,0.5068280558178225,0.5068280558178225,520.5859555334578,853.4203927288157,0.2240042287155054,0.6507324444168222,0.2240042287155054,0.0,True
1683,0.0006506780399655064,0.5227139797064271,0.5227139797064271,0.5068280558178225,0.5068280558178225,520.5859555334578,853.4203927288157,0.2240042287155054,0.6507324444168222,0.2240042287155054,0.0,True
1684,0.0006474246497656788,0.5227139797064271,0.5227139797064271,0.5068280558178225,0.5068280558178225,520.5859555334578,853.4203927288157,0.2240042287155054,0.6507324444168222,0.2240042287155054,0.0,True
1685,0.0006441875265168505,0.5227139797064271,0.5227139797064271,0.5068280558178225,0.5068280558178225,520.5859555334578,853.4203927288157,0.2240042287155054,0.6507324444168222,0.2240042287155054,0.0,True
1686,0.0006409665888842662,0.5227139797064271,0.5227139797064271,0.5068280558178225,0.5068280558178225,520.5859555334578,853.4203927288157,0.2240042287155054,0.6507324444168222,0.2240042287155054,0.0,True
1687,0.0006377617559398448,0.5227139797064271,0.5227139797064271,0.5068280558178225,0.5068280558178225,520.5859555334578,853.4203927288157,0.2240042287155054,0.6507324444168222,0.2240042287155054,0.0,True
1688,0.0006345729471601456,0.5227139797064271,0.5227139797064271,0.5068280558178225,0.5068280558178225,520.5859555334578,853.4203927288157,0.2240042287155054,0.6507324444168222,0.2240042287155054,0.0,True
1689,0.0006314000824243449,0.5227139797064271,0.5227139797064271,0.5068280558178225,0.5068280558178225,520.5859555334578,853.4203927288157,0.2240042287155054,0.6507324444168222,0.2240042287155054,0.0,True
1690,0.0006282430820122231,0.5227139797064271,0.5227139797064271,0.5068280558178225,0.5068280558178225,520.5859555334578,853.4203927288157,0.2240042287155054,0.6507324444168222,0.2240042287155054,0.0,True
1691,0.000625101866602162,0.5227139797064271,0.5227139797064271,0.5068280558178225,0.5068280558178225,520.5859555334578,853.4203927288157,0.2240042287155054,0.6507324444168222,0.2240042287155054,0.0,True
1692,0.0006219763572691511,0.5227139797064271,0.5227139797064271,0.5068280558178225,0.5068280558178225,520.5859555334578,853.4203927288157,0.2240042287155054,0.6507324444168222,0.2240042287155054,0.0,True
1693,0.0006188664754828054,0.5227139797064271,0.5227139797064271,0.5068280558178225,0.5068280558178225,520.5859555334578,853.4203927288157,0.2240042287155054,0.6507324444168222,0.2240042287155054,0.0,True
1694,0.0006157721431053914,0.5227139797064271,0.5227139797064271,0.5068280558178225,0.5068280558178225,520.5859555334578,853.4203927288157,0.2240042287155054,0.6507324444168222,0.2240042287155054,0.0,True
1695,0.0006126932823898644,0.5227139797064271,0.5227139797064271,0.5068280558178225,0.5068280558178225,520.5859555334578,853.4203927288157,0.2240042287155054,0.6507324444168222,0.2240042287155054,0.0,True
1696,0.0006096298159779151,0.5227139797064271,0.5227139797064271,0.5068280558178225,0.5068280558178225,520.5859555334578,853.4203927288157,0.2240042287155054,0.6507324444168222,0.2240042287155054,0.0,True
1697,0.0006065816668980255,0.5227139797064271,0.5227139797064271,0.5068280558178225,0.5068280558178225,520.5859555334578,853.4203927288157,0.2240042287155054,0.6507324444168222,0.2240042287155054,0.0,True
1698,0.0006035487585635354,0.5227139797064271,0.5227139797064271,0.5068280558178225,0.5068280558178225,520.5859555334578,853.4203927288157,0.2240042287155054,0.6507324444168222,0.2240042287155054,0.0,True
1699,0.0006005310147707177,0.5227139797064271,0.5227139797064271,0.5068280558178225,0.5068280558178225,520.5859555334578,853.4203927288157,0.2240042287155054,0.6507324444168222,0.2240042287155054,0.0,True
1700,0.0005975283596968641,0.5227139797064271,0.5227139797064271,0.5068280558178225,0.5068280558178225,520.5859555334578,853.4203927288157,0.2240042287155054,0.6507324444168222,0.2240042287155054,0.0,True
1701,0.0005945407178983798,0.5227139797064271,0.5227139797064271,0.5068280558178225,0.5068280558178225,520.5859555334578,853.4203927288157,0.2240042287155054,0.6507324444168222,0.2240042287155054,0.0,True
1702,0.000591568014308888,0.5227139797064271,0.5227139797064271,0.5068280558178225,0.5068280558178225,520.5859555334578,853.4203927288157,0.2240042287155054,0.6507324444168222,0.2240042287155054,0.0,True
1703,0.0005886101742373435,0.5227139797064271,0.5227139797064271,0.5068280558178225,0.5068280558178225,520.5859555334578,853.4203927288157,0.2240042287155054,0.6507324444168222,0.2240042287155054,0.0,True
1704,0.0005856671233661567,0.5227139797064271,0.5227139797064271,0.5068280558178225,0.5068280558178225,520.5859555334578,853.4203927288157,0.2240042287155054,0.6507324444168222,0.2240042287155054,0.0,True
1705,0.0005827387877493259,0.5227139797064271,0.5227139797064271,0.5068280558178225,0.5068280558178225,520.5859555334578,853.4203927288157,0.2240042287155054,0.6507324444168222,0.2240042287155054,0.0,True
1706,0.0005798250938105793,0.5227139797064271,0.5227139797064271,0.5068280558178225,0.5068280558178225,520.5859555334578,853.4203927288157,0.2240042287155054,0.6507324444168222,0.2240042287155054,0.0,True
1707,0.0005769259683415264,0.5227139797064271,0.5227139797064271,0.5068280558178225,0.5068280558178225,520.5859555334578,853.4203927288157,0.2240042287155054,0.6507324444168222,0.2240042287155054,0.0,True
1708,0.0005740413384998187,0.5227139797064271,0.5227139797064271,0.5068280558178225,0.5068280558178225,520.5859555334578,853.4203927288157,0.2240042287155054,0.6507324444168222,0.2240042287155054,0.0,True
1709,0.0005711711318073196,0.5227139797064271,0.5227139797064271,0.5068280558178225,0.5068280558178225,520.5859555334578,853.4203927288157,0.2240042287155054,0.6507324444168222,0.2240042287155054,0.0,True
1710,0.000568315276148283,0.5227139797064271,0.5227139797064271,0.5068280558178225,0.5068280558178225,520.5859555334578,853.4203927288157,0.2240042287155054,0.6507324444168222,0.2240042287155054,0.0,True
1711,0.0005654736997675416,0.5227139797064271,0.5227139797064271,0.5068280558178225,0.5068280558178225,520.5859555334578,853.4203927288157,0.2240042287155054,0.6507324444168222,0.2240042287155054,0.0,True
1712,0.0005626463312687039,0.5222496743782461,0.5222496743782461,0.5068280558178225,0.5068280558178225,520.6868146510689,855.1952403058307,0.22216237186186957,0.6508585183138361,0.22216237186186957,0.0,True
1713,0.0005598330996123604,0.5222496743782461,0.5222496743782461,0.5068280558178225,0.5068280558178225,520.6868146510689,855.1952403058307,0.22216237186186957,0.6508585183138361,0.22216237186186957,0.0,True
1714,0.0005570339341142986,0.5222496743782461,0.5222496743782461,0.5068280558178225,0.5068280558178225,520.6868146510689,855.1952403058307,0.22216237186186957,0.6508585183138361,0.22216237186186957,0.0,True
1715,0.0005542487644437271,0.5222496743782461,0.5222496743782461,0.5068280558178225,0.5068280558178225,520.6868146510689,855.1952403058307,0.22216237186186957,0.6508585183138361,0.22216237186186957,0.0,True
1716,0.0005514775206215084,0.5222496743782461,0.5222496743782461,0.5068280558178225,0.5068280558178225,520.6868146510689,855.1952403058307,0.22216237186186957,0.6508585183138361,0.22216237186186957,0.0,True
1717,0.0005487201330184009,0.5222496743782461,0.5222496743782461,0.5068280558178225,0.5068280558178225,520.6868146510689,855.1952403058307,0.22216237186186957,0.6508585183138361,0.22216237186186957,0.0,True
1718,0.0005459765323533089,0.5222496743782461,0.5222496743782461,0.5068280558178225,0.5068280558178225,520.6868146510689,855.1952403058307,0.22216237186186957,0.6508585183138361,0.22216237186186957,0.0,True
1719,0.0005432466496915424,0.5222496743782461,0.5222496743782461,0.5068280558178225,0.5068280558178225,520.6868146510689,855.1952403058307,0.22216237186186957,0.6508585183138361,0.22216237186186957,0.0,True
1720,0.0005405304164430847,0.5222496743782461,0.5222496743782461,0.5068280558178225,0.5068280558178225,520.6868146510689,855.1952403058307,0.22216237186186957,0.6508585183138361,0.22216237186186957,0.0,True
1721,0.0005378277643608692,0.5222496743782461,0.5222496743782461,0.5068280558178225,0.5068280558178225,520.6868146510689,855.1952403058307,0.22216237186186957,0.6508585183138361,0.22216237186186957,0.0,True
1722,0.0005351386255390649,0.5222496743782461,0.5222496743782461,0.5068280558178225,0.5068280558178225,520.6868146510689,855.1952403058307,0.22216237186186957,0.6508585183138361,0.22216237186186957,0.0,True
1723,0.0005324629324113695,0.5222496743782461,0.5222496743782461,0.5068280558178225,0.5068280558178225,520.6868146510689,855.1952403058307,0.22216237186186957,0.6508585183138361,0.22216237186186957,0.0,True
1724,0.0005298006177493126,0.5222496743782461,0.5222496743782461,0.5068280558178225,0.5068280558178225,520.6868146510689,855.1952403058307,0.22216237186186957,0.6508585183138361,0.22216237186186957,0.0,True
1725,0.000527151614660566,0.5222496743782461,0.5222496743782461,0.5068280558178225,0.5068280558178225,520.6868146510689,855.1952403058307,0.22216237186186957,0.6508585183138361,0.22216237186186957,0.0,True
1726,0.0005245158565872632,0.5222496743782461,0.5222496743782461,0.5068280558178225,0.5068280558178225,520.6868146510689,855.1952403058307,0.22216237186186957,0.6508585183138361,0.22216237186186957,0.0,True
1727,0.0005218932773043269,0.5222496743782461,0.5222496743782461,0.5068280558178225,0.5068280558178225,520.6868146510689,855.1952403058307,0.22216237186186957,0.6508585183138361,0.22216237186186957,0.0,True
1728,0.0005192838109178053,0.5222496743782461,0.5222496743782461,0.5068280558178225,0.5068280558178225,520.6868146510689,855.1952403058307,0.22216237186186957,0.6508585183138361,0.22216237186186957,0.0,True
1729,0.0005166873918632163,0.5222496743782461,0.5222496743782461,0.5068280558178225,0.5068280558178225,520.6868146510689,855.1952403058307,0.22216237186186957,0.6508585183138361,0.22216237186186957,0.0,True
1730,0.0005141039549039002,0.5222496743782461,0.5222496743782461,0.5068280558178225,0.5068280558178225,520.6868146510689,855.1952403058307,0.22216237186186957,0.6508585183138361,0.22216237186186957,0.0,True
1731,0.0005115334351293808,0.5222496743782461,0.5222496743782461,0.5068280558178225,0.5068280558178225,520.6868146510689,855.1952403058307,0.22216237186186957,0.6508585183138361,0.22216237186186957,0.0,True
1732,0.0005089757679537339,0.5222496743782461,0.5222496743782461,0.5068280558178225,0.5068280558178225,520.6868146510689,855.1952403058307,0.22216237186186957,0.6508585183138361,0.22216237186186957,0.0,True
1733,0.0005064308891139652,0.5222496743782461,0.5222496743782461,0.5068280558178225,0.5068280558178225,520.6868146510689,855.1952403058307,0.22216237186186957,0.6508585183138361,0.22216237186186957,0.0,True
1734,0.0005038987346683954,0.5222496743782461,0.5222496743782461,0.5068280558178225,0.5068280558178225,520.6868146510689,855.1952403058307,0.22216237186186957,0.6508585183138361,0.22216237186186957,0.0,True
1735,0.0005013792409950534,0.5222496743782461,0.5222496743782461,0.5068280558178225,0.5068280558178225,520.6868146510689,855.1952403058307,0.22216237186186957,0.6508585183138361,0.22216237186186957,0.0,True
1736,0.0004988723447900781,0.5222496743782461,0.5222496743782461,0.5068280558178225,0.5068280558178225,520.6868146510689,855.1952403058307,0.22216237186186957,0.6508585183138361,0.22216237186186957,0.0,True
1737,0.0004963779830661277,0.5222496743782461,0.5222496743782461,0.5068280558178225,0.5068280558178225,520.6868146510689,855.1952403058307,0.22216237186186957,0.6508585183138361,0.22216237186186957,0.0,True
1738,0.000493896093150797,0.5222496743782461,0.5222496743782461,0.5068280558178225,0.5068280558178225,520.6868146510689,855.1952403058307,0.22216237186186957,0.6508585183138361,0.22216237186186957,0.0,True
1739,0.0004914266126850431,0.5222496743782461,0.5222496743782461,0.5068280558178225,0.5068280558178225,520.6868146510689,855.1952403058307,0.22216237186186957,0.6508585183138361,0.22216237186186957,0.0,True
1740,0.0004889694796216179,0.5222496743782461,0.5222496743782461,0.5068280558178225,0.5068280558178225,520.6868146510689,855.1952403058307,0.22216237186186957,0.6508585183138361,0.22216237186186957,0.0,True
1741,0.0004865246322235098,0.5222496743782461,0.5222496743782461,0.5068280558178225,0.5068280558178225,520.6868146510689,855.1952403058307,0.22216237186186957,0.6508585183138361,0.22216237186186957,0.0,True
1742,0.00048409200906239226,0.5222496743782461,0.5222496743782461,0.5068280558178225,0.5068280558178225,520.6868146510689,855.1952403058307,0.22216237186186957,0.6508585183138361,0.22216237186186957,0.0,True
1743,0.0004816715490170803,0.5222496743782461,0.5222496743782461,0.5068280558178225,0.5068280558178225,520.6868146510689,855.1952403058307,0.22216237186186957,0.6508585183138361,0.22216237186186957,0.0,True
1744,0.0004792631912719949,0.5222496743782461,0.5222496743782461,0.5068280558178225,0.5068280558178225,520.6868146510689,855.1952403058307,0.22216237186186957,0.6508585183138361,0.22216237186186957,0.0,True
1745,0.0004768668753156349,0.5222496743782461,0.5222496743782461,0.5068280558178225,0.5068280558178225,520.6868146510689,855.1952403058307,0.22216237186186957,0.6508585183138361,0.22216237186186957,0.0,True
1746,0.00047448254093905676,0.5222496743782461,0.5222496743782461,0.5068280558178225,0.5068280558178225,520.6868146510689,855.1952403058307,0.22216237186186957,0.6508585183138361,0.22216237186186957,0.0,True
1747,0.0004721101282343615,0.5222496743782461,0.5222496743782461,0.5068280558178225,0.5068280558178225,520.6868146510689,855.1952403058307,0.22216237186186957,0.6508585183138361,0.22216237186186957,0.0,True
1748,0.0004697495775931897,0.5222496743782461,0.5222496743782461,0.5068280558178225,0.5068280558178225,520.6868146510689,855.1952403058307,0.22216237186186957,0.6508585183138361,0.22216237186186957,0.0,True
1749,0.0004674008297052237,0.5222496743782461,0.5222496743782461,0.5068280558178225,0.5068280558178225,520.6868146510689,855.1952403058307,0.22216237186186957,0.6508585183138361,0.22216237186186957,0.0,True
1750,0.0004650638255566976,0.5222496743782461,0.5222496743782461,0.5068280558178225,0.5068280558178225,520.6868146510689,855.1952403058307,0.22216237186186957,0.6508585183138361,0.22216237186186957,0.0,True
1751,0.0004627385064289141,0.5222496743782461,0.5222496743782461,0.5068280558178225,0.5068280558178225,520.6868146510689,855.1952403058307,0.22216237186186957,0.6508585183138361,0.22216237186186957,0.0,True
1752,0.0004604248138967695,0.5222496743782461,0.5222496743782461,0.5068280558178225,0.5068280558178225,520.6868146510689,855.1952403058307,0.22216237186186957,0.6508585183138361,0.22216237186186957,0.0,True
1753,0.00045812268982728567,0.5222496743782461,0.5222496743782461,0.5068280558178225,0.5068280558178225,520.6868146510689,855.1952403058307,0.22216237186186957,0.6508585183138361,0.22216237186186957,0.0,True
1754,0.00045583207637814923,0.5222496743782461,0.5222496743782461,0.5068280558178225,0.5068280558178225,520.6868146510689,855.1952403058307,0.22216237186186957,0.6508585183138361,0.22216237186186957,0.0,True
1755,0.00045355291599625847,0.5222496743782461,0.5222496743782461,0.5068280558178225,0.5068280558178225,520.6868146510689,855.1952403058307,0.22216237186186957,0.6508585183138361,0.22216237186186957,0.0,True
1756,0.0004512851514162772,0.5222496743782461,0.5222496743782461,0.5068280558178225,0.5068280558178225,520.6868146510689,855.1952403058307,0.22216237186186957,0.6508585183138361,0.22216237186186957,0.0,True
1757,0.0004490287256591958,0.5222496743782461,0.5222496743782461,0.5068280558178225,0.5068280558178225,520.6868146510689,855.1952403058307,0.22216237186186957,0.6508585183138361,0.22216237186186957,0.0,True
1758,0.0004467835820308998,0.5222496743782461,0.5222496743782461,0.5068280558178225,0.5068280558178225,520.6868146510689,855.1952403058307,0.22216237186186957,0.6508585183138361,0.22216237186186957,0.0,True
1759,0.0004445496641207453,0.5222496743782461,0.5222496743782461,0.5068280558178225,0.5068280558178225,520.6868146510689,855.1952403058307,0.22216237186186957,0.6508585183138361,0.22216237186186957,0.0,True
1760,0.00044232691580014155,0.5222496743782461,0.5222496743782461,0.5068280558178225,0.5068280558178225,520.6868146510689,855.1952403058307,0.22216237186186957,0.6508585183138361,0.22216237186186957,0.0,True
1761,0.00044011528122114087,0.5222496743782461,0.5222496743782461,0.5068280558178225,0.5068280558178225,520.6868146510689,855.1952403058307,0.22216237186186957,0.6508585183138361,0.22216237186186957,0.0,True
1762,0.00043791470481503513,0.5222496743782461,0.5222496743782461,0.5068280558178225,0.5068280558178225,520.6868146510689,855.1952403058307,0.22216237186186957,0.6508585183138361,0.22216237186186957,0.0,True
1763,0.00043572513129095996,0.5222496743782461,0.5222496743782461,0.5068280558178225,0.5068280558178225,520.6868146510689,855.1952403058307,0.22216237186186957,0.6508585183138361,0.22216237186186957,0.0,True
1764,0.00043354650563450517,0.5222496743782461,0.5222496743782461,0.5068280558178225,0.5068280558178225,520.6868146510689,855.1952403058307,0.22216237186186957,0.6508585183138361,0.22216237186186957,0.0,True
1765,0.00043137877310633264,0.5222496743782461,0.5222496743782461,0.5068280558178225,0.5068280558178225,520.6868146510689,855.1952403058307,0.22216237186186957,0.6508585183138361,0.22216237186186957,0.0,True
1766,0.00042922187924080096,0.5223982284335495,0.5223982284335495,0.5068280558178225,0.5068280558178225,520.7057128026715,854.9039510505459,0.22260243243737346,0.6508821410033394,0.22260243243737346,0.0,True
1767,0.00042707576984459694,0.5223982284335495,0.5223982284335495,0.5068280558178225,0.5068280558178225,520.7057128026715,854.9039510505459,0.22260243243737346,0.6508821410033394,0.22260243243737346,0.0,True
1768,0.00042494039099537394,0.5223982284335495,0.5223982284335495,0.5068280558178225,0.5068280558178225,520.7057128026715,854.9039510505459,0.22260243243737346,0.6508821410033394,0.22260243243737346,0.0,True
1769,0.00042281568904039706,0.5223982284335495,0.5223982284335495,0.5068280558178225,0.5068280558178225,520.7057128026715,854.9039510505459,0.22260243243737346,0.6508821410033394,0.22260243243737346,0.0,True
1770,0.00042070161059519506,0.5223982284335495,0.5223982284335495,0.5068280558178225,0.5068280558178225,520.7057128026715,854.9039510505459,0.22260243243737346,0.6508821410033394,0.22260243243737346,0.0,True
1771,0.0004185981025422191,0.5223982284335495,0.5223982284335495,0.5068280558178225,0.5068280558178225,520.7057128026715,854.9039510505459,0.22260243243737346,0.6508821410033394,0.22260243243737346,0.0,True
1772,0.00041650511202950797,0.5223982284335495,0.5223982284335495,0.5068280558178225,0.5068280558178225,520.7057128026715,854.9039510505459,0.22260243243737346,0.6508821410033394,0.22260243243737346,0.0,True
1773,0.00041442258646936044,0.5223982284335495,0.5223982284335495,0.5068280558178225,0.5068280558178225,520.7057128026715,854.9039510505459,0.22260243243737346,0.6508821410033394,0.22260243243737346,0.0,True
1774,0.00041235047353701366,0.5223982284335495,0.5223982284335495,0.5068280558178225,0.5068280558178225,520.7057128026715,854.9039510505459,0.22260243243737346,0.6508821410033394,0.22260243243737346,0.0,True
1775,0.0004102887211693286,0.5223982284335495,0.5223982284335495,0.5068280558178225,0.5068280558178225,520.7057128026715,854.9039510505459,0.22260243243737346,0.6508821410033394,0.22260243243737346,0.0,True
1776,0.00040823727756348195,0.5223982284335495,0.5223982284335495,0.5068280558178225,0.5068280558178225,520.7057128026715,854.9039510505459,0.22260243243737346,0.6508821410033394,0.22260243243737346,0.0,True
1777,0.00040619609117566456,0.5223982284335495,0.5223982284335495,0.5068280558178225,0.5068280558178225,520.7057128026715,854.9039510505459,0.22260243243737346,0.6508821410033394,0.22260243243737346,0.0,True
1778,0.00040416511071978626,0.5223982284335495,0.5223982284335495,0.5068280558178225,0.5068280558178225,520.7057128026715,854.9039510505459,0.22260243243737346,0.6508821410033394,0.22260243243737346,0.0,True
1779,0.0004021442851661873,0.5223982284335495,0.5223982284335495,0.5068280558178225,0.5068280558178225,520.7057128026715,854.9039510505459,0.22260243243737346,0.6508821410033394,0.22260243243737346,0.0,True
1780,0.00040013356374035637,0.5223982284335495,0.5223982284335495,0.5068280558178225,0.5068280558178225,520.7057128026715,854.9039510505459,0.22260243243737346,0.6508821410033394,0.22260243243737346,0.0,True
1781,0.00039813289592165456,0.5223982284335495,0.5223982284335495,0.5068280558178225,0.5068280558178225,520.7057128026715,854.9039510505459,0.22260243243737346,0.6508821410033394,0.22260243243737346,0.0,True
1782,0.0003961422314420463,0.5223982284335495,0.5223982284335495,0.5068280558178225,0.5068280558178225,520.7057128026715,854.9039510505459,0.22260243243737346,0.6508821410033394,0.22260243243737346,0.0,True
1783,0.00039416152028483607,0.5223982284335495,0.5223982284335495,0.5068280558178225,0.5068280558178225,520.7057128026715,854.9039510505459,0.22260243243737346,0.6508821410033394,0.22260243243737346,0.0,True
1784,0.0003921907126834119,0.5223982284335495,0.5223982284335495,0.5068280558178225,0.5068280558178225,520.7057128026715,854.9039510505459,0.22260243243737346,0.6508821410033394,0.22260243243737346,0.0,True
1785,0.00039022975911999486,0.5223982284335495,0.5223982284335495,0.5068280558178225,0.5068280558178225,520.7057128026715,854.9039510505459,0.22260243243737346,0.6508821410033394,0.22260243243737346,0.0,True
1786,0.0003882786103243949,0.5223982284335495,0.5223982284335495,0.5068280558178225,0.5068280558178225,520.7057128026715,854.9039510505459,0.22260243243737346,0.6508821410033394,0.22260243243737346,0.0,True
1787,0.0003863372172727729,0.5223982284335495,0.5223982284335495,0.5068280558178225,0.5068280558178225,520.7057128026715,854.9039510505459,0.22260243243737346,0.6508821410033394,0.22260243243737346,0.0,True
1788,0.00038440553118640903,0.5223982284335495,0.5223982284335495,0.5068280558178225,0.5068280558178225,520.7057128026715,854.9039510505459,0.22260243243737346,0.6508821410033394,0.22260243243737346,0.0,True
1789,0.000382483503530477,0.5223982284335495,0.5223982284335495,0.5068280558178225,0.5068280558178225,520.7057128026715,854.9039510505459,0.22260243243737346,0.6508821410033394,0.22260243243737346,0.0,True
1790,0.00038057108601282464,0.5223982284335495,0.5223982284335495,0.5068280558178225,0.5068280558178225,520.7057128026715,854.9039510505459,0.22260243243737346,0.6508821410033394,0.22260243243737346,0.0,True
1791,0.00037866823058276054,0.5223982284335495,0.5223982284335495,0.5068280558178225,0.5068280558178225,520.7057128026715,854.9039510505459,0.22260243243737346,0.6508821410033394,0.22260243243737346,0.0,True
1792,0.00037677488942984674,0.5223982284335495,0.5223982284335495,0.5068280558178225,0.5068280558178225,520.7057128026715,854.9039510505459,0.22260243243737346,0.6508821410033394,0.22260243243737346,0.0,True
1793,0.0003748910149826975,0.5223982284335495,0.5223982284335495,0.5068280558178225,0.5068280558178225,520.7057128026715,854.9039510505459,0.22260243243737346,0.6508821410033394,0.22260243243737346,0.0,True
1794,0.00037301655990778403,0.5223982284335495,0.5223982284335495,0.5068280558178225,0.5068280558178225,520.7057128026715,854.9039510505459,0.22260243243737346,0.6508821410033394,0.22260243243737346,0.0,True
1795,0.0003711514771082451,0.5223982284335495,0.5223982284335495,0.5068280558178225,0.5068280558178225,520.7057128026715,854.9039510505459,0.22260243243737346,0.6508821410033394,0.22260243243737346,0.0,True
1796,0.0003692957197227039,0.5223982284335495,0.5223982284335495,0.5068280558178225,0.5068280558178225,520.7057128026715,854.9039510505459,0.22260243243737346,0.6508821410033394,0.22260243243737346,0.0,True
1797,0.0003674492411240904,0.5223982284335495,0.5223982284335495,0.5068280558178225,0.5068280558178225,520.7057128026715,854.9039510505459,0.22260243243737346,0.6508821410033394,0.22260243243737346,0.0,True
1798,0.00036561199491847,0.5223982284335495,0.5223982284335495,0.5068280558178225,0.5068280558178225,520.7057128026715,854.9039510505459,0.22260243243737346,0.6508821410033394,0.22260243243737346,0.0,True
1799,0.00036378393494387764,0.5223982284335495,0.5223982284335495,0.5068280558178225,0.5068280558178225,520.7057128026715,854.9039510505459,0.22260243243737346,0.6508821410033394,0.22260243243737346,0.0,True
