日期类型,半小时序号,东向西-直行,东向西-左转,东向西-右转,西向东-直行,西向东-左转,西向东-右转,南向北-直行,南向北-左转,南向北-右转,北向南-直行,北向南-左转,北向南-右转,原始聚类,连续化聚类,时段编号
工作日,0,11.984162034569406,2.749612934338435,7.4836163354399865,10.901213171577124,4.2847014337482285,1.6322672128564677,10.914268908386843,1.5636488407431006,1.3916474682613598,16.769533214465323,6.453275728066567,5.255451927033329,1,1,1
工作日,1,11.253482208312187,2.5998984943326002,5.798793210398692,9.36612702366127,2.978829389788294,2.291407222914072,9.245690122519786,1.5312262821207852,0.918735769272471,11.896202096580168,5.423268602852724,4.810964083175803,1,1,1
工作日,2,11.748353096179182,2.286166007905138,6.9220026350461135,9.738058551617874,3.651771956856702,0.9738058551617873,8.548080520841127,0.8189777744518447,0.5459851829678964,13.154362416107384,4.360957105339948,3.7890283046396265,1,1,1
工作日,3,9.317073968659013,2.2743481532371512,5.582490921582099,8.376843495487561,2.743121285494167,1.0618534008364515,8.476498237367803,0.8222352787570181,0.6577882230056143,11.257102726169956,4.843516567707336,4.07329374960097,1,1,1
工作日,4,7.615791743442975,1.287176069314306,5.966597404634022,7.625316455696202,2.4303797468354436,1.9443037974683548,7.915698639230003,1.2396282774643212,0.6272817789578494,9.123707487230599,3.7419127112661434,2.743075453677173,1,1,1
工作日,5,7.057065217391305,1.4913043478260868,4.234239130434783,7.663942798774259,1.8845760980592443,1.6332992849846781,6.739529317909853,0.5195053849222178,0.3931392102114081,7.923716210305312,3.422928877613507,3.1316157816464,1,1,1
工作日,6,6.4767080745341605,1.6431394692264256,4.532326369282892,5.97758405977584,1.9925280199252802,1.1207970112079702,6.448403391665164,0.6555114558903121,0.2439112394010463,8.76138568892192,3.9627978033775126,2.4497295511788266,1,1,1
工作日,7,6.350821026541361,1.1923990498812351,3.369823401838273,4.623147777332799,1.037244693632359,1.0668802563075692,6.099008065263743,0.8195049596736813,0.47279132288866227,7.745571658615137,3.038647342995169,2.0853462157809983,1,1,1
工作日,8,5.670120998089503,0.7104729925316968,3.8802755745961908,4.383116883116884,1.5827922077922076,0.8522727272727273,5.907760263294648,0.48198510306599684,0.5232981119002251,6.820767807585569,2.88222710453284,1.644831174838113,1,1,1
工作日,9,4.0992700729927005,1.629197080291971,3.2715328467153286,3.8712121212121215,1.6590909090909092,1.106060606060606,6.007086764987551,0.45393602758092316,0.4085424248228308,6.549391069012178,2.5155615696887685,1.9350473612990526,1,1,1
工作日,10,5.086136177194422,1.1189499589827727,3.2296964725184583,4.177807486631017,1.1697860962566844,1.470588235294118,5.846530377195507,0.6099433726845187,0.28265668490258183,5.594115329042427,2.213056613687114,2.3667411007487194,1,1,1
工作日,11,4.319273199221285,0.5939000648929266,4.130304996755354,4.628745556119858,0.5038090401218893,0.5038090401218893,4.44341970428927,0.42760942760942755,0.6507099985360856,4.559748991483639,1.8943074854325415,1.6763783056925146,1,1,1
工作日,12,3.0569200132758048,0.616993030202456,3.6739130434782608,3.585454545454546,1.3257142857142858,0.3615584415584416,6.643187800671689,0.4966869383679767,0.2949078696559862,3.9302953733554062,2.2614794807005314,1.5908338415962362,1,1,1
工作日,13,4.3062863472722235,0.5538631957906397,3.83550263085018,2.6623376623376624,0.3993506493506493,0.6655844155844156,5.445162034367432,0.15338484603851918,0.184061815246223,6.165899985161003,1.4687639115595787,0.8870752337142008,1,1,1
工作日,14,4.185829307568438,0.8979066022544283,3.8293075684380034,3.1818181818181817,0.3409090909090909,0.5681818181818182,3.917422583672193,0.1263684704410384,0.3475132937128558,4.487256371814093,1.3830584707646176,1.260119940029985,1,1,1
工作日,15,2.9175475687103596,0.9133192389006343,2.169133192389006,3.3454545454545457,0.43636363636363634,0.5818181818181818,3.836354885287983,0.17295042515642542,0.2515642547729825,4.26230179028133,1.8561636828644499,1.1858823529411764,1,1,1
工作日,16,3.4923088997017744,0.46052425051012397,3.134123371527233,2.882352941176471,1.6470588235294121,0.4705882352941177,3.8938618925831205,0.5035166240409208,0.16783887468030692,4.0759725400457665,0.7350114416475972,1.536842105263158,1,1,1
工作日,17,3.0070193818753275,0.42577265584075435,2.088947092718701,1.6071428571428574,1.0714285714285716,0.32142857142857145,4.397740706685932,0.6840929988178118,0.3094706423223434,3.9968704593718565,1.0824857494132112,1.3989046607801499,1,1,1
工作日,18,2.144927536231884,0.5644546147978642,2.116704805491991,1.466768525592055,1.5584415584415583,0.6111535523300229,3.878389218674796,0.31092571795283164,0.245467672068025,5.768115942028985,2.154356556661428,0.7297014143530645,1,1,1
工作日,19,1.7753623188405798,0.7101449275362318,1.7753623188405798,2.6936026936026938,0.8080808080808081,0.13468013468013465,3.8490566037735854,0.3179655455291222,0.267760459392945,4.659151905528717,1.615673644659152,1.333870101986044,1,1,1
工作日,20,1.968718610991534,0.5062419285406802,1.7859090256851773,2.368214519293656,1.3342053629823414,0.933943754087639,5.8614819350887934,0.68156766687079,0.36999387630128594,4.710715508387538,1.256190802236677,1.5113545589410022,1,1,1
工作日,21,2.2122328666175384,0.11643330876934412,1.1061164333087692,3.103030303030303,2.0255892255892256,0.6895622895622896,4.104567969179967,0.12713263621353874,0.0726472206934507,5.753839498161368,1.2740644603071598,1.2329656067488641,1,1,1
工作日,22,2.52212389380531,0.2359882005899705,2.24188790560472,1.6363636363636365,1.4545454545454546,0.36363636363636365,4.270687237026648,0.23562412342215988,0.05890603085553992,6.8907987866531855,1.3464779238287834,1.980114593865858,1,1,1
工作日,23,1.6376811594202898,0.46376811594202894,1.7246376811594202,2.302158273381295,1.2374100719424461,0.460431654676259,3.6877768662838393,0.1493027071369975,0.11944216570959798,6.042043056141832,1.7982271000422119,1.4205994090333474,1,1,1
工作日,24,1.664482097186701,0.2845268542199488,1.9205562659846547,2.630637079455977,0.8418038654259127,0.9821045096635648,3.910937264931548,0.14593049496013236,0.1605235444561456,6.604118993135011,1.8741418764302058,1.6956521739130432,1,1,1
工作日,25,1.339464882943144,0.1204013377926421,2.8444816053511706,2.723320158102767,0.4110671936758894,0.4110671936758894,3.295194508009153,0.137299771167048,0.21967963386727685,7.243037467441395,1.859046283309958,1.3761771188138647,1,1,1
工作日,26,1.4285714285714288,0.12422360248447208,1.708074534161491,2.6370176586003926,2.1765860039241334,1.0045781556572924,3.105281919135971,0.16242911847574878,0.12359331021436695,8.234448160535118,3.1707357859531777,0.8991638795986624,1,1,1
工作日,27,1.6913521261347346,0.2866698518872432,1.9350215002388917,3.624078624078624,1.5945945945945945,0.14496314496314494,3.817660936973374,0.14256825075834173,0.12672733400741482,8.979754397610355,2.8755393295718554,1.3620975771656156,1,1,1
工作日,28,1.970578620464204,0.4027459954233409,3.3658058188950633,3.4364588291289864,2.893860066634936,0.5787720133269872,4.692627599243856,0.08771266540642719,0.26313799621928163,9.445438282647585,3.644707163412927,1.2576806408960102,1,1,1
工作日,29,2.0170841731452156,0.8522890872444573,3.56540934830598,4.338891877353415,1.5922538999462075,0.7961269499731037,5.317089777259021,0.3807995331193464,0.6064585157085886,11.037571261762483,3.7486091077683907,1.6920805000343428,1,1,1
工作日,30,2.5897095120561993,0.5012340991076514,6.474273780140498,3.492239467849224,2.4390243902439024,0.886917960088692,5.467796187865952,0.11598355550018684,0.1988289522860346,10.124284199363734,3.0769883351007423,2.059597030752916,1,1,1
工作日,31,3.7272626441881096,0.5734250221827861,5.91670363797693,2.042577675489068,2.1242807825086305,2.2876869965477558,9.00223978919631,0.3888010540184453,0.4785243741765481,16.608268137317772,2.487024924116113,2.3394895472617674,1,1,1
工作日,32,4.667110645989915,0.38892588716582627,7.6396156407573015,4.146067415730337,2.831460674157303,2.0224719101123596,10.63961813842482,0.6730310262529833,0.6873508353221958,16.431550596383225,2.7638322431704507,2.1959215082724124,1,1,1
工作日,33,6.229951690821256,1.0568668046928915,10.234920634920636,3.8781818181818184,2.1545454545454543,1.1490909090909092,14.700764895330112,0.42045088566827693,1.0961755233494366,18.416436290525258,4.132822317165116,2.537697914048756,1,1,1
工作日,34,7.419880647911339,1.0599829497016198,9.302745098039217,5.020754165448699,3.137971353405437,2.1140017538731364,16.45020222446916,0.4175935288169868,1.0887259858442873,16.97339390006489,3.668242637742962,1.2279286795834492,1,1,1
工作日,35,8.177744585511576,1.3653277916680195,9.500405883689968,5.038292896813797,3.6246711487869048,2.609763227126571,17.857670221493027,0.42302433688815966,0.9366967459666394,16.30733581315934,4.477834014269163,3.040917129093238,1,1,1
工作日,36,9.181685064203648,2.198242847488173,14.489637305699482,8.995035096730014,4.65588084232152,3.1672658791302855,19.694565913711944,0.3222014873408907,0.9397543380775979,18.994616009752132,5.52092645266152,3.6148923201950423,1,1,1
工作日,37,13.376567725752508,2.62876254180602,18.168582775919734,11.842572062084257,4.1086474501108645,3.8669623059866964,22.392050542234603,0.60630783006666,1.088598149437867,28.903598823935223,5.496624562671441,6.4693418307846455,1,1,1
工作日,38,20.783685701575706,3.4552223080705207,24.369787642527687,20.808527755430408,5.462590506838295,2.3652453740949317,37.10574377415656,1.026743873260374,1.7805558308439398,35.94405764642875,9.6927795900482,5.884901893957837,2,3,2
工作日,39,41.10425936044545,7.802669580828975,36.310462363073405,53.094690790449356,6.81781106332493,4.63295269168026,50.01223026189409,1.1882243708778895,3.1908497150541075,46.39538354392597,13.070341259576162,9.882101283454382,2,3,2
工作日,40,55.40874848240093,11.03137810695073,41.342482106300515,53.14596620185205,8.023492955716499,3.92144993334054,53.46613916686061,1.2496483896753043,3.023342878246704,52.828666572862446,13.56080859246752,9.262698747713522,3,3,2
工作日,41,58.19210155759191,15.938788154502719,55.69519724442711,31.330319772308723,10.1650761761259,5.4136949606562865,67.1262149635842,1.1230898256455528,2.663738689031119,60.88643493163444,9.116083603442494,12.084437986662198,3,3,2
工作日,42,51.543940795559664,13.654024051803887,56.01942645698428,19.915684718236765,16.961963489834545,6.667806337383235,81.66982350408954,1.5092696226144355,2.299167742861243,75.69106044817991,10.235998671720237,19.116419140969416,3,3,2
工作日,43,48.535501129932584,9.106097772970466,59.48883587970563,20.984242424242424,22.576796536796536,5.62077922077922,90.05160777328966,2.156184599726472,1.6617728443751787,78.15335968379448,16.496442687747034,30.828458498023718,3,3,2
工作日,44,49.399882397703294,5.44733838331431,62.631040088547614,22.684206535749485,17.10432936538024,3.938736826142998,94.87295397370481,3.4702352081433627,1.7872456007605302,73.55302526013384,16.806642609396352,28.596853869600256,3,3,2
工作日,45,36.174464273410045,2.662440570522979,34.20657341693654,14.441474519018946,6.736965780584521,1.0033778822147157,62.6896270541468,3.8009785156913596,1.3789596475531445,32.884539603310124,14.447274399054251,25.233403388939973,2,2,3
工作日,46,26.445294958154726,1.8248622167789346,17.07766891202286,12.861244019138754,5.78755980861244,1.7148325358851677,43.67290192113246,2.622345803842265,1.1830131445904954,23.252594606393746,9.296330839600738,19.016291945309867,2,2,3
工作日,47,28.514579191517566,1.8687872763419484,16.616633532140494,12.952710966163885,8.707704851202609,2.6123114553607834,48.18820749906517,2.87690791039195,1.5001019818472314,23.58233300786859,8.616621675951984,16.844523577048992,2,2,3
工作日,48,29.693224453762962,2.595453542264401,16.406974177885676,16.38752488387525,8.904445919044461,3.344392833443928,42.680968223012506,2.0730755994034644,1.4633474819318575,18.430874450415242,11.286583470266908,15.847759470622197,2,2,3
工作日,49,27.406602746275,2.5742742556638603,21.410427345887225,16.531555807686853,10.183803715784995,2.557367749255425,42.72705314009662,2.6557165861513687,0.8780998389694041,25.767022860481333,8.322402517856807,15.780139839053165,2,2,3
工作日,50,32.89897159148762,3.498584665512677,29.124182873434478,20.467294302245758,14.575855643816807,5.411395508482887,58.56253120022821,3.0504908835904634,1.430456177050895,39.48245211269264,14.108948775003238,15.973816503608473,2,2,3
工作日,51,44.57815067566262,6.230917444790278,40.582236227373194,38.659706391902986,20.360080240722166,10.616577003738488,79.76047876660894,3.6302891909702533,2.4353189989425448,60.94020216782365,19.67409572524662,18.777006454755814,3,3,4
工作日,52,47.1689604539459,6.189592095766657,39.85883875463528,32.22983354673496,19.1606914212548,11.518565941101151,79.06922156423552,4.361388113282809,3.0041729311773193,67.69663630169825,16.275013247874032,22.550089580862505,3,3,4
工作日,53,35.51904578684109,8.007340101222363,35.95187498150176,36.4352310648195,14.628779451916271,10.390534937809688,77.02757437070937,3.516636155606408,3.325354691075515,61.92301045594905,17.718205140227607,18.489219186432052,3,3,4
工作日,54,39.435203269132536,6.907184279318529,31.13587332111415,34.14665304036791,15.67798578529289,11.538997537975565,66.00998620444128,4.4749944372747095,4.123715010457923,55.386222290856516,18.531257458129186,17.908607207536043,3,3,4
工作日,55,40.67639980747634,6.1719586365824135,32.45598938202821,31.881307339449542,13.98191201000834,9.682235195996665,69.83624750302104,3.499132736524534,4.099402369150082,54.46690955076478,16.6972329278574,14.79237926050825,3,3,4
工作日,56,41.177404820905615,7.477359765712998,31.519148456859654,29.12791145862012,12.146577831617202,7.998237982489951,64.56506167926781,3.323517707918822,4.111420612813371,54.5415411106328,19.421007318123117,15.820060266896258,3,3,4
工作日,57,37.321559230815744,7.258057688819012,30.50733960210437,34.60175953079179,13.181622678396872,6.943890518084067,71.12600790513834,3.6423399209486167,4.101217391304348,56.14139091652007,18.49720209981024,16.01358089671316,3,3,4
工作日,58,34.178019913013166,7.22233167138982,32.07790928516223,41.03217821782178,12.855310531053105,8.385238523852387,74.05623127093249,3.1324197763624797,5.463522865748511,55.56832105362588,21.01919547674952,16.760309556581113,3,3,4
工作日,59,38.445249195850955,7.332740612237522,31.874184104955006,31.077828646173973,11.883584041857425,7.220405493786788,73.92837103140009,2.4253356369573145,4.776728114251296,54.78613793441498,20.925675912245197,17.02731658812243,3,3,4
工作日,60,37.74906941939445,7.242027706358648,28.269772439464294,33.169470201761335,13.64274730907227,9.460509761893668,64.97365915582354,3.5846535205468877,5.0069047149339125,52.4950503684968,18.135188173215298,17.28280493654878,3,3,4
工作日,61,39.16388181281753,10.471626153159766,29.451448555761846,35.223732057416264,12.82909090909091,5.401722488038278,63.68391206882803,3.8930188461913326,4.51002560671977,50.09682268634062,21.76480289563174,14.703591809331991,3,3,4
工作日,62,36.63799038970263,10.08573892750241,30.45018372627322,35.06726995706173,13.581790479708205,7.532757745048247,61.166701702753834,3.0953926022063594,4.8683404776485,49.545385202135776,24.143126536147133,16.44192304432579,3,3,4
工作日,63,40.9744807445618,11.207129015529901,28.60099893556047,34.74476627473473,12.655004301692001,6.3275021508460005,62.2640484645916,3.32233131397535,5.413620221433048,52.12041576254387,23.220130461571433,17.31162768892818,3,3,4
工作日,64,48.73138484579024,12.068750877521412,33.41725558103618,40.56088001011506,15.394107978252624,6.226830193450499,59.57229292718548,3.3006467765491343,7.127060296265387,51.611338422118784,24.311189514776707,19.990515541365387,3,3,4
工作日,65,45.74892178575591,9.590861405758247,30.747173330224967,33.37660232797997,14.570797112126126,6.8707823780757336,61.17939900106444,4.023035563197686,4.710608913998745,48.4219816161958,22.521851914509675,20.44747081712062,3,3,4
工作日,66,42.767219872727026,9.789932894859719,30.529803754152386,34.54268292682927,12.632113821138212,7.82520325203252,59.9799893631166,2.817264041635801,4.028833551769331,45.48934672629958,23.321423858054107,18.88488158955935,3,3,4
工作日,67,43.69073746619513,11.270048887039733,31.0826919076347,36.76269945835163,12.9433465085639,6.112135851266287,62.6122640234287,3.483379139445822,5.121748141473304,49.78241471998227,26.527177376894723,19.646929642253443,3,3,4
工作日,68,45.34991319952406,11.164660827953007,30.702817276870768,37.31411637931034,14.894935344827587,4.790948275862069,67.41672393664146,5.097869556937394,5.528884767290703,50.38003366143408,24.16154868792445,24.414939389771895,3,3,4
工作日,69,43.95965136626733,9.691075514874141,30.04492529277157,39.64879128362275,13.986891385767791,8.091590057882193,68.86573590921417,3.727346683868423,6.92865653735219,53.394549880271505,25.12774336545883,21.91248936296531,3,3,4
工作日,70,44.14747020312238,10.592230988752728,30.56464663421185,39.21362610301662,17.612148573773855,8.628770777754976,72.79094535301157,3.6895093737534905,7.302153968887117,60.65028981507039,24.76653385976071,23.148393716473254,3,3,4
工作日,71,46.77195379533817,10.417032798290203,33.5936221020238,42.094223058669506,15.073684641191392,8.377546845593649,71.74685900040633,3.410637952052012,7.407720438845997,55.42151186192975,28.233318677507846,21.17125641708415,3,3,4
工作日,72,47.934997725903806,10.515617509311502,34.071123895219486,42.11581009919582,14.203535126750213,8.498836592235785,61.15545572545085,3.166870725128649,7.242890940724853,54.8492765941721,26.227874375604376,20.705457725875693,3,3,4
工作日,73,48.83895266503962,11.595986622073578,33.782452017234625,34.97317750742408,12.066768847590765,8.414599099530607,59.69228954044009,3.0448941065423867,5.610642439974043,61.08697968543698,29.01485951217252,19.20250862847745,3,3,4
工作日,74,47.44756158749233,10.802331559679628,32.44575902674109,37.04356546480713,12.646205513316852,6.582956294603293,57.81373763593102,3.1526458616010857,6.381442589424421,55.43563709474743,25.70885900980146,19.594634330233728,3,3,4
工作日,75,48.25899839361684,11.195678652756449,34.98010556232237,34.97580220936349,13.176796901152505,6.301946344029457,57.394522053052896,3.553563019934076,5.225827970491288,53.392611964694346,23.762013729977117,20.410591696632885,3,3,4
工作日,76,51.67532782102239,13.53463177249056,37.18134475431315,46.240558260802885,11.92592308577125,7.28806410797132,55.48478465376906,4.312446316822774,4.7679864207125044,54.13002435220402,22.288833556789886,17.276794264919147,3,3,4
工作日,77,54.833977797180985,11.408756392665586,36.75726581015342,38.107597923548845,13.303016002402506,7.3166588013213785,57.97735085945399,2.325985844287159,4.522750252780586,56.7992795256439,22.705295749464245,15.843250811848383,3,3,4
工作日,78,51.453154559343446,12.496676943781058,36.57190762731028,37.26626262626262,13.373198653198653,7.724175084175084,55.57836630899957,3.021883851227025,5.269315057164713,56.93487731881954,22.352852037530464,20.016618469736958,3,3,4
工作日,79,49.96125807578139,12.901388161341016,37.919962458529774,36.06598080917993,12.613908398456822,7.592838065090513,55.715372814985265,2.6982963949779983,5.4558960074280405,57.02572787409195,24.148357070549512,16.869393316228106,3,3,4
工作日,80,56.216596002422776,13.302967898243491,36.480436099333744,43.81575534451743,14.102330251432875,8.99100531314061,58.557751836041035,3.4005300746555536,5.085196350172984,54.80165100909069,23.936517181129883,19.174875288040315,3,3,4
工作日,81,50.87947999422216,12.651255236169291,34.817090856565066,40.548576918458025,16.857611784956568,10.957447660221769,59.758041516331865,3.223650336399047,5.453090755964743,59.953602407399636,23.370539327055074,19.71933652641486,3,3,4
工作日,82,45.93033509176898,11.450347434444371,37.09757834335187,35.39055793991417,14.195734165691247,9.59552607621277,68.02948630108718,3.8418041786017945,5.954796476832781,64.68888073808651,24.442750331518216,20.172716756482238,3,3,4
工作日,83,44.552463845586225,13.724325863261072,38.244949421587485,38.88334182373917,12.524336590561756,8.410503403880888,68.63671628478387,3.6108750347102427,5.491539115288495,64.51490800201191,23.161022797721397,18.150156156788434,3,3,4
工作日,84,47.11858186415677,12.405773688277023,36.86694879539229,35.215287423271654,13.942963394417314,8.932658273220127,60.126754426624636,3.9625938629832205,6.041086493000835,54.58530905487428,24.51470333209464,21.421726743465875,3,3,4
工作日,85,45.88185370511165,14.090492777198223,32.50591438725533,38.70560180730452,13.190645525666234,8.83102539430197,56.492111829309025,3.9985068468928664,6.291990019450284,55.64644962057732,24.305345811286646,20.74385674204907,3,3,4
工作日,86,44.61078182331358,14.852949477843634,32.53626869884279,32.417301217301215,11.091686091686093,8.400103600103598,54.24213159818386,3.173429150922999,4.627917511762707,54.32803615687418,26.601108033240997,18.070855809884826,3,3,4
工作日,87,41.92173162987224,13.093432007400555,32.89787984098807,34.57200407707616,13.804688637577051,8.077852739892249,54.81741544775969,3.781522242118182,4.748888397078647,59.58358153716008,24.6850308125224,20.427039824230572,3,3,4
工作日,88,47.821309886458046,13.32641004338595,35.41749746146035,39.592211335731115,13.624043986936213,9.329199222787217,53.35592428137416,3.8027474928112013,5.667415182336385,60.74770058016131,23.75689825951606,18.495401160322626,3,3,4
工作日,89,47.29919312706797,13.01789052069426,36.030742439194285,41.97528524941303,11.841331301231618,7.819747085718992,58.75029403693104,2.843484141608186,5.145352256243384,58.71396473923683,23.52359792465938,19.327654727408145,3,3,4
工作日,90,48.83357595549774,13.904630116513992,38.39222871059696,36.9304329004329,15.043593073593074,8.662337662337661,53.33495908872133,2.605315792288358,4.233638162468582,60.00824515597087,23.133613349982976,22.33640236361138,3,3,4
工作日,91,50.866165915351154,14.668740561422164,33.03031091453102,35.33091643338993,12.49860033958974,9.352301408838512,52.71994506201983,2.912206532469205,5.193935362032706,66.24508802329979,23.763700195858192,20.73034221562463,3,3,4
工作日,92,46.07396288209607,14.571506550218341,34.354530567685586,37.05911129229515,14.100828916972414,8.294605245277891,58.38748537894768,3.2109330480770195,4.271146790366601,65.25704925168822,23.022664138883002,20.068112696385306,3,3,4
工作日,93,46.35730577334284,13.057685911142789,32.84587788073177,41.57654483506272,15.707952609571008,9.170048009911723,59.0410134418618,2.7749276317675045,5.3579719698489585,63.47208925109785,23.787712149384816,22.91411164299561,3,3,4
工作日,94,47.134257111038934,14.983759454317665,34.708070391165144,37.12334399269072,13.075833714024668,9.619004111466422,66.8169466403162,3.567534414610877,5.485084162464222,70.81218838959202,25.881735241212787,23.65390245615172,3,3,4
工作日,95,48.01443806398687,13.085479901558655,34.465299425758815,39.22086805123741,16.710193591178545,9.978029266674957,66.80095659220633,3.660955887534353,5.146783172433232,77.0663626324185,25.683969692011946,20.162711153830422,3,3,4
工作日,96,49.82679639201378,14.377622377622377,36.36079862166819,39.897591090666985,15.237420812653836,12.046806278497359,65.0658110594484,3.231947503421523,4.832676219738786,82.77840762569217,29.035793491154777,28.055364100544356,3,3,4
工作日,97,50.13355659745479,12.686752671889108,34.614473339351754,47.07124819624819,15.96482683982684,11.054834054834053,66.35706886935273,4.290988287163688,4.612812408700964,90.50605901175577,27.679325185651567,31.20592015041874,3,3,4
工作日,98,54.25648520277676,11.995615637559371,30.791377420533433,45.96764717402374,16.983275234029218,9.776350319219771,64.69429549712514,4.584017055365334,4.678209186639964,77.24592561122006,31.87673337515994,31.57299318753304,3,3,4
工作日,99,44.88443366299683,8.717566710207128,26.745825713752566,47.67413046723391,18.75100761307658,8.211225556053144,57.68562295406112,4.66315881978162,4.042522573983347,63.60889686057408,32.55519721297622,32.879384187319275,3,3,4
工作日,100,39.72203051913197,7.200368069933287,21.121079671804306,32.90625192865519,10.303647472690242,4.971918780472752,47.23485601553779,3.88444539601462,4.098089892795424,53.47951075796804,30.370368717078833,28.41099009017052,3,3,4
工作日,101,31.540879281029877,5.530289045421424,17.320136021374786,27.251142921382005,12.03709810387469,3.529940792925129,46.836915129640055,4.428292327560515,2.821749064538561,47.57359734882606,28.55644074940291,31.565614075684074,3,3,4
工作日,102,23.339343706073386,3.1791640411678217,14.611927035367488,20.30117122141662,7.361963190184048,1.4277746793084216,35.56325730577335,3.297532074126871,1.878341054882395,32.822501864728956,20.40513943360362,34.25061957123264,2,2,5
工作日,103,25.245280973970846,2.874225537833493,10.315276096891314,16.022085259373394,5.238828967642527,1.9209039548022602,29.752283522104495,2.2038728534892216,0.8264523200584581,31.990976210008206,19.042247744052503,29.7059064807219,2,2,5
工作日,104,29.95540878937426,3.780631745427388,11.524829030415745,18.5812308103057,4.864771058603657,1.4630890401815513,35.252077562326875,2.977815247500903,1.2918463206070094,39.291891244460416,24.04934722721284,24.484848484848488,2,2,5
工作日,105,36.380865563127415,5.719520193879026,15.551788156037043,27.246144670699493,8.325210871602625,2.883189912243333,56.04630575417092,3.530132788559755,4.423561457269322,51.35172695687717,28.864091559370532,23.784181483752302,3,3,6
工作日,106,54.55052094472792,9.981019890616885,29.903241773350853,39.34722383890118,9.922942614363869,4.548015364916773,74.242206235012,4.306518421626336,4.451275343361675,84.76939761411812,37.257517499753526,28.712215320910968,3,3,6
工作日,107,50.825421095464755,11.949591851833583,30.442378357049495,44.477084165224724,15.857935134655486,9.39225342739252,74.96996632663168,3.8846191938199466,5.014979696939685,82.43762924610522,34.7133198908789,29.10992042823328,3,3,6
工作日,108,57.08205278857452,10.97586549760463,28.811646931212152,46.65806647442707,19.71467597511003,12.354530277735622,66.39297905246492,3.148078665361068,5.241550977826178,72.59544156402652,29.25635964670467,28.49602487622534,3,3,6
工作日,109,56.530049739446596,10.085646697492704,30.471260084799834,46.474319114538,14.295071093976702,6.503337064212577,64.39284534947717,4.283544303797468,4.888827738029719,74.98869524258126,31.43323127649553,26.578073480923223,3,3,6
工作日,110,57.34465760799467,10.800912970575204,31.07182072577796,47.9531727978665,13.511334222291943,8.444583888932465,68.36019007860727,3.2746458231558377,5.060816272149932,68.28649311707782,26.363772659124983,23.523647267275454,3,3,6
工作日,111,62.220144250304756,12.853474197480699,35.83942503047541,43.1438127090301,14.046822742474916,6.44572818485862,61.94698601167956,3.1920144345497934,4.991434336379334,62.79044640318453,22.097526300824565,24.112027295990902,3,3,6
工作日,112,61.607630794043004,13.165678485213462,33.79190811204789,44.400000000000006,15.411570247933884,7.461157024793389,59.20121217027046,2.923323653509527,5.049377219698273,64.02289200789869,25.23166333613177,21.788922916839105,3,3,6
工作日,113,61.706571916786466,11.604285443055142,31.42827307494101,44.45096303788932,16.25422514435032,6.203902726851267,59.595144241140595,2.87627228334412,5.006844345080504,62.16389097599791,23.695551598265364,22.705774817041064,3,3,6
工作日,114,54.06531706128597,12.967507585993044,33.18456665706882,48.58990271720899,15.117577993961758,6.474337470647433,55.12301689391991,3.6327930709201612,3.6789726438555874,56.5721554770318,21.01992932862191,24.40791519434629,3,3,6
工作日,115,53.000155922038985,10.901109445277362,30.185691154422788,40.301833500885635,13.313705778160754,8.657187993680886,50.17953687418079,3.2715906926722162,5.331481128799166,59.468938092434854,24.6819323137547,20.936086115549575,3,3,6
工作日,116,47.32556957685078,15.369813192263184,29.174182448277342,40.75909090909091,12.186363636363636,6.236363636363635,49.80708551209844,2.9403643529767436,5.209071874055246,56.09018901445986,24.694702166510385,20.997717514681934,3,3,6
工作日,117,48.597295460968176,13.825762267531703,31.18563792367404,41.272727272727266,14.721891815349757,5.914471821013877,45.10806654550538,3.0370092650254823,4.594054624251744,58.564747124962594,19.98324141763926,22.060707109572057,3,3,6
工作日,118,48.45748566790117,12.120846227994523,28.20427679975648,43.312998592210235,14.61051149694979,7.076489910839982,45.842841817239425,2.9825098540277963,5.78334398090669,57.39975012493753,23.718665667166416,19.664192903548223,3,3,6
工作日,119,50.781538611200624,13.41788621840667,28.061444735610102,44.454374412041396,14.920037629350894,5.6255879586077135,43.419104669887275,3.035001610305958,5.806763285024154,60.14339500726916,21.368254283832645,19.662263752376454,3,3,6
工作日,120,45.92887674836229,14.484659938791513,29.151680704150543,40.675814751286445,13.685915761387461,6.365542214598818,41.910868910227016,3.5556152324560832,4.750907161664723,62.16096157339851,24.005016497008267,20.09489149481062,3,3,6
工作日,121,46.479315735292246,13.855902799842404,28.099564073560995,47.763239085414824,11.276573264020966,7.414733105109676,44.19413732048003,2.010230179028133,5.056502065709227,60.285322720608036,25.23872647296448,18.9542116759927,3,3,6
工作日,122,44.89181686170667,12.539164602374646,24.395105492440422,44.014084507042256,12.19590268886044,7.426376440460948,39.23643728185461,2.195372086008532,5.698625414745551,52.834455889693444,23.896500087514017,19.877739674966453,3,3,6
工作日,123,45.814378414147484,13.074998143108909,24.632362573178387,40.436619718309856,12.159263271939329,5.404117009750813,36.320524030633784,3.063543990833987,4.572453717662667,53.550212502743584,20.73051060518387,20.023624718159507,3,3,6
工作日,124,44.74283282502306,13.366082700900776,20.97804099581531,37.99770378874857,11.958668197474168,6.043628013777266,38.21398241731954,2.311823455534956,3.9959332575802886,55.803897865710326,19.182589891337926,18.317860069038694,3,3,6
工作日,125,45.65493433041319,12.188248316077912,24.287252136117598,43.61512939615129,9.166366480235094,4.673049578159067,34.46874487284659,2.2887612797374897,3.6772764561115663,50.32642299539885,18.865119164555654,16.634544796567234,3,3,6
工作日,126,40.01449033856676,12.910312049441035,21.85780630764438,35.30253353204173,10.686821375345966,5.283372365339579,33.87252097635393,3.2081903127383673,3.745375667429443,50.08037660652909,18.919563211319595,21.65223409519479,3,3,6
工作日,127,34.028617543507536,10.881022270169012,21.177316708062584,36.05437995034874,9.12448279938527,3.548409977538716,26.41538740116291,2.6045510331368327,4.284409391787216,45.83406225881143,15.785117056856189,13.859081553897607,2,2,7
工作日,128,31.83268085874075,11.224463287028685,18.986334115100128,23.879411077354522,8.541481654592195,3.306379995326011,30.061012548680225,3.0391699433710233,3.291121855774839,38.61858427322154,15.322409515598332,14.7111801242236,2,2,7
工作日,129,31.8960690887433,10.09696992257296,18.485221858248956,28.959803008119255,7.15759350459204,4.791694396379609,28.2512715340443,2.249405250205086,2.847149302707137,42.09710766934129,13.18441873483859,12.457604030602724,2,2,7
工作日,130,28.574165800362824,7.936566175421432,17.40231150247661,26.21243864918321,8.601933924254633,4.003809244743975,24.122119268234734,2.3782371109527203,1.7605131860299357,36.057904958186356,13.816446038603305,13.212605524949469,2,2,7
工作日,131,24.273873745132367,7.033689400164339,15.214175985138082,24.211267605633804,6.84763124199744,3.6683738796414858,21.655203571808226,2.4438981609439776,2.379159136813011,34.230927701616814,12.270382794214402,11.281298199820954,2,2,7
工作日,132,25.526548672566374,7.433628318584071,15.03982300884956,22.669101220140917,6.472503866643752,3.312940367760784,20.423585467540203,1.948302561048243,2.149851101846337,29.932762752482027,13.466940545475294,9.991601049868766,2,2,7
工作日,133,25.396023496392335,6.130074637060219,13.560858388286576,24.268950907248783,6.880722114764668,2.3048724325320076,22.47350268120138,1.7824324664535134,1.3962387653885853,23.8840579710145,10.507246376811596,10.391304347826088,2,2,7
工作日,134,21.473187946293184,6.603071324198396,13.575914642551899,21.491081703107024,5.332853855005754,3.448791714614499,16.688559043740973,1.3805989754367531,2.0177985025614085,26.109158186864015,9.12385967409094,8.593069095566783,2,2,7
工作日,135,20.968145183398214,6.346290915072098,12.94643346674708,20.694154488517746,5.890586449041564,2.9607136078952365,15.152738802434492,1.505958671963264,1.8630416560370273,25.79680282202749,10.10760379629889,9.008636859934489,2,2,7
工作日,136,19.686370976261262,4.525602523278451,12.005417804808113,20.24154162989114,6.295969402765519,2.644307149161518,15.486241513794598,1.7431749241658243,1.509713996822187,24.923494428084762,8.947254460419192,8.303164154974306,2,2,7
工作日,137,21.520200209173762,4.899746003287016,11.101792917974002,20.464624288993114,4.993613411835146,2.4508532082626484,14.300849575212395,1.4466612847422442,1.2959674009149271,21.36702664263152,8.350009095870476,7.239486000628442,2,2,7
工作日,138,19.157190635451506,5.618729096989966,11.91973244147157,18.558886509635975,7.373564337161768,3.2493673350204393,15.46012725344645,1.5328738069989396,0.9635206786850476,23.12576288473244,8.716182204017175,6.940663606902565,2,2,7
工作日,139,17.020446533490013,4.114833227876707,10.995155021241978,22.455822491818978,9.019395003591667,3.7066006864075347,15.651951896392232,1.3493061979648473,1.6509158186864015,24.739101077415377,11.21545371811056,7.871532160995802,2,2,7
工作日,140,15.87396393776356,4.414424894576123,10.40726334157336,18.795160081379162,5.578327444051826,2.5356033836599208,13.557092073909137,1.4688073752880972,1.3219266377592873,21.18339326577313,10.003269042170643,5.987250735534489,2,2,7
工作日,141,18.35666768489292,4.7714082069035735,10.828445847333944,18.016683690840996,4.657814096016343,3.234593122233572,13.27250810541192,0.9227699725662981,1.891678443760911,19.607346874008254,6.72375833068867,5.364546969216122,1,1,8
工作日,142,14.795343932511356,3.3848150551589877,10.167667099286177,15.629463745309284,4.033409998789494,2.6098535286284954,11.388026607538801,1.2687747035573123,1.2997204280343198,14.976124905128485,7.133514040984497,6.325143662582674,1,1,8
工作日,143,13.187559167840403,3.2639867002239726,8.331062827587798,11.823650034176351,3.1784005468215994,1.9070403280929598,12.081021394064873,1.263768115942029,0.8726017943409248,15.116111336854937,5.7788246647704185,4.278977041852906,1,1,8
周末及普通休息日,0,15.360714285714288,3.7714285714285714,8.367857142857142,15.568720379146919,5.996840442338073,2.767772511848341,15.840379901960784,1.7803308823529411,1.0042892156862746,17.29263301500682,9.54519099590723,4.537175989085949,1,1,1
周末及普通休息日,1,15.805837563451776,3.5786802030456855,9.990482233502538,14.204081632653063,3.0249433106575965,2.1043083900226756,10.01067615658363,3.0444839857651242,1.4448398576512456,14.237465181058496,6.791434540389972,8.346100278551532,1,1,1
周末及普通休息日,2,17.355818414322254,3.7244245524296677,8.04475703324808,16.10928961748634,3.783242258652095,2.4408014571948997,10.048828125,1.58935546875,1.48681640625,14.695945945945946,5.701013513513513,4.60304054054054,1,1,1
周末及普通休息日,3,11.283117932148627,4.410339256865913,7.05654281098546,8.735632183908047,2.7586206896551726,1.8390804597701151,11.237962962962964,1.030555555555556,0.9814814814814816,11.62135922330097,5.810679611650485,3.9429611650485437,1,1,1
周末及普通休息日,4,10.416988416988417,1.7606177606177604,6.822393822393822,7.975308641975309,3.2839506172839505,1.4074074074074072,6.791666666666667,1.2500000000000002,0.9583333333333334,13.180037313432836,7.05410447761194,4.640858208955224,1,1,1
周末及普通休息日,5,10.205338809034908,2.915811088295688,4.628850102669404,9.258064516129032,3.086021505376344,1.3225806451612903,6.46829268292683,1.2853658536585366,0.7463414634146341,10.446428571428571,5.1796875,3.8738839285714284,1,1,1
周末及普通休息日,6,9.947745901639344,3.1413934426229506,5.160860655737705,10.172043010752688,1.849462365591398,2.311827956989247,6.913674033149172,1.4219613259668509,0.5393646408839778,12.389908256880734,3.1399082568807337,2.970183486238532,1,1,1
周末及普通休息日,7,10.07949790794979,3.0543933054393304,5.116108786610878,7.862068965517241,1.6551724137931034,2.4827586206896552,6.336477987421384,0.8176100628930818,0.9709119496855346,9.672680412371134,4.03028350515464,3.672036082474227,1,1,1
周末及普通休息日,8,5.492957746478874,2.3943661971830985,4.612676056338028,6.575757575757575,2.505050505050505,1.2525252525252526,5.9005681818181825,1.1420454545454544,1.3323863636363635,8.748387096774193,3.23508064516129,2.141532258064516,1,1,1
周末及普通休息日,9,5.515054744525548,0.7025547445255473,3.4073905109489053,6.696969696969696,1.1818181818181817,0.787878787878788,6.516393442622951,0.819672131147541,0.16393442622950816,6.690851735015773,3.425078864353312,2.509069400630915,1,1,1
周末及普通休息日,10,4.446428571428571,2.2232142857142856,3.7053571428571432,7.082397003745318,2.3220973782771535,0.9288389513108614,5.997881355932203,0.8050847457627118,0.3220338983050847,6.611111111111111,2.5277777777777777,3.1111111111111107,1,1,1
周末及普通休息日,11,5.467924528301887,1.4264150943396228,3.6056603773584905,4.888888888888888,1.3333333333333333,0.4444444444444444,5.194,0.196,0.735,4.836363636363636,2.375,2.2886363636363636,1,1,1
周末及普通休息日,12,3.617886178861789,2.113821138211382,4.2682926829268295,4.976190476190476,0.9047619047619047,0.4523809523809523,7.300000000000001,0.9358974358974359,0.889102564102564,5.385714285714286,2.1357142857142857,2.2285714285714286,1,1,1
周末及普通休息日,13,4.35483870967742,0.4976958525345622,4.147465437788019,2.8133717055460647,0.6430563898391005,0.5435719046148345,5.303864594134864,0.2935062089116143,0.15262919695352123,4.715025906735752,1.8134715025906736,2.2215025906735755,1,1,1
周末及普通休息日,14,5.525297619047619,0.626984126984127,3.722718253968254,4.0,0.8888888888888887,0.4444444444444444,4.096153846153846,0.23076923076923073,0.17307692307692304,4.403743315508021,1.4679144385026737,1.7533422459893047,1,1,1
周末及普通休息日,15,3.769230769230769,0.8284023668639051,2.4023668639053253,5.0,0.5,0.5,4.102459016393443,0.721311475409836,0.6762295081967213,5.201086956521739,1.434782608695652,1.6141304347826089,1,1,1
周末及普通休息日,16,3.8717105263157894,1.013157894736842,1.9901315789473686,4.102564102564103,0.8205128205128206,0.4102564102564102,3.992021276595745,0.5558510638297872,0.20212765957446807,4.866310160427807,1.5641711229946522,1.6945187165775402,1,1,1
周末及普通休息日,17,3.608425414364641,0.6077348066298343,2.658839779005525,3.2820512820512824,1.6410256410256412,0.4102564102564103,5.539870419091079,0.29799105924478453,0.41213852166413767,4.534090909090909,0.8636363636363636,1.7272727272727273,1,1,1
周末及普通休息日,18,2.786259541984733,0.30534351145038163,1.9083969465648856,2.1666666666666665,1.7333333333333334,0.43333333333333335,6.094202898550725,0.7355072463768116,0.42028985507246375,5.706818181818181,2.577272727272727,1.8409090909090908,1,1,1
周末及普通休息日,19,2.9610000000000003,0.752,2.162,2.2631374434069538,0.9052549773627812,0.4982742458969316,3.3603896103896105,0.19480519480519481,0.19480519480519481,5.374331550802139,1.9258021390374331,1.0748663101604279,1,1,1
周末及普通休息日,20,3.3271604938271606,0.15123456790123452,2.646604938271605,2.074074074074074,0.5185185185185185,2.074074074074074,4.594758064516129,0.4334677419354839,0.34677419354838707,4.441988950276243,2.498618784530387,1.4343922651933703,1,1,1
周末及普通休息日,21,2.53125,0.5625,1.40625,1.7180464399363562,0.8972404534606203,1.7180464399363562,4.7992126915074715,0.43629206286431554,0.3894952456282133,4.731428571428571,2.005714285714286,2.262857142857143,1,1,1
周末及普通休息日,22,1.7586206896551724,0.1954022988505747,2.295977011494253,2.080257650000331,1.6642061200002647,0.5888695633327373,3.5455170682182904,0.19071427791666207,0.26376865386504805,5.750000000000001,0.8322368421052633,2.0427631578947367,1,1,1
周末及普通休息日,23,2.6045081967213117,0.3360655737704918,2.1844262295081966,2.8571428571428577,0.7142857142857144,1.4285714285714288,2.897143162982572,0.12781513954334872,0.2250416974740788,6.6645569620253164,2.221518987341772,0.8639240506329113,1,1,1
周末及普通休息日,24,2.3543269951939125,0.5221662649305285,1.2485067398755594,2.1333333333333333,2.0,0.5333333333333333,3.2387102863568096,0.19141709276844407,0.31987262087474655,8.40764331210191,1.3312101910828025,1.2611464968152866,1,1,1
周末及普通休息日,25,2.266187050359712,0.3021582733812949,2.6816546762589932,2.464305216154238,0.7040872046154966,0.4982742458969316,3.804761904761905,0.16190476190476194,0.2833333333333333,6.879194630872484,2.4077181208053693,0.9630872483221476,1,1,1
周末及普通休息日,26,1.9039351851851851,0.16203703703703698,2.3090277777777777,2.476190476190476,1.238095238095238,0.619047619047619,3.235075370210505,0.19141709276844407,0.32350753702105056,10.242424242424244,1.5101010101010104,1.2474747474747476,1,1,1
周末及普通休息日,27,1.2277227722772277,0.31683168316831684,2.4554455445544554,3.1818181818181817,1.909090909090909,1.909090909090909,2.701271186440678,0.211864406779661,0.211864406779661,8.932515337423313,2.147239263803681,2.920245398773006,1,1,1
周末及普通休息日,28,2.3261278195488724,1.0150375939849625,2.2838345864661656,2.9333333333333336,1.9555555555555555,2.444444444444444,4.860355116030792,0.29988677867056246,0.7147581052986459,11.454545454545455,2.1477272727272725,2.1477272727272725,1,1,1
周末及普通休息日,29,3.5838150289017343,0.7167630057803468,3.449421965317919,6.041666666666667,3.0208333333333335,0.6041666666666666,5.980392156862745,1.4452614379084967,0.19934640522875816,10.736842105263158,4.537593984962406,1.725563909774436,1,1,1
周末及普通休息日,30,4.000980392156864,0.4529411764705882,5.171078431372549,2.7878787878787876,3.4848484848484844,1.3939393939393938,6.628571428571428,0.45571428571428574,0.16571428571428568,10.890052356020943,3.658376963350785,1.7015706806282722,1,1,1
周末及普通休息日,31,4.827586206896552,0.3448275862068965,4.827586206896552,3.625,4.833333333333333,1.2083333333333333,8.978260869565217,1.1159420289855073,0.40579710144927533,13.791044776119403,2.298507462686567,3.16044776119403,1,1,1
周末及普通休息日,32,4.654761904761905,0.9387755102040816,5.906462585034014,4.385964912280701,1.7543859649122806,2.1929824561403506,10.396400778210117,0.36964980544747084,1.1089494163424125,16.865577889447238,3.148241206030151,2.361180904522613,1,1,1
周末及普通休息日,33,5.140506329113924,1.2556962025316456,9.103797468354431,4.277777777777779,1.8333333333333333,1.222222222222222,13.154574132492113,0.5678233438485805,1.277602523659306,15.818181818181818,3.7219251336898393,2.2098930481283423,1,1,1
周末及普通休息日,34,7.327686915887851,1.6705607476635513,7.2517523364485985,4.173913043478261,2.6086956521739126,5.217391304347825,15.216621253405993,1.5415531335149864,1.491825613079019,18.3724584103512,4.102587800369685,1.649953789279113,1,1,1
周末及普通休息日,35,4.7817955112219455,1.1770573566084788,8.791147132169575,7.402985074626867,5.731343283582089,2.8656716417910446,17.649548532731377,0.59255079006772,0.5079006772009029,17.77623762376238,4.34950495049505,1.7492574257425746,1,1,1
周末及普通休息日,36,9.515103338632752,2.416534181240064,11.818362480127186,7.48951048951049,6.1818181818181825,3.3286713286713288,19.019405241935484,0.5751008064516129,0.7804939516129032,19.43350604490501,4.658031088082901,4.90846286701209,1,1,1
周末及普通休息日,37,11.48594674556213,1.5680473372781065,13.446005917159763,5.6923076923076925,4.743589743589744,1.8974358974358976,21.70634920634921,0.47619047619047616,0.3174603174603174,22.882521489971346,5.011461318051576,5.106017191977077,1,1,1
周末及普通休息日,38,11.571969696969695,2.322134387351779,15.480895915678525,7.796407185628742,6.4351297405189625,6.4351297405189625,29.01538727524205,1.2707468879668051,0.33886583679114807,26.634161490683233,8.991459627329192,3.4993788819875777,1,1,1
周末及普通休息日,39,18.923076923076923,2.6153846153846154,23.461538461538463,18.8,5.866666666666667,5.333333333333333,36.48399790136411,0.755115424973767,0.6358866736621196,30.601589103291712,7.889472190692395,3.6339387060158908,1,1,1
周末及普通休息日,40,17.607268722466962,2.6801762114537446,21.962555066079297,14.367668097281829,8.07439198855508,5.224606580829757,44.388109000825764,1.3439306358381502,0.7679603633360859,33.33409715857012,7.607011915673693,5.683890925756187,2,2,2
周末及普通休息日,41,19.788298691301,2.090839107005389,26.62086220169361,16.478382147838214,5.216178521617852,6.638772663877266,42.90956072351421,1.4380921619293714,0.777347114556417,38.059561128526646,7.0109717868338555,8.179467084639498,2,2,2
周末及普通休息日,42,23.30960264900662,4.163756773028297,34.27664057796508,15.428571428571429,16.373177842565596,4.198250728862973,48.69984447900467,1.0707620528771384,1.229393468118196,42.68462083628632,11.02834868887314,9.287030474840538,2,2,2
周末及普通休息日,43,27.690868263473053,4.547904191616767,35.13622754491018,25.936421435059035,10.000908265213441,4.396003633060854,50.41458630527818,1.9552425106990015,1.3801711840228243,44.94785478547855,10.983498349834983,8.06864686468647,2,2,2
周末及普通休息日,44,28.309947643979058,3.618848167539267,40.07120418848168,29.509433962264154,5.880503144654088,4.2767295597484285,60.97844827586207,1.863793103448276,1.782758620689655,55.81586483390607,11.2856529209622,9.27348224513173,2,2,2
周末及普通休息日,45,40.01638269986894,4.3709043250327655,41.8627129750983,38.4367816091954,6.114942528735632,6.114942528735632,71.55920344456405,1.4822389666307858,3.458557588805167,52.15541690300624,15.255459444129325,9.214123652864437,2,2,2
周末及普通休息日,46,43.304875518672205,5.385062240663901,41.435062240663896,31.70731707317074,13.835920177383594,6.456762749445677,83.68455188679245,2.5955188679245285,2.4699292452830193,47.467222884386175,11.822854588796185,14.459922526817639,2,2,2
周末及普通休息日,47,38.91905974988421,6.761695229272811,39.194245020842985,26.895591647331788,17.670533642691414,11.433874709976797,77.26451695786227,3.316803699897225,2.1686793422404937,49.91181657848325,11.243386243386242,13.844797178130511,2,2,2
周末及普通休息日,48,40.54384057971014,6.431884057971014,32.27427536231884,26.891625615763548,17.231527093596057,8.876847290640393,69.19633507853403,2.9803664921465973,2.073298429319372,52.82919412062848,15.996958945767865,17.173846933603652,2,2,2
周末及普通休息日,49,38.55043227665706,6.27209414024976,34.80247358309318,26.930232558139537,21.625792811839318,15.777307963354474,79.908615136876,2.306360708534622,2.035024154589372,61.8928046989721,17.527165932452277,13.830029368575623,2,2,2
周末及普通休息日,50,50.38324282389449,5.990690457719162,42.62606671838635,36.166666666666664,23.122950819672138,13.043715846994537,77.90697674418604,2.7267441860465116,3.116279069767442,62.42998585572843,16.369931636020745,16.325082508250823,3,3,3
周末及普通休息日,51,48.32493455497382,9.053851907255048,43.496213537771126,43.39860139860141,21.283605283605283,6.651126651126652,76.98394736842104,3.202105263157895,4.3139473684210525,59.8271186440678,20.647881355932203,16.65,3,3,3
周末及普通休息日,52,47.48994703805414,10.421734013338565,42.713318948607295,40.26198439241917,24.416945373467115,12.987736900780378,78.33320353063344,4.380321910695743,7.036474558670821,70.60522022838498,21.994086460032626,21.900693311582383,3,3,3
周末及普通休息日,53,49.79895104895105,9.755244755244755,41.6958041958042,44.60915867944623,18.129925452609157,11.92758253461129,77.02888373229115,3.989374694675134,5.856741573033708,59.89126637554585,28.93460698689956,21.424126637554586,3,3,3
周末及普通休息日,54,49.10900473933649,8.75829383886256,41.132701421800945,50.0989247311828,15.41505376344086,9.152688172043012,76.01086956521739,3.723505434782609,6.890625,68.95730706075534,26.231732348111656,18.310960591133004,3,3,3
周末及普通休息日,55,48.26787830896878,11.734492295535361,38.997629395495856,46.030131826742,24.91399874450722,9.72253609541745,83.66035054476552,3.788725722406442,5.550923732828044,65.394280762565,26.083188908145583,16.02253032928943,3,3,3
周末及普通休息日,56,50.99303944315545,10.524361948955917,46.482598607888626,55.157487922705315,21.766183574879225,8.409661835748793,80.67713505461768,4.437686196623634,4.2601787487586895,73.40724815724816,24.56541769041769,19.65233415233415,3,3,3
周末及普通休息日,57,45.664556962025316,11.025316455696203,40.81012658227848,41.08350168350168,17.963636363636365,23.286195286195284,78.96608231707317,3.210365853658536,5.573551829268293,66.13381555153707,27.57255877034358,17.79362567811935,3,3,3
周末及普通休息日,58,51.66806808859721,12.65340442986054,34.55352748154225,33.11591072714183,20.08927285817135,19.461483081353492,85.92173913043479,4.768478260869565,6.684782608695652,75.00971922246221,27.92332613390929,23.81695464362851,3,3,3
周末及普通休息日,59,54.58106694560669,14.048117154811717,39.995815899581594,34.12799999999999,28.44,16.432000000000002,82.60304304799604,3.9442726373082633,5.077684314695695,65.73913043478261,29.902173913043477,19.858695652173914,3,3,3
周末及普通休息日,60,48.17003367003367,15.604377104377104,36.975589225589225,40.53229974160207,26.803617571059434,16.99741602067183,83.95272020725389,4.245054168629299,7.677225624116815,72.64484515876127,28.310123480987848,22.92003136025088,3,3,3
周末及普通休息日,61,60.50598591549296,14.547887323943662,42.32112676056339,42.49077490774908,27.121771217712176,12.054120541205412,85.09421364985164,3.0257789317507418,6.005007418397626,67.1727493917275,28.31792376317924,20.50932684509327,3,3,3
周末及普通休息日,62,55.25810234541578,15.626652452025585,39.49024520255863,36.73145979703357,22.978922716627636,14.622950819672132,83.1630072262368,6.162173429683158,5.424819344080045,70.23216547066272,27.973828619670748,19.294005909666527,3,3,3
周末及普通休息日,63,56.95345247005988,16.92627245508982,41.4952750748503,39.62393162393162,19.71717171717172,21.992229992229994,74.20441513761467,6.9598623853211015,8.08572247706422,69.25922920892495,27.094929006085195,26.64584178498986,3,3,3
周末及普通休息日,64,59.880485746436605,21.087771942985746,36.15674231057765,37.67716535433071,19.866141732283463,29.456692913385826,74.46941719561454,5.76803231390652,9.01255049047894,76.46828429499426,29.549102025219717,24.607613679786017,3,3,3
周末及普通休息日,65,59.121647847565285,22.428546224417786,45.57480592801694,31.234567901234566,21.20164609053498,24.23045267489712,75.04616272360069,6.4397720715522215,6.3890652048470855,62.649244589628424,33.94324213964884,24.407513270722742,3,3,3
周末及普通休息日,66,58.09769417475728,19.57871012482663,45.07359570041609,28.647975077881622,25.39252336448598,15.626168224299064,79.82782769556025,4.274775369978858,6.772396934460888,65.14243433222346,35.46133925268221,23.39622641509434,3,3,3
周末及普通休息日,67,67.14149725717974,21.874152952565346,45.48434979025492,38.285714285714285,34.53221288515407,16.515406162464984,80.11193096548274,4.1083041520760375,7.029764882441221,61.8793324775353,36.34659820282413,18.774069319640567,3,3,3
周末及普通休息日,68,57.49695874471086,21.272566995768692,44.85547425952045,28.32647462277092,30.916323731138544,19.4238683127572,81.01284686536486,3.906474820143886,5.580678314491265,67.79098360655738,27.724043715846996,26.10997267759563,3,3,3
周末及普通休息日,69,60.64298528884105,17.618945102260497,45.73806960889846,43.79749478079332,19.615866388308977,17.586638830897705,79.43039924973205,5.503148445873526,5.941452304394427,59.757053291536046,26.939655172413794,22.678291536050157,3,3,3
周末及普通休息日,70,62.38664383561645,19.906849315068495,47.45650684931507,45.24384787472036,24.053691275167782,16.03579418344519,81.09183128670583,5.383075280298986,6.025093432995194,62.109623430962344,29.02949790794979,24.110878661087867,3,3,3
周末及普通休息日,71,63.686573595311955,19.78110996208204,41.282316442605996,35.333333333333336,29.21794871794872,23.78205128205128,94.21739835640139,4.017895761245675,6.139705882352941,66.69,34.627500000000005,26.9325,3,3,3
周末及普通休息日,72,61.703522846180675,17.46006278339728,42.33641437042204,37.99616858237548,27.371647509578548,12.96551724137931,90.03319405756731,5.183147632311978,8.158658310120705,64.27674418604651,30.738953488372093,29.484302325581393,3,3,3
周末及普通休息日,73,56.66169384729429,20.972757598220902,41.2405485544848,27.688888888888886,27.377777777777776,24.26666666666667,83.34523233301064,4.4724104549854795,8.432357212003872,78.58959638135003,29.541101252609604,25.994302366040362,3,3,3
周末及普通休息日,74,62.285404624277454,23.031310211946053,45.558285163776496,36.406639004149376,31.30290456431535,14.290456431535267,72.1618484122229,3.1396045536249253,6.573547034152186,76.38526802930969,31.243974161203237,21.99575780948708,3,3,3
周末及普通休息日,75,62.23449171809029,21.617408249431634,46.14810003247808,35.74640522875817,20.245751633986927,24.67450980392157,77.45734840698869,3.607977903391572,7.809673689619734,71.86011177086971,33.00445337059029,26.01043485853999,3,3,3
周末及普通休息日,76,64.88694565896314,21.10680824484697,46.006246096189884,40.979386626445454,30.84162895927602,22.8456510809452,78.70808678500985,6.169625246548323,7.122287968441815,68.34887459807074,29.534565916398712,26.991559485530548,3,3,3
周末及普通休息日,77,59.67736939048895,20.240957803081045,44.956672806430014,33.57894736842105,24.31578947368421,19.105263157894736,78.58681955645162,4.769720262096774,6.768460181451613,73.2344696969697,26.42528409090909,22.090246212121208,3,3,3
周末及普通休息日,78,75.60412641457356,21.04057410985371,54.60529947557273,48.33906947100064,19.130656469088592,21.863607393244106,74.9562937062937,2.767616998386229,8.026089295320064,65.8038324772817,29.38675424733307,23.434413275385225,3,3,3
周末及普通休息日,79,58.62790596807773,21.620402498265094,45.37669153365719,31.62158167036216,25.827050997782703,17.218033998521804,79.11652750491159,4.1898330058939095,7.443639489194499,71.3607103218646,30.318812430632633,26.570477247502776,3,3,3
周末及普通休息日,80,66.08709800918837,23.478866768759573,48.30903522205207,43.411764705882355,24.806722689075627,13.781512605042018,71.82905982905983,3.6666666666666665,7.004273504273504,67.69640787949015,32.91830822711472,19.760283893395133,3,3,3
周末及普通休息日,81,69.68920145190562,20.890048396854205,47.54575015124017,32.55218216318786,27.349778621125864,18.43137254901961,80.17897148676171,7.081466395112016,4.239562118126273,69.87865947611711,31.493258859784287,22.878081664098612,3,3,3
周末及普通休息日,82,62.51876012965964,24.71572123176661,45.140518638573745,34.97306397306397,21.430303030303033,17.263299663299662,75.74052924791086,4.330779944289693,6.303690807799443,71.01731927710843,27.476939006024097,26.25574171686747,3,3,3
周末及普通休息日,83,58.212948270390356,22.70898127578547,52.57807045382418,36.81818181818182,25.12299465240642,19.058823529411764,78.31336939721793,4.768933539412674,7.667697063369396,75.46016983420947,24.91609381318237,25.37373635260817,3,3,3
周末及普通休息日,84,68.4531096963761,20.688050930460335,43.98383937316356,44.07617504051864,23.82495948136142,13.765532144786603,66.81703659268146,5.708458308338333,5.474505098980203,63.39467501957713,36.52740798747063,28.577916992952233,3,3,3
周末及普通休息日,85,74.52637177230046,20.686179577464788,41.41244865023474,45.533769063180834,21.08932461873638,6.7102396514161216,67.8667290886392,4.0181023720349565,6.615168539325842,68.56571428571428,33.65514285714286,24.52914285714286,3,3,3
周末及普通休息日,86,75.30045317220544,20.48882175226586,37.7107250755287,43.748681898066785,14.882249560632689,14.369068541300527,65.62175226586103,3.903323262839879,6.474924471299094,70.2159090909091,29.557102272727278,25.47698863636364,3,3,3
周末及普通休息日,87,71.26618122977347,23.78273021476905,44.32608855545749,45.434782608695656,16.26086956521739,15.304347826086955,72.0551341890315,4.139439906651108,6.305425904317386,71.17470355731226,29.218577075098814,22.60671936758893,3,3,3
周末及普通休息日,88,76.08469926849092,23.030208615551338,43.51009211595773,53.882629107981224,16.305164319248828,6.478873239436621,61.4898210980876,4.673041332510796,8.837137569401605,65.44576547231271,37.55981270358306,26.119421824104233,3,3,3
周末及普通休息日,89,71.43076285240465,25.387092316196792,45.80714483139856,57.66197183098592,23.8169014084507,7.52112676056338,63.10793357933579,3.1508302583025833,7.9912361623616235,63.077669902912625,45.22633495145631,19.445995145631066,3,3,3
周末及普通休息日,90,69.87647482014388,23.251223021582735,49.122302158273385,47.85607196401799,19.484257871064468,8.659670164917541,67.35588322465917,6.807498518079431,6.71161825726141,74.4239250275634,27.978224917309813,23.22285005512679,3,3,3
周末及普通休息日,91,67.15820194057005,20.22134627046695,40.87045178896301,48.914529914529915,17.64957264957265,12.102564102564104,65.29265471370735,4.477732793522267,9.229612492770388,72.86603375527426,31.53902953586498,24.46993670886076,3,3,3
周末及普通休息日,92,63.77441125789776,24.00919012062033,49.71639862148191,41.935483870967744,13.978494623655914,10.75268817204301,65.86926538908247,3.6414779326364695,9.86425667828107,67.76605136436596,27.565058186195827,21.2938904494382,3,3,3
周末及普通休息日,93,83.0735333692142,23.444564047362757,44.731902583423036,49.81314878892734,16.876585928489042,11.976931949250288,60.03692999357739,3.749518304431599,5.713551701991008,64.88916256157636,28.65938013136289,26.201457307060757,3,3,3
周末及普通休息日,94,80.96522988505747,21.408045977011493,46.626724137931035,54.794992175273855,20.018779342723004,7.186228482003131,63.27432024169184,5.739274924471299,9.48640483383686,75.22519223727572,35.75155620651776,22.773251556206517,3,3,3
周末及普通休息日,95,74.83129397369227,20.322422759253595,45.59628326705414,45.78947368421052,24.73684210526316,9.473684210526315,73.40614406779662,4.90021186440678,7.56864406779661,73.04242541650524,35.37054436265014,20.71203022084464,3,3,3
周末及普通休息日,96,70.69551379205821,18.452864504395272,44.351621703546535,49.73952641165755,16.327868852459016,16.932604735883427,66.85522412656559,3.253790375741595,7.015985497692815,80.41325258282865,33.35322408265051,28.733523334520843,3,3,3
周末及普通休息日,97,77.33744394618833,22.37488789237668,42.03766816143498,44.68805704099822,16.579916815210932,11.398692810457517,63.88163001293661,2.847347994825356,4.271021992238034,77.3446153846154,25.423461538461538,30.231923076923074,3,3,3
周末及普通休息日,98,69.6482895540623,20.597739767868052,52.62897067806964,46.74626865671642,20.199004975124378,10.388059701492537,69.57046332046332,2.7927927927927927,5.136743886743887,73.76800606520091,37.674374526156186,27.557619408642914,3,3,3
周末及普通休息日,99,66.07229332410931,21.00311310965064,39.424593566240056,51.96333333333333,19.650000000000002,15.719999999999999,61.60445601851852,4.586998456790123,2.9335455246913584,89.49982269503546,28.80576241134752,31.569414893617022,3,3,3
周末及普通休息日,100,73.12558211735487,28.00931387767774,41.6151040049674,46.0012277470841,19.368937998772253,11.963167587476981,62.11115007012623,2.8341514726507713,3.5546984572230014,84.39369764658954,27.157459114479458,24.073843238930994,3,3,3
周末及普通休息日,101,66.60120643431635,20.92660857908847,48.222184986595174,34.97506234413965,16.78802992518703,10.57024106400665,66.5938602681722,3.982886379675371,4.673253352152435,83.77586206896552,33.49952107279694,23.97461685823755,3,3,3
周末及普通休息日,102,60.743484469832204,19.87147447340236,45.88504105676544,28.965517241379306,19.999999999999996,11.03448275862069,76.6108328115216,3.151221039448967,2.73794614902943,89.91890895687432,23.537596756358273,30.04349428676742,3,3,3
周末及普通休息日,103,60.599666666666664,26.304,32.971333333333334,24.804034582132562,21.682997118155622,10.512968299711815,69.13510101010101,3.0858585858585865,4.154040404040404,83.73676132003071,33.24165387567153,32.896584804297774,3,3,3
周末及普通休息日,104,75.61276455026456,25.007936507936506,36.379298941798936,29.144012944983817,15.444983818770226,10.74433656957929,69.80229306487695,3.5992729306487696,5.723434004474273,82.37601704765594,31.70912437039907,31.539858581944983,3,3,3
周末及普通休息日,105,67.2816722972973,17.89358108108108,35.19974662162162,40.25986394557823,27.896598639455778,9.510204081632653,76.73923841059602,5.365976821192053,5.01978476821192,91.77126654064273,25.07703213610586,24.27670132325142,3,3,3
周末及普通休息日,106,69.12683889486904,20.089702188733405,38.033458916397564,42.00639658848613,15.27505330490405,9.051883439943142,72.38156359393233,3.9887689614935824,7.004667444574096,81.69221060223586,36.60638297872341,25.076406419040755,3,3,3
周末及普通休息日,107,77.65957943925234,19.48130841121495,44.98411214953271,44.055359246171975,21.162544169611305,10.11542991755006,69.55,3.734905660377358,6.965094339622641,75.86014248218974,26.233361454818155,26.28149606299213,3,3,3
周末及普通休息日,108,66.67897727272727,17.236742424242426,35.834280303030305,40.76190476190476,21.400000000000002,9.171428571428569,69.5275080906149,4.723624595469255,7.7488673139158575,72.35321456235476,28.215869481022466,21.055915956622776,3,3,3
周末及普通休息日,109,69.03655074520937,13.807310149041873,35.78113910574876,45.19816513761467,12.660550458715598,11.141284403669724,61.3386678200692,4.496539792387543,4.789792387543253,65.16132858837486,33.88582443653618,23.202846975088967,3,3,3
周末及普通休息日,110,66.51983193277312,16.34672268907563,37.50844537815126,44.27962347729789,15.772425249169435,10.281284606866004,67.38320079522863,6.130550033134526,6.236249171636846,67.24077669902913,29.429611650485437,24.579611650485436,3,3,3
周末及普通休息日,111,70.33897625160462,21.33023106546855,40.205792682926834,38.0544747081712,14.941634241245135,7.003891050583658,62.24624388539483,4.132948986722572,5.7458071278826,65.07773027594249,26.715652934317916,22.581616789739606,3,3,3
周末及普通休息日,112,64.7786520697913,17.477933629832364,41.74341430037633,43.84459849797804,18.879260543038704,8.942807625649912,63.00069783670621,5.00907187718074,5.990230286113049,68.23157693776251,28.71487208858343,20.92855097365407,3,3,3
周末及普通休息日,113,66.79283185840708,17.096283185840708,34.48588495575221,51.03464755077658,18.045400238948627,9.586618876941456,64.39222440944883,4.753116797900263,7.104658792650919,65.96876162142061,29.32447006322053,26.20676831535887,3,3,3
周末及普通休息日,114,71.84005419190309,19.397672935926046,43.38727287217087,48.77358490566038,23.647798742138363,5.911949685534591,61.52308752584425,7.350103376981392,10.12680909717436,66.6949792374481,24.748725934314837,24.181294828237075,3,3,3
周末及普通休息日,115,65.4816153362665,23.70600251414205,42.68738214959145,42.57510729613734,13.733905579399142,7.690987124463519,61.049531700288185,3.6185158501440924,7.081952449567723,68.68094218415418,25.120985010706637,24.698072805139187,3,3,3
周末及普通休息日,116,61.07589434971581,21.27181544633902,38.15229020394517,42.699530516431935,21.600938967136155,7.032863849765259,50.767134599504544,4.213872832369942,5.768992568125515,63.2009087317266,25.4345120505729,19.739579217700516,3,3,3
周末及普通休息日,117,63.61505681818183,18.72443181818182,44.41051136363637,41.015364061456246,18.70407481629927,6.947227788911157,48.34035621198957,4.566029539530843,4.218614248479582,66.60961398397669,25.405589949016754,25.234796067006553,3,3,3
周末及普通休息日,118,68.57573595674376,18.43391408831481,44.11534995494142,53.38571428571428,15.857142857142856,4.757142857142857,48.77782225780625,4.45636509207366,7.265812650120096,65.37556904400607,26.66635053110774,21.33308042488619,3,3,3
周末及普通休息日,119,68.65941372015715,18.044122091266242,39.796464188576614,47.18859649122806,13.800438596491228,6.677631578947369,53.99342585829072,2.449963476990504,8.056610664718773,73.66285305684661,23.381748301751877,18.7053986414015,3,3,3
周末及普通休息日,120,60.37528858839051,15.967018469656995,40.03269294195251,39.30808080808081,15.54040404040404,5.484848484848484,49.070211038961034,3.893668831168831,8.536120129870131,66.08198231392778,23.508382461311715,20.034635224760503,3,3,3
周末及普通休息日,121,60.37732403718459,20.886454183266935,35.23622177954847,55.11188811188811,9.930069930069932,5.9580419580419575,47.069825436408976,3.6243765586034917,5.9307980049875315,59.866827115924586,24.27837946249499,21.854793421580425,3,3,3
周末及普通休息日,122,72.12526379258367,22.253090141694305,36.49664606572203,40.0379403794038,12.05962059620596,7.235772357723577,40.20225776105362,2.535277516462841,5.3874647224835375,59.76596558317399,28.73690248565966,22.497131931166347,3,3,3
周末及普通休息日,123,66.05224929709465,22.029990627928772,32.66776007497657,33.6085626911315,12.963302752293579,5.761467889908257,39.5981463878327,3.6779942965779466,6.973859315589353,59.12162162162162,24.451013513513516,22.677364864864863,3,3,3
周末及普通休息日,124,70.80042613636364,20.095170454545453,32.47940340909091,39.50653594771242,10.261437908496733,2.565359477124183,41.29158316633267,3.9155811623246493,5.542835671342685,60.993793638479445,23.44608223429015,25.060124127230413,3,3,3
周末及普通休息日,125,59.43611016079371,15.07047553882997,37.86841430037632,36.98740740740741,10.26740740740741,8.411851851851853,30.771546454767726,2.391809290953545,4.461644254278729,58.7719369187222,20.984179134654266,20.618883946623537,2,2,4
周末及普通休息日,126,59.830879850238254,19.278420694349897,31.515699455411845,37.333333333333336,12.133333333333333,4.2,33.484857142857145,2.608,4.657142857142857,54.52431672025724,21.022859726688104,23.327823553054664,2,2,4
周末及普通休息日,127,52.96963028169014,18.241197183098592,28.414172535211268,41.8527724665392,13.537284894837477,3.609942638623327,33.49074585635359,3.453591160220994,4.180662983425415,51.894640403114984,18.967819514429685,18.762540082455335,2,2,4
周末及普通休息日,128,44.16941391941392,18.112637362637365,24.467948717948715,31.40562248995984,3.232931726907631,3.6947791164658645,29.76985195154778,3.1440107671601614,3.586137281292059,41.892131318394995,17.565007816571132,19.66786086503387,2,2,4
周末及普通休息日,129,46.45087090163935,17.87438524590164,27.299743852459017,25.58139534883721,12.906976744186046,6.511627906976744,26.305800293685756,2.8373715124816443,3.606828193832599,45.20546448087432,18.821448087431694,13.72308743169399,2,2,4
周末及普通休息日,130,40.52074187884109,17.18612818261633,26.66812993854258,28.58156028368794,11.52482269503546,3.226950354609929,24.604295665634673,1.8014705882352942,4.2192337461300315,40.474127557160045,15.762334536702769,10.763537906137184,2,2,4
周末及普通休息日,131,40.822983671449784,10.61553686293914,27.436479465611082,21.995555555555555,8.528888888888888,3.142222222222222,25.69187898089172,1.7969745222929936,3.011146496815287,38.42465753424657,14.171077210460773,11.154265255292653,2,2,4
周末及普通休息日,132,40.50452544031311,10.59931506849315,26.27115949119374,27.111111111111114,4.0,3.5555555555555554,25.28513198757764,3.0692934782608696,3.020574534161491,41.30825242718446,15.948649878640778,11.368097694174757,2,2,4
周末及普通休息日,133,39.60635906927551,10.38339502908514,24.38524590163934,22.973684210526315,5.105263157894736,4.254385964912281,20.401490066225165,2.456953642384106,3.6415562913907285,36.59090909090909,14.039772727272727,14.994318181818182,2,2,4
周末及普通休息日,134,40.77042850024913,10.852017937219731,24.00255356253114,26.365771812080535,3.7975391498881432,2.1700223713646536,19.19929245283019,2.3228773584905658,3.602830188679245,33.00146305779079,14.741770299926849,9.50676664228237,2,2,4
周末及普通休息日,135,36.68116376724655,7.572885422915417,21.495950809838035,17.14499252615845,4.424514200298954,3.0971599402092678,18.346491228070178,2.112938596491228,3.0405701754385968,28.261419536191145,14.773014757554463,14.090565706254392,2,2,4
周末及普通休息日,136,31.929347826086953,7.5856389986824775,19.235013175230566,23.902439024390247,7.682926829268292,3.4146341463414633,18.233532934131738,1.9760479041916168,2.2904191616766467,26.748031496062996,12.10433070866142,9.522637795275593,2,2,4
周末及普通休息日,137,29.215077605321508,7.662971175166297,17.121951219512194,23.629166666666666,7.579166666666667,4.458333333333333,13.35217391304348,3.9144927536231884,1.2333333333333334,27.310696095076402,9.713179117147709,10.851124787775891,2,2,4
周末及普通休息日,138,30.199710564399425,6.7467438494934875,18.553545586107088,21.777777777777782,6.222222222222222,4.0,17.207207207207208,2.2522522522522523,0.5405405405405406,24.53217568947906,7.60329417773238,8.989530132788559,2,2,4
周末及普通休息日,139,24.189226519337016,5.502762430939226,11.808011049723756,30.117647058823525,7.529411764705881,2.3529411764705883,18.17610062893082,1.291928721174004,1.7819706498951784,26.73647469458988,11.028795811518325,10.109729493891798,2,2,4
周末及普通休息日,140,21.421794871794873,4.61025641025641,12.717948717948717,23.087719298245617,6.18421052631579,2.0614035087719302,15.05813953488372,1.4819121447028423,1.9599483204134367,25.91449426485923,9.291710114702816,5.668795620437956,1,1,5
周末及普通休息日,141,21.2173219978746,4.499468650371945,10.783209351753454,17.45581395348837,5.525581395348837,4.01860465116279,15.407035175879397,1.2380653266331658,1.6048994974874373,22.600806451612904,8.19916474654378,6.0750288018433185,1,1,5
周末及普通休息日,142,17.41583723653396,5.120023419203747,10.589139344262296,17.386196769456685,7.400881057268722,1.8795888399412635,11.570338983050847,1.3639830508474577,0.940677966101695,21.681184668989548,7.116724738675958,6.827090592334495,1,1,5
周末及普通休息日,143,16.303069053708438,3.9002557544757037,10.296675191815856,11.619047619047619,5.394557823129252,3.3197278911564623,11.285,1.665,0.925,14.284246575342467,4.816780821917808,5.148972602739725,1,1,5
五一节假日,0,13.251769087523277,4.557169459962756,14.391061452513966,15.557647058823528,5.632941176470589,1.6094117647058823,16.56782334384858,2.1665615141955836,1.465615141955836,19.92606284658041,7.5046210720887245,7.56931608133087,1,1,1
五一节假日,1,12.866086956521741,3.812173913043478,10.721739130434782,12.000000000000002,3.0,3.0,14.199233716475097,0.9770114942528736,1.8237547892720307,16.64,9.536,4.223999999999999,1,1,1
五一节假日,2,16.699058380414314,4.174764595103578,11.726177024482109,16.46666666666667,4.0,2.9333333333333336,15.14828897338403,0.7574144486692015,0.694296577946768,15.437744034707157,7.658568329718004,4.703687635574838,1,1,1
五一节假日,3,8.916897506925206,1.9678670360110808,11.31523545706371,11.397003745318353,4.584269662921348,1.0187265917602997,12.140969162995596,0.4008810572687224,0.4581497797356828,14.230588235294118,6.607058823529412,6.16235294117647,1,1,1
五一节假日,4,10.130256410256411,2.441025641025641,11.228717948717948,11.389830508474576,2.983050847457627,1.6271186440677965,10.462745098039218,0.22745098039215686,0.9098039215686274,11.966759002770083,8.509695290858726,3.5235457063711912,1,1,1
五一节假日,5,10.777952755905513,2.477690288713911,10.34435695538058,9.825210084033614,3.2336134453781513,1.741176470588235,8.71111111111111,0.6304093567251462,0.45847953216374265,10.479503105590062,7.445962732919256,4.274534161490683,1,1,1
五一节假日,6,11.578947368421051,3.010526315789474,7.410526315789474,8.466666666666667,4.0,0.5333333333333333,7.323076923076923,0.6461538461538463,0.43076923076923074,10.14857142857143,5.211428571428572,3.8400000000000007,1,1,1
五一节假日,7,8.322077922077922,2.0805194805194804,7.397402597402598,8.936170212765957,1.2765957446808511,1.7872340425531914,9.1875,0.8125,1.0,8.14,4.378333333333333,2.2816666666666667,1,1,1
五一节假日,8,6.330801687763713,1.0464135021097047,5.022784810126582,6.042201834862385,0.5431192660550459,0.8146788990825689,9.230769230769232,0.2564102564102564,0.5128205128205128,7.605194805194804,3.4064935064935065,1.1883116883116884,1,1,1
五一节假日,9,4.6173913043478265,1.4365217391304348,5.746086956521739,5.16,1.2285714285714284,2.2114285714285713,3.8729247697155977,0.19364623848577986,0.533428991798622,7.375,3.6875,0.7375,1,1,1
五一节假日,10,3.716546762589928,0.943884892086331,3.539568345323741,6.666666666666666,1.5384615384615388,1.794871794871795,8.32108843537415,0.23945578231292508,0.23945578231292508,9.6,3.418181818181818,3.781818181818182,1,1,1
五一节假日,11,5.6054054054054046,0.6594594594594595,5.935135135135136,3.9384615384615387,1.476923076923077,0.9846153846153847,4.482334559606835,0.12969901850773402,0.587966421885431,6.159999999999999,4.6899999999999995,1.75,1,1,1
五一节假日,12,3.0762430939226517,0.8486187845303867,5.675138121546962,3.5636363636363635,1.781818181818182,0.2545454545454545,4.4079999999999995,0.696,0.696,5.132467532467532,2.7012987012987013,2.566233766233766,1,1,1
五一节假日,13,4.38989898989899,0.8565656565656568,5.353535353535354,4.190361445783133,2.1397590361445777,1.069879518072289,6.4677165354330715,0.46614173228346456,0.46614173228346456,5.0,3.75,1.25,1,1,1
五一节假日,14,5.057142857142857,0.8990476190476191,5.843809523809524,3.666666666666667,1.0,2.333333333333333,6.009756097560976,0.375609756097561,0.21463414634146344,6.022641509433962,3.656603773584905,1.7207547169811321,1,1,1
五一节假日,15,3.0680000891434744,0.950865513312336,2.3811343975441894,2.7552462494189243,0.42388403837214206,0.42086971220893366,4.592124154221883,0.15185810946070383,0.656017736317412,5.448648648648648,2.1189189189189186,0.8324324324324325,1,1,1
五一节假日,16,3.7380116959064322,0.87953216374269,4.782456140350877,3.841449097747538,1.2804830325825127,0.6780678696699488,6.5040650406504055,0.45528455284552843,1.0406504065040652,3.789473684210526,0.631578947368421,1.5789473684210527,1,1,1
五一节假日,17,1.5344262295081965,0.7081967213114753,4.9573770491803275,2.761668734848805,0.7706982515857128,0.4676330135654819,4.199176584555771,0.2210092939239879,0.5798141215202414,5.103448275862069,1.7011494252873565,0.5954022988505747,1,1,1
五一节假日,18,2.507840303532391,0.8914364187303152,2.6007232777372944,3.025454545454546,1.0400000000000003,1.1345454545454547,4.56927776539491,0.14060936061176282,0.2901128739933275,7.418181818181819,1.0115702479338844,1.7702479338842974,1,1,1
五一节假日,19,1.9127412478707426,0.6834345876932415,2.0038241644360157,3.673661665891899,0.5651787178295228,0.5611596162785784,2.820706752537917,0.08998999079152818,0.2893032566705555,3.9519999999999995,2.432,1.216,1,1,1
五一节假日,20,1.8679245283018868,0.4981132075471698,4.233962264150944,2.8,0.5599999999999999,0.8400000000000001,4.258471760974402,0.161714117505357,0.5798141215202414,5.026086956521739,3.5478260869565217,1.626086956521739,1,1,1
五一节假日,21,1.9847063108840846,0.7725782295662731,2.4427154595496425,2.8,1.05,0.35,3.5149318105671044,0.19802432735589318,0.48704386207700273,6.6,1.2000000000000004,1.2000000000000004,1,1,1
五一节假日,22,2.979310344827586,0.49655172413793097,1.9241379310344828,2.1635747791911424,1.5454105565651015,0.491014664243756,3.425352112676056,0.1605633802816901,0.21408450704225346,7.6,2.533333333333333,1.2666666666666666,1,1,1
五一节假日,23,2.9042016806722692,0.9680672268907562,3.327731092436975,1.6888888888888889,1.548148148148148,0.562962962962963,3.9121442610544905,0.15442674714688776,0.533428991798622,6.549707602339181,5.239766081871345,2.2105263157894735,1,1,1
五一节假日,24,1.7861857060751454,0.8617218714393046,3.1520924224855498,1.8461538461538463,1.9692307692307693,0.9846153846153847,2.7583597289888218,0.079814780620144,0.36182549039103445,7.476923076923077,2.4923076923076923,0.8307692307692308,1,1,1
五一节假日,25,1.1764705882352942,0.2352941176470588,2.588235294117647,2.0,2.56,0.64,3.4879626144942235,0.10686311406493972,0.20517427144083666,11.628346456692913,2.236220472440945,0.3354330708661417,1,1,1
五一节假日,26,2.057142857142857,0.27428571428571424,2.4685714285714284,4.069565217391304,2.8173913043478263,0.31304347826086953,3.630446001524709,0.2593175715374792,0.5102364269378123,7.844776119402985,5.992537313432836,0.762686567164179,1,1,1
五一节假日,27,2.08125,0.69375,4.625,2.523943661971831,2.129577464788732,0.9464788732394366,2.9552099873264672,0.22732384517895904,0.4174661674945737,8.524590163934429,3.729508196721312,0.7459016393442625,1,1,1
五一节假日,28,2.011764705882353,0.2117647058823529,3.1764705882352944,3.410526315789473,2.2736842105263158,1.5157894736842104,3.837672607516865,0.12373623733835123,0.4385911551447845,9.543859649122806,3.340350877192982,0.7157894736842104,1,1,1
五一节假日,29,2.841584158415842,0.5544554455445544,3.6039603960396045,4.744827586206897,2.6689655172413795,1.1862068965517243,6.538668584934205,0.20247747928093843,0.45885393578485656,10.566037735849056,8.30188679245283,1.1320754716981134,1,1,1
五一节假日,30,3.438709677419355,0.264516129032258,4.496774193548387,3.7840000000000003,1.7599999999999998,1.056,8.118709677419355,0.4541935483870968,0.22709677419354835,12.754285714285714,3.6,1.645714285714286,1,1,1
五一节假日,31,4.990825688073395,0.23486238532110093,7.574311926605505,3.8219780219780226,2.6021978021978027,0.9758241758241759,7.905882352941177,0.2117647058823529,0.2823529411764706,12.008510638297874,3.1787234042553196,1.4127659574468086,1,1,1
五一节假日,32,4.183240223463687,0.6972067039106145,5.519553072625699,4.1943925233644865,1.6448598130841119,2.960747663551402,9.33231679969101,0.29809184449693715,0.969591355812053,15.717209302325582,2.5004651162790696,0.9823255813953489,1,1,1
五一节假日,33,5.180524344569289,1.8217228464419477,8.197752808988763,6.361643835616439,1.1835616438356165,3.254794520547945,18.51780407691164,0.5624374424470513,0.9197584806413067,15.943060498220643,3.50747330960854,2.949466192170818,1,1,1
五一节假日,34,5.126470588235295,0.976470588235294,10.49705882352941,5.6,2.4,2.4,15.653932584269663,0.25767790262172285,1.2883895131086143,13.903333333333332,3.556666666666666,1.94,1,1,1
五一节假日,35,6.499270072992701,1.7167883211678834,8.583941605839417,6.5,3.956521739130435,2.5434782608695654,19.482093663911847,0.40110192837465564,0.9168044077134987,19.34780600461894,8.535796766743648,2.9163972286374134,1,1,1
五一节假日,36,10.073372781065089,1.0603550295857986,11.266272189349113,11.44,4.72,3.84,16.996787194055663,0.5118180726268167,0.6913947333175184,21.810526315789474,6.631578947368422,2.357894736842105,1,1,1
五一节假日,37,9.977886977886978,1.8024570024570026,14.41965601965602,11.096703296703296,4.931868131868132,3.771428571428571,19.78852867830424,0.543640897755611,1.4678304239401496,19.253598014888336,8.522084367245657,4.024317617866005,1,1,1
五一节假日,38,14.730882352941176,2.8058823529411767,14.263235294117646,11.106666666666666,5.88,2.6133333333333333,28.161538461538463,0.5923076923076923,0.6461538461538462,26.636777583187392,8.238178633975483,4.3250437828371275,1,1,1
五一节假日,39,19.823529411764703,1.647058823529412,17.529411764705884,13.82142857142857,7.7142857142857135,5.464285714285714,32.789710610932474,0.37813504823151123,0.4321543408360129,25.808809135399674,11.425774877650898,3.9654159869494294,2,2,2
五一节假日,40,19.3316219369895,2.8396732788798134,24.628704784130687,15.821818181818182,6.08,4.698181818181818,38.24791086350975,0.6651810584958218,0.886908077994429,29.083679525222557,11.687833827893176,5.028486646884273,2,2,2
五一节假日,41,22.44857142857143,2.545714285714286,23.605714285714285,16.905263157894737,7.428070175438597,4.866666666666666,37.798251843219305,1.1248748848941026,1.0768732718865899,36.29962917181706,13.782941903584675,5.117428924598269,2,2,2
五一节假日,42,21.91375,2.82,22.26625,19.697041420118346,10.45562130177515,4.047337278106509,43.94976303317536,0.6625592417061611,1.9876777251184836,39.04864864864865,12.293093093093091,8.858258258258257,2,2,2
五一节假日,43,24.287268993839835,3.8677618069815196,27.244969199178644,24.176119402985073,7.605970149253731,4.6179104477611945,49.10118662351672,0.9941747572815534,1.1046386192017261,41.44110535405872,19.556476683937824,6.4024179620034545,2,2,2
五一节假日,44,23.681307456588353,2.4808988764044946,29.03779366700715,23.70391459074733,5.762277580071173,7.333807829181495,57.02076707202993,1.660243217960711,2.518989710009355,46.29939288811796,19.879965307892455,9.220641803989592,2,2,2
五一节假日,45,30.796694214876037,3.1471074380165285,27.256198347107436,31.299363057324843,5.61783439490446,5.082802547770702,66.54779717373233,1.1936824605153782,4.058520365752286,34.90797310278578,23.10086455331412,8.791162343900096,2,2,2
五一节假日,46,36.26339969372129,2.7197549770290967,35.01684532924961,50.58323353293414,14.122954091816371,7.493812375249502,74.35043859649123,1.1027777777777779,3.946783625730995,34.963478260869564,25.47339130434782,11.363130434782608,2,2,2
五一节假日,47,34.37032040472176,8.23946037099494,27.190219224283304,32.49036144578314,12.867469879518072,8.042168674698797,74.22053231939165,1.155893536121673,4.623574144486692,38.21528348397699,27.079704190632707,11.705012325390303,2,2,2
五一节假日,48,33.67452830188679,7.077358490566039,31.848113207547176,35.008244680851064,11.290691489361702,7.1010638297872335,71.5633507853403,1.193717277486911,7.042931937172776,43.120196238757146,27.017497955846277,12.262305805396567,2,2,2
五一节假日,49,34.46359375,6.422499999999999,32.513906250000005,46.727931363203055,16.488083889418494,10.383984747378456,83.18739330269206,0.6471437951411687,5.765462902166775,48.07220630372493,29.722063037249285,12.405730659025789,3,3,3
五一节假日,50,37.17701949860724,8.66908077994429,33.95389972144847,51.39567567567567,21.557837837837837,9.846486486486487,70.36323529411764,2.0022058823529414,5.434558823529412,63.89182389937108,29.546540880503148,15.561635220125789,3,3,3
五一节假日,51,35.310443490701005,8.21173104434907,38.47782546494993,56.275757575757574,20.936363636363637,10.987878787878788,73.91795620437956,2.411678832116788,6.27036496350365,52.093230983949766,31.066015352407533,14.04075366364271,3,3,3
五一节假日,52,39.357021554539514,9.810058785107772,40.232919660352714,54.4729756097561,13.65639024390244,10.070634146341465,76.84204625087597,1.6158374211632798,6.942116327960757,60.42785515320334,27.07576601671309,17.296378830083565,3,3,3
五一节假日,53,42.816087751371114,14.759780621572213,46.82413162705667,57.2646041856233,16.47024567788899,10.065150136487716,82.67926380368098,2.5158282208588956,8.004907975460123,49.425414364640886,32.67569060773481,17.298895027624308,3,3,3
五一节假日,54,31.903533278553823,11.743631881676253,35.752834839769925,51.364079422382666,18.413537906137186,12.822382671480145,81.91967871485944,2.3279785809906293,9.752342704149934,51.6051376146789,40.07633027522935,20.518532110091744,3,3,3
五一节假日,55,51.67636786961583,15.797438882421423,47.52619324796275,58.32853513971211,16.602878916172735,11.068585944115155,72.31304347826088,3.9913043478260866,10.095652173913043,53.58594179022515,46.985722130697425,18.42833607907743,3,3,3
五一节假日,56,36.23973988439307,13.227167630057803,43.93309248554913,60.2438682550806,15.742116327960758,10.414015416958657,78.58687898089173,2.2606369426751596,12.552484076433121,61.919999999999995,43.955555555555556,14.524444444444445,3,3,3
五一节假日,57,42.56868686868687,12.723232323232324,38.508080808080805,71.41912817176318,14.690435914118414,14.690435914118414,75.04222069910898,1.9257025359835507,10.832076764907471,51.59144013880856,46.68108733371891,14.927472527472528,3,3,3
五一节假日,58,36.30988847583643,18.01635687732342,38.87375464684014,47.56585365853658,14.884552845528455,17.14959349593496,89.2728402734618,2.0047234307023,9.522436295835924,62.54193548387097,49.79408602150538,18.66397849462366,3,3,3
五一节假日,59,36.44976713240187,15.806254158349967,50.143978709248174,65.00151260504202,13.354453781512603,9.444033613445379,67.66990740740741,3.8791666666666673,8.250925925925925,50.03119847812302,40.92225745085606,16.246544071020928,3,3,3
五一节假日,60,40.97049180327869,25.212610340479195,47.41689785624212,39.55866523143165,11.646071044133476,7.595263724434877,66.88767951625094,1.1912320483749057,10.721088435374151,52.66996466431095,36.985159010600704,19.944876325088337,3,3,3
五一节假日,61,41.63245679939895,16.73809166040571,36.02945154019534,57.420504201680686,14.605714285714285,13.173781512605043,74.81651612903225,2.600258064516129,14.183225806451611,41.10422535211268,42.65915492957746,17.036619718309858,3,3,3
五一节假日,62,37.743604240282686,23.144028268551235,34.31236749116608,60.008176614881435,12.33687653311529,9.65494685200327,71.46950354609929,1.9917730496453898,9.13872340425532,42.7989124524198,55.42707993474714,16.174007612833062,3,3,3
五一节假日,63,37.91057827926657,21.33370944992948,42.95571227080395,49.16923076923077,11.832167832167833,14.198601398601397,74.61972386587772,1.6892833662064437,12.290992767915847,48.642214532871975,45.00726643598616,20.95051903114187,3,3,3
五一节假日,64,48.70282962071042,23.621914509331727,43.07525586995786,63.28571428571429,13.540199335548172,11.774086378737543,66.8807722007722,1.553976833976834,8.965250965250965,40.17417721518987,43.213670886075946,21.012151898734174,3,3,3
五一节假日,65,41.05157232704403,21.179035639412998,36.16939203354298,54.74377358490566,12.540754716981132,12.315471698113205,64.19738260200154,2.375365665896844,14.627251732101618,45.29803220035778,51.51270125223614,18.989266547406082,3,3,3
五一节假日,66,37.79559412550067,30.930841121495327,49.473564753004005,45.94055666003976,18.889264413518887,13.370178926441351,72.34761544284632,3.234519303557911,11.617865253595763,57.21471571906354,30.052173913043475,20.733110367892976,3,3,3
五一节假日,67,37.12734375,25.55,39.52265625,51.30732673267327,10.174257425742576,11.91841584158416,61.20590790616855,0.9643788010425716,11.829713292788881,40.165205091937764,44.816690240452616,19.41810466760962,3,3,3
五一节假日,68,50.92875536480686,25.93304721030043,50.53819742489271,52.52448430493273,14.906547085201794,10.96896860986547,66.46510903426791,1.3912772585669781,13.343613707165108,44.03851851851852,47.13703703703704,15.624444444444444,3,3,3
五一节假日,69,40.13782771535581,26.561797752808985,51.50037453183521,55.19007633587786,7.844274809160305,10.365648854961833,70.91633898305085,1.9083389830508477,17.975322033898305,42.50772385509227,40.0863978127136,15.805878332194121,3,3,3
五一节假日,70,52.006299212598435,18.141732283464567,45.051968503937005,55.3206239168111,12.755632582322356,11.923743500866552,69.23670621074669,1.8647592463363574,15.09853454291696,46.01329305135952,48.561933534743204,19.424773413897277,3,3,3
五一节假日,71,43.473098330241186,29.555967841682126,42.97093382807669,46.49539406345957,13.532241555783008,7.772364380757421,87.13944411590774,0.9526907155529273,19.307865168539326,58.73969072164948,35.98840206185567,12.271907216494844,3,3,3
五一节假日,72,45.04649859943977,21.337815126050423,39.41568627450981,54.9909008189263,16.087352138307555,13.921747042766151,71.12470588235294,2.8525951557093423,17.62269896193772,44.06727989487517,40.83942181340342,21.89329829172142,3,3,3
五一节假日,73,53.25943279901357,19.704562268803947,42.83600493218249,54.84251968503937,12.222047244094489,12.53543307086614,69.98666666666665,3.931111111111111,13.082222222222223,56.87008547008547,48.03589743589744,24.294017094017093,3,3,3
五一节假日,74,47.36943231441048,25.916406737367435,42.11416094822208,52.64738154613466,20.389027431421447,14.563591022443891,66.25785876993166,3.0031890660592255,13.138952164009112,51.05463474524248,38.0135052179251,23.93186003683241,3,3,3
五一节假日,75,46.81293532338309,24.47363184079602,43.11343283582089,34.17194570135747,11.746606334841626,13.081447963800906,61.8,3.1455089820359285,17.45449101796407,50.59724055188963,39.27246550689862,20.530293941211756,3,3,3
五一节假日,76,41.04070450097847,26.071232876712326,42.6880626223092,47.0817223198594,19.479613356766258,15.23866432337434,60.865093572009755,1.6247355573637101,14.310170870626525,42.28018804566823,37.40698455339154,22.512827400940232,3,3,3
五一节假日,77,51.718032786885246,29.71803278688525,46.16393442622952,39.11418685121107,13.255363321799308,10.43044982698962,57.80548628428928,3.833416458852868,11.561097256857856,49.654788160185724,38.72814857806152,23.017063261752757,3,3,3
五一节假日,78,48.578599735799216,25.109643328929987,34.31175693527081,42.14103019538188,18.310479573712257,15.348490230905862,56.799305555555556,1.4833333333333332,12.917361111111111,42.33310297166551,37.34872149274361,19.118175535590876,3,3,3
五一节假日,79,46.57959434542103,26.576521204671174,41.843884449907804,38.488495575221236,15.277876106194691,12.63362831858407,64.81167883211678,1.3489051094890512,13.039416058394162,50.796657381615596,31.61281337047354,14.590529247910865,3,3,3
五一节假日,80,41.934653465346535,26.092673267326735,40.57267326732673,38.6926487747958,12.686114352392064,9.021236872812134,66.49921507064364,1.7582417582417584,11.7425431711146,52.5142474916388,32.61190635451506,19.273846153846154,3,3,3
五一节假日,81,45.6153452685422,25.948849104859335,35.23580562659847,39.882604272634794,17.92146490335707,14.395930824008138,66.7911257189811,2.9876746096959743,11.021199671322927,50.92374457532548,42.046497210167395,18.02975821450713,3,3,3
五一节假日,82,51.94942249240122,20.028693009118538,42.421884498480246,38.53089700996678,9.30764119601329,13.961461794019936,64.4,2.9020134228187917,15.497986577181209,52.89703225806452,35.21677419354838,23.286193548387097,3,3,3
五一节假日,83,50.11057268722467,23.812334801762113,44.877092511013224,49.97802197802198,14.715750915750917,11.106227106227106,65.05865237366002,2.828637059724349,10.71271056661562,53.599514268366725,40.47310261080753,18.527383120825746,3,3,3
五一节假日,84,44.768581477139506,22.19929660023447,38.23212192262603,43.96450304259635,11.619675456389453,11.415821501014198,73.74785664089951,2.226844694307801,17.225298664792692,50.725459317585305,36.020472440944886,16.054068241469814,3,3,3
五一节假日,85,56.68785923753666,22.161642228739005,36.35049853372434,51.53809523809524,18.19417989417989,12.467724867724867,70.1297071129707,1.516317991631799,18.953974895397486,53.47123464770523,33.35268261150613,16.57608274078862,3,3,3
五一节假日,86,46.51174089068826,26.43562753036437,34.85263157894737,51.86562770562771,15.695238095238093,14.839134199134202,65.84124031007752,2.958449612403101,12.40031007751938,56.86451612903225,43.34032258064516,16.79516129032258,3,3,3
五一节假日,87,51.83197771587744,23.360891364902507,34.00713091922005,42.359864712514096,8.220067643742954,8.220067643742954,63.159163987138264,1.4324758842443732,16.408360128617364,48.031434184675845,48.63182711198429,17.936738703339888,3,3,3
五一节假日,88,52.90528414755734,31.84845463609172,47.246261216350945,50.56613657623949,14.814593077642659,15.419270346117866,64.70984974958263,1.0363939899833057,11.853756260434057,56.62023016353726,35.07692307692308,22.302846759539673,3,3,3
五一节假日,89,56.74884437596303,27.656908063687723,42.59424756034925,37.67887323943661,12.581581798483207,10.539544962080175,65.4733738074588,2.630008673026887,11.69661751951431,47.21829521829522,34.9970893970894,17.984615384615388,3,3,3
五一节假日,90,43.06312769010043,12.91248206599713,34.02439024390244,58.907167235494875,11.954266211604097,13.538566552901026,67.73054518297236,1.7058999253174012,15.16355489171023,46.60155844155844,39.639740259740265,23.1587012987013,3,3,3
五一节假日,91,45.596046128500824,22.552883031301484,43.451070840197694,58.56512900703675,14.726505082095386,13.908365910867863,65.45541818181817,2.0721454545454545,16.272436363636363,50.12532577903683,44.02198300283286,20.45269121813031,3,3,3
五一节假日,92,47.89246290801187,21.256735905044508,40.050801186943616,64.02485795454545,14.220596590909091,12.354545454545454,60.77413914265636,2.296697118763176,20.72916373858046,47.02860909690178,40.340408701384305,19.43098220171391,3,3,3
五一节假日,93,54.69207003089598,33.79773429454171,38.71019567456231,49.83966005665722,12.888385269121812,9.871954674220964,58.45041761579347,1.2962794229309036,17.853302961275624,58.14715940430226,40.97870932156646,14.474131274131272,3,3,3
五一节假日,94,48.33539325842697,26.741573033707862,43.923033707865166,52.6,15.2,8.0,60.21266490765172,1.5324538258575198,10.854881266490764,52.98205278592375,44.65442815249267,14.163519061583576,3,3,3
五一节假日,95,38.79149969641773,26.835215543412268,43.77328476017,44.01367521367521,11.540170940170942,7.246153846153847,60.768932038834954,2.6097087378640778,13.421359223300971,57.006545454545446,37.26836363636364,16.125090909090908,3,3,3
五一节假日,96,42.261224489795914,22.26938775510204,40.86938775510204,46.30879345603272,15.102249488752557,8.588957055214724,65.94222222222223,2.7655172413793108,11.492260536398469,54.68740568775392,42.13836331979106,16.97423099245502,3,3,3
五一节假日,97,48.63465045592706,21.706990881458964,42.658358662613985,52.3320353982301,12.570619469026548,12.297345132743363,56.77003676470589,2.056433823529412,8.973529411764707,51.22171945701358,43.090271493212676,18.888009049773757,3,3,3
五一节假日,98,52.48680667743672,25.925686591276254,39.58750673128702,55.725352112676056,13.859154929577466,12.415492957746478,53.11395348837209,2.6300387596899224,10.456007751937985,54.62969004893964,51.68809135399674,22.48221859706362,3,3,3
五一节假日,99,41.32244165170557,22.34973070017953,38.9278276481149,45.77713097713097,15.602494802494803,9.420374220374221,65.36175548589343,2.7437304075235107,9.694514106583071,56.506410256410255,50.23557692307692,22.25801282051282,3,3,3
五一节假日,100,49.43887291546866,23.40149511213341,38.95963197239793,59.564408163265306,15.757061224489798,7.878530612244897,53.82507288629738,1.2489795918367346,6.12594752186589,47.35706682436428,42.89308101714962,19.149852158486105,3,3,3
五一节假日,101,44.167839195979894,20.921608040201004,37.710552763819095,52.57247706422017,16.455045871559633,6.972477064220183,48.34835886214442,1.9886214442013128,6.463019693654267,52.363900666262886,47.437189582071476,16.39890975166566,3,3,3
五一节假日,102,41.9484869809993,21.385503166783955,34.06600985221675,38.536579572446556,14.513776722090261,7.149643705463182,46.47356321839081,2.574712643678161,6.951724137931035,52.12453555413197,39.30134529147982,16.77411915438821,3,3,3
五一节假日,103,43.23514986376021,20.062125340599454,29.90272479564033,46.2788144895719,13.659714599341385,8.061470911086719,41.60835509138381,0.9101827676240208,7.281462140992167,44.80200501253133,43.84586466165415,20.35213032581454,3,3,3
五一节假日,104,41.653285198555956,16.84851985559567,34.09819494584838,41.06235565819862,8.988452655889146,5.94919168591224,58.92848158131177,2.5372866127583107,9.13423180592992,58.652460914881296,54.23856398378691,16.30897510133179,3,3,3
五一节假日,105,44.01584664536741,16.359872204472843,41.22428115015974,51.8950495049505,13.959315931593158,5.9456345634563466,61.929809358752166,1.4549393414211438,9.61525129982669,56.88065040650406,51.7510027100271,11.168346883468834,3,3,3
五一节假日,106,57.394889267461664,21.941169789892108,38.46394094264622,50.08014842300556,13.8152133580705,7.704638218923934,58.1288814691152,1.992320534223706,10.078797996661104,59.74092202618099,39.08161639157655,16.77746158224246,3,3,3
五一节假日,107,55.93010146561444,18.279594137542276,46.7903043968433,45.09280742459397,11.763341067285383,8.143851508120651,68.24649330181245,2.63451536643026,8.718991331757291,52.711768050028425,50.076179647527006,19.21205230244457,3,3,3
五一节假日,108,56.43460559796438,20.291094147582697,47.87430025445293,53.26257359125316,16.423717409587887,8.113708999158955,60.82484795829713,1.6980017376194614,7.2771503040834045,57.638716938660664,46.48283624085538,13.878446820483962,3,3,3
五一节假日,109,55.89457111834962,21.77546145494028,38.92996742671009,50.86176727909012,18.323709536307963,7.814523184601924,58.706785714285715,1.4333928571428571,9.65982142857143,55.92783505154639,48.45360824742268,20.61855670103093,3,3,3
五一节假日,110,63.14372990353697,16.80385852090032,40.6524115755627,48.174113135186964,13.241227229146691,7.984659635666347,53.933705772811926,1.8934823091247672,9.772811918063315,48.79195530726257,42.44402234636872,20.164022346368718,3,3,3
五一节假日,111,64.27324336900884,22.669520707305725,51.45723592368544,55.67560405300078,17.811067809820734,8.713328137178488,54.57317073170732,1.1585365853658538,9.26829268292683,48.26951364175564,40.654804270462634,19.875682087781733,3,3,3
五一节假日,112,64.48008234688625,20.74359238291302,36.17632527020072,59.33230016313214,11.709461663947797,9.158238172920065,69.17995765702187,3.971771347918137,10.848270995059988,61.8879353861686,37.008985360928826,23.703079252902576,3,3,3
五一节假日,113,61.865615763546806,16.963152709359605,47.7712315270936,53.955474452554746,16.48248175182482,6.76204379562044,55.24916201117319,1.7519553072625698,10.198882681564246,54.14306902452938,39.14569309754707,18.111237877923564,3,3,3
五一节假日,114,51.39373988127361,19.543227199136535,43.66303291958986,48.937557392102846,19.43213957759412,9.430303030303032,58.186355475763015,1.4328545780969482,9.780789946140036,50.044843049327355,38.7847533632287,22.770403587443948,3,3,3
五一节假日,115,58.137464788732395,15.077408450704226,40.18512676056338,49.525894736842105,14.799157894736842,5.274947368421054,50.56065239551478,2.5912334352701327,8.848114169215087,54.78908879860709,32.15322112594312,23.857690075449796,3,3,3
五一节假日,116,49.92168601099573,22.989370800244348,36.488943188759926,44.424,19.224,8.352,57.65184501845018,2.341512915129152,8.606642066420664,51.35664335664336,38.32867132867133,27.314685314685317,3,3,3
五一节假日,117,55.8230377166157,21.600815494393476,45.77614678899083,57.83802938634399,17.695073465859984,9.066897147796023,56.26655021834061,2.840524017467249,10.09292576419214,54.35252225519288,28.18278931750741,23.464688427299702,3,3,3
五一节假日,118,52.471014492753625,15.89654403567447,43.03244147157191,62.05557251908397,16.182595419847328,9.361832061068702,52.35576131687243,2.3993827160493826,5.04485596707819,51.15142061281337,35.94596100278552,27.102618384401115,3,3,3
五一节假日,119,56.63331581713085,20.728533893851814,40.03815028901734,47.07032967032967,17.696703296703298,7.832967032967032,53.03081452404318,2.510696761530913,6.858488714425907,58.239186900056474,34.905364201016376,19.45544889892716,3,3,3
五一节假日,120,55.90344827586207,20.423742227247033,39.472809496890896,43.82869379014989,16.890792291220556,7.28051391862955,52.98378378378378,2.39403541472507,12.222180801491145,61.59905771495878,29.885983510011783,19.314958775029446,3,3,3
五一节假日,121,63.41500765696784,17.831546707503833,41.75344563552833,49.3725,13.8475,6.38,41.53417721518987,2.3037974683544307,8.162025316455697,53.743806009488665,38.00632577754349,26.249868212967847,3,3,3
五一节假日,122,55.76437204414083,21.197687861271675,37.6379400945875,48.169617486338794,12.928961748633878,6.501420765027322,50.24861367837339,2.5036968576709797,10.247689463955638,53.83174603174602,33.055668934240366,22.512585034013604,3,3,3
五一节假日,123,58.914232209737825,26.372284644194757,43.91348314606741,50.87919463087248,13.290891658676895,8.029913710450623,38.10804321728692,3.3805522208883554,9.71140456182473,61.388073394495414,26.825573394495414,22.386353211009173,3,3,3
五一节假日,124,61.53217568947906,22.308478038815117,36.15934627170582,49.67582205029014,13.19303675048356,6.731141199226305,45.47312775330396,3.1612334801762114,6.5656387665198235,63.446218049034954,30.253312467396977,23.700469483568074,3,3,3
五一节假日,125,58.59663093415007,21.243491577335373,35.75987748851455,47.671528471528475,17.753046953046955,5.375424575424576,44.013542926239424,0.9540507859733978,7.632406287787182,52.998351001177866,28.71743227326266,20.08421672555948,3,3,3
五一节假日,126,60.09556598852373,17.402190923317683,33.70224308815858,42.39365918097754,11.104887714663144,3.301453104359313,41.038309114927344,2.1360634081902248,5.82562747688243,61.723636363636366,25.09090909090909,23.585454545454546,3,3,3
五一节假日,127,60.05705853418592,20.09601574028529,37.246925725528776,44.69640914036997,11.996735582154516,6.306855277475518,37.944091486658195,3.673951715374841,5.781956797966964,53.96803652968036,29.88812785388128,22.143835616438356,3,3,3
五一节假日,128,59.21399354144241,14.892142088266954,35.69386437029063,38.12468827930174,16.27630922693267,4.399002493765586,38.18492462311558,1.9457286432160807,8.269346733668343,50.44471445929526,24.9277035236938,21.627582017010933,3,3,3
五一节假日,129,52.1244697361614,21.513502327987588,36.962027935851005,40.760831509846824,12.496498905908096,6.542669584245077,30.60672782874618,1.9859327217125382,5.607339449541285,46.639613526570045,21.594616977225673,17.96576949620428,3,3,3
五一节假日,130,52.11650485436893,19.36569579288026,34.11779935275081,29.255646481178395,10.672340425531914,5.6720130932896895,34.20967741935484,1.5638709677419356,4.626451612903226,50.280802292263616,17.29169054441261,18.027507163323783,2,2,4
五一节假日,131,48.34376918354819,16.717004297114794,26.939226519337012,30.54955277280859,10.106618962432915,2.143828264758498,29.61736227045075,0.8814691151919867,4.701168614357262,42.48283852280956,25.53743664011586,14.379724837074582,2,2,4
五一节假日,132,45.274193548387096,14.225806451612902,31.5,31.000341296928326,7.467235494880546,5.7324232081911255,27.940381282495668,0.9150779896013864,6.344540727902946,42.91625615763547,15.437931034482759,14.245812807881777,2,2,4
五一节假日,133,36.23376036171816,12.403315749811606,27.56292388847023,29.28524590163935,11.252459016393441,3.4622950819672136,22.679611650485434,1.530873786407767,4.9895145631067965,39.965775401069514,17.145811051693403,12.088413547237076,2,2,4
五一节假日,134,35.985680190930786,10.053142402545742,25.761177406523473,24.045283018867924,9.50943396226415,2.4452830188679244,19.333516483516483,0.18296703296703293,2.6835164835164833,31.733333333333338,17.03333333333333,11.433333333333334,2,2,4
五一节假日,135,33.115171835708296,11.394467728415759,26.290360435875936,30.677029360967186,9.166148531951642,2.956822107081175,20.863436123348016,1.3533039647577092,3.383259911894273,28.17620452310718,21.724090462143558,10.299705014749263,2,2,4
五一节假日,136,31.997370583401807,10.401972062448644,26.400657354149548,26.81458003169572,8.114104595879557,5.071315372424722,23.11764705882353,1.4226244343891403,1.6597285067873302,35.83773965691221,13.347729566094852,11.214530776992936,2,2,4
五一节假日,137,38.025876851130164,9.732813717848792,24.841309431021042,21.61176470588235,7.76470588235294,3.623529411764706,19.082005899705013,0.49085545722713864,1.2271386430678466,27.093091732729327,13.727972819932049,12.578935447338619,2,2,4
五一节假日,138,28.62635494155154,9.215727948990436,16.357917109458025,25.486654478976234,7.186837294332724,3.7265082266910428,18.37802197802198,0.9934065934065934,3.2285714285714286,25.96164383561644,14.87123287671233,9.767123287671232,2,2,4
五一节假日,139,27.937211449676823,9.462603878116344,23.600184672206836,27.675048355899417,8.188781431334622,3.336170212765958,19.161290322580644,0.4731182795698925,2.3655913978494625,29.27720930232558,14.888837209302327,9.633953488372093,2,2,4
五一节假日,140,28.37259100642399,8.3982869379015,16.22912205567452,20.447331786542925,8.344315545243619,3.608352668213457,19.475229357798163,1.7908256880733944,3.1339449541284408,23.707161803713525,11.551193633952256,10.341644562334219,2,2,4
五一节假日,141,23.94868735083532,8.0763723150358,14.974940334128878,18.886836027713628,7.702078521939953,2.41108545034642,16.234726688102892,0.5093247588424438,3.0559485530546624,23.436619718309863,11.067292644757435,7.096087636932706,2,2,4
五一节假日,142,17.562861491628613,5.540334855403348,13.296803652968034,17.73372781065089,6.710059171597632,2.556213017751479,20.244498777506113,1.4621026894865528,1.2933985330073352,22.606875934230196,9.102242152466367,8.090881913303438,2,2,4
五一节假日,143,10.125,4.275,10.8,17.837037037037035,5.4148148148148145,2.5481481481481483,17.681198910081743,0.8980926430517711,2.020708446866485,19.822075782537063,10.096869851729819,7.681054365733114,1,2,4
