日期类型,半小时序号,相位,平均流量,标准差,有效日期数
五一节假日,0,东向西-右转,14.391061452513966,3.150758745388079,5
五一节假日,0,东向西-左转,4.557169459962756,0.9977402693728917,5
五一节假日,0,东向西-直行,13.251769087523277,2.901323678044857,5
五一节假日,0,北向南-右转,7.56931608133087,1.4587950969483812,5
五一节假日,0,北向南-左转,7.5046210720887245,1.4463267627864298,5
五一节假日,0,北向南-直行,19.92606284658041,3.8402469218812083,5
五一节假日,0,南向北-右转,1.465615141955836,0.4425272753128945,5
五一节假日,0,南向北-左转,2.1665615141955836,0.6541707548103658,5
五一节假日,0,南向北-直行,16.56782334384858,5.002482242667504,5
五一节假日,0,西向东-右转,1.6094117647058823,0.23623341925668018,5
五一节假日,0,西向东-左转,5.632941176470589,0.8268169673983805,5
五一节假日,0,西向东-直行,15.557647058823528,2.2835897194812427,5
五一节假日,1,东向西-右转,10.721739130434782,2.6625953482754094,5
五一节假日,1,东向西-左转,3.812173913043478,0.9467005682757008,5
五一节假日,1,东向西-直行,12.866086956521741,3.1951144179304904,5
五一节假日,1,北向南-右转,4.223999999999999,0.633697499423521,5
五一节假日,1,北向南-左转,9.536,1.4306201123349178,5
五一节假日,1,北向南-直行,16.64,2.496384088638112,5
五一节假日,1,南向北-右转,1.8237547892720307,0.5522560228881914,5
五一节假日,1,南向北-左转,0.9770114942528736,0.29585144083295967,5
五一节假日,1,南向北-直行,14.199233716475097,4.29970760677235,5
五一节假日,1,西向东-右转,3.0,0.8249579113843054,5
五一节假日,1,西向东-左转,3.0,0.8249579113843054,5
五一节假日,1,西向东-直行,12.000000000000002,3.2998316455372216,5
五一节假日,2,东向西-右转,11.726177024482109,2.525586839302835,5
五一节假日,2,东向西-左转,4.174764595103578,0.8991618066627894,5
五一节假日,2,东向西-直行,16.699058380414314,3.5966472266511595,5
五一节假日,2,北向南-右转,4.703687635574838,1.0109455975796904,5
五一节假日,2,北向南-左转,7.658568329718004,1.6460268063156487,5
五一节假日,2,北向南-直行,15.437744034707157,3.3179752946205228,5
五一节假日,2,南向北-右转,0.694296577946768,0.2588429397938005,5
五一节假日,2,南向北-左转,0.7574144486692015,0.28237411613869146,5
五一节假日,2,南向北-直行,15.14828897338403,5.647482322773827,5
五一节假日,2,西向东-右转,2.9333333333333336,0.6305300956788703,5
五一节假日,2,西向东-左转,4.0,0.8598137668348229,5
五一节假日,2,西向东-直行,16.46666666666667,3.5395666734700226,5
五一节假日,3,东向西-右转,11.31523545706371,4.986164358242194,5
五一节假日,3,东向西-左转,1.9678670360110808,0.8671590188247296,5
五一节假日,3,东向西-直行,8.916897506925206,3.929314304049555,5
五一节假日,3,北向南-右转,6.16235294117647,2.2128232760912185,5
五一节假日,3,北向南-左转,6.607058823529412,2.3725115537472856,5
五一节假日,3,北向南-直行,14.230588235294118,5.110024884994152,5
五一节假日,3,南向北-右转,0.4581497797356828,0.0557229543642005,5
五一节假日,3,南向北-左转,0.4008810572687224,0.04875758506867542,5
五一节假日,3,南向北-直行,12.140969162995596,1.476658290651314,5
五一节假日,3,西向东-右转,1.0187265917602997,0.42584780235361475,5
五一节假日,3,西向东-左转,4.584269662921348,1.9163151105912666,5
五一节假日,3,西向东-直行,11.397003745318353,4.764172288831065,5
五一节假日,4,东向西-右转,11.228717948717948,3.0466407277304413,5
五一节假日,4,东向西-左转,2.441025641025641,0.6623132016805308,5
五一节假日,4,东向西-直行,10.130256410256411,2.7485997869742027,5
五一节假日,4,北向南-右转,3.5235457063711912,0.85606772971413,5
五一节假日,4,北向南-左转,8.509695290858726,2.0674843283661994,5
五一节假日,4,北向南-直行,11.966759002770083,2.9073998367649687,5
五一节假日,4,南向北-右转,0.9098039215686274,0.2860326671185956,5
五一节假日,4,南向北-左转,0.22745098039215686,0.07150816677964891,5
五一节假日,4,南向北-直行,10.462745098039218,3.289375671863849,5
五一节假日,4,西向东-右转,1.6271186440677965,0.5135341494082413,5
五一节假日,4,西向东-左转,2.983050847457627,0.941479273915109,5
五一节假日,4,西向东-直行,11.389830508474576,3.594739045857688,5
五一节假日,5,东向西-右转,10.34435695538058,2.712632011138992,5
五一节假日,5,东向西-左转,2.477690288713911,0.649732218236884,5
五一节假日,5,东向西-直行,10.777952755905513,2.826335149330446,5
五一节假日,5,北向南-右转,4.274534161490683,0.956939087785005,5
五一节假日,5,北向南-左转,7.445962732919256,1.6669261529158153,5
五一节假日,5,北向南-直行,10.479503105590062,2.346044215214851,5
五一节假日,5,南向北-右转,0.45847953216374265,0.10142448368972538,5
五一节假日,5,南向北-左转,0.6304093567251462,0.13945866507337237,5
五一节假日,5,南向北-直行,8.71111111111111,1.9270651901047817,5
五一节假日,5,西向东-右转,1.741176470588235,0.41925952191071675,5
五一节假日,5,西向东-左转,3.2336134453781513,0.7786248264056167,5
五一节假日,5,西向东-直行,9.825210084033614,2.365821587924759,5
五一节假日,6,东向西-右转,7.410526315789474,2.6415809922287368,5
五一节假日,6,东向西-左转,3.010526315789474,1.0731422780929245,5
五一节假日,6,东向西-直行,11.578947368421051,4.1274703003574,5
五一节假日,6,北向南-右转,3.8400000000000007,0.9736529155710468,5
五一节假日,6,北向南-左转,5.211428571428572,1.3213860997035634,5
五一节假日,6,北向南-直行,10.14857142857143,2.5732255625806237,5
五一节假日,6,南向北-右转,0.43076923076923074,0.11235334512926486,5
五一节假日,6,南向北-左转,0.6461538461538463,0.1685300176938973,5
五一节假日,6,南向北-直行,7.323076923076923,1.9100068671975026,5
五一节假日,6,西向东-右转,0.5333333333333333,0.14504754485877897,5
五一节假日,6,西向东-左转,4.0,1.0878565864408423,5
五一节假日,6,西向东-直行,8.466666666666667,2.302629774633116,5
五一节假日,7,东向西-右转,7.397402597402598,1.2943303066927745,5
五一节假日,7,东向西-左转,2.0805194805194804,0.3640303987573427,5
五一节假日,7,东向西-直行,8.322077922077922,1.4561215950293709,5
五一节假日,7,北向南-右转,2.2816666666666667,0.2965455042841,5
五一节假日,7,北向南-左转,4.378333333333333,0.5690467784911106,5
五一节假日,7,北向南-直行,8.14,1.0579461233919238,5
五一节假日,7,南向北-右转,1.0,0.21320071635561053,5
五一节假日,7,南向北-左转,0.8125,0.17322558203893348,5
五一节假日,7,南向北-直行,9.1875,1.9587815815171703,5
五一节假日,7,西向东-右转,1.7872340425531914,0.8998012959059788,5
五一节假日,7,西向东-左转,1.2765957446808511,0.6427152113614134,5
五一节假日,7,西向东-直行,8.936170212765957,4.499006479529892,5
五一节假日,8,东向西-右转,5.022784810126582,1.5583095948695773,5
五一节假日,8,东向西-左转,1.0464135021097047,0.32464783226449523,5
五一节假日,8,东向西-直行,6.330801687763713,1.9641193852001952,5
五一节假日,8,北向南-右转,1.1883116883116884,0.4537330402150176,5
五一节假日,8,北向南-左转,3.4064935064935065,1.300701381949717,5
五一节假日,8,北向南-直行,7.605194805194804,2.903891457376112,5
五一节假日,8,南向北-右转,0.5128205128205128,0.15806189751202504,5
五一节假日,8,南向北-左转,0.2564102564102564,0.07903094875601253,5
五一节假日,8,南向北-直行,9.230769230769232,2.8451141552164514,5
五一节假日,8,西向东-右转,0.8146788990825689,0.40149539512977184,5
五一节假日,8,西向东-左转,0.5431192660550459,0.2676635967531812,5
五一节假日,8,西向东-直行,6.042201834862385,2.977757513879141,5
五一节假日,9,东向西-右转,5.746086956521739,2.631368141989401,5
五一节假日,9,东向西-左转,1.4365217391304348,0.65784203549735,5
五一节假日,9,东向西-直行,4.6173913043478265,2.114492256955768,5
五一节假日,9,北向南-右转,0.7375,0.3042665361159521,5
五一节假日,9,北向南-左转,3.6875,1.5213326805797607,5
五一节假日,9,北向南-直行,7.375,3.0426653611595214,5
五一节假日,9,南向北-右转,0.533428991798622,0.3536390851861762,5
五一节假日,9,南向北-左转,0.19364623848577986,0.12837862148615264,5
五一节假日,9,南向北-直行,3.8729247697155977,2.5675724297230524,5
五一节假日,9,西向东-右转,2.2114285714285713,0.7628089872441253,5
五一节假日,9,西向东-左转,1.2285714285714284,0.4237827706911807,5
五一节假日,9,西向东-直行,5.16,1.7798876369029588,5
五一节假日,10,东向西-右转,3.539568345323741,0.9843241079992558,5
五一节假日,10,东向西-左转,0.943884892086331,0.2624864287998015,5
五一节假日,10,东向西-直行,3.716546762589928,1.0335403133992185,5
五一节假日,10,北向南-右转,3.781818181818182,0.6446118573942603,5
五一节假日,10,北向南-左转,3.418181818181818,0.5826299480294272,5
五一节假日,10,北向南-直行,9.6,1.6363224072315832,5
五一节假日,10,南向北-右转,0.23945578231292508,0.08026057797960613,5
五一节假日,10,南向北-左转,0.23945578231292508,0.08026057797960613,5
五一节假日,10,南向北-直行,8.32108843537415,2.789055084791313,5
五一节假日,10,西向东-右转,1.794871794871795,0.8513824469684099,5
五一节假日,10,西向东-左转,1.5384615384615388,0.7297563831157801,5
五一节假日,10,西向东-直行,6.666666666666666,3.1622776601683795,5
五一节假日,11,东向西-右转,5.935135135135136,4.260577435941662,5
五一节假日,11,东向西-左转,0.6594594594594595,0.4733974928824069,5
五一节假日,11,东向西-直行,5.6054054054054046,4.0238786895004575,5
五一节假日,11,北向南-右转,1.75,0.8425417160057281,5
五一节假日,11,北向南-左转,4.6899999999999995,2.2580117988953505,5
五一节假日,11,北向南-直行,6.159999999999999,2.9657468403401617,5
五一节假日,11,南向北-右转,0.587966421885431,0.3698631549639478,5
五一节假日,11,南向北-左转,0.12969901850773402,0.08158780228838544,5
五一节假日,11,南向北-直行,4.482334559606835,2.8196344895068925,5
五一节假日,11,西向东-右转,0.9846153846153847,0.2999013644556604,5
五一节假日,11,西向东-左转,1.476923076923077,0.4498520466834907,5
五一节假日,11,西向东-直行,3.9384615384615387,1.1996054578226416,5
五一节假日,12,东向西-右转,5.675138121546962,2.9734830240345738,5
五一节假日,12,东向西-左转,0.8486187845303867,0.44463297555657166,5
五一节假日,12,东向西-直行,3.0762430939226517,1.611794536392572,5
五一节假日,12,北向南-右转,2.566233766233766,0.8476252382052876,5
五一节假日,12,北向南-左转,2.7012987012987013,0.8922370928476714,5
五一节假日,12,北向南-直行,5.132467532467532,1.6952504764105751,5
五一节假日,12,南向北-右转,0.696,0.392530253611107,5
五一节假日,12,南向北-左转,0.696,0.392530253611107,5
五一节假日,12,南向北-直行,4.4079999999999995,2.4860249395370113,5
五一节假日,12,西向东-右转,0.2545454545454545,0.19177293736117265,5
五一节假日,12,西向东-左转,1.781818181818182,1.3424105615282085,5
五一节假日,12,西向东-直行,3.5636363636363635,2.684821123056417,5
五一节假日,13,东向西-右转,5.353535353535354,1.540197038583526,5
五一节假日,13,东向西-左转,0.8565656565656568,0.24643152617336425,5
五一节假日,13,东向西-直行,4.38989898989899,1.2629615716384914,5
五一节假日,13,北向南-右转,1.25,0.5,5
五一节假日,13,北向南-左转,3.75,1.5,5
五一节假日,13,北向南-直行,5.0,2.0,5
五一节假日,13,南向北-右转,0.46614173228346456,0.11443087952494459,5
五一节假日,13,南向北-左转,0.46614173228346456,0.11443087952494459,5
五一节假日,13,南向北-直行,6.4677165354330715,1.5877284534086058,5
五一节假日,13,西向东-右转,1.069879518072289,0.5070557469903667,5
五一节假日,13,西向东-左转,2.1397590361445777,1.0141114939807334,5
五一节假日,13,西向东-直行,4.190361445783133,1.9859683423789363,5
五一节假日,14,东向西-右转,5.843809523809524,1.328863255199875,5
五一节假日,14,东向西-左转,0.8990476190476191,0.2044405007999808,5
五一节假日,14,东向西-直行,5.057142857142857,1.1499778169998918,5
五一节假日,14,北向南-右转,1.7207547169811321,0.550477963133901,5
五一节假日,14,北向南-左转,3.656603773584905,1.1697656716595395,5
五一节假日,14,北向南-直行,6.022641509433962,1.9266728709686534,5
五一节假日,14,南向北-右转,0.21463414634146344,0.09369014823341748,5
五一节假日,14,南向北-左转,0.375609756097561,0.1639577594084806,5
五一节假日,14,南向北-直行,6.009756097560976,2.6233241505356877,5
五一节假日,14,西向东-右转,2.333333333333333,0.9128709291752769,5
五一节假日,14,西向东-左转,1.0,0.3912303982179758,5
五一节假日,14,西向东-直行,3.666666666666667,1.4345114601325777,5
五一节假日,15,东向西-右转,2.3811343975441894,1.1036853322899165,5
五一节假日,15,东向西-左转,0.950865513312336,0.44073796132864923,5
五一节假日,15,东向西-直行,3.0680000891434744,1.422056101219699,5
五一节假日,15,北向南-右转,0.8324324324324325,0.15029122501723793,5
五一节假日,15,北向南-左转,2.1189189189189186,0.3825594818620601,5
五一节假日,15,北向南-直行,5.448648648648648,0.9837243819310119,5
五一节假日,15,南向北-右转,0.656017736317412,0.22068803685062754,5
五一节假日,15,南向北-左转,0.15185810946070383,0.05108591765347505,5
五一节假日,15,南向北-直行,4.592124154221883,1.544816257954392,5
五一节假日,15,西向东-右转,0.42086971220893366,0.2424261140170131,5
五一节假日,15,西向东-左转,0.42388403837214206,0.24416240284210114,5
五一节假日,15,西向东-直行,2.7552462494189243,1.5870556184736577,5
五一节假日,16,东向西-右转,4.782456140350877,2.054078062832997,5
五一节假日,16,东向西-左转,0.87953216374269,0.3777614828198615,5
五一节假日,16,东向西-直行,3.7380116959064322,1.6054863019844112,5
五一节假日,16,北向南-右转,1.5789473684210527,1.6539217223653335,5
五一节假日,16,北向南-左转,0.631578947368421,0.6615686889461333,5
五一节假日,16,北向南-直行,3.789473684210526,3.9694121336768005,5
五一节假日,16,南向北-右转,1.0406504065040652,0.24335983003407757,5
五一节假日,16,南向北-左转,0.45528455284552843,0.1064699256399089,5
五一节假日,16,南向北-直行,6.5040650406504055,1.5209989377129842,5
五一节假日,16,西向东-右转,0.6780678696699488,0.2248775153962203,5
五一节假日,16,西向东-左转,1.2804830325825127,0.4246652226927285,5
五一节假日,16,西向东-直行,3.841449097747538,1.2739956680781854,5
五一节假日,17,东向西-右转,4.9573770491803275,1.9716343759265795,5
五一节假日,17,东向西-左转,0.7081967213114753,0.2816620537037971,5
五一节假日,17,东向西-直行,1.5344262295081965,0.6102677830248936,5
五一节假日,17,北向南-右转,0.5954022988505747,0.4465336022003736,5
五一节假日,17,北向南-左转,1.7011494252873565,1.2758102920010672,5
五一节假日,17,北向南-直行,5.103448275862069,3.827430876003202,5
五一节假日,17,南向北-右转,0.5798141215202414,0.18335332435336135,5
五一节假日,17,南向北-左转,0.2210092939239879,0.06988927528654144,5
五一节假日,17,南向北-直行,4.199176584555771,1.3278962304442872,5
五一节假日,17,西向东-右转,0.4676330135654819,0.16533323749942655,5
五一节假日,17,西向东-左转,0.7706982515857128,0.27248297997243665,5
五一节假日,17,西向东-直行,2.761668734848805,0.9763973449012319,5
五一节假日,18,东向西-右转,2.6007232777372944,1.1468111702982744,5
五一节假日,18,东向西-左转,0.8914364187303152,0.39308651226440905,5
五一节假日,18,东向西-直行,2.507840303532391,1.1058536285019074,5
五一节假日,18,北向南-右转,1.7702479338842974,0.7301642369044881,5
五一节假日,18,北向南-左转,1.0115702479338844,0.41723670680256464,5
五一节假日,18,北向南-直行,7.418181818181819,3.0597358498854734,5
五一节假日,18,南向北-右转,0.2901128739933275,0.14792912056364624,5
五一节假日,18,南向北-左转,0.14060936061176282,0.07169698735531833,5
五一节假日,18,南向北-直行,4.56927776539491,2.329883648877428,5
五一节假日,18,西向东-右转,1.1345454545454547,0.5647496336964999,5
五一节假日,18,西向东-左转,1.0400000000000003,0.5176871642217915,5
五一节假日,18,西向东-直行,3.025454545454546,1.505999023190666,5
五一节假日,19,东向西-右转,2.0038241644360157,0.849167914518109,5
五一节假日,19,东向西-左转,0.6834345876932415,0.2896215814945797,5
五一节假日,19,东向西-直行,1.9127412478707426,0.8105693729491041,5
五一节假日,19,北向南-右转,1.216,0.3505424368033062,5
五一节假日,19,北向南-左转,2.432,0.7010848736066124,5
五一节假日,19,北向南-直行,3.9519999999999995,1.1392629196107456,5
五一节假日,19,南向北-右转,0.2893032566705555,0.1617254370068579,5
五一节假日,19,南向北-左转,0.08998999079152818,0.05030593417610931,5
五一节假日,19,南向北-直行,2.820706752537917,1.5768230108168653,5
五一节假日,19,西向东-右转,0.5611596162785784,0.25345105373976684,5
五一节假日,19,西向东-左转,0.5651787178295228,0.2552663046837484,5
五一节假日,19,西向东-直行,3.673661665891899,1.6592309804443646,5
五一节假日,20,东向西-右转,4.233962264150944,2.156464281792584,5
五一节假日,20,东向西-左转,0.4981132075471698,0.25370168021089223,5
五一节假日,20,东向西-直行,1.8679245283018868,0.9513813007908462,5
五一节假日,20,北向南-右转,1.626086956521739,0.4965116710909327,5
五一节假日,20,北向南-左转,3.5478260869565217,1.083298191471126,5
五一节假日,20,北向南-直行,5.026086956521739,1.5346724379174284,5
五一节假日,20,南向北-右转,0.5798141215202414,0.1833533243533613,5
五一节假日,20,南向北-左转,0.161714117505357,0.051138494112103465,5
五一节假日,20,南向北-直行,4.258471760974402,1.3466470116187252,5
五一节假日,20,西向东-右转,0.8400000000000001,0.16733200530681505,5
五一节假日,20,西向东-左转,0.5599999999999999,0.11155467020454338,5
五一节假日,20,西向东-直行,2.8,0.557773351022717,5
五一节假日,21,东向西-右转,2.4427154595496425,1.606802387012452,5
五一节假日,21,东向西-左转,0.7725782295662731,0.5081969488373451,5
五一节假日,21,东向西-直行,1.9847063108840846,1.3055269394476172,5
五一节假日,21,北向南-右转,1.2000000000000004,0.47140452079103184,5
五一节假日,21,北向南-左转,1.2000000000000004,0.47140452079103184,5
五一节假日,21,北向南-直行,6.6,2.592724864350674,5
五一节假日,21,南向北-右转,0.48704386207700273,0.0970214596591914,5
五一节假日,21,南向北-左转,0.19802432735589318,0.03944739023332716,5
五一节假日,21,南向北-直行,3.5149318105671044,0.7001911766415567,5
五一节假日,21,西向东-右转,0.35,0.18066236157232332,5
五一节假日,21,西向东-左转,1.05,0.54198708471697,5
五一节假日,21,西向东-直行,2.8,1.4452988925785866,5
五一节假日,22,东向西-右转,1.9241379310344828,0.7388846919001831,5
五一节假日,22,东向西-左转,0.49655172413793097,0.19067992049036983,5
五一节假日,22,东向西-直行,2.979310344827586,1.144079522942219,5
五一节假日,22,北向南-右转,1.2666666666666666,0.16850834320114552,5
五一节假日,22,北向南-左转,2.533333333333333,0.33701668640229104,5
五一节假日,22,北向南-直行,7.6,1.011050059206873,5
五一节假日,22,南向北-右转,0.21408450704225346,0.09257282662059146,5
五一节假日,22,南向北-左转,0.1605633802816901,0.06942961996544361,5
五一节假日,22,南向北-直行,3.425352112676056,1.4811652259294632,5
五一节假日,22,西向东-右转,0.491014664243756,0.15242971333941263,5
五一节假日,22,西向东-左转,1.5454105565651015,0.4797544865421322,5
五一节假日,22,西向东-直行,2.1635747791911424,0.6716562811589853,5
五一节假日,23,东向西-右转,3.327731092436975,1.4018761325137319,5
五一节假日,23,东向西-左转,0.9680672268907562,0.407818511276722,5
五一节假日,23,东向西-直行,2.9042016806722692,1.2234555338301665,5
五一节假日,23,北向南-右转,2.2105263157894735,0.4866642633922875,5
五一节假日,23,北向南-左转,5.239766081871345,1.1535745502631998,5
五一节假日,23,北向南-直行,6.549707602339181,1.4419681878290005,5
五一节假日,23,南向北-右转,0.533428991798622,0.13221796249656484,5
五一节假日,23,南向北-左转,0.15442674714688776,0.03827686566845215,5
五一节假日,23,南向北-直行,3.9121442610544905,0.9696805969341209,5
五一节假日,23,西向东-右转,0.562962962962963,0.24343224778007383,5
五一节假日,23,西向东-左转,1.548148148148148,0.6694386813952029,5
五一节假日,23,西向东-直行,1.6888888888888889,0.7302967433402214,5
五一节假日,24,东向西-右转,3.1520924224855498,1.5562446648295654,5
五一节假日,24,东向西-左转,0.8617218714393046,0.4254475710889514,5
五一节假日,24,东向西-直行,1.7861857060751454,0.8818719767367538,5
五一节假日,24,北向南-右转,0.8307692307692308,0.2574338543181771,5
五一节假日,24,北向南-左转,2.4923076923076923,0.7723015629545311,5
五一节假日,24,北向南-直行,7.476923076923077,2.3169046888635934,5
五一节假日,24,南向北-右转,0.36182549039103445,0.14742585045130377,5
五一节假日,24,南向北-左转,0.079814780620144,0.03252054436184778,5
五一节假日,24,南向北-直行,2.7583597289888218,1.1238940862273783,5
五一节假日,24,西向东-右转,0.9846153846153847,0.2247066902585297,5
五一节假日,24,西向东-左转,1.9692307692307693,0.4494133805170594,5
五一节假日,24,西向东-直行,1.8461538461538463,0.42132504423474315,5
五一节假日,25,东向西-右转,2.588235294117647,0.6470588235294118,5
五一节假日,25,东向西-左转,0.2352941176470588,0.0588235294117647,5
五一节假日,25,东向西-直行,1.1764705882352942,0.2941176470588236,5
五一节假日,25,北向南-右转,0.3354330708661417,0.06114415325454232,5
五一节假日,25,北向南-左转,2.236220472440945,0.4076276883636152,5
五一节假日,25,北向南-直行,11.628346456692913,2.119663979490798,5
五一节假日,25,南向北-右转,0.20517427144083666,0.13444205681731078,5
五一节假日,25,南向北-左转,0.10686311406493972,0.07002289688615354,5
五一节假日,25,南向北-直行,3.4879626144942235,2.285514965894282,5
五一节假日,25,西向东-右转,0.64,0.36302476809237244,5
五一节假日,25,西向东-左转,2.56,1.4520990723694895,5
五一节假日,25,西向东-直行,2.0,1.1344524002886633,5
五一节假日,26,东向西-右转,2.4685714285714284,0.8450576601508277,5
五一节假日,26,东向西-左转,0.27428571428571424,0.09389529557231419,5
五一节假日,26,东向西-直行,2.057142857142857,0.7042147167923564,5
五一节假日,26,北向南-右转,0.762686567164179,0.14114148149663294,5
五一节假日,26,北向南-左转,5.992537313432836,1.1089687831878303,5
五一节假日,26,北向南-直行,7.844776119402985,1.4517409525367964,5
五一节假日,26,南向北-右转,0.5102364269378123,0.3898145146251723,5
五一节假日,26,南向北-左转,0.2593175715374792,0.19811551654461002,5
五一节假日,26,南向北-直行,3.630446001524709,2.77361723162454,5
五一节假日,26,西向东-右转,0.31304347826086953,0.11254068787430249,5
五一节假日,26,西向东-左转,2.8173913043478263,1.0128661908687224,5
五一节假日,26,西向东-直行,4.069565217391304,1.463028942365932,5
五一节假日,27,东向西-右转,4.625,1.4388580541526672,5
五一节假日,27,东向西-左转,0.69375,0.2158287081229001,5
五一节假日,27,东向西-直行,2.08125,0.6474861243687002,5
五一节假日,27,北向南-右转,0.7459016393442625,0.16728140681933246,5
五一节假日,27,北向南-左转,3.729508196721312,0.8364070340966622,5
五一节假日,27,北向南-直行,8.524590163934429,1.9117875065066565,5
五一节假日,27,南向北-右转,0.4174661674945737,0.1322179624965649,5
五一节假日,27,南向北-左转,0.22732384517895904,0.0719969616144695,5
五一节假日,27,南向北-直行,2.9552099873264672,0.9359605009881037,5
五一节假日,27,西向东-右转,0.9464788732394366,0.2563225502214609,5
五一节假日,27,西向东-左转,2.129577464788732,0.5767257379982869,5
五一节假日,27,西向东-直行,2.523943661971831,0.6835268005905624,5
五一节假日,28,东向西-右转,3.1764705882352944,1.6946894459868158,5
五一节假日,28,东向西-左转,0.2117647058823529,0.11297929639912105,5
五一节假日,28,东向西-直行,2.011764705882353,1.0733033157916498,5
五一节假日,28,北向南-右转,0.7157894736842104,0.09561001118202607,5
五一节假日,28,北向南-左转,3.340350877192982,0.44618005218278833,5
五一节假日,28,北向南-直行,9.543859649122806,1.2748001490936802,5
五一节假日,28,南向北-右转,0.4385911551447845,0.18107736356974563,5
五一节假日,28,南向北-左转,0.12373623733835123,0.05108591765347507,5
五一节假日,28,南向北-直行,3.837672607516865,1.5844269312352746,5
五一节假日,28,西向东-右转,1.5157894736842104,0.45641017660376415,5
五一节假日,28,西向东-左转,2.2736842105263158,0.6846152649056462,5
五一节假日,28,西向东-直行,3.410526315789473,1.0269228973584692,5
五一节假日,29,东向西-右转,3.6039603960396045,0.9631989312487377,5
五一节假日,29,东向西-左转,0.5544554455445544,0.14818445096134422,5
五一节假日,29,东向西-直行,2.841584158415842,0.7594453111768892,5
五一节假日,29,北向南-右转,1.1320754716981134,0.22284927945316452,5
五一节假日,29,北向南-左转,8.30188679245283,1.634228049323207,5
五一节假日,29,北向南-直行,10.566037735849056,2.079926608229536,5
五一节假日,29,南向北-右转,0.45885393578485656,0.12258655115321106,5
五一节假日,29,南向北-左转,0.20247747928093843,0.05409350108066604,5
五一节假日,29,南向北-直行,6.538668584934205,1.7468583539332576,5
五一节假日,29,西向东-右转,1.1862068965517243,0.2860198807355547,5
五一节假日,29,西向东-左转,2.6689655172413795,0.6435447316549984,5
五一节假日,29,西向东-直行,4.744827586206897,1.1440795229422192,5
五一节假日,30,东向西-右转,4.496774193548387,1.7079419067145578,5
五一节假日,30,东向西-左转,0.264516129032258,0.10046717098320924,5
五一节假日,30,东向西-直行,3.438709677419355,1.3060732227817207,5
五一节假日,30,北向南-右转,1.645714285714286,0.1828571428571428,5
五一节假日,30,北向南-左转,3.6,0.4,5
五一节假日,30,北向南-直行,12.754285714285714,1.4171428571428577,5
五一节假日,30,南向北-右转,0.22709677419354835,0.0336474962849169,5
五一节假日,30,南向北-左转,0.4541935483870968,0.0672949925698338,5
五一节假日,30,南向北-直行,8.118709677419355,1.2028979921857792,5
五一节假日,30,西向东-右转,1.056,0.24265201420964963,5
五一节假日,30,西向东-左转,1.7599999999999998,0.4044200236827494,5
五一节假日,30,西向东-直行,3.7840000000000003,0.8695030509179114,5
五一节假日,31,东向西-右转,7.574311926605505,0.9723331640114645,5
五一节假日,31,东向西-左转,0.23486238532110093,0.03014986555074306,5
五一节假日,31,东向西-直行,4.990825688073395,0.6406846429532909,5
五一节假日,31,北向南-右转,1.4127659574468086,0.410809136549691,5
五一节假日,31,北向南-左转,3.1787234042553196,0.9243205572368045,5
五一节假日,31,北向南-直行,12.008510638297874,3.4918776606723747,5
五一节假日,31,南向北-右转,0.2823529411764706,0.0450971692941134,5
五一节假日,31,南向北-左转,0.2117647058823529,0.033822876970585045,5
五一节假日,31,南向北-直行,7.905882352941177,1.262720740235175,5
五一节假日,31,西向东-右转,0.9758241758241759,0.6085967872992173,5
五一节假日,31,西向东-左转,2.6021978021978027,1.6229247661312463,5
五一节假日,31,西向东-直行,3.8219780219780226,2.3836707502552676,5
五一节假日,32,东向西-右转,5.519553072625699,2.1427148353382157,5
五一节假日,32,东向西-左转,0.6972067039106145,0.27065871604272207,5
五一节假日,32,东向西-直行,4.183240223463687,1.623952296256332,5
五一节假日,32,北向南-右转,0.9823255813953489,0.13728417350231265,5
五一节假日,32,北向南-左转,2.5004651162790696,0.3494506234604322,5
五一节假日,32,北向南-直行,15.717209302325582,2.1965467760370028,5
五一节假日,32,南向北-右转,0.969591355812053,0.29356311142601466,5
五一节假日,32,南向北-左转,0.29809184449693715,0.09025324827483655,5
五一节假日,32,南向北-直行,9.33231679969101,2.8255449474753918,5
五一节假日,32,西向东-右转,2.960747663551402,0.6471718002057648,5
五一节假日,32,西向东-左转,1.6448598130841119,0.35953988900320266,5
五一节假日,32,西向东-直行,4.1943925233644865,0.9168267169581671,5
五一节假日,33,东向西-右转,8.197752808988763,3.524237501707047,5
五一节假日,33,东向西-左转,1.8217228464419477,0.7831638892682327,5
五一节假日,33,东向西-直行,5.180524344569289,2.227122310106537,5
五一节假日,33,北向南-右转,2.949466192170818,0.8148821245983411,5
五一节假日,33,北向南-左转,3.50747330960854,0.9690490130358657,5
五一节假日,33,北向南-直行,15.943060498220643,4.404768241072116,5
五一节假日,33,南向北-右转,0.9197584806413067,0.10785124182078099,5
五一节假日,33,南向北-左转,0.5624374424470513,0.06595163609921083,5
五一节假日,33,南向北-直行,18.51780407691164,2.1714050019917215,5
五一节假日,33,西向东-右转,3.254794520547945,0.9386111042540919,5
五一节假日,33,西向东-左转,1.1835616438356165,0.34131312881966985,5
五一节假日,33,西向东-直行,6.361643835616439,1.8345580674057254,5
五一节假日,34,东向西-右转,10.49705882352941,1.4557857959662277,5
五一节假日,34,东向西-左转,0.976470588235294,0.1354219345084864,5
五一节假日,34,东向西-直行,5.126470588235295,0.710965156169553,5
五一节假日,34,北向南-右转,1.94,0.482700735445887,5
五一节假日,34,北向南-左转,3.556666666666666,0.8849513483174589,5
五一节假日,34,北向南-直行,13.903333333333332,3.4593552706955215,5
五一节假日,34,南向北-右转,1.2883895131086143,0.444416388739815,5
五一节假日,34,南向北-左转,0.25767790262172285,0.08888327774796301,5
五一节假日,34,南向北-直行,15.653932584269663,5.399659123188752,5
五一节假日,34,西向东-右转,2.4,0.6235041270510598,5
五一节假日,34,西向东-左转,2.4,0.6235041270510598,5
五一节假日,34,西向东-直行,5.6,1.4548429631191395,5
五一节假日,35,东向西-右转,8.583941605839417,0.6661958662250888,5
五一节假日,35,东向西-左转,1.7167883211678834,0.13323917324501777,5
五一节假日,35,东向西-直行,6.499270072992701,0.5044054415704238,5
五一节假日,35,北向南-右转,2.9163972286374134,0.5617813172672927,5
五一节假日,35,北向南-左转,8.535796766743648,1.6442380017579297,5
五一节假日,35,北向南-直行,19.34780600461894,3.7269394706513084,5
五一节假日,35,南向北-右转,0.9168044077134987,0.11409083509020194,5
五一节假日,35,南向北-左转,0.40110192837465564,0.04991474035196337,5
五一节假日,35,南向北-直行,19.482093663911847,2.4244302456667923,5
五一节假日,35,西向东-右转,2.5434782608695654,0.9782608695652174,5
五一节假日,35,西向东-左转,3.956521739130435,1.5217391304347827,5
五一节假日,35,西向东-直行,6.5,2.5,5
五一节假日,36,东向西-右转,11.266272189349113,3.2517740577415197,5
五一节假日,36,东向西-左转,1.0603550295857986,0.30604932308155475,5
五一节假日,36,东向西-直行,10.073372781065089,2.90746856927477,5
五一节假日,36,北向南-右转,2.357894736842105,0.28848143435662016,5
五一节假日,36,北向南-左转,6.631578947368422,0.8113540341279949,5
五一节假日,36,北向南-直行,21.810526315789474,2.66845326779874,5
五一节假日,36,南向北-右转,0.6913947333175184,0.32167273885464115,5
五一节假日,36,南向北-左转,0.5118180726268167,0.2381243496420487,5
五一节假日,36,南向北-直行,16.996787194055663,7.907788163509929,5
五一节假日,36,西向东-右转,3.84,1.024999512195006,5
五一节假日,36,西向东-左转,4.72,1.259895233739695,5
五一节假日,36,西向东-直行,11.44,3.053644380080954,5
五一节假日,37,东向西-右转,14.41965601965602,3.976388971473426,5
五一节假日,37,东向西-左转,1.8024570024570026,0.4970486214341782,5
五一节假日,37,东向西-直行,9.977886977886978,2.7515191543677724,5
五一节假日,37,北向南-右转,4.024317617866005,0.432870570819276,5
五一节假日,37,北向南-左转,8.522084367245657,0.9166670911467011,5
五一节假日,37,北向南-直行,19.253598014888336,2.070988613331436,5
五一节假日,37,南向北-右转,1.4678304239401496,0.46987665905629245,5
五一节假日,37,南向北-左转,0.543640897755611,0.17402839224307137,5
五一节假日,37,南向北-直行,19.78852867830424,6.334633477647797,5
五一节假日,37,西向东-右转,3.771428571428571,0.2086562123829205,5
五一节假日,37,西向东-左转,4.931868131868132,0.27285812388535774,5
五一节假日,37,西向东-直行,11.096703296703296,0.6139307787420549,5
五一节假日,38,东向西-右转,14.263235294117646,2.136996718305492,5
五一节假日,38,东向西-左转,2.8058823529411767,0.42039279704370347,5
五一节假日,38,东向西-直行,14.730882352941176,2.207062184479444,5
五一节假日,38,北向南-右转,4.3250437828371275,0.6012881789048258,5
五一节假日,38,北向南-左转,8.238178633975483,1.145310816961573,5
五一节假日,38,北向南-直行,26.636777583187392,3.7031716415090843,5
五一节假日,38,南向北-右转,0.6461538461538462,0.1377795869772086,5
五一节假日,38,南向北-左转,0.5923076923076923,0.12629795472910793,5
五一节假日,38,南向北-直行,28.161538461538463,6.004893665756674,5
五一节假日,38,西向东-右转,2.6133333333333333,0.5215361924162117,5
五一节假日,38,西向东-左转,5.88,1.173456432936477,5
五一节假日,38,西向东-直行,11.106666666666666,2.2165288177689004,5
五一节假日,39,东向西-右转,17.529411764705884,2.084116373799185,5
五一节假日,39,东向西-左转,1.647058823529412,0.195823014987843,5
五一节假日,39,东向西-直行,19.823529411764703,2.3568698589608217,5
五一节假日,39,北向南-右转,3.9654159869494294,0.5376118516035022,5
五一节假日,39,北向南-左转,11.425774877650898,1.5490510978406002,5
五一节假日,39,北向南-直行,25.808809135399674,3.499033068063474,5
五一节假日,39,南向北-右转,0.4321543408360129,0.12222033716480618,5
五一节假日,39,南向北-左转,0.37813504823151123,0.10694279501920544,5
五一节假日,39,南向北-直行,32.789710610932474,9.273468082379669,5
五一节假日,39,西向东-右转,5.464285714285714,1.53462955415329,5
五一节假日,39,西向东-左转,7.7142857142857135,2.166535841157586,5
五一节假日,39,西向东-直行,13.82142857142857,3.881710048740675,5
五一节假日,40,东向西-右转,24.628704784130687,1.7611839998453573,5
五一节假日,40,东向西-左转,2.8396732788798134,0.2030633436628796,5
五一节假日,40,东向西-直行,19.3316219369895,1.3823927626280643,5
五一节假日,40,北向南-右转,5.028486646884273,0.38348796455382816,5
五一节假日,40,北向南-左转,11.687833827893176,0.8913504040980871,5
五一节假日,40,北向南-直行,29.083679525222557,2.218011470662682,5
五一节假日,40,南向北-右转,0.886908077994429,0.20809123173132035,5
五一节假日,40,南向北-左转,0.6651810584958218,0.1560684237984903,5
五一节假日,40,南向北-直行,38.24791086350975,8.973934368413193,5
五一节假日,40,西向东-右转,4.698181818181818,1.0493866523333824,5
五一节假日,40,西向东-左转,6.08,1.3580297853726127,5
五一节假日,40,西向东-直行,15.821818181818182,3.5339638732991854,5
五一节假日,41,东向西-右转,23.605714285714285,4.653741088892783,5
五一节假日,41,东向西-左转,2.545714285714286,0.5018740389982412,5
五一节假日,41,东向西-直行,22.44857142857143,4.425616525711765,5
五一节假日,41,北向南-右转,5.117428924598269,0.7163081744900563,5
五一节假日,41,北向南-左转,13.782941903584675,1.9292566832932185,5
五一节假日,41,北向南-直行,36.29962917181706,5.081012651049466,5
五一节假日,41,南向北-右转,1.0768732718865899,0.20766489622763026,5
五一节假日,41,南向北-左转,1.1248748848941026,0.21692155645330424,5
五一节假日,41,南向北-直行,37.798251843219305,7.289037857589822,5
五一节假日,41,西向东-右转,4.866666666666666,1.4452988925785866,5
五一节假日,41,西向东-左转,7.428070175438597,2.205982520251527,5
五一节假日,41,西向东-直行,16.905263157894737,5.020511942641406,5
五一节假日,42,东向西-右转,22.26625,4.406129696939254,5
五一节假日,42,东向西-左转,2.82,0.5580322571321483,5
五一节假日,42,东向西-直行,21.91375,4.3363756647977345,5
五一节假日,42,北向南-右转,8.858258258258257,1.127381482473898,5
五一节假日,42,北向南-左转,12.293093093093091,1.5645294042494915,5
五一节假日,42,北向南-直行,39.04864864864865,4.969681637027793,5
五一节假日,42,南向北-右转,1.9876777251184836,0.23672025086180942,5
五一节假日,42,南向北-左转,0.6625592417061611,0.07890675028726982,5
五一节假日,42,南向北-直行,43.94976303317536,5.234147769055563,5
五一节假日,42,西向东-右转,4.047337278106509,0.563840437849543,5
五一节假日,42,西向东-左转,10.45562130177515,1.4565877977779864,5
五一节假日,42,西向东-直行,19.697041420118346,2.7440234642011094,5
五一节假日,43,东向西-右转,27.244969199178644,4.064310772877992,5
五一节假日,43,东向西-左转,3.8677618069815196,0.5769793999075231,5
五一节假日,43,东向西-直行,24.287268993839835,3.623091231772238,5
五一节假日,43,北向南-右转,6.4024179620034545,1.1626260040672656,5
五一节假日,43,北向南-左转,19.556476683937824,3.551293976060011,5
五一节假日,43,北向南-直行,41.44110535405872,7.525361044508119,5
五一节假日,43,南向北-右转,1.1046386192017261,0.0894776325925684,5
五一节假日,43,南向北-左转,0.9941747572815534,0.08052986933331154,5
五一节假日,43,南向北-直行,49.10118662351672,3.9772807687396594,5
五一节假日,43,西向东-右转,4.6179104477611945,0.8003605224626499,5
五一节假日,43,西向东-左转,7.605970149253731,1.3182408605267164,5
五一节假日,43,西向东-直行,24.176119402985073,4.190122735245636,5
五一节假日,44,东向西-右转,29.03779366700715,5.731257175061816,5
五一节假日,44,东向西-左转,2.4808988764044946,0.48966080718974747,5
五一节假日,44,东向西-直行,23.681307456588353,4.674034977720316,5
五一节假日,44,北向南-右转,9.220641803989592,0.8586442480823644,5
五一节假日,44,北向南-左转,19.879965307892455,1.8512613575676518,5
五一节假日,44,北向南-直行,46.29939288811796,4.311490266966766,5
五一节假日,44,南向北-右转,2.518989710009355,0.1281919749495765,5
五一节假日,44,南向北-左转,1.660243217960711,0.08449016530767552,5
五一节假日,44,南向北-直行,57.02076707202993,2.9018001602222334,5
五一节假日,44,西向东-右转,7.333807829181495,0.5530024682054451,5
五一节假日,44,西向东-左转,5.762277580071173,0.4345019393042779,5
五一节假日,44,西向东-直行,23.70391459074733,1.7873829775925985,5
五一节假日,45,东向西-右转,27.256198347107436,4.831723687589369,5
五一节假日,45,东向西-左转,3.1471074380165285,0.5578897453711432,5
五一节假日,45,东向西-直行,30.796694214876037,5.459349651131904,5
五一节假日,45,北向南-右转,8.791162343900096,0.48711344989338723,5
五一节假日,45,北向南-左转,23.10086455331412,1.2800061457052514,5
五一节假日,45,北向南-直行,34.90797310278578,1.934231509065713,5
五一节假日,45,南向北-右转,4.058520365752286,0.3903934072114965,5
五一节假日,45,南向北-左转,1.1936824605153782,0.11482159035632258,5
五一节假日,45,南向北-直行,66.54779717373233,6.401303662364992,5
五一节假日,45,西向东-右转,5.082802547770702,0.4528120404376111,5
五一节假日,45,西向东-左转,5.61783439490446,0.5004764657468329,5
五一节假日,45,西向东-直行,31.299363057324843,2.7883688805894997,5
五一节假日,46,东向西-右转,35.01684532924961,3.4773001402144037,5
五一节假日,46,东向西-左转,2.7197549770290967,0.2700815642884975,5
五一节假日,46,东向西-直行,36.26339969372129,3.6010875238466316,5
五一节假日,46,北向南-右转,11.363130434782608,1.2729920398256063,5
五一节假日,46,北向南-左转,25.47339130434782,2.8537403969716886,5
五一节假日,46,北向南-直行,34.963478260869564,3.9168985840787895,5
五一节假日,46,南向北-右转,3.946783625730995,0.37790856461838523,5
五一节假日,46,南向北-左转,1.1027777777777779,0.10559209893749001,5
五一节假日,46,南向北-直行,74.35043859649123,7.1191304599434115,5
五一节假日,46,西向东-右转,7.493812375249502,1.140300337377338,5
五一节假日,46,西向东-左转,14.122954091816371,2.1490275589034447,5
五一节假日,46,西向东-直行,50.58323353293414,7.697027277297036,5
五一节假日,47,东向西-右转,27.190219224283304,5.435509539589316,5
五一节假日,47,东向西-左转,8.23946037099494,1.6471241029058532,5
五一节假日,47,东向西-直行,34.37032040472176,6.870860543550135,5
五一节假日,47,北向南-右转,11.705012325390303,1.0961823927047456,5
五一节假日,47,北向南-左转,27.079704190632707,2.5360327787980066,5
五一节假日,47,北向南-直行,38.21528348397699,3.5788873794252267,5
五一节假日,47,南向北-右转,4.623574144486692,0.5406196984692385,5
五一节假日,47,南向北-左转,1.155893536121673,0.13515492461730963,5
五一节假日,47,南向北-直行,74.22053231939165,8.678368843848306,5
五一节假日,47,西向东-右转,8.042168674698797,1.5195178621240282,5
五一节假日,47,西向东-左转,12.867469879518072,2.4312285793984474,5
五一节假日,47,西向东-直行,32.49036144578314,6.138852162981078,5
五一节假日,48,东向西-右转,31.848113207547176,4.679702218255835,5
五一节假日,48,东向西-左转,7.077358490566039,1.039933826279075,5
五一节假日,48,东向西-直行,33.67452830188679,4.948072237940758,5
五一节假日,48,北向南-右转,12.262305805396567,2.042067488150729,5
五一节假日,48,北向南-左转,27.017497955846277,4.499280564551877,5
五一节假日,48,北向南-直行,43.120196238757146,7.1808966616289345,5
五一节假日,48,南向北-右转,7.042931937172776,0.6790651665750843,5
五一节假日,48,南向北-左转,1.193717277486911,0.11509579094492946,5
五一节假日,48,南向北-直行,71.5633507853403,6.899992667148518,5
五一节假日,48,西向东-右转,7.1010638297872335,2.2104088048715527,5
五一节假日,48,西向东-左转,11.290691489361702,3.51454999974577,5
五一节假日,48,西向东-直行,35.008244680851064,10.897315408016759,5
五一节假日,49,东向西-右转,32.513906250000005,4.391873758971915,5
五一节假日,49,东向西-左转,6.422499999999999,0.8675306190561803,5
五一节假日,49,东向西-直行,34.46359375,4.655231268328255,5
五一节假日,49,北向南-右转,12.405730659025789,1.383585706173172,5
五一节假日,49,北向南-左转,29.722063037249285,3.314840754373225,5
五一节假日,49,北向南-直行,48.07220630372493,5.361394611421038,5
五一节假日,49,南向北-右转,5.765462902166775,0.37131995496594705,5
五一节假日,49,南向北-左转,0.6471437951411687,0.0416787704553614,5
五一节假日,49,南向北-直行,83.18739330269206,5.357616493080098,5
五一节假日,49,西向东-右转,10.383984747378456,1.3106647672442726,5
五一节假日,49,西向东-左转,16.488083889418494,2.081123110151378,5
五一节假日,49,西向东-直行,46.727931363203055,5.897991452599226,5
五一节假日,50,东向西-右转,33.95389972144847,2.999611187537854,5
五一节假日,50,东向西-左转,8.66908077994429,0.7658581755415803,5
五一节假日,50,东向西-直行,37.17701949860724,3.284353329726392,5
五一节假日,50,北向南-右转,15.561635220125789,1.4664084775495354,5
五一节假日,50,北向南-左转,29.546540880503148,2.7842381225720327,5
五一节假日,50,北向南-直行,63.89182389937108,6.020672691965506,5
五一节假日,50,南向北-右转,5.434558823529412,0.5419796030649201,5
五一节假日,50,南向北-左转,2.0022058823529414,0.1996766958660232,5
五一节假日,50,南向北-直行,70.36323529411764,7.01720959757739,5
五一节假日,50,西向东-右转,9.846486486486487,1.9959257258943957,5
五一节假日,50,西向东-左转,21.557837837837837,4.369867687753641,5
五一节假日,50,西向东-直行,51.39567567567567,10.418127463191203,5
五一节假日,51,东向西-右转,38.47782546494993,2.8926005621943096,5
五一节假日,51,东向西-左转,8.21173104434907,0.6173232907122013,5
五一节假日,51,东向西-直行,35.310443490701005,2.654490150062463,5
五一节假日,51,北向南-右转,14.04075366364271,2.9451957649646863,5
五一节假日,51,北向南-左转,31.066015352407533,6.516423479970176,5
五一节假日,51,北向南-直行,52.093230983949766,10.927103127984923,5
五一节假日,51,南向北-右转,6.27036496350365,1.0150712546840672,5
五一节假日,51,南向北-左转,2.411678832116788,0.39041202103233336,5
五一节假日,51,南向北-直行,73.91795620437956,11.966128444641026,5
五一节假日,51,西向东-右转,10.987878787878788,2.169251334163287,5
五一节假日,51,西向东-左转,20.936363636363637,4.133303217797612,5
五一节假日,51,西向东-直行,56.275757575757574,11.110084535782242,5
五一节假日,52,东向西-右转,40.232919660352714,4.618045598327732,5
五一节假日,52,东向西-左转,9.810058785107772,1.1260256321031323,5
五一节假日,52,东向西-直行,39.357021554539514,4.517507595461378,5
五一节假日,52,北向南-右转,17.296378830083565,3.0306632943506577,5
五一节假日,52,北向南-左转,27.07576601671309,4.744202878498281,5
五一节假日,52,北向南-直行,60.42785515320334,10.588140116971916,5
五一节假日,52,南向北-右转,6.942116327960757,0.7809709266652571,5
五一节假日,52,南向北-左转,1.6158374211632798,0.18177771568932696,5
五一节假日,52,南向北-直行,76.84204625087597,8.644540257225776,5
五一节假日,52,西向东-右转,10.070634146341465,1.5139240470466335,5
五一节假日,52,西向东-左转,13.65639024390244,2.0529727607677826,5
五一节假日,52,西向东-直行,54.4729756097561,8.188952799934057,5
五一节假日,53,东向西-右转,46.82413162705667,8.448138767080302,5
五一节假日,53,东向西-左转,14.759780621572213,2.6630002635361802,5
五一节假日,53,东向西-直行,42.816087751371114,7.724996454137291,5
五一节假日,53,北向南-右转,17.298895027624308,2.565439882822256,5
五一节假日,53,北向南-左转,32.67569060773481,4.845830889775372,5
五一节假日,53,北向南-直行,49.425414364640886,7.329828236635026,5
五一节假日,53,南向北-右转,8.004907975460123,1.143331818856993,5
五一节假日,53,南向北-左转,2.5158282208588956,0.35933285735505477,5
五一节假日,53,南向北-直行,82.67926380368098,11.808984357622938,5
五一节假日,53,西向东-右转,10.065150136487716,2.50421180714906,5
五一节假日,53,西向东-左转,16.47024567788899,4.0978011389711915,5
五一节假日,53,西向东-直行,57.2646041856233,14.247447478552612,5
五一节假日,54,东向西-右转,35.752834839769925,4.897589177509246,5
五一节假日,54,东向西-左转,11.743631881676253,1.6086971750942785,5
五一节假日,54,东向西-直行,31.903533278553823,4.370293992339459,5
五一节假日,54,北向南-右转,20.518532110091744,3.6606912616404452,5
五一节假日,54,北向南-左转,40.07633027522935,7.149978919056924,5
五一节假日,54,北向南-直行,51.6051376146789,9.20682216974453,5
五一节假日,54,南向北-右转,9.752342704149934,2.018431627204335,5
五一节假日,54,南向北-左转,2.3279785809906293,0.4818191626229703,5
五一节假日,54,南向北-直行,81.91967871485944,16.95482566851642,5
五一节假日,54,西向东-右转,12.822382671480145,1.8023271820046194,5
五一节假日,54,西向东-左转,18.413537906137186,2.5882256625298905,5
五一节假日,54,西向东-直行,51.364079422382666,7.219787374425482,5
五一节假日,55,东向西-右转,47.52619324796275,16.61329846564804,5
五一节假日,55,东向西-左转,15.797438882421423,5.5221668139337154,5
五一节假日,55,东向西-直行,51.67636786961583,18.06403720490181,5
五一节假日,55,北向南-右转,18.42833607907743,3.0128124993151744,5
五一节假日,55,北向南-左转,46.985722130697425,7.681603500026982,5
五一节假日,55,北向南-直行,53.58594179022515,8.760660459001567,5
五一节假日,55,南向北-右转,10.095652173913043,1.1346880556768244,5
五一节假日,55,南向北-左转,3.9913043478260866,0.44859760340711674,5
五一节假日,55,南向北-直行,72.31304347826088,8.127533049964224,5
五一节假日,55,西向东-右转,11.068585944115155,2.0104283670411704,5
五一节假日,55,西向东-左转,16.602878916172735,3.015642550561757,5
五一节假日,55,西向东-直行,58.32853513971211,10.59442843421038,5
五一节假日,56,东向西-右转,43.93309248554913,6.8536180162044245,5
五一节假日,56,东向西-左转,13.227167630057803,2.0634548865991804,5
五一节假日,56,东向西-直行,36.23973988439307,5.6534452760395935,5
五一节假日,56,北向南-右转,14.524444444444445,3.0190078945194183,5
五一节假日,56,北向南-左转,43.955555555555556,9.136471259729817,5
五一节假日,56,北向南-直行,61.919999999999995,12.87050733979331,5
五一节假日,56,南向北-右转,12.552484076433121,3.0655592599409967,5
五一节假日,56,南向北-左转,2.2606369426751596,0.5520912411268147,5
五一节假日,56,南向北-直行,78.58687898089173,19.192434987592677,5
五一节假日,56,西向东-右转,10.414015416958657,3.141487102831891,5
五一节假日,56,西向东-左转,15.742116327960758,4.748759574048206,5
五一节假日,56,西向东-直行,60.2438682550806,18.173137600684477,5
五一节假日,57,东向西-右转,38.508080808080805,8.161265455746081,5
五一节假日,57,东向西-左转,12.723232323232324,2.696516530193784,5
五一节假日,57,东向西-直行,42.56868686868687,9.021855837722821,5
五一节假日,57,北向南-右转,14.927472527472528,1.231397014146329,5
五一节假日,57,北向南-左转,46.68108733371891,3.8508161012558437,5
五一节假日,57,北向南-直行,51.59144013880856,4.255880908540825,5
五一节假日,57,南向北-右转,10.832076764907471,0.882779407155504,5
五一节假日,57,南向北-左转,1.9257025359835507,0.1569385612720896,5
五一节假日,57,南向北-直行,75.04222069910898,6.115699559571734,5
五一节假日,57,西向东-右转,14.690435914118414,4.512482332238464,5
五一节假日,57,西向东-左转,14.690435914118414,4.512482332238464,5
五一节假日,57,西向东-直行,71.41912817176318,21.937916338427172,5
五一节假日,58,东向西-右转,38.87375464684014,6.981916368396843,5
五一节假日,58,东向西-左转,18.01635687732342,3.2358257678844553,5
五一节假日,58,东向西-直行,36.30988847583643,6.521433470659442,5
五一节假日,58,北向南-右转,18.66397849462366,2.5664941595068473,5
五一节假日,58,北向南-左转,49.79408602150538,6.847212719891851,5
五一节假日,58,北向南-直行,62.54193548387097,8.600176655253128,5
五一节假日,58,南向北-右转,9.522436295835924,2.224931408237268,5
五一节假日,58,南向北-左转,2.0047234307023,0.46840661226047775,5
五一节假日,58,南向北-直行,89.2728402734618,20.858731952224403,5
五一节假日,58,西向东-右转,17.14959349593496,5.300613025555799,5
五一节假日,58,西向东-左转,14.884552845528455,4.600532059916353,5
五一节假日,58,西向东-直行,47.56585365853658,14.701700278428344,5
五一节假日,59,东向西-右转,50.143978709248174,10.240203149012617,5
五一节假日,59,东向西-左转,15.806254158349967,3.2278901230583252,5
五一节假日,59,东向西-直行,36.44976713240187,7.443625930328465,5
五一节假日,59,北向南-右转,16.246544071020928,3.0261421551235537,5
五一节假日,59,北向南-左转,40.92225745085606,7.622332959767279,5
五一节假日,59,北向南-直行,50.03119847812302,9.318998435861653,5
五一节假日,59,南向北-右转,8.250925925925925,1.4371541650751871,5
五一节假日,59,南向北-左转,3.8791666666666673,0.6756769582069908,5
五一节假日,59,南向北-直行,67.66990740740741,11.78680915983307,5
五一节假日,59,西向东-右转,9.444033613445379,2.122019761807308,5
五一节假日,59,西向东-左转,13.354453781512603,3.0006685694306454,5
五一节假日,59,西向东-直行,65.00151260504202,14.60546414181436,5
五一节假日,60,东向西-右转,47.41689785624212,13.763519435698322,5
五一节假日,60,东向西-左转,25.212610340479195,7.318366829857719,5
五一节假日,60,东向西-直行,40.97049180327869,11.892346098518791,5
五一节假日,60,北向南-右转,19.944876325088337,1.5203672460375688,5
五一节假日,60,北向南-左转,36.985159010600704,2.819321786341511,5
五一节假日,60,北向南-直行,52.66996466431095,4.014950397303092,5
五一节假日,60,南向北-右转,10.721088435374151,1.7220427028350196,5
五一节假日,60,南向北-左转,1.1912320483749057,0.19133807809277995,5
五一节假日,60,南向北-直行,66.88767951625094,10.743633084909593,5
五一节假日,60,西向东-右转,7.595263724434877,1.5883325191584308,5
五一节假日,60,西向东-左转,11.646071044133476,2.435443196042927,5
五一节假日,60,西向东-直行,39.55866523143165,8.272565203950158,5
五一节假日,61,东向西-右转,36.02945154019534,3.566093933832259,5
五一节假日,61,东向西-左转,16.73809166040571,1.6566893078433347,5
五一节假日,61,东向西-直行,41.63245679939895,4.120663659762867,5
五一节假日,61,北向南-右转,17.036619718309858,3.0943889554061896,5
五一节假日,61,北向南-左转,42.65915492957746,7.748251709767087,5
五一节假日,61,北向南-直行,41.10422535211268,7.4658273209800186,5
五一节假日,61,南向北-右转,14.183225806451611,4.413039047145822,5
五一节假日,61,南向北-左转,2.600258064516129,0.809057158643401,5
五一节假日,61,南向北-直行,74.81651612903225,23.278780973694214,5
五一节假日,61,西向东-右转,13.173781512605043,3.5435063905292687,5
五一节假日,61,西向东-左转,14.605714285714285,3.9286701286302774,5
五一节假日,61,西向东-直行,57.420504201680686,15.4450658978504,5
五一节假日,62,东向西-右转,34.31236749116608,6.09212571109676,5
五一节假日,62,东向西-左转,23.144028268551235,4.109198518857425,5
五一节假日,62,东向西-直行,37.743604240282686,6.701338282206438,5
五一节假日,62,北向南-右转,16.174007612833062,2.8427815581452216,5
五一节假日,62,北向南-左转,55.42707993474714,9.741993724259201,5
五一节假日,62,北向南-直行,42.7989124524198,7.5224373538612035,5
五一节假日,62,南向北-右转,9.13872340425532,2.5102949639025445,5
五一节假日,62,南向北-左转,1.9917730496453898,0.5471155690556827,5
五一节假日,62,南向北-直行,71.46950354609929,19.631793948468616,5
五一节假日,62,西向东-右转,9.65494685200327,1.9737366021672855,5
五一节假日,62,西向东-左转,12.33687653311529,2.521996769435976,5
五一节假日,62,西向东-直行,60.008176614881435,12.26732124263695,5
五一节假日,63,东向西-右转,42.95571227080395,8.195511898671237,5
五一节假日,63,东向西-左转,21.33370944992948,4.070254231554845,5
五一节假日,63,东向西-直行,37.91057827926657,7.232951776344081,5
五一节假日,63,北向南-右转,20.95051903114187,3.022247207151671,5
五一节假日,63,北向南-左转,45.00726643598616,6.492587848802175,5
五一节假日,63,北向南-直行,48.642214532871975,7.016952506194421,5
五一节假日,63,南向北-右转,12.290992767915847,3.533529015343439,5
五一节假日,63,南向北-左转,1.6892833662064437,0.4856509073220841,5
五一节假日,63,南向北-直行,74.61972386587772,21.45237283722723,5
五一节假日,63,西向东-右转,14.198601398601397,2.740690500544713,5
五一节假日,63,西向东-左转,11.832167832167833,2.2839087504539277,5
五一节假日,63,西向东-直行,49.16923076923077,9.490909696330768,5
五一节假日,64,东向西-右转,43.07525586995786,7.7204470218885195,5
五一节假日,64,东向西-左转,23.621914509331727,4.233793528132416,5
五一节假日,64,东向西-直行,48.70282962071042,8.729086068296535,5
五一节假日,64,北向南-右转,21.012151898734174,4.669627338884445,5
五一节假日,64,北向南-左转,43.213670886075946,9.603573206384993,5
五一节假日,64,北向南-直行,40.17417721518987,8.92809252214385,5
五一节假日,64,南向北-右转,8.965250965250965,3.031121649506618,5
五一节假日,64,南向北-左转,1.553976833976834,0.5253944192478138,5
五一节假日,64,南向北-直行,66.8807722007722,22.612167505319373,5
五一节假日,64,西向东-右转,11.774086378737543,2.7741957922998908,5
五一节假日,64,西向东-左转,13.540199335548172,3.190325161144874,5
五一节假日,64,西向东-直行,63.28571428571429,14.911302383611908,5
五一节假日,65,东向西-右转,36.16939203354298,10.118669495845781,5
五一节假日,65,东向西-左转,21.179035639412998,5.925000389202472,5
五一节假日,65,东向西-直行,41.05157232704403,11.484497507642457,5
五一节假日,65,北向南-右转,18.989266547406082,2.3971868811288175,5
五一节假日,65,北向南-左转,51.51270125223614,6.502914230262166,5
五一节假日,65,北向南-直行,45.29803220035778,5.718380341892736,5
五一节假日,65,南向北-右转,14.627251732101618,4.153746960517733,5
五一节假日,65,南向北-左转,2.375365665896844,0.6745401046994609,5
五一节假日,65,南向北-直行,64.19738260200154,18.23033388227227,5
五一节假日,65,西向东-右转,12.315471698113205,2.430583584461509,5
五一节假日,65,西向东-左转,12.540754716981132,2.475045479299219,5
五一节假日,65,西向东-直行,54.74377358490566,10.804240445563659,5
五一节假日,66,东向西-右转,49.473564753004005,7.971306445042296,5
五一节假日,66,东向西-左转,30.930841121495327,4.98365570407748,5
五一节假日,66,东向西-直行,37.79559412550067,6.089722148604882,5
五一节假日,66,北向南-右转,20.733110367892976,2.176167238791022,5
五一节假日,66,北向南-左转,30.052173913043475,3.154305126609986,5
五一节假日,66,北向南-直行,57.21471571906354,6.005311683353623,5
五一节假日,66,南向北-右转,11.617865253595763,3.752331532716915,5
五一节假日,66,南向北-左转,3.234519303557911,1.0446832108132318,5
五一节假日,66,南向北-直行,72.34761544284632,23.36679181737351,5
五一节假日,66,西向东-右转,13.370178926441351,1.7743460246748095,5
五一节假日,66,西向东-左转,18.889264413518887,2.5067795581161545,5
五一节假日,66,西向东-直行,45.94055666003976,6.096735468504719,5
五一节假日,67,东向西-右转,39.52265625,7.837139563052435,5
五一节假日,67,东向西-左转,25.55,5.066433656922786,5
五一节假日,67,东向西-直行,37.12734375,7.362161407715924,5
五一节假日,67,北向南-右转,19.41810466760962,4.946615660222652,5
五一节假日,67,北向南-左转,44.816690240452616,11.416713710095621,5
五一节假日,67,北向南-直行,40.165205091937764,10.231782962589817,5
五一节假日,67,南向北-右转,11.829713292788881,4.539883258199791,5
五一节假日,67,南向北-左转,0.9643788010425716,0.37009917865759145,5
五一节假日,67,南向北-直行,61.20590790616855,23.488961205468467,5
五一节假日,67,西向东-右转,11.91841584158416,3.0606951687786035,5
五一节假日,67,西向东-左转,10.174257425742576,2.6127885587134427,5
五一节假日,67,西向东-直行,51.30732673267327,13.175919446083505,5
五一节假日,68,东向西-右转,50.53819742489271,12.633786469445543,5
五一节假日,68,东向西-左转,25.93304721030043,6.482870336717032,5
五一节假日,68,东向西-直行,50.92875536480686,12.731420058853935,5
五一节假日,68,北向南-右转,15.624444444444444,1.573620522892538,5
五一节假日,68,北向南-左转,47.13703703703704,4.747420564844577,5
五一节假日,68,北向南-直行,44.03851851851852,4.435352359882766,5
五一节假日,68,南向北-右转,13.343613707165108,1.1815788350729701,5
五一节假日,68,南向北-左转,1.3912772585669781,0.12319779323035698,5
五一节假日,68,南向北-直行,66.46510903426791,5.8854945765956925,5
五一节假日,68,西向东-右转,10.96896860986547,2.858076988830343,5
五一节假日,68,西向东-左转,14.906547085201794,3.8840533437950815,5
五一节假日,68,西向东-直行,52.52448430493273,13.685791734976064,5
五一节假日,69,东向西-右转,51.50037453183521,8.024552683534077,5
五一节假日,69,东向西-左转,26.561797752808985,4.138737773742504,5
五一节假日,69,东向西-直行,40.13782771535581,6.254092635877565,5
五一节假日,69,北向南-右转,15.805878332194121,2.8881941796457298,5
五一节假日,69,北向南-左转,40.0863978127136,7.32495204710151,5
五一节假日,69,北向南-直行,42.50772385509227,7.7673988150472395,5
五一节假日,69,南向北-右转,17.975322033898305,4.803279393010543,5
五一节假日,69,南向北-左转,1.9083389830508477,0.5099371958333112,5
五一节假日,69,南向北-直行,70.91633898305085,18.949924180644338,5
五一节假日,69,西向东-右转,10.365648854961833,3.0836746892603273,5
五一节假日,69,西向东-左转,7.844274809160305,2.3335916567375463,5
五一节假日,69,西向东-直行,55.19007633587786,16.418484156332013,5
五一节假日,70,东向西-右转,45.051968503937005,5.952841368752372,5
五一节假日,70,东向西-左转,18.141732283464567,2.3971173296989425,5
五一节假日,70,东向西-直行,52.006299212598435,6.871736345136963,5
五一节假日,70,北向南-右转,19.424773413897277,4.12301163067399,5
五一节假日,70,北向南-左转,48.561933534743204,10.307529076684975,5
五一节假日,70,北向南-直行,46.01329305135952,9.766566557766758,5
五一节假日,70,南向北-右转,15.09853454291696,4.70224000631885,5
五一节假日,70,南向北-左转,1.8647592463363574,0.5807547418162721,5
五一节假日,70,南向北-直行,69.23670621074669,21.5628615429203,5
五一节假日,70,西向东-右转,11.923743500866552,0.7599925098249218,5
五一节假日,70,西向东-左转,12.755632582322356,0.8130152430685202,5
五一节假日,70,西向东-直行,55.3206239168111,3.526011760699343,5
五一节假日,71,东向西-右转,42.97093382807669,7.16395094859766,5
五一节假日,71,东向西-左转,29.555967841682126,4.927458749285869,5
五一节假日,71,东向西-直行,43.473098330241186,7.247669907930185,5
五一节假日,71,北向南-右转,12.271907216494844,1.8758157523297103,5
五一节假日,71,北向南-左转,35.98840206185567,5.5009877680680255,5
五一节假日,71,北向南-直行,58.73969072164948,8.978623713398393,5
五一节假日,71,南向北-右转,19.307865168539326,3.7031089686004552,5
五一节假日,71,南向北-左转,0.9526907155529273,0.18271919252962762,5
五一节假日,71,南向北-直行,87.13944411590774,16.71271547670995,5
五一节假日,71,西向东-右转,7.772364380757421,2.862933965387042,5
五一节假日,71,西向东-左转,13.532241555783008,4.984572529022083,5
五一节假日,71,西向东-直行,46.49539406345957,17.12647997151177,5
五一节假日,72,东向西-右转,39.41568627450981,9.53245130254794,5
五一节假日,72,东向西-左转,21.337815126050423,5.160424765289113,5
五一节假日,72,东向西-直行,45.04649859943977,10.894230060054788,5
五一节假日,72,北向南-右转,21.89329829172142,1.9576604218290443,5
五一节假日,72,北向南-左转,40.83942181340342,3.651789633027255,5
五一节假日,72,北向南-直行,44.06727989487517,3.940419054194356,5
五一节假日,72,南向北-右转,17.62269896193772,4.048375192406823,5
五一节假日,72,南向北-左转,2.8525951557093423,0.6553125311449898,5
五一节假日,72,南向北-直行,71.12470588235294,16.339125776548407,5
五一节假日,72,西向东-右转,13.921747042766151,2.0489529395590753,5
五一节假日,72,西向东-左转,16.087352138307555,2.367678952379378,5
五一节假日,72,西向东-直行,54.9909008189263,8.093364111258351,5
五一节假日,73,东向西-右转,42.83600493218249,5.569627632093341,5
五一节假日,73,东向西-左转,19.704562268803947,2.5620287107629354,5
五一节假日,73,东向西-直行,53.25943279901357,6.924903689236047,5
五一节假日,73,北向南-右转,24.294017094017093,3.9045968102999375,5
五一节假日,73,北向南-左转,48.03589743589744,7.720452784002151,5
五一节假日,73,北向南-直行,56.87008547008547,9.140306169565768,5
五一节假日,73,南向北-右转,13.082222222222223,1.6879032211446894,5
五一节假日,73,南向北-左转,3.931111111111111,0.5072024457626898,5
五一节假日,73,南向北-直行,69.98666666666665,9.029866493414435,5
五一节假日,73,西向东-右转,12.53543307086614,4.271753328055471,5
五一节假日,73,西向东-左转,12.222047244094489,4.1649594948540845,5
五一节假日,73,西向东-直行,54.84251968503937,18.68892081024269,5
五一节假日,74,东向西-右转,42.11416094822208,2.738271719812325,5
五一节假日,74,东向西-左转,25.916406737367435,1.6850902891152746,5
五一节假日,74,东向西-直行,47.36943231441048,3.079970583994031,5
五一节假日,74,北向南-右转,23.93186003683241,2.919273676777858,5
五一节假日,74,北向南-左转,38.0135052179251,4.636991231519606,5
五一节假日,74,北向南-直行,51.05463474524248,6.227783843792759,5
五一节假日,74,南向北-右转,13.138952164009112,3.814568276856045,5
五一节假日,74,南向北-左转,3.0031890660592255,0.8719013204242388,5
五一节假日,74,南向北-直行,66.25785876993166,19.236322881859774,5
五一节假日,74,西向东-右转,14.563591022443891,2.201178825291915,5
五一节假日,74,西向东-左转,20.389027431421447,3.0816503554086796,5
五一节假日,74,西向东-直行,52.64738154613466,7.9572614534302755,5
五一节假日,75,东向西-右转,43.11343283582089,13.19460484074995,5
五一节假日,75,东向西-左转,24.47363184079602,7.490006708280498,5
五一节假日,75,东向西-直行,46.81293532338309,14.326815157117935,5
五一节假日,75,北向南-右转,20.530293941211756,3.1902243463973816,5
五一节假日,75,北向南-左转,39.27246550689862,6.102590443269831,5
五一节假日,75,北向南-直行,50.59724055188963,7.862359356927744,5
五一节假日,75,南向北-右转,17.45449101796407,5.561399796256697,5
五一节假日,75,南向北-左转,3.1455089820359285,1.0022310586893692,5
五一节假日,75,南向北-直行,61.8,19.69089256483819,5
五一节假日,75,西向东-右转,13.081447963800906,4.238844617289379,5
五一节假日,75,西向东-左转,11.746606334841626,3.8063094522598506,5
五一节假日,75,西向东-直行,34.17194570135747,11.072900224755932,5
五一节假日,76,东向西-右转,42.6880626223092,3.2920292303952685,5
五一节假日,76,东向西-左转,26.071232876712326,2.010568187691069,5
五一节假日,76,东向西-直行,41.04070450097847,3.164987833920284,5
五一节假日,76,北向南-右转,22.512827400940232,3.178480186552212,5
五一节假日,76,北向南-左转,37.40698455339154,5.2813161636309625,5
五一节假日,76,北向南-直行,42.28018804566823,5.969340838159033,5
五一节假日,76,南向北-右转,14.310170870626525,2.97953823894541,5
五一节假日,76,南向北-左转,1.6247355573637101,0.33828818433441343,5
五一节假日,76,南向北-直行,60.865093572009755,12.672795828527642,5
五一节假日,76,西向东-右转,15.23866432337434,2.190017677366149,5
五一节假日,76,西向东-左转,19.479613356766258,2.7995037290859734,5
五一节假日,76,西向东-直行,47.0817223198594,6.766328201296356,5
五一节假日,77,东向西-右转,46.16393442622952,5.561398326923464,5
五一节假日,77,东向西-左转,29.71803278688525,3.5801501729569774,5
五一节假日,77,东向西-直行,51.718032786885246,6.230504063131439,5
五一节假日,77,北向南-右转,23.017063261752757,5.493042901521364,5
五一节假日,77,北向南-左转,38.72814857806152,9.242507578683421,5
五一节假日,77,北向南-直行,49.654788160185724,11.850159967326992,5
五一节假日,77,南向北-右转,11.561097256857856,4.078056149738714,5
五一节假日,77,南向北-左转,3.833416458852868,1.352197565439679,5
五一节假日,77,南向北-直行,57.80548628428928,20.390280748693574,5
五一节假日,77,西向东-右转,10.43044982698962,2.1379849750629463,5
五一节假日,77,西向东-左转,13.255363321799308,2.7170225724758263,5
五一节假日,77,西向东-直行,39.11418685121107,8.017443656486048,5
五一节假日,78,东向西-右转,34.31175693527081,8.988761747334804,5
五一节假日,78,东向西-左转,25.109643328929987,6.578054334847925,5
五一节假日,78,东向西-直行,48.578599735799216,12.726292619407486,5
五一节假日,78,北向南-右转,19.118175535590876,2.4568125332240975,5
五一节假日,78,北向南-左转,37.34872149274361,4.799558770262785,5
五一节假日,78,北向南-直行,42.33310297166551,5.440084894996214,5
五一节假日,78,南向北-右转,12.917361111111111,3.3853859729733937,5
五一节假日,78,南向北-左转,1.4833333333333332,0.38875245622660987,5
五一节假日,78,南向北-直行,56.799305555555556,14.88597946967727,5
五一节假日,78,西向东-右转,15.348490230905862,2.81813158108501,5
五一节假日,78,西向东-左转,18.310479573712257,3.3619815353294866,5
五一节假日,78,西向东-直行,42.14103019538188,7.737501621750951,5
五一节假日,79,东向西-右转,41.843884449907804,11.027415386268602,5
五一节假日,79,东向西-左转,26.576521204671174,7.003898961548978,5
五一节假日,79,东向西-直行,46.57959434542103,12.275450573565895,5
五一节假日,79,北向南-右转,14.590529247910865,2.0624253393964147,5
五一节假日,79,北向南-左转,31.61281337047354,4.468588235358897,5
五一节假日,79,北向南-直行,50.796657381615596,7.180295626046777,5
五一节假日,79,南向北-右转,13.039416058394162,2.711301434938197,5
五一节假日,79,南向北-左转,1.3489051094890512,0.28047945878671005,5
五一节假日,79,南向北-直行,64.81167883211678,13.476370186466212,5
五一节假日,79,西向东-右转,12.63362831858407,3.489180607839057,5
五一节假日,79,西向东-左转,15.277876106194691,4.21947422343328,5
五一节假日,79,西向东-直行,38.488495575221236,10.629829293649221,5
五一节假日,80,东向西-右转,40.57267326732673,12.307750956612447,5
五一节假日,80,东向西-左转,26.092673267326735,7.915232063969845,5
五一节假日,80,东向西-直行,41.934653465346535,12.720908674237249,5
五一节假日,80,北向南-右转,19.273846153846154,0.8110479742703534,5
五一节假日,80,北向南-左转,32.61190635451506,1.3723166811023795,5
五一节假日,80,北向南-直行,52.5142474916388,2.2098118719250306,5
五一节假日,80,南向北-右转,11.7425431711146,1.972017577359344,5
五一节假日,80,南向北-左转,1.7582417582417584,0.2952753591768001,5
五一节假日,80,南向北-直行,66.49921507064364,11.167735906008255,5
五一节假日,80,西向东-右转,9.021236872812134,1.3549680831228388,5
五一节假日,80,西向东-左转,12.686114352392064,1.9054238668914913,5
五一节假日,80,西向东-直行,38.6926487747958,5.8115427940190525,5
五一节假日,81,东向西-右转,35.23580562659847,6.973020293666271,5
五一节假日,81,东向西-左转,25.948849104859335,5.135169983707719,5
五一节假日,81,东向西-直行,45.6153452685422,9.027088287149356,5
五一节假日,81,北向南-右转,18.02975821450713,2.1548808309314684,5
五一节假日,81,北向南-左转,42.046497210167395,5.025313693508122,5
五一节假日,81,北向南-直行,50.92374457532548,6.086304636982016,5
五一节假日,81,南向北-右转,11.021199671322927,3.4296101480578662,5
五一节假日,81,南向北-左转,2.9876746096959743,0.929713594353036,5
五一节假日,81,南向北-直行,66.7911257189811,20.784263909314543,5
五一节假日,81,西向东-右转,14.395930824008138,3.971308760010374,5
五一节假日,81,西向东-左转,17.92146490335707,4.9438741706251585,5
五一节假日,81,西向东-直行,39.882604272634794,11.002146207579761,5
五一节假日,82,东向西-右转,42.421884498480246,10.244990591808069,5
五一节假日,82,东向西-左转,20.028693009118538,4.836979164656923,5
五一节假日,82,东向西-直行,51.94942249240122,12.5459147083289,5
五一节假日,82,北向南-右转,23.286193548387097,2.4404012566470152,5
五一节假日,82,北向南-左转,35.21677419354838,3.690730295546413,5
五一节假日,82,北向南-直行,52.89703225806452,5.5436275459635915,5
五一节假日,82,南向北-右转,15.497986577181209,3.243024932683937,5
五一节假日,82,南向北-左转,2.9020134228187917,0.6072596487495817,5
五一节假日,82,南向北-直行,64.4,13.475996035017321,5
五一节假日,82,西向东-右转,13.961461794019936,3.626599742578874,5
五一节假日,82,西向东-左转,9.30764119601329,2.417733161719249,5
五一节假日,82,西向东-直行,38.53089700996678,10.008704191528947,5
五一节假日,83,东向西-右转,44.877092511013224,4.559718664152599,5
五一节假日,83,东向西-左转,23.812334801762113,2.4194425564891358,5
五一节假日,83,东向西-直行,50.11057268722467,5.091464280963395,5
五一节假日,83,北向南-右转,18.527383120825746,2.907780928765956,5
五一节假日,83,北向南-左转,40.47310261080753,6.352052803798687,5
五一节假日,83,北向南-直行,53.599514268366725,8.412178037463129,5
五一节假日,83,南向北-右转,10.71271056661562,1.2364505240719303,5
五一节假日,83,南向北-左转,2.828637059724349,0.3264785091650604,5
五一节假日,83,南向北-直行,65.05865237366002,7.509005710796386,5
五一节假日,83,西向东-右转,11.106227106227106,3.0248515586594915,5
五一节假日,83,西向东-左转,14.715750915750917,4.007928315223826,5
五一节假日,83,西向东-直行,49.97802197802198,13.611832013967708,5
五一节假日,84,东向西-右转,38.23212192262603,4.83776225145234,5
五一节假日,84,东向西-左转,22.19929660023447,2.8090232427787787,5
五一节假日,84,东向西-直行,44.768581477139506,5.664863539603869,5
五一节假日,84,北向南-右转,16.054068241469814,2.953598509114577,5
五一节假日,84,北向南-左转,36.020472440944886,6.626981528853721,5
五一节假日,84,北向南-直行,50.725459317585305,9.332378482580518,5
五一节假日,84,南向北-右转,17.225298664792692,3.5680468217895225,5
五一节假日,84,南向北-左转,2.226844694307801,0.46126841042145955,5
五一节假日,84,南向北-直行,73.74785664089951,15.276124415722443,5
五一节假日,84,西向东-右转,11.415821501014198,2.9878234178641283,5
五一节假日,84,西向东-左转,11.619675456389453,3.0411774074688442,5
五一节假日,84,西向东-直行,43.96450304259635,11.506677091417208,5
五一节假日,85,东向西-右转,36.35049853372434,1.3645161983597085,5
五一节假日,85,东向西-左转,22.161642228739005,0.8318983514163275,5
五一节假日,85,东向西-直行,56.68785923753666,2.127935112311891,5
五一节假日,85,北向南-右转,16.57608274078862,3.428166982592636,5
五一节假日,85,北向南-左转,33.35268261150613,6.897803727071472,5
五一节假日,85,北向南-直行,53.47123464770523,11.058603169653662,5
五一节假日,85,南向北-右转,18.953974895397486,3.3361478054687295,5
五一节假日,85,南向北-左转,1.516317991631799,0.2668918244374984,5
五一节假日,85,南向北-直行,70.1297071129707,12.343746880234301,5
五一节假日,85,西向东-右转,12.467724867724867,2.9242309738055634,5
五一节假日,85,西向东-左转,18.19417989417989,4.267337060611603,5
五一节假日,85,西向东-直行,51.53809523809524,12.087954781254385,5
五一节假日,86,东向西-右转,34.85263157894737,3.2443787626164844,5
五一节假日,86,东向西-左转,26.43562753036437,2.4608525855981935,5
五一节假日,86,东向西-直行,46.51174089068826,4.329707615227009,5
五一节假日,86,北向南-右转,16.79516129032258,1.2010119735731062,5
五一节假日,86,北向南-左转,43.34032258064516,3.0992406359246125,5
五一节假日,86,北向南-直行,56.86451612903225,4.066347655843033,5
五一节假日,86,南向北-右转,12.40031007751938,1.6031247280534013,5
五一节假日,86,南向北-左转,2.958449612403101,0.3824713818198471,5
五一节假日,86,南向北-直行,65.84124031007752,8.512022667735323,5
五一节假日,86,西向东-右转,14.839134199134202,5.573381440944898,5
五一节假日,86,西向东-左转,15.695238095238093,5.894922677922485,5
五一节假日,86,西向东-直行,51.86562770562771,19.48003994022567,5
五一节假日,87,东向西-右转,34.00713091922005,12.852280019454367,5
五一节假日,87,东向西-左转,23.360891364902507,8.828757652004436,5
五一节假日,87,东向西-直行,51.83197771587744,19.588806040384835,5
五一节假日,87,北向南-右转,17.936738703339888,1.5279365301825383,5
五一节假日,87,北向南-左转,48.63182711198429,4.142689839156007,5
五一节假日,87,北向南-直行,48.031434184675845,4.091545520154079,5
五一节假日,87,南向北-右转,16.408360128617364,4.545481534906636,5
五一节假日,87,南向北-左转,1.4324758842443732,0.3968277530474046,5
五一节假日,87,南向北-直行,63.159163987138264,17.496496384362832,5
五一节假日,87,西向东-右转,8.220067643742954,2.897882299504237,5
五一节假日,87,西向东-左转,8.220067643742954,2.897882299504237,5
五一节假日,87,西向东-直行,42.359864712514096,14.933441849864577,5
五一节假日,88,东向西-右转,47.246261216350945,13.337255089362573,5
五一节假日,88,东向西-左转,31.84845463609172,8.990573068595378,5
五一节假日,88,东向西-直行,52.90528414755734,14.93475360981547,5
五一节假日,88,北向南-右转,22.302846759539673,3.7708118057959017,5
五一节假日,88,北向南-左转,35.07692307692308,5.930564697660424,5
五一节假日,88,北向南-直行,56.62023016353726,9.572958763940056,5
五一节假日,88,南向北-右转,11.853756260434057,3.420134016099454,5
五一节假日,88,南向北-左转,1.0363939899833057,0.29902811069722,5
五一节假日,88,南向北-直行,64.70984974958263,18.670567661657675,5
五一节假日,88,西向东-右转,15.419270346117866,5.259852013686763,5
五一节假日,88,西向东-左转,14.814593077642659,5.053583307267674,5
五一节假日,88,西向东-直行,50.56613657623949,17.249220574296295,5
五一节假日,89,东向西-右转,42.59424756034925,9.700189138344793,5
五一节假日,89,东向西-左转,27.656908063687723,6.298438276658795,5
五一节假日,89,东向西-直行,56.74884437596303,12.923682312955549,5
五一节假日,89,北向南-右转,17.984615384615388,3.415919724000443,5
五一节假日,89,北向南-左转,34.9970893970894,6.647195138595456,5
五一节假日,89,北向南-直行,47.21829521829522,8.968437885406564,5
五一节假日,89,南向北-右转,11.69661751951431,4.461973419677433,5
五一节假日,89,南向北-左转,2.630008673026887,1.0032839641878255,5
五一节假日,89,南向北-直行,65.4733738074588,24.976490266360084,5
五一节假日,89,西向东-右转,10.539544962080175,4.287336012105794,5
五一节假日,89,西向东-左转,12.581581798483207,5.118007364451293,5
五一节假日,89,西向东-直行,37.67887323943661,15.32722624327821,5
五一节假日,90,东向西-右转,34.02439024390244,8.41530131678188,5
五一节假日,90,东向西-左转,12.91248206599713,3.1936627388166516,5
五一节假日,90,东向西-直行,43.06312769010043,10.650865233953533,5
五一节假日,90,北向南-右转,23.1587012987013,3.260962077636408,5
五一节假日,90,北向南-左转,39.639740259740265,5.5816467463837895,5
五一节假日,90,北向南-直行,46.60155844155844,6.561935959906393,5
五一节假日,90,南向北-右转,15.16355489171023,2.5556380997359343,5
五一节假日,90,南向北-左转,1.7058999253174012,0.2875092862202925,5
五一节假日,90,南向北-直行,67.73054518297236,11.41518351215383,5
五一节假日,90,西向东-右转,13.538566552901026,3.1812090610599526,5
五一节假日,90,西向东-左转,11.954266211604097,2.8089399156167683,5
五一节假日,90,西向东-直行,58.907167235494875,13.841643680569376,5
五一节假日,91,东向西-右转,43.451070840197694,11.788908358267216,5
五一节假日,91,东向西-左转,22.552883031301484,6.118925635884816,5
五一节假日,91,东向西-直行,45.596046128500824,12.370871394288871,5
五一节假日,91,北向南-右转,20.45269121813031,2.0215252591446564,5
五一节假日,91,北向南-左转,44.02198300283286,4.351092462539927,5
五一节假日,91,北向南-直行,50.12532577903683,4.95434127003071,5
五一节假日,91,南向北-右转,16.272436363636363,4.244105624907551,5
五一节假日,91,南向北-左转,2.0721454545454545,0.540447907291598,5
五一节假日,91,南向北-直行,65.45541818181817,17.071795659740477,5
五一节假日,91,西向东-右转,13.908365910867863,2.1081721677197898,5
五一节假日,91,西向东-左转,14.726505082095386,2.232182295232718,5
五一节假日,91,西向东-直行,58.56512900703675,8.877058294467153,5
五一节假日,92,东向西-右转,40.050801186943616,9.725859711973165,5
五一节假日,92,东向西-左转,21.256735905044508,5.161944960399996,5
五一节假日,92,东向西-直行,47.89246290801187,11.630113797974388,5
五一节假日,92,北向南-右转,19.43098220171391,3.029145359083351,5
五一节假日,92,北向南-左转,40.340408701384305,6.2887691694013075,5
五一节假日,92,北向南-直行,47.02860909690178,7.3314097821292705,5
五一节假日,92,南向北-右转,20.72916373858046,4.908179879702002,5
五一节假日,92,南向北-左转,2.296697118763176,0.5438040207624378,5
五一节假日,92,南向北-直行,60.77413914265636,14.389891010944512,5
五一节假日,92,西向东-右转,12.354545454545454,3.1988828111810266,5
五一节假日,92,西向东-左转,14.220596590909091,3.6820474024531618,5
五一节假日,92,西向东-直行,64.02485795454545,16.577543735026662,5
五一节假日,93,东向西-右转,38.71019567456231,8.434811990270784,5
五一节假日,93,东向西-左转,33.79773429454171,7.364404377292257,5
五一节假日,93,东向西-直行,54.69207003089598,11.917204757827585,5
五一节假日,93,北向南-右转,14.474131274131272,1.101957828949047,5
五一节假日,93,北向南-左转,40.97870932156646,3.1198286585830184,5
五一节假日,93,北向南-直行,58.14715940430226,4.426912836643794,5
五一节假日,93,南向北-右转,17.853302961275624,3.119102214739525,5
五一节假日,93,南向北-左转,1.2962794229309036,0.2264694677368632,5
五一节假日,93,南向北-直行,58.45041761579347,10.21171418158947,5
五一节假日,93,西向东-右转,9.871954674220964,1.8054800257577006,5
五一节假日,93,西向东-左转,12.888385269121812,2.357154478072554,5
五一节假日,93,西向东-直行,49.83966005665722,9.1151665189295,5
五一节假日,94,东向西-右转,43.923033707865166,3.2910079512874875,5
五一节假日,94,东向西-左转,26.741573033707862,2.0036578090030344,5
五一节假日,94,东向西-直行,48.33539325842697,3.621611489772982,5
五一节假日,94,北向南-右转,14.163519061583576,2.4209997926922795,5
五一节假日,94,北向南-左转,44.65442815249267,7.632874346404829,5
五一节假日,94,北向南-直行,52.98205278592375,9.0563325578489,5
五一节假日,94,南向北-右转,10.854881266490764,2.0733761512480564,5
五一节假日,94,南向北-左转,1.5324538258575198,0.2927119272350197,5
五一节假日,94,南向北-直行,60.21266490765172,11.501139474275986,5
五一节假日,94,西向东-右转,8.0,1.2607610055107503,5
五一节假日,94,西向东-左转,15.2,2.3954459104704253,5
五一节假日,94,西向东-直行,52.6,8.289503611233188,5
五一节假日,95,东向西-右转,43.77328476017,10.535433629976396,5
五一节假日,95,东向西-左转,26.835215543412268,6.458748386207076,5
五一节假日,95,东向西-直行,38.79149969641773,9.336408558279537,5
五一节假日,95,北向南-右转,16.125090909090908,2.3519839660754163,5
五一节假日,95,北向南-左转,37.26836363636364,5.435913149809159,5
五一节假日,95,北向南-直行,57.006545454545446,8.314897672598569,5
五一节假日,95,南向北-右转,13.421359223300971,2.9590283553247976,5
五一节假日,95,南向北-左转,2.6097087378640778,0.5753666246464886,5
五一节假日,95,南向北-直行,60.768932038834954,13.39782283105394,5
五一节假日,95,西向东-右转,7.246153846153847,1.9366062550199121,5
五一节假日,95,西向东-左转,11.540170940170942,3.084224776513194,5
五一节假日,95,西向东-直行,44.01367521367521,11.763089845306132,5
五一节假日,96,东向西-右转,40.86938775510204,7.231398748747737,5
五一节假日,96,东向西-左转,22.26938775510204,3.9403287299678036,5
五一节假日,96,东向西-直行,42.261224489795914,7.4776692943707195,5
五一节假日,96,北向南-右转,16.97423099245502,5.17710890754052,5
五一节假日,96,北向南-左转,42.13836331979106,12.852122501987745,5
五一节假日,96,北向南-直行,54.68740568775392,16.67955710289319,5
五一节假日,96,南向北-右转,11.492260536398469,2.4599210156503726,5
五一节假日,96,南向北-左转,2.7655172413793108,0.5919596026966135,5
五一节假日,96,南向北-直行,65.94222222222223,14.114947859854807,5
五一节假日,96,西向东-右转,8.588957055214724,1.4698341780013422,5
五一节假日,96,西向东-左转,15.102249488752557,2.5844584296523596,5
五一节假日,96,西向东-直行,46.30879345603272,7.924855943057236,5
五一节假日,97,东向西-右转,42.658358662613985,4.722618551966697,5
五一节假日,97,东向西-左转,21.706990881458964,2.4031360103405417,5
五一节假日,97,东向西-直行,48.63465045592706,5.384241440889566,5
五一节假日,97,北向南-右转,18.888009049773757,3.3086170991800037,5
五一节假日,97,北向南-左转,43.090271493212676,7.548133246603876,5
五一节假日,97,北向南-直行,51.22171945701358,8.97252094692883,5
五一节假日,97,南向北-右转,8.973529411764707,1.5587333492227722,5
五一节假日,97,南向北-左转,2.056433823529412,0.35720972586355193,5
五一节假日,97,南向北-直行,56.77003676470589,9.861153341263506,5
五一节假日,97,西向东-右转,12.297345132743363,1.4265311050983576,5
五一节假日,97,西向东-左转,12.570619469026548,1.4582317963227658,5
五一节假日,97,西向东-直行,52.3320353982301,6.070682369474122,5
五一节假日,98,东向西-右转,39.58750673128702,7.226618578017872,5
五一节假日,98,东向西-左转,25.925686591276254,4.732681187530163,5
五一节假日,98,东向西-直行,52.48680667743672,9.58135946298999,5
五一节假日,98,北向南-右转,22.48221859706362,6.621919216852656,5
五一节假日,98,北向南-左转,51.68809135399674,15.224225489212646,5
五一节假日,98,北向南-直行,54.62969004893964,16.090644825997106,5
五一节假日,98,南向北-右转,10.456007751937985,2.3885865881141792,5
五一节假日,98,南向北-左转,2.6300387596899224,0.600810123390683,5
五一节假日,98,南向北-直行,53.11395348837209,12.133433711402091,5
五一节假日,98,西向东-右转,12.415492957746478,1.4757470310802303,5
五一节假日,98,西向东-左转,13.859154929577466,1.6473455230663037,5
五一节假日,98,西向东-直行,55.725352112676056,6.623701790662432,5
五一节假日,99,东向西-右转,38.9278276481149,8.625297042857891,5
五一节假日,99,东向西-左转,22.34973070017953,4.95206328643576,5
五一节假日,99,东向西-直行,41.32244165170557,9.155875252118866,5
五一节假日,99,北向南-右转,22.25801282051282,5.622881568361651,5
五一节假日,99,北向南-左转,50.23557692307692,12.690652208469489,5
五一节假日,99,北向南-直行,56.506410256410255,14.274807696769518,5
五一节假日,99,南向北-右转,9.694514106583071,1.066109934845449,5
五一节假日,99,南向北-左转,2.7437304075235107,0.30172922684305165,5
五一节假日,99,南向北-直行,65.36175548589343,7.187860692794472,5
五一节假日,99,西向东-右转,9.420374220374221,3.1464329322141436,5
五一节假日,99,西向东-左转,15.602494802494803,5.211279543979676,5
五一节假日,99,西向东-直行,45.77713097713097,15.289697529978104,5
五一节假日,100,东向西-右转,38.95963197239793,5.759879391790683,5
五一节假日,100,东向西-左转,23.40149511213341,3.459729535663049,5
五一节假日,100,东向西-直行,49.43887291546866,7.309153881661776,5
五一节假日,100,北向南-右转,19.149852158486105,6.408392629557821,5
五一节假日,100,北向南-左转,42.89308101714962,14.353933491205526,5
五一节假日,100,北向南-直行,47.35706682436428,15.847781773095692,5
五一节假日,100,南向北-右转,6.12594752186589,2.2139360606379372,5
五一节假日,100,南向北-左转,1.2489795918367346,0.4513850220718123,5
五一节假日,100,南向北-直行,53.82507288629738,19.452544998809056,5
五一节假日,100,西向东-右转,7.878530612244897,2.4760230907019607,5
五一节假日,100,西向东-左转,15.757061224489798,4.952046181403924,5
五一节假日,100,西向东-直行,59.564408163265306,18.719588366772594,5
五一节假日,101,东向西-右转,37.710552763819095,11.257088202421667,5
五一节假日,101,东向西-左转,20.921608040201004,6.245370852028458,5
五一节假日,101,东向西-直行,44.167839195979894,13.184671798726747,5
五一节假日,101,北向南-右转,16.39890975166566,4.365125502957539,5
五一节假日,101,北向南-左转,47.437189582071476,12.627015403405071,5
五一节假日,101,北向南-直行,52.363900666262886,13.938426498714204,5
五一节假日,101,南向北-右转,6.463019693654267,1.6980374021386044,5
五一节假日,101,南向北-左转,1.9886214442013128,0.5224730468118782,5
五一节假日,101,南向北-直行,48.34835886214442,12.702625950613784,5
五一节假日,101,西向东-右转,6.972477064220183,1.9740765863623868,5
五一节假日,101,西向东-左转,16.455045871559633,4.658820743815232,5
五一节假日,101,西向东-直行,52.57247706422017,14.884537461172394,5
五一节假日,102,东向西-右转,34.06600985221675,6.005180288570514,5
五一节假日,102,东向西-左转,21.385503166783955,3.7698516097263592,5
五一节假日,102,东向西-直行,41.9484869809993,7.394708926770933,5
五一节假日,102,北向南-右转,16.77411915438821,4.274412148962311,5
五一节假日,102,北向南-左转,39.30134529147982,10.014841687857983,5
五一节假日,102,北向南-直行,52.12453555413197,13.282470809998587,5
五一节假日,102,南向北-右转,6.951724137931035,2.137552803027629,5
五一节假日,102,南向北-左转,2.574712643678161,0.7916862233435662,5
五一节假日,102,南向北-直行,46.47356321839081,14.289936331351369,5
五一节假日,102,西向东-右转,7.149643705463182,1.51721799740345,5
五一节假日,102,西向东-左转,14.513776722090261,3.079952534729004,5
五一节假日,102,西向东-直行,38.536579572446556,8.177805006004595,5
五一节假日,103,东向西-右转,29.90272479564033,6.446503551394911,5
五一节假日,103,东向西-左转,20.062125340599454,4.325042722379597,5
五一节假日,103,东向西-直行,43.23514986376021,9.320740803609194,5
五一节假日,103,北向南-右转,20.35213032581454,3.8447340626743425,5
五一节假日,103,北向南-左转,43.84586466165415,8.282950564553454,5
五一节假日,103,北向南-直行,44.80200501253133,8.463575654746206,5
五一节假日,103,南向北-右转,7.281462140992167,3.0414641421165136,5
五一节假日,103,南向北-左转,0.9101827676240208,0.38018301776456426,5
五一节假日,103,南向北-直行,41.60835509138381,17.37979509780865,5
五一节假日,103,西向东-右转,8.061470911086719,1.8612891268448064,5
五一节假日,103,西向东-左转,13.659714599341385,3.153851020487033,5
五一节假日,103,西向东-直行,46.2788144895719,10.685178320775744,5
五一节假日,104,东向西-右转,34.09819494584838,7.553674531729817,5
五一节假日,104,东向西-左转,16.84851985559567,3.732403886266498,5
五一节假日,104,东向西-直行,41.653285198555956,9.227331829936618,5
五一节假日,104,北向南-右转,16.30897510133179,3.0666467962948722,5
五一节假日,104,北向南-左转,54.23856398378691,10.198710675751295,5
五一节假日,104,北向南-直行,58.652460914881296,11.028674716950368,5
五一节假日,104,南向北-右转,9.13423180592992,0.7741209859614838,5
五一节假日,104,南向北-左转,2.5372866127583107,0.21503360721152323,5
五一节假日,104,南向北-直行,58.92848158131177,4.994155527487629,5
五一节假日,104,西向东-右转,5.94919168591224,3.012298182091732,5
五一节假日,104,西向东-左转,8.988452655889146,4.551189644682074,5
五一节假日,104,西向东-直行,41.06235565819862,20.79140593074185,5
五一节假日,105,东向西-右转,41.22428115015974,12.392349466787357,5
五一节假日,105,东向西-左转,16.359872204472843,4.917908764772304,5
五一节假日,105,东向西-直行,44.01584664536741,13.231516438554058,5
五一节假日,105,北向南-右转,11.168346883468834,1.0027640504014192,5
五一节假日,105,北向南-左转,51.7510027100271,4.646528768429836,5
五一节假日,105,北向南-直行,56.88065040650406,5.107100628788632,5
五一节假日,105,南向北-右转,9.61525129982669,2.0574661191296553,5
五一节假日,105,南向北-左转,1.4549393414211438,0.3113271101314611,5
五一节假日,105,南向北-直行,61.929809358752166,13.251706122552193,5
五一节假日,105,西向东-右转,5.9456345634563466,1.8649336740865536,5
五一节假日,105,西向东-左转,13.959315931593158,4.378539930464082,5
五一节假日,105,西向东-直行,51.8950495049505,16.27762761186416,5
五一节假日,106,东向西-右转,38.46394094264622,3.927740205281068,5
五一节假日,106,东向西-左转,21.941169789892108,2.2405196301429418,5
五一节假日,106,东向西-直行,57.394889267461664,5.860871471532448,5
五一节假日,106,北向南-右转,16.77746158224246,4.18579424893239,5
五一节假日,106,北向南-左转,39.08161639157655,9.750438368101324,5
五一节假日,106,北向南-直行,59.74092202618099,14.904710502080821,5
五一节假日,106,南向北-右转,10.078797996661104,3.209418144490523,5
五一节假日,106,南向北-左转,1.992320534223706,0.6344198657713823,5
五一节假日,106,南向北-直行,58.1288814691152,18.51013255427092,5
五一节假日,106,西向东-右转,7.704638218923934,2.614421582162906,5
五一节假日,106,西向东-左转,13.8152133580705,4.687928354223141,5
五一节假日,106,西向东-直行,50.08014842300556,16.99374028405889,5
五一节假日,107,东向西-右转,46.7903043968433,4.704368766386223,5
五一节假日,107,东向西-左转,18.279594137542276,1.837858351882665,5
五一节假日,107,东向西-直行,55.93010146561444,5.6232979423275555,5
五一节假日,107,北向南-右转,19.21205230244457,3.2994852385518345,5
五一节假日,107,北向南-左转,50.076179647527006,8.60010231853583,5
五一节假日,107,北向南-直行,52.711768050028425,9.052739282669293,5
五一节假日,107,南向北-右转,8.718991331757291,1.278795519813889,5
五一节假日,107,南向北-左转,2.63451536643026,0.3863986462747002,5
五一节假日,107,南向北-直行,68.24649330181245,10.009564932068429,5
五一节假日,107,西向东-右转,8.143851508120651,0.9500586403220042,5
五一节假日,107,西向东-左转,11.763341067285383,1.3723069249095612,5
五一节假日,107,西向东-直行,45.09280742459397,5.260509878819986,5
五一节假日,108,东向西-右转,47.87430025445293,8.856340486692607,5
五一节假日,108,东向西-左转,20.291094147582697,3.7536807360816327,5
五一节假日,108,东向西-直行,56.43460559796438,10.43992454722704,5
五一节假日,108,北向南-右转,13.878446820483962,1.3589375248918907,5
五一节假日,108,北向南-左转,46.48283624085538,4.551465394374756,5
五一节假日,108,北向南-直行,57.638716938660664,5.643817089024697,5
五一节假日,108,南向北-右转,7.2771503040834045,0.756852465524165,5
五一节假日,108,南向北-左转,1.6980017376194614,0.17659890862230515,5
五一节假日,108,南向北-直行,60.82484795829713,6.326025191006146,5
五一节假日,108,西向东-右转,8.113708999158955,1.528114345453802,5
五一节假日,108,西向东-左转,16.423717409587887,3.0931991992653574,5
五一节假日,108,西向东-直行,53.26257359125316,10.031331267737055,5
五一节假日,109,东向西-右转,38.92996742671009,4.414242665293644,5
五一节假日,109,东向西-左转,21.77546145494028,2.469104840424415,5
五一节假日,109,东向西-直行,55.89457111834962,6.3378475991126715,5
五一节假日,109,北向南-右转,20.61855670103093,2.206859902723242,5
五一节假日,109,北向南-左转,48.45360824742268,5.186120771399621,5
五一节假日,109,北向南-直行,55.92783505154639,5.986107486136793,5
五一节假日,109,南向北-右转,9.65982142857143,1.0958407495351847,5
五一节假日,109,南向北-左转,1.4333928571428571,0.16260862735038228,5
五一节假日,109,南向北-直行,58.706785714285715,6.659883781046094,5
五一节假日,109,西向东-右转,7.814523184601924,1.4171932152906361,5
五一节假日,109,西向东-左转,18.323709536307963,3.323073746198734,5
五一节假日,109,西向东-直行,50.86176727909012,9.223973082279572,5
五一节假日,110,东向西-右转,40.6524115755627,5.633450386810029,5
五一节假日,110,东向西-左转,16.80385852090032,2.3286122425605837,5
五一节假日,110,东向西-直行,63.14372990353697,8.750208311468038,5
五一节假日,110,北向南-右转,20.164022346368718,2.956547711493593,5
五一节假日,110,北向南-左转,42.44402234636872,6.223350429748861,5
五一节假日,110,北向南-直行,48.79195530726257,7.154115450033877,5
五一节假日,110,南向北-右转,9.772811918063315,1.820311048831991,5
五一节假日,110,南向北-左转,1.8934823091247672,0.35268526571119846,5
五一节假日,110,南向北-直行,53.933705772811926,10.04584160074155,5
五一节假日,110,西向东-右转,7.984659635666347,1.9887822453383148,5
五一节假日,110,西向东-左转,13.241227229146691,3.298063890186039,5
五一节假日,110,西向东-直行,48.174113135186964,11.998986213541164,5
五一节假日,111,东向西-右转,51.45723592368544,8.952605948783086,5
五一节假日,111,东向西-左转,22.669520707305725,3.944076713356251,5
五一节假日,111,东向西-直行,64.27324336900884,11.18235386343619,5
五一节假日,111,北向南-右转,19.875682087781733,4.68853300883259,5
五一节假日,111,北向南-左转,40.654804270462634,9.5901811544303,5
五一节假日,111,北向南-直行,48.26951364175564,11.386437307164861,5
五一节假日,111,南向北-右转,9.26829268292683,1.6901472587727153,5
五一节假日,111,南向北-左转,1.1585365853658538,0.2112684073465893,5
五一节假日,111,南向北-直行,54.57317073170732,9.951853925010393,5
五一节假日,111,西向东-右转,8.713328137178488,1.8320185353162257,5
五一节假日,111,西向东-左转,17.811067809820734,3.7448614177787567,5
五一节假日,111,西向东-直行,55.67560405300078,11.706059611689707,5
五一节假日,112,东向西-右转,36.17632527020072,3.241142573197112,5
五一节假日,112,东向西-左转,20.74359238291302,1.8584789884308124,5
五一节假日,112,东向西-直行,64.48008234688625,5.776958783315061,5
五一节假日,112,北向南-右转,23.703079252902576,4.681383774171723,5
五一节假日,112,北向南-左转,37.008985360928826,7.309314613458721,5
五一节假日,112,北向南-直行,61.8879353861686,12.222934136218598,5
五一节假日,112,南向北-右转,10.848270995059988,2.988553102567851,5
五一节假日,112,南向北-左转,3.971771347918137,1.094169715147793,5
五一节假日,112,南向北-直行,69.17995765702187,19.058150113096623,5
五一节假日,112,西向东-右转,9.158238172920065,1.6575621962692628,5
五一节假日,112,西向东-左转,11.709461663947797,2.1193116652299873,5
五一节假日,112,西向东-直行,59.33230016313214,10.738635085830154,5
五一节假日,113,东向西-右转,47.7712315270936,6.478828311331005,5
五一节假日,113,东向西-左转,16.963152709359605,2.300576110550958,5
五一节假日,113,东向西-直行,61.865615763546806,8.390336403185843,5
五一节假日,113,北向南-右转,18.111237877923564,3.38030246164196,5
五一节假日,113,北向南-左转,39.14569309754707,7.306197601303324,5
五一节假日,113,北向南-直行,54.14306902452938,10.1053252537507,5
五一节假日,113,南向北-右转,10.198882681564246,1.738402110476011,5
五一节假日,113,南向北-左转,1.7519553072625698,0.29862122143146214,5
五一节假日,113,南向北-直行,55.24916201117319,9.41723351871361,5
五一节假日,113,西向东-右转,6.76204379562044,1.2237722064751873,5
五一节假日,113,西向东-左转,16.48248175182482,2.9829447532832662,5
五一节假日,113,西向东-直行,53.955474452554746,9.764682397499932,5
五一节假日,114,东向西-右转,43.66303291958986,6.176493122584594,5
五一节假日,114,东向西-左转,19.543227199136535,2.7645493296554275,5
五一节假日,114,东向西-直行,51.39373988127361,7.270064851087532,5
五一节假日,114,北向南-右转,22.770403587443948,4.522513955537445,5
五一节假日,114,北向南-左转,38.7847533632287,7.7031831110802615,5
五一节假日,114,北向南-直行,50.044843049327355,9.939591111071303,5
五一节假日,114,南向北-右转,9.780789946140036,1.2229591470509564,5
五一节假日,114,南向北-左转,1.4328545780969482,0.17915962026861137,5
五一节假日,114,南向北-直行,58.186355475763015,7.27543849264708,5
五一节假日,114,西向东-右转,9.430303030303032,2.991754815801188,5
五一节假日,114,西向东-左转,19.43213957759412,6.164828105287298,5
五一节假日,114,西向东-直行,48.937557392102846,15.52539430927132,5
五一节假日,115,东向西-右转,40.18512676056338,11.684953327889051,5
五一节假日,115,东向西-左转,15.077408450704226,4.384179626998117,5
五一节假日,115,东向西-直行,58.137464788732395,16.905099409187656,5
五一节假日,115,北向南-右转,23.857690075449796,5.979600129365365,5
五一节假日,115,北向南-左转,32.15322112594312,8.058760282163565,5
五一节假日,115,北向南-直行,54.78908879860709,13.73212752080672,5
五一节假日,115,南向北-右转,8.848114169215087,1.311859675595837,5
五一节假日,115,南向北-左转,2.5912334352701327,0.38418747642449536,5
五一节假日,115,南向北-直行,50.56065239551478,7.496341003404784,5
五一节假日,115,西向东-右转,5.274947368421054,1.7689984019948655,5
五一节假日,115,西向东-左转,14.799157894736842,4.963023294485595,5
五一节假日,115,西向东-直行,49.525894736842105,16.608929440951794,5
五一节假日,116,东向西-右转,36.488943188759926,7.845566328560196,5
五一节假日,116,东向西-左转,22.989370800244348,4.942994170374924,5
五一节假日,116,东向西-直行,49.92168601099573,10.733769317645548,5
五一节假日,116,北向南-右转,27.314685314685317,8.44656567139805,5
五一节假日,116,北向南-左转,38.32867132867133,11.852438925994036,5
五一节假日,116,北向南-直行,51.35664335664336,15.881100432859006,5
五一节假日,116,南向北-右转,8.606642066420664,1.4155454820880395,5
五一节假日,116,南向北-左转,2.341512915129152,0.385111638509246,5
五一节假日,116,南向北-直行,57.65184501845018,9.48207304545738,5
五一节假日,116,西向东-右转,8.352,3.030465310806246,5
五一节假日,116,西向东-左转,19.224,6.975295155045412,5
五一节假日,116,西向东-直行,44.424,16.1189404893746,5
五一节假日,117,东向西-右转,45.77614678899083,11.736227281604926,5
五一节假日,117,东向西-左转,21.600815494393476,5.538082558123587,5
五一节假日,117,东向西-直行,55.8230377166157,14.312079634220547,5
五一节假日,117,北向南-右转,23.464688427299702,3.1578473569123373,5
五一节假日,117,北向南-左转,28.18278931750741,3.79280325977675,5
五一节假日,117,北向南-直行,54.35252225519288,7.3146920009980185,5
五一节假日,117,南向北-右转,10.09292576419214,2.265163923800152,5
五一节假日,117,南向北-左转,2.840524017467249,0.6375012240635161,5
五一节假日,117,南向北-直行,56.26655021834061,12.627949778790073,5
五一节假日,117,西向东-右转,9.066897147796023,1.6492222116834903,5
五一节假日,117,西向东-左转,17.695073465859984,3.2186433486081016,5
五一节假日,117,西向东-直行,57.83802938634399,10.520441689045487,5
五一节假日,118,东向西-右转,43.03244147157191,6.496067043762538,5
五一节假日,118,东向西-左转,15.89654403567447,2.399701534203766,5
五一节假日,118,东向西-直行,52.471014492753625,7.920889829696021,5
五一节假日,118,北向南-右转,27.102618384401115,5.775363817822929,5
五一节假日,118,北向南-左转,35.94596100278552,7.659813514248726,5
五一节假日,118,北向南-直行,51.15142061281337,10.899982416736238,5
五一节假日,118,南向北-右转,5.04485596707819,1.3047526125044107,5
五一节假日,118,南向北-左转,2.3993827160493826,0.6205530718008782,5
五一节假日,118,南向北-直行,52.35576131687243,13.54078625903968,5
五一节假日,118,西向东-右转,9.361832061068702,3.0720311593994976,5
五一节假日,118,西向东-左转,16.182595419847328,5.310225289819133,5
五一节假日,118,西向东-直行,62.05557251908397,20.36317797087667,5
五一节假日,119,东向西-右转,40.03815028901734,8.362796146258448,5
五一节假日,119,东向西-左转,20.728533893851814,4.3295832128549145,5
五一节假日,119,东向西-直行,56.63331581713085,11.829039849407176,5
五一节假日,119,北向南-右转,19.45544889892716,3.9184212900738142,5
五一节假日,119,北向南-左转,34.905364201016376,7.0301087851324295,5
五一节假日,119,北向南-直行,58.239186900056474,11.729653273554296,5
五一节假日,119,南向北-右转,6.858488714425907,2.34398089013924,5
五一节假日,119,南向北-左转,2.510696761530913,0.8580644329974004,5
五一节假日,119,南向北-直行,53.03081452404318,18.123995096969484,5
五一节假日,119,西向东-右转,7.832967032967032,1.6408825419485515,5
五一节假日,119,西向东-左转,17.696703296703298,3.707179076254135,5
五一节假日,119,西向东-直行,47.07032967032967,9.860488608561205,5
五一节假日,120,东向西-右转,39.472809496890896,4.064800894071498,5
五一节假日,120,东向西-左转,20.423742227247033,2.103180562106643,5
五一节假日,120,东向西-直行,55.90344827586207,5.756782692432928,5
五一节假日,120,北向南-右转,19.314958775029446,3.491680418122091,5
五一节假日,120,北向南-左转,29.885983510011783,5.402667673986208,5
五一节假日,120,北向南-直行,61.59905771495878,11.135629441578558,5
五一节假日,120,南向北-右转,12.222180801491145,3.2104358274213984,5
五一节假日,120,南向北-左转,2.39403541472507,0.6288482548557375,5
五一节假日,120,南向北-直行,52.98378378378378,13.917404798254614,5
五一节假日,120,西向东-右转,7.28051391862955,1.56624612830062,5
五一节假日,120,西向东-左转,16.890792291220556,3.633691017657439,5
五一节假日,120,西向东-直行,43.82869379014989,9.428801692369735,5
五一节假日,121,东向西-右转,41.75344563552833,8.624527923003383,5
五一节假日,121,东向西-左转,17.831546707503833,3.6832570377939247,5
五一节假日,121,东向西-直行,63.41500765696784,13.098907071027687,5
五一节假日,121,北向南-右转,26.249868212967847,6.301843890478499,5
五一节假日,121,北向南-左转,38.00632577754349,9.12423368976863,5
五一节假日,121,北向南-直行,53.743806009488665,12.902353368183462,5
五一节假日,121,南向北-右转,8.162025316455697,2.4214921885406935,5
五一节假日,121,南向北-左转,2.3037974683544307,0.6834856983784213,5
五一节假日,121,南向北-直行,41.53417721518987,12.322270733622398,5
五一节假日,121,西向东-右转,6.38,1.3021829961858495,5
五一节假日,121,西向东-左转,13.8475,2.826329003085195,5
五一节假日,121,西向东-直行,49.3725,10.077120686392764,5
五一节假日,122,东向西-右转,37.6379400945875,6.836527633504587,5
五一节假日,122,东向西-左转,21.197687861271675,3.850332363189783,5
五一节假日,122,东向西-直行,55.76437204414083,10.128999341800396,5
五一节假日,122,北向南-右转,22.512585034013604,4.877518346838828,5
五一节假日,122,北向南-左转,33.055668934240366,7.161755589160044,5
五一节假日,122,北向南-直行,53.83174603174602,11.663046625498898,5
五一节假日,122,南向北-右转,10.247689463955638,2.154884351858181,5
五一节假日,122,南向北-左转,2.5036968576709797,0.5264774268744421,5
五一节假日,122,南向北-直行,50.24861367837339,10.566279520759144,5
五一节假日,122,西向东-右转,6.501420765027322,1.4830899884640079,5
五一节假日,122,西向东-左转,12.928961748633878,2.9493266816045605,5
五一节假日,122,西向东-直行,48.169617486338794,10.988348550892418,5
五一节假日,123,东向西-右转,43.91348314606741,9.632681975973576,5
五一节假日,123,东向西-左转,26.372284644194757,5.784916448380825,5
五一节假日,123,东向西-直行,58.914232209737825,12.923184909914962,5
五一节假日,123,北向南-右转,22.386353211009173,5.909142579183181,5
五一节假日,123,北向南-左转,26.825573394495414,7.080927226613273,5
五一节假日,123,北向南-直行,61.388073394495414,16.20410769589042,5
五一节假日,123,南向北-右转,9.71140456182473,1.4959162430706348,5
五一节假日,123,南向北-左转,3.3805522208883554,0.5207303377777522,5
五一节假日,123,南向北-直行,38.10804321728692,5.870051080403752,5
五一节假日,123,西向东-右转,8.029913710450623,2.0990396309526744,5
五一节假日,123,西向东-左转,13.290891658676895,3.4742724926113255,5
五一节假日,123,西向东-直行,50.87919463087248,13.299949385777726,5
五一节假日,124,东向西-右转,36.15934627170582,10.04602044547507,5
五一节假日,124,东向西-左转,22.308478038815117,6.197883800259199,5
五一节假日,124,东向西-直行,61.53217568947906,17.095261910605036,5
五一节假日,124,北向南-右转,23.700469483568074,4.044114396115715,5
五一节假日,124,北向南-左转,30.253312467396977,5.162254552147708,5
五一节假日,124,北向南-直行,63.446218049034954,10.826104688309773,5
五一节假日,124,南向北-右转,6.5656387665198235,0.9151636469870065,5
五一节假日,124,南向北-左转,3.1612334801762114,0.4406343485492998,5
五一节假日,124,南向北-直行,45.47312775330396,6.338355629132235,5
五一节假日,124,西向东-右转,6.731141199226305,1.4898012363565372,5
五一节假日,124,西向东-左转,13.19303675048356,2.9200104232588124,5
五一节假日,124,西向东-直行,49.67582205029014,10.994733124311244,5
五一节假日,125,东向西-右转,35.75987748851455,8.103920792990678,5
五一节假日,125,东向西-左转,21.243491577335373,4.814210372073669,5
五一节假日,125,东向西-直行,58.59663093415007,13.279196942969877,5
五一节假日,125,北向南-右转,20.08421672555948,3.831712918175664,5
五一节假日,125,北向南-左转,28.71743227326266,5.478777575540726,5
五一节假日,125,北向南-直行,52.998351001177866,10.111146924379957,5
五一节假日,125,南向北-右转,7.632406287787182,1.442295368101283,5
五一节假日,125,南向北-左转,0.9540507859733978,0.18028692101266036,5
五一节假日,125,南向北-直行,44.013542926239424,8.317236622717399,5
五一节假日,125,西向东-右转,5.375424575424576,1.2140732179194482,5
五一节假日,125,西向东-左转,17.753046953046955,4.009636548655019,5
五一节假日,125,西向东-直行,47.671528471528475,10.766912485232998,5
五一节假日,126,东向西-右转,33.70224308815858,9.45243016481945,5
五一节假日,126,东向西-左转,17.402190923317683,4.880772890612454,5
五一节假日,126,东向西-直行,60.09556598852373,16.854935715581668,5
五一节假日,126,北向南-右转,23.585454545454546,5.863530125887482,5
五一节假日,126,北向南-左转,25.09090909090909,6.237798006263284,5
五一节假日,126,北向南-直行,61.723636363636366,15.344983095407667,5
五一节假日,126,南向北-右转,5.82562747688243,1.1372532247515255,5
五一节假日,126,南向北-左转,2.1360634081902248,0.41699284907555906,5
五一节假日,126,南向北-直行,41.038309114927344,8.011317161027415,5
五一节假日,126,西向东-右转,3.301453104359313,0.817259789853002,5
五一节假日,126,西向东-左转,11.104887714663144,2.748964747687371,5
五一节假日,126,西向东-直行,42.39365918097754,10.494358665157868,5
五一节假日,127,东向西-右转,37.246925725528776,13.159046775076623,5
五一节假日,127,东向西-左转,20.09601574028529,7.09976477166925,5
五一节假日,127,东向西-直行,60.05705853418592,21.217687823379368,5
五一节假日,127,北向南-右转,22.143835616438356,5.903158494572827,5
五一节假日,127,北向南-左转,29.88812785388128,7.967651082838731,5
五一节假日,127,北向南-直行,53.96803652968036,14.386932724478031,5
五一节假日,127,南向北-右转,5.781956797966964,1.4854809139757108,5
五一节假日,127,南向北-左转,3.673951715374841,0.9438993307553998,5
五一节假日,127,南向北-直行,37.944091486658195,9.748468497965606,5
五一节假日,127,西向东-右转,6.306855277475518,1.167459356530506,5
五一节假日,127,西向东-左转,11.996735582154516,2.2207107325308533,5
五一节假日,127,西向东-直行,44.69640914036997,8.273733700629247,5
五一节假日,128,东向西-右转,35.69386437029063,13.512179179035417,5
五一节假日,128,东向西-左转,14.892142088266954,5.637531710458486,5
五一节假日,128,东向西-直行,59.21399354144241,22.41589989634683,5
五一节假日,128,北向南-右转,21.627582017010933,6.757340659871043,5
五一节假日,128,北向南-左转,24.9277035236938,7.788433512603407,5
五一节假日,128,北向南-直行,50.44471445929526,15.760990748909027,5
五一节假日,128,南向北-右转,8.269346733668343,2.059485069267705,5
五一节假日,128,南向北-左转,1.9457286432160807,0.4845847221806364,5
五一节假日,128,南向北-直行,38.18492462311558,9.509975172794995,5
五一节假日,128,西向东-右转,4.399002493765586,1.0781895800680636,5
五一节假日,128,西向东-左转,16.27630922693267,3.9893014462518357,5
五一节假日,128,西向东-直行,38.12468827930174,9.34430969392322,5
五一节假日,129,东向西-右转,36.962027935851005,14.920624380196532,5
五一节假日,129,东向西-左转,21.513502327987588,8.684450103643805,5
五一节假日,129,东向西-直行,52.1244697361614,21.04131394792421,5
五一节假日,129,北向南-右转,17.96576949620428,5.242488358185411,5
五一节假日,129,北向南-左转,21.594616977225673,6.301401569606966,5
五一节假日,129,北向南-直行,46.639613526570045,13.609638651713114,5
五一节假日,129,南向北-右转,5.607339449541285,1.255882547447042,5
五一节假日,129,南向北-左转,1.9859327217125382,0.444791735554161,5
五一节假日,129,南向北-直行,30.60672782874618,6.855025571481773,5
五一节假日,129,西向东-右转,6.542669584245077,1.774993417126761,5
五一节假日,129,西向东-左转,12.496498905908096,3.390237426712113,5
五一节假日,129,西向东-直行,40.760831509846824,11.058208988699723,5
五一节假日,130,东向西-右转,34.11779935275081,13.162699684691546,5
五一节假日,130,东向西-左转,19.36569579288026,7.4713153469033795,5
五一节假日,130,东向西-直行,52.11650485436893,20.106628065931158,5
五一节假日,130,北向南-右转,18.027507163323783,5.0798252279256335,5
五一节假日,130,北向南-左转,17.29169054441261,4.872485422704183,5
五一节假日,130,北向南-直行,50.280802292263616,14.16822002346606,5
五一节假日,130,南向北-右转,4.626451612903226,1.4362532371006884,5
五一节假日,130,南向北-左转,1.5638709677419356,0.48549405197769735,5
五一节假日,130,南向北-直行,34.20967741935484,10.620182387012134,5
五一节假日,130,西向东-右转,5.6720130932896895,1.2078923435149942,5
五一节假日,130,西向东-左转,10.672340425531914,2.2727448042453156,5
五一节假日,130,西向东-直行,29.255646481178395,6.23018156128786,5
五一节假日,131,东向西-右转,26.939226519337012,9.738114086859026,5
五一节假日,131,东向西-左转,16.717004297114794,6.042938720566612,5
五一节假日,131,东向西-直行,48.34376918354819,17.475525489206134,5
五一节假日,131,北向南-右转,14.379724837074582,5.004244368626111,5
五一节假日,131,北向南-左转,25.53743664011586,8.887205766688698,5
五一节假日,131,北向南-直行,42.48283852280956,14.784323611874646,5
五一节假日,131,南向北-右转,4.701168614357262,1.4854157156219598,5
五一节假日,131,南向北-左转,0.8814691151919867,0.27851544667911754,5
五一节假日,131,南向北-直行,29.61736227045075,9.358119008418344,5
五一节假日,131,西向东-右转,2.143828264758498,0.811077898305282,5
五一节假日,131,西向东-左转,10.106618962432915,3.8236529491534705,5
五一节假日,131,西向东-直行,30.54955277280859,11.557860050850264,5
五一节假日,132,东向西-右转,31.5,16.300501861806143,5
五一节假日,132,东向西-左转,14.225806451612902,7.361516969847935,5
五一节假日,132,东向西-直行,45.274193548387096,23.428319880230337,5
五一节假日,132,北向南-右转,14.245812807881777,3.7810558054929646,5
五一节假日,132,北向南-左转,15.437931034482759,4.097462149048858,5
五一节假日,132,北向南-直行,42.91625615763547,11.390628368012274,5
五一节假日,132,南向北-右转,6.344540727902946,1.5887956260575784,5
五一节假日,132,南向北-左转,0.9150779896013864,0.22915321529676616,5
五一节假日,132,南向北-直行,27.940381282495668,6.996811507061257,5
五一节假日,132,西向东-右转,5.7324232081911255,2.0596267199508587,5
五一节假日,132,西向东-左转,7.467235494880546,2.6829348062517777,5
五一节假日,132,西向东-直行,31.000341296928326,11.138244498681617,5
五一节假日,133,东向西-右转,27.56292388847023,14.124156292705887,5
五一节假日,133,东向西-左转,12.403315749811606,6.355870331717651,5
五一节假日,133,东向西-直行,36.23376036171816,18.567380459786282,5
五一节假日,133,北向南-右转,12.088413547237076,4.863737150570825,5
五一节假日,133,北向南-左转,17.145811051693403,6.898565958462701,5
五一节假日,133,北向南-直行,39.965775401069514,16.08011057943824,5
五一节假日,133,南向北-右转,4.9895145631067965,1.1677069992759224,5
五一节假日,133,南向北-左转,1.530873786407767,0.35827373841420346,5
五一节假日,133,南向北-直行,22.679611650485434,5.307759087617829,5
五一节假日,133,西向东-右转,3.4622950819672136,1.289387772446474,5
五一节假日,133,西向东-左转,11.252459016393441,4.190510260451041,5
五一节假日,133,西向东-直行,29.28524590163935,10.906071575276426,5
五一节假日,134,东向西-右转,25.761177406523473,9.197928760627677,5
五一节假日,134,东向西-左转,10.053142402545742,3.589435613903483,5
五一节假日,134,东向西-直行,35.985680190930786,12.848547936131787,5
五一节假日,134,北向南-右转,11.433333333333334,2.667041843086995,5
五一节假日,134,北向南-左转,17.03333333333333,3.9733480519459317,5
五一节假日,134,北向南-直行,31.733333333333338,7.402401850200639,5
五一节假日,134,南向北-右转,2.6835164835164833,1.0447481090094548,5
五一节假日,134,南向北-左转,0.18296703296703293,0.071232825614281,5
五一节假日,134,南向北-直行,19.333516483516483,7.526935239909026,5
五一节假日,134,西向东-右转,2.4452830188679244,0.9338078774626994,5
五一节假日,134,西向东-左转,9.50943396226415,3.631475079021609,5
五一节假日,134,西向东-直行,24.045283018867924,9.182444128383208,5
五一节假日,135,东向西-右转,26.290360435875936,9.648937634371016,5
五一节假日,135,东向西-左转,11.394467728415759,4.181932338147258,5
五一节假日,135,东向西-直行,33.115171835708296,12.15374085774047,5
五一节假日,135,北向南-右转,10.299705014749263,3.155698111994638,5
五一节假日,135,北向南-左转,21.724090462143558,6.655983948862252,5
五一节假日,135,北向南-直行,28.17620452310718,8.63282931787039,5
五一节假日,135,南向北-右转,3.383259911894273,0.7568892192040362,5
五一节假日,135,南向北-左转,1.3533039647577092,0.3027556876816146,5
五一节假日,135,南向北-直行,20.863436123348016,4.66748351842489,5
五一节假日,135,西向东-右转,2.956822107081175,1.1879744214826542,5
五一节假日,135,西向东-左转,9.166148531951642,3.6827207065962293,5
五一节假日,135,西向东-直行,30.677029360967186,12.325234622882538,5
五一节假日,136,东向西-右转,26.400657354149548,10.769777352666676,5
五一节假日,136,东向西-左转,10.401972062448644,4.243338400194152,5
五一节假日,136,东向西-直行,31.997370583401807,13.052877904945051,5
五一节假日,136,北向南-右转,11.214530776992936,2.4965678964849856,5
五一节假日,136,北向南-左转,13.347729566094852,2.971458528968544,5
五一节假日,136,北向南-直行,35.83773965691221,7.97816262572376,5
五一节假日,136,南向北-右转,1.6597285067873302,0.6497460259526269,5
五一节假日,136,南向北-左转,1.4226244343891403,0.5569251651022517,5
五一节假日,136,南向北-直行,23.11764705882353,9.050033932911589,5
五一节假日,136,西向东-右转,5.071315372424722,0.9009616737592333,5
五一节假日,136,西向东-左转,8.114104595879557,1.4415386780147719,5
五一节假日,136,西向东-直行,26.81458003169572,4.763834850001943,5
五一节假日,137,东向西-右转,24.841309431021042,7.487122428821007,5
五一节假日,137,东向西-左转,9.732813717848792,2.9334511566223544,5
五一节假日,137,东向西-直行,38.025876851130164,11.460925449129201,5
五一节假日,137,北向南-右转,12.578935447338619,4.814895315374945,5
五一节假日,137,北向南-左转,13.727972819932049,5.25471748360631,5
五一节假日,137,北向南-直行,27.093091732729327,10.37054375619219,5
五一节假日,137,南向北-右转,1.2271386430678466,0.5445654635617383,5
五一节假日,137,南向北-左转,0.49085545722713864,0.21782618542469528,5
五一节假日,137,南向北-直行,19.082005899705013,8.467992958385027,5
五一节假日,137,西向东-右转,3.623529411764706,1.078652383770349,5
五一节假日,137,西向东-左转,7.76470588235294,2.311397965222176,5
五一节假日,137,西向东-直行,21.61176470588235,6.433391003201724,5
五一节假日,138,东向西-右转,16.357917109458025,5.676050445014311,5
五一节假日,138,东向西-左转,9.215727948990436,3.1977748985996133,5
五一节假日,138,东向西-直行,28.62635494155154,9.933088278775045,5
五一节假日,138,北向南-右转,9.767123287671232,1.202353067432927,5
五一节假日,138,北向南-左转,14.87123287671233,1.8306795091236827,5
五一节假日,138,北向南-直行,25.96164383561644,3.1959320244023637,5
五一节假日,138,南向北-右转,3.2285714285714286,0.5209880722517276,5
五一节假日,138,南向北-左转,0.9934065934065934,0.16030402223130083,5
五一节假日,138,南向北-直行,18.37802197802198,2.965624411279067,5
五一节假日,138,西向东-右转,3.7265082266910428,0.7949857732107952,5
五一节假日,138,西向东-左转,7.186837294332724,1.5331868483351043,5
五一节假日,138,西向东-直行,25.486654478976234,5.4371348417809715,5
五一节假日,139,东向西-右转,23.600184672206836,7.238016828523922,5
五一节假日,139,东向西-左转,9.462603878116344,2.9021165326778493,5
五一节假日,139,东向西-直行,27.937211449676823,8.568153572667935,5
五一节假日,139,北向南-右转,9.633953488372093,2.157772121892445,5
五一节假日,139,北向南-左转,14.888837209302327,3.334738733833779,5
五一节假日,139,北向南-直行,29.27720930232558,6.557385409387429,5
五一节假日,139,南向北-右转,2.3655913978494625,0.4164498221728405,5
五一节假日,139,南向北-左转,0.4731182795698925,0.08328996443456814,5
五一节假日,139,南向北-直行,19.161290322580644,3.3732435596000085,5
五一节假日,139,西向东-右转,3.336170212765958,0.5049326629511941,5
五一节假日,139,西向东-左转,8.188781431334622,1.239380172698385,5
五一节假日,139,西向东-直行,27.675048355899417,4.188645954026952,5
五一节假日,140,东向西-右转,16.22912205567452,6.360768019553022,5
五一节假日,140,东向西-左转,8.3982869379015,3.2915862478805855,5
五一节假日,140,东向西-直行,28.37259100642399,11.120223810407381,5
五一节假日,140,北向南-右转,10.341644562334219,2.976921641116051,5
五一节假日,140,北向南-左转,11.551193633952256,3.325099610837229,5
五一节假日,140,北向南-直行,23.707161803713525,6.824288206535042,5
五一节假日,140,南向北-右转,3.1339449541284408,0.9377026476264797,5
五一节假日,140,南向北-左转,1.7908256880733944,0.5358300843579884,5
五一节假日,140,南向北-直行,19.475229357798163,5.827152167393124,5
五一节假日,140,西向东-右转,3.608352668213457,0.5139889340531671,5
五一节假日,140,西向东-左转,8.344315545243619,1.1885994099979489,5
五一节假日,140,西向东-直行,20.447331786542925,2.912603959634616,5
五一节假日,141,东向西-右转,14.974940334128878,4.4663064681264215,5
五一节假日,141,东向西-左转,8.0763723150358,2.4087944996636876,5
五一节假日,141,东向西-直行,23.94868735083532,7.142744801086075,5
五一节假日,141,北向南-右转,7.096087636932706,0.42814996663011384,5
五一节假日,141,北向南-左转,11.067292644757435,0.667756828689168,5
五一节假日,141,北向南-直行,23.436619718309863,1.4140732842829444,5
五一节假日,141,南向北-右转,3.0559485530546624,0.9846413113457956,5
五一节假日,141,南向北-左转,0.5093247588424438,0.16410688522429923,5
五一节假日,141,南向北-直行,16.234726688102892,5.230906966524538,5
五一节假日,141,西向东-右转,2.41108545034642,0.6520068557608457,5
五一节假日,141,西向东-左转,7.702078521939953,2.082799678124923,5
五一节假日,141,西向东-直行,18.886836027713628,5.10738703679329,5
五一节假日,142,东向西-右转,13.296803652968034,5.039242594939438,5
五一节假日,142,东向西-左转,5.540334855403348,2.0996844145581,5
五一节假日,142,东向西-直行,17.562861491628613,6.655999594149178,5
五一节假日,142,北向南-右转,8.090881913303438,1.1713369205146553,5
五一节假日,142,北向南-左转,9.102242152466367,1.3177540355789854,5
五一节假日,142,北向南-直行,22.606875934230196,3.2728531602615347,5
五一节假日,142,南向北-右转,1.2933985330073352,0.4392071944886383,5
五一节假日,142,南向北-左转,1.4621026894865528,0.49649508942193915,5
五一节假日,142,南向北-直行,20.244498777506113,6.874547391996077,5
五一节假日,142,西向东-右转,2.556213017751479,0.8573145692911164,5
五一节假日,142,西向东-左转,6.710059171597632,2.2504507443891804,5
五一节假日,142,西向东-直行,17.73372781065089,5.947619824457121,5
五一节假日,143,东向西-右转,10.8,2.4879300469199985,5
五一节假日,143,东向西-左转,4.275,0.9848056435724993,5
五一节假日,143,东向西-直行,10.125,2.3324344189875,5
五一节假日,143,北向南-右转,7.681054365733114,2.4240095219765716,5
五一节假日,143,北向南-左转,10.096869851729819,3.186399613565978,5
五一节假日,143,北向南-直行,19.822075782537063,6.25550844381051,5
五一节假日,143,南向北-右转,2.020708446866485,0.4196256059419443,5
五一节假日,143,南向北-左转,0.8980926430517711,0.18650026930753072,5
五一节假日,143,南向北-直行,17.681198910081743,3.671724051992013,5
五一节假日,143,西向东-右转,2.5481481481481483,0.5983261720833957,5
五一节假日,143,西向东-左转,5.4148148148148145,1.2714431156772161,5
五一节假日,143,西向东-直行,17.837037037037035,4.1882832045837715,5
周末及普通休息日,0,东向西-右转,8.367857142857142,0.8132377789620905,8
周末及普通休息日,0,东向西-左转,3.7714285714285714,0.36652970319418204,8
周末及普通休息日,0,东向西-直行,15.360714285714288,1.4928449369679708,8
周末及普通休息日,0,北向南-右转,4.537175989085949,0.5729309908714479,8
周末及普通休息日,0,北向南-左转,9.54519099590723,1.2053170845691785,8
周末及普通休息日,0,北向南-直行,17.29263301500682,2.1836237765289153,8
周末及普通休息日,0,南向北-右转,1.0042892156862746,0.20367695513767625,8
周末及普通休息日,0,南向北-左转,1.7803308823529411,0.361063693198608,8
周末及普通休息日,0,南向北-直行,15.840379901960784,3.212541065126075,8
周末及普通休息日,0,西向东-右转,2.767772511848341,1.1947640763290033,3
周末及普通休息日,0,西向东-左转,5.996840442338073,2.58865549871284,3
周末及普通休息日,0,西向东-直行,15.568720379146919,6.720547929350646,3
周末及普通休息日,1,东向西-右转,9.990482233502538,3.0033514707464937,8
周末及普通休息日,1,东向西-左转,3.5786802030456855,1.0758273925062067,8
周末及普通休息日,1,东向西-直行,15.805837563451776,4.751570983569078,8
周末及普通休息日,1,北向南-右转,8.346100278551532,1.8842733926327013,8
周末及普通休息日,1,北向南-左转,6.791434540389972,1.5332812900834725,8
周末及普通休息日,1,北向南-直行,14.237465181058496,3.2143487286087264,8
周末及普通休息日,1,南向北-右转,1.4448398576512456,0.44242762328598023,8
周末及普通休息日,1,南向北-左转,3.0444839857651242,0.9322582062097436,8
周末及普通休息日,1,南向北-直行,10.01067615658363,3.065391389910005,8
周末及普通休息日,1,西向东-右转,2.1043083900226756,0.33252249940722683,3
周末及普通休息日,1,西向东-左转,3.0249433106575965,0.47800109289788834,3
周末及普通休息日,1,西向东-直行,14.204081632653063,2.244526870998779,3
周末及普通休息日,2,东向西-右转,8.04475703324808,2.005107167074787,8
周末及普通休息日,2,东向西-左转,3.7244245524296677,0.9282903551272164,8
周末及普通休息日,2,东向西-直行,17.355818414322254,4.325833054892829,8
周末及普通休息日,2,北向南-右转,4.60304054054054,1.1003371487960212,8
周末及普通休息日,2,北向南-左转,5.701013513513513,1.3628028907106684,8
周末及普通休息日,2,北向南-直行,14.695945945945946,3.513003007165277,8
周末及普通休息日,2,南向北-右转,1.48681640625,0.3229012434362793,8
周末及普通休息日,2,南向北-左转,1.58935546875,0.34517029470774685,8
周末及普通休息日,2,南向北-直行,10.048828125,2.1823670246038187,8
周末及普通休息日,2,西向东-右转,2.4408014571948997,0.4416887305275825,3
周末及普通休息日,2,西向东-左转,3.783242258652095,0.6846175323177529,3
周末及普通休息日,2,西向东-直行,16.10928961748634,2.9151456214820457,3
周末及普通休息日,3,东向西-右转,7.05654281098546,2.0491189373793652,8
周末及普通休息日,3,东向西-左转,4.410339256865913,1.2806993358621037,8
周末及普通休息日,3,东向西-直行,11.283117932148627,3.276455800913882,8
周末及普通休息日,3,北向南-右转,3.9429611650485437,0.7037220628885021,8
周末及普通休息日,3,北向南-左转,5.810679611650485,1.0370640926777928,8
周末及普通休息日,3,北向南-直行,11.62135922330097,2.074128185355586,8
周末及普通休息日,3,南向北-右转,0.9814814814814816,0.17596073172821047,8
周末及普通休息日,3,南向北-左转,1.030555555555556,0.18475876831462104,8
周末及普通休息日,3,南向北-直行,11.237962962962964,2.014750378288009,8
周末及普通休息日,3,西向东-右转,1.8390804597701151,0.28712634475394944,3
周末及普通休息日,3,西向东-左转,2.7586206896551726,0.4306895171309239,3
周末及普通休息日,3,西向东-直行,8.735632183908047,1.3638501375812593,3
周末及普通休息日,4,东向西-右转,6.822393822393822,0.718146718146718,8
周末及普通休息日,4,东向西-左转,1.7606177606177604,0.1853281853281852,8
周末及普通休息日,4,东向西-直行,10.416988416988417,1.0965250965250972,8
周末及普通休息日,4,北向南-右转,4.640858208955224,0.9944347374889506,8
周末及普通休息日,4,北向南-左转,7.05410447761194,1.511540800983204,8
周末及普通休息日,4,北向南-直行,13.180037313432836,2.8241946544686187,8
周末及普通休息日,4,南向北-右转,0.9583333333333334,0.4024621703338994,8
周末及普通休息日,4,南向北-左转,1.2500000000000002,0.5249506569572602,8
周末及普通休息日,4,南向北-直行,6.791666666666667,2.8522319028011136,8
周末及普通休息日,4,西向东-右转,1.4074074074074072,0.8630503850171144,3
周末及普通休息日,4,西向东-左转,3.2839506172839505,2.0137842317066004,3
周末及普通休息日,4,西向东-直行,7.975308641975309,4.890618848430314,3
周末及普通休息日,5,东向西-右转,4.628850102669404,1.3851898153167688,8
周末及普通休息日,5,东向西-左转,2.915811088295688,0.8725605135853661,8
周末及普通休息日,5,东向西-直行,10.205338809034908,3.053961797548782,8
周末及普通休息日,5,北向南-右转,3.8738839285714284,0.9556975659457677,8
周末及普通休息日,5,北向南-左转,5.1796875,1.277842812893779,8
周末及普通休息日,5,北向南-直行,10.446428571428571,2.5771619755840924,8
周末及普通休息日,5,南向北-右转,0.7463414634146341,0.22992714288280172,8
周末及普通休息日,5,南向北-左转,1.2853658536585366,0.3959856349648251,8
周末及普通休息日,5,南向北-直行,6.46829268292683,1.9927019049842818,8
周末及普通休息日,5,西向东-右转,1.3225806451612903,0.5670450268144176,3
周末及普通休息日,5,西向东-左转,3.086021505376344,1.3231050625669747,3
周末及普通休息日,5,西向东-直行,9.258064516129032,3.9693151877009236,3
周末及普通休息日,6,东向西-右转,5.160860655737705,1.383304055164182,8
周末及普通休息日,6,东向西-左转,3.1413934426229506,0.8420111640129804,8
周末及普通休息日,6,东向西-直行,9.947745901639344,2.6663686860411047,8
周末及普通休息日,6,北向南-右转,2.970183486238532,0.951765776203965,8
周末及普通休息日,6,北向南-左转,3.1399082568807337,1.0061523919870485,8
周末及普通休息日,6,北向南-直行,12.389908256880734,3.970222952165109,8
周末及普通休息日,6,南向北-右转,0.5393646408839778,0.17323107287417844,8
周末及普通休息日,6,南向北-左转,1.4219613259668509,0.456700101213743,8
周末及普通休息日,6,南向北-直行,6.913674033149172,2.220507388659923,8
周末及普通休息日,6,西向东-右转,2.311827956989247,0.49275007472643423,3
周末及普通休息日,6,西向东-左转,1.849462365591398,0.3942000597811474,3
周末及普通休息日,6,西向东-直行,10.172043010752688,2.1681003287963114,3
周末及普通休息日,7,东向西-右转,5.116108786610878,1.7329649337346802,8
周末及普通休息日,7,东向西-左转,3.0543933054393304,1.0346059305878688,8
周末及普通休息日,7,东向西-直行,10.07949790794979,3.4141995709399664,8
周末及普通休息日,7,北向南-右转,3.672036082474227,1.077257707279907,8
周末及普通休息日,7,北向南-左转,4.03028350515464,1.1823560201852636,8
周末及普通休息日,7,北向南-直行,9.672680412371134,2.837654448444633,8
周末及普通休息日,7,南向北-右转,0.9709119496855346,0.30922749121473425,8
周末及普通休息日,7,南向北-左转,0.8176100628930818,0.2604020978650393,8
周末及普通休息日,7,南向北-直行,6.336477987421384,2.0181162584540546,8
周末及普通休息日,7,西向东-右转,2.4827586206896552,1.258502592475494,3
周末及普通休息日,7,西向东-左转,1.6551724137931034,0.8390017283169957,3
周末及普通休息日,7,西向东-直行,7.862068965517241,3.98525820950573,3
周末及普通休息日,8,东向西-右转,4.612676056338028,0.7639317318916768,8
周末及普通休息日,8,东向西-左转,2.3943661971830985,0.39654471579109934,8
周末及普通休息日,8,东向西-直行,5.492957746478874,0.9097202303442867,8
周末及普通休息日,8,北向南-右转,2.141532258064516,0.43969609049820435,8
周末及普通休息日,8,北向南-左转,3.23508064516129,0.6642217537313307,8
周末及普通休息日,8,北向南-直行,8.748387096774193,1.7962053058650058,8
周末及普通休息日,8,南向北-右转,1.3323863636363635,0.4652850588084825,8
周末及普通休息日,8,南向北-左转,1.1420454545454544,0.39881576469298513,8
周末及普通休息日,8,南向北-直行,5.9005681818181825,2.060548117580423,8
周末及普通休息日,8,西向东-右转,1.2525252525252526,0.25232315145044043,3
周末及普通休息日,8,西向东-左转,2.505050505050505,0.5046463029008806,3
周末及普通休息日,8,西向东-直行,6.575757575757575,1.324696545114812,3
周末及普通休息日,9,东向西-右转,3.4073905109489053,1.415267962396981,8
周末及普通休息日,9,东向西-左转,0.7025547445255473,0.29180782729834664,8
周末及普通休息日,9,东向西-直行,5.515054744525548,2.290691444292021,8
周末及普通休息日,9,北向南-右转,2.509069400630915,0.8691245332222096,8
周末及普通休息日,9,北向南-左转,3.425078864353312,1.186423965985873,8
周末及普通休息日,9,北向南-直行,6.690851735015773,2.317665421925892,8
周末及普通休息日,9,南向北-右转,0.16393442622950816,0.02336710311802618,8
周末及普通休息日,9,南向北-左转,0.819672131147541,0.11683551559013089,8
周末及普通休息日,9,南向北-直行,6.516393442622951,0.9288423489415403,8
周末及普通休息日,9,西向东-右转,0.787878787878788,0.34417626338183493,3
周末及普通休息日,9,西向东-左转,1.1818181818181817,0.516264395072752,3
周末及普通休息日,9,西向东-直行,6.696969696969696,2.925498238745594,3
周末及普通休息日,10,东向西-右转,3.7053571428571432,0.8085165301908409,8
周末及普通休息日,10,东向西-左转,2.2232142857142856,0.4851099181145045,8
周末及普通休息日,10,东向西-直行,4.446428571428571,0.970219836229009,8
周末及普通休息日,10,北向南-右转,3.1111111111111107,1.058080114025773,8
周末及普通休息日,10,北向南-左转,2.5277777777777777,0.859690092645941,8
周末及普通休息日,10,北向南-直行,6.611111111111111,2.248420242304768,8
周末及普通休息日,10,南向北-右转,0.3220338983050847,0.12422039068649551,8
周末及普通休息日,10,南向北-左转,0.8050847457627118,0.31055097671623877,8
周末及普通休息日,10,南向北-直行,5.997881355932203,2.3136047765359784,8
周末及普通休息日,10,西向东-右转,0.9288389513108614,0.18711604489583214,3
周末及普通休息日,10,西向东-左转,2.3220973782771535,0.4677901122395804,3
周末及普通休息日,10,西向东-直行,7.082397003745318,1.4267598423307202,3
周末及普通休息日,11,东向西-右转,3.6056603773584905,1.600177989387933,8
周末及普通休息日,11,东向西-左转,1.4264150943396228,0.6330374463512705,8
周末及普通休息日,11,东向西-直行,5.467924528301887,2.426643544346536,8
周末及普通休息日,11,北向南-右转,2.2886363636363636,0.8041766709273247,8
周末及普通休息日,11,北向南-左转,2.375,0.8345229603962802,8
周末及普通休息日,11,北向南-直行,4.836363636363636,1.699392210261516,8
周末及普通休息日,11,南向北-右转,0.735,0.4128991575260407,8
周末及普通休息日,11,南向北-左转,0.196,0.11010644200694421,8
周末及普通休息日,11,南向北-直行,5.194,2.917820713184022,8
周末及普通休息日,11,西向东-右转,0.4444444444444444,0.16777409856157224,3
周末及普通休息日,11,西向东-左转,1.3333333333333333,0.5033222956847168,3
周末及普通休息日,11,西向东-直行,4.888888888888888,1.8455150841772943,3
周末及普通休息日,12,东向西-右转,4.2682926829268295,1.8534980675086175,8
周末及普通休息日,12,东向西-左转,2.113821138211382,0.9179228524804582,8
周末及普通休息日,12,东向西-直行,3.617886178861789,1.5710602667453997,8
周末及普通休息日,12,北向南-右转,2.2285714285714286,0.4188001743144707,8
周末及普通休息日,12,北向南-左转,2.1357142857142857,0.4013501670513678,8
周末及普通休息日,12,北向南-直行,5.385714285714286,1.0121004212599705,8
周末及普通休息日,12,南向北-右转,0.889102564102564,0.22363304853343072,8
周末及普通休息日,12,南向北-左转,0.9358974358974359,0.23540320898255865,8
周末及普通休息日,12,南向北-直行,7.300000000000001,1.8361450300639575,8
周末及普通休息日,12,西向东-右转,0.4523809523809523,0.25084889887744616,3
周末及普通休息日,12,西向东-左转,0.9047619047619047,0.5016977977548923,3
周末及普通休息日,12,西向东-直行,4.976190476190476,2.7593378876519075,3
周末及普通休息日,13,东向西-右转,4.147465437788019,1.5578880271493392,8
周末及普通休息日,13,东向西-左转,0.4976958525345622,0.18694656325792072,8
周末及普通休息日,13,东向西-直行,4.35483870967742,1.6357824285068066,8
周末及普通休息日,13,北向南-右转,2.2215025906735755,0.9078231821293969,8
周末及普通休息日,13,北向南-左转,1.8134715025906736,0.7410801486770586,8
周末及普通休息日,13,北向南-直行,4.715025906735752,1.9268083865603525,8
周末及普通休息日,13,南向北-右转,0.15262919695352123,0.06914607920882115,8
周末及普通休息日,13,南向北-左转,0.2935062089116143,0.13296802954328246,8
周末及普通休息日,13,南向北-直行,5.303864594134864,2.402826252506535,8
周末及普通休息日,13,西向东-右转,0.5435719046148345,0.3595390198231437,3
周末及普通休息日,13,西向东-左转,0.6430563898391005,0.4253418216263157,3
周末及普通休息日,13,西向东-直行,2.8133717055460647,1.8608704696151313,3
周末及普通休息日,14,东向西-右转,3.722718253968254,1.4310862808568419,8
周末及普通休息日,14,东向西-左转,0.626984126984127,0.2410250578285207,8
周末及普通休息日,14,东向西-直行,5.525297619047619,2.124033322113839,8
周末及普通休息日,14,北向南-右转,1.7533422459893047,0.6013567948647676,8
周末及普通休息日,14,北向南-左转,1.4679144385026737,0.5034615026774797,8
周末及普通休息日,14,北向南-直行,4.403743315508021,1.5103845080324394,8
周末及普通休息日,14,南向北-右转,0.17307692307692304,0.09642818008123212,8
周末及普通休息日,14,南向北-左转,0.23076923076923073,0.12857090677497618,8
周末及普通休息日,14,南向北-直行,4.096153846153846,2.282133595255827,8
周末及普通休息日,14,西向东-右转,0.4444444444444444,0.1734721666221777,3
周末及普通休息日,14,西向东-左转,0.8888888888888887,0.34694433324435525,3
周末及普通休息日,14,西向东-直行,4.0,1.5612494995995996,3
周末及普通休息日,15,东向西-右转,2.4023668639053253,0.9878847146385235,8
周末及普通休息日,15,东向西-左转,0.8284023668639051,0.34064990159949077,8
周末及普通休息日,15,东向西-直行,3.769230769230769,1.5499570522776833,8
周末及普通休息日,15,北向南-右转,1.6141304347826089,0.6075577207253336,8
周末及普通休息日,15,北向南-左转,1.434782608695652,0.5400513073114077,8
周末及普通休息日,15,北向南-直行,5.201086956521739,1.9576859890038527,8
周末及普通休息日,15,南向北-右转,0.6762295081967213,0.2939086744264902,8
周末及普通休息日,15,南向北-左转,0.721311475409836,0.31350258605492287,8
周末及普通休息日,15,南向北-直行,4.102459016393443,1.783045958187374,8
周末及普通休息日,15,西向东-右转,0.5,0.0,3
周末及普通休息日,15,西向东-左转,0.5,0.0,3
周末及普通休息日,15,西向东-直行,5.0,0.0,3
周末及普通休息日,16,东向西-右转,1.9901315789473686,0.7648978738497484,8
周末及普通休息日,16,东向西-左转,1.013157894736842,0.38940255395987183,8
周末及普通休息日,16,东向西-直行,3.8717105263157894,1.48807404548951,8
周末及普通休息日,16,北向南-右转,1.6945187165775402,0.5280514156729397,8
周末及普通休息日,16,北向南-左转,1.5641711229946522,0.4874320760057903,8
周末及普通休息日,16,北向南-直行,4.866310160427807,1.51645534757357,8
周末及普通休息日,16,南向北-右转,0.20212765957446807,0.08434308161405232,8
周末及普通休息日,16,南向北-左转,0.5558510638297872,0.231943474438644,8
周末及普通休息日,16,南向北-直行,3.992021276595745,1.6657758618775336,8
周末及普通休息日,16,西向东-右转,0.4102564102564102,0.04441155916843275,3
周末及普通休息日,16,西向东-左转,0.8205128205128206,0.08882311833686557,3
周末及普通休息日,16,西向东-直行,4.102564102564103,0.4441155916843276,3
周末及普通休息日,17,东向西-右转,2.658839779005525,0.6991188251294899,8
周末及普通休息日,17,东向西-左转,0.6077348066298343,0.15979858860102622,8
周末及普通休息日,17,东向西-直行,3.608425414364641,0.9488041198185933,8
周末及普通休息日,17,北向南-右转,1.7272727272727273,0.4923659639173309,8
周末及普通休息日,17,北向南-左转,0.8636363636363636,0.2461829819586654,8
周末及普通休息日,17,北向南-直行,4.534090909090909,1.2924606552829938,8
周末及普通休息日,17,南向北-右转,0.41213852166413767,0.1717754031219808,8
周末及普通休息日,17,南向北-左转,0.29799105924478453,0.12419983000335257,8
周末及普通休息日,17,南向北-直行,5.539870419091079,2.3089651281333055,8
周末及普通休息日,17,西向东-右转,0.4102564102564103,0.11750194089630363,3
周末及普通休息日,17,西向东-左转,1.6410256410256412,0.4700077635852145,3
周末及普通休息日,17,西向东-直行,3.2820512820512824,0.940015527170429,3
周末及普通休息日,18,东向西-右转,1.9083969465648856,0.9349197491538849,8
周末及普通休息日,18,东向西-左转,0.30534351145038163,0.1495871598646216,8
周末及普通休息日,18,东向西-直行,2.786259541984733,1.3649828337646717,8
周末及普通休息日,18,北向南-右转,1.8409090909090908,0.5361765026842342,8
周末及普通休息日,18,北向南-左转,2.577272727272727,0.7506471037579278,8
周末及普通休息日,18,北向南-直行,5.706818181818181,1.6621471583211258,8
周末及普通休息日,18,南向北-右转,0.42028985507246375,0.1411516401578411,8
周末及普通休息日,18,南向北-左转,0.7355072463768116,0.2470153702762219,8
周末及普通休息日,18,南向北-直行,6.094202898550725,2.046698782288696,8
周末及普通休息日,18,西向东-右转,0.43333333333333335,0.35118845842842467,3
周末及普通休息日,18,西向东-左转,1.7333333333333334,1.4047538337136987,3
周末及普通休息日,18,西向东-直行,2.1666666666666665,1.7559422921421233,3
周末及普通休息日,19,东向西-右转,2.162,0.9920898576813926,8
周末及普通休息日,19,东向西-左转,0.752,0.3450747331065713,8
周末及普通休息日,19,东向西-直行,2.9610000000000003,1.3587317616071248,8
周末及普通休息日,19,北向南-右转,1.0748663101604279,0.27387078832005485,8
周末及普通休息日,19,北向南-左转,1.9258021390374331,0.4906851624067648,8
周末及普通休息日,19,北向南-直行,5.374331550802139,1.3693539416002738,8
周末及普通休息日,19,南向北-右转,0.19480519480519481,0.12023637659383787,8
周末及普通休息日,19,南向北-左转,0.19480519480519481,0.12023637659383787,8
周末及普通休息日,19,南向北-直行,3.3603896103896105,2.074077496243703,8
周末及普通休息日,19,西向东-右转,0.4982742458969316,0.34198982362556535,3
周末及普通休息日,19,西向东-左转,0.9052549773627812,0.6213204727994336,3
周末及普通休息日,19,西向东-直行,2.2631374434069538,1.5533011819985842,3
周末及普通休息日,20,东向西-右转,2.646604938271605,1.118161785971407,8
周末及普通休息日,20,东向西-左转,0.15123456790123452,0.06389495919836614,8
周末及普通休息日,20,东向西-直行,3.3271604938271606,1.405689102364055,8
周末及普通休息日,20,北向南-右转,1.4343922651933703,0.40877511274247225,8
周末及普通休息日,20,北向南-左转,2.498618784530387,0.7120598738094677,8
周末及普通休息日,20,北向南-直行,4.441988950276243,1.26588422010572,8
周末及普通休息日,20,南向北-右转,0.34677419354838707,0.15398188430049423,8
周末及普通休息日,20,南向北-左转,0.4334677419354839,0.19247735537561775,8
周末及普通休息日,20,南向北-直行,4.594758064516129,2.040259966981549,8
周末及普通休息日,20,西向东-右转,2.074074074074074,1.0264004785593346,3
周末及普通休息日,20,西向东-左转,0.5185185185185185,0.25660011963983365,3
周末及普通休息日,20,西向东-直行,2.074074074074074,1.0264004785593346,3
周末及普通休息日,21,东向西-右转,1.40625,0.6022650697871448,8
周末及普通休息日,21,东向西-左转,0.5625,0.2409060279148579,8
周末及普通休息日,21,东向西-直行,2.53125,1.0840771256168604,8
周末及普通休息日,21,北向南-右转,2.262857142857143,0.5541215831051645,8
周末及普通休息日,21,北向南-左转,2.005714285714286,0.49115322138866857,8
周末及普通休息日,21,北向南-直行,4.731428571428571,1.158617855583526,8
周末及普通休息日,21,南向北-右转,0.3894952456282133,0.195631769024701,8
周末及普通休息日,21,南向北-左转,0.43629206286431554,0.2191364054570619,8
周末及普通休息日,21,南向北-直行,4.7992126915074715,2.4105004600276816,8
周末及普通休息日,21,西向东-右转,1.7180464399363562,0.6056213737275195,3
周末及普通休息日,21,西向东-左转,0.8972404534606203,0.3162824841969073,3
周末及普通休息日,21,西向东-直行,1.7180464399363562,0.6056213737275195,3
周末及普通休息日,22,东向西-右转,2.295977011494253,0.6924341928666167,8
周末及普通休息日,22,东向西-左转,0.1954022988505747,0.05893056960566951,8
周末及普通休息日,22,东向西-直行,1.7586206896551724,0.5303751264510256,8
周末及普通休息日,22,北向南-右转,2.0427631578947367,0.4186816467551926,8
周末及普通休息日,22,北向南-左转,0.8322368421052633,0.17057400423359698,8
周末及普通休息日,22,北向南-直行,5.750000000000001,1.1785113019775795,8
周末及普通休息日,22,南向北-右转,0.26376865386504805,0.17623784502385292,8
周末及普通休息日,22,南向北-左转,0.19071427791666207,0.12742633691609595,8
周末及普通休息日,22,南向北-直行,3.5455170682182904,2.3689482371842954,8
周末及普通休息日,22,西向东-右转,0.5888695633327373,0.15691569272664613,3
周末及普通休息日,22,西向东-左转,1.6642061200002647,0.44345993140115775,3
周末及普通休息日,22,西向东-直行,2.080257650000331,0.5543249142514476,3
周末及普通休息日,23,东向西-右转,2.1844262295081966,0.8656762234448154,8
周末及普通休息日,23,东向西-左转,0.3360655737704918,0.13318095745304856,8
周末及普通休息日,23,东向西-直行,2.6045081967213117,1.032152420261126,8
周末及普通休息日,23,北向南-右转,0.8639240506329113,0.25395446389542886,8
周末及普通休息日,23,北向南-左转,2.221518987341772,0.6530257643025312,8
周末及普通休息日,23,北向南-直行,6.6645569620253164,1.959077292907593,8
周末及普通休息日,23,南向北-右转,0.2250416974740788,0.03205355797052863,8
周末及普通休息日,23,南向北-左转,0.12781513954334872,0.018205203883763954,8
周末及普通休息日,23,南向北-直行,2.897143162982572,0.41265128803198314,8
周末及普通休息日,23,西向东-右转,1.4285714285714288,0.5714285714285716,3
周末及普通休息日,23,西向东-左转,0.7142857142857144,0.2857142857142858,3
周末及普通休息日,23,西向东-直行,2.8571428571428577,1.1428571428571432,3
周末及普通休息日,24,东向西-右转,1.2485067398755594,0.49700573304753126,8
周末及普通休息日,24,东向西-左转,0.5221662649305285,0.20786401785893086,8
周末及普通休息日,24,东向西-直行,2.3543269951939125,0.9372108108896309,8
周末及普通休息日,24,北向南-右转,1.2611464968152866,0.28744196355424606,8
周末及普通休息日,24,北向南-左转,1.3312101910828025,0.303410961529482,8
周末及普通休息日,24,北向南-直行,8.40764331210191,1.9162797570283074,8
周末及普通休息日,24,南向北-右转,0.31987262087474655,0.12692951777265818,8
周末及普通休息日,24,南向北-左转,0.19141709276844407,0.07595673306486783,8
周末及普通休息日,24,南向北-直行,3.2387102863568096,1.2851613674481641,8
周末及普通休息日,24,西向东-右转,0.5333333333333333,0.23790468565327236,3
周末及普通休息日,24,西向东-左转,2.0,0.8921425711997713,3
周末及普通休息日,24,西向东-直行,2.1333333333333333,0.9516187426130894,3
周末及普通休息日,25,东向西-右转,2.6816546762589932,1.2437084264986753,8
周末及普通休息日,25,东向西-左转,0.3021582733812949,0.1401361607322451,8
周末及普通休息日,25,东向西-直行,2.266187050359712,1.0510212054918382,8
周末及普通休息日,25,北向南-右转,0.9630872483221476,0.3749990616026575,8
周末及普通休息日,25,北向南-左转,2.4077181208053693,0.9374976540066439,8
周末及普通休息日,25,北向南-直行,6.879194630872484,2.678564725733269,8
周末及普通休息日,25,南向北-右转,0.2833333333333333,0.1623243861815173,8
周末及普通休息日,25,南向北-左转,0.16190476190476194,0.09275679210372417,8
周末及普通休息日,25,南向北-直行,3.804761904761905,2.179784614437517,8
周末及普通休息日,25,西向东-右转,0.4982742458969316,0.20757994987906622,3
周末及普通休息日,25,西向东-左转,0.7040872046154966,0.2933211737273067,3
周末及普通休息日,25,西向东-直行,2.464305216154238,1.0266241080455734,3
周末及普通休息日,26,东向西-右转,2.3090277777777777,1.4641842191778993,8
周末及普通休息日,26,东向西-左转,0.16203703703703698,0.10274976976687011,8
周末及普通休息日,26,东向西-直行,1.9039351851851851,1.2073097947607239,8
周末及普通休息日,26,北向南-右转,1.2474747474747476,0.39398564127099345,8
周末及普通休息日,26,北向南-左转,1.5101010101010104,0.476929986801729,8
周末及普通休息日,26,北向南-直行,10.242424242424244,3.234829475698682,8
周末及普通休息日,26,南向北-右转,0.32350753702105056,0.27182945713096596,8
周末及普通休息日,26,南向北-左转,0.19141709276844407,0.16083954300405728,8
周末及普通休息日,26,南向北-直行,3.235075370210505,2.7182945713096593,8
周末及普通休息日,26,西向东-右转,0.619047619047619,0.2182178902359924,3
周末及普通休息日,26,西向东-左转,1.238095238095238,0.43643578047198467,3
周末及普通休息日,26,西向东-直行,2.476190476190476,0.8728715609439693,3
周末及普通休息日,27,东向西-右转,2.4554455445544554,1.2277227722772281,8
周末及普通休息日,27,东向西-左转,0.31683168316831684,0.15841584158415845,8
周末及普通休息日,27,东向西-直行,1.2277227722772277,0.613861386138614,8
周末及普通休息日,27,北向南-右转,2.920245398773006,0.8636403319376702,8
周末及普通休息日,27,北向南-左转,2.147239263803681,0.6350296558365223,8
周末及普通休息日,27,北向南-直行,8.932515337423313,2.6417233682799326,8
周末及普通休息日,27,南向北-右转,0.211864406779661,0.09194594453291781,8
周末及普通休息日,27,南向北-左转,0.211864406779661,0.09194594453291781,8
周末及普通休息日,27,南向北-直行,2.701271186440678,1.1723107927947019,8
周末及普通休息日,27,西向东-右转,1.909090909090909,0.47237749297333,3
周末及普通休息日,27,西向东-左转,1.909090909090909,0.47237749297333,3
周末及普通休息日,27,西向东-直行,3.1818181818181817,0.787295821622217,3
周末及普通休息日,28,东向西-右转,2.2838345864661656,0.6841426531177383,8
周末及普通休息日,28,东向西-左转,1.0150375939849625,0.3040634013856615,8
周末及普通休息日,28,东向西-直行,2.3261278195488724,0.6968119615088075,8
周末及普通休息日,28,北向南-右转,2.1477272727272725,0.5089227458810311,8
周末及普通休息日,28,北向南-左转,2.1477272727272725,0.5089227458810311,8
周末及普通休息日,28,北向南-直行,11.454545454545455,2.7142546446988316,8
周末及普通休息日,28,南向北-右转,0.7147581052986459,0.18889657725729886,8
周末及普通休息日,28,南向北-左转,0.29988677867056246,0.07925420591336621,8
周末及普通休息日,28,南向北-直行,4.860355116030792,1.2844967253496324,8
周末及普通休息日,28,西向东-右转,2.444444444444444,0.6938886664887112,3
周末及普通休息日,28,西向东-左转,1.9555555555555555,0.5551109331909687,3
周末及普通休息日,28,西向东-直行,2.9333333333333336,0.8326663997864531,3
周末及普通休息日,29,东向西-右转,3.449421965317919,0.6623102116069256,8
周末及普通休息日,29,东向西-左转,0.7167630057803468,0.1376229011131274,8
周末及普通休息日,29,东向西-直行,3.5838150289017343,0.6881145055656365,8
周末及普通休息日,29,北向南-右转,1.725563909774436,0.25448339254520647,8
周末及普通休息日,29,北向南-左转,4.537593984962406,0.6691970692855431,8
周末及普通休息日,29,北向南-直行,10.736842105263158,1.583452220281285,8
周末及普通休息日,29,南向北-右转,0.19934640522875816,0.07117026704074511,8
周末及普通休息日,29,南向北-左转,1.4452614379084967,0.5159844360454021,8
周末及普通休息日,29,南向北-直行,5.980392156862745,2.135108011222353,8
周末及普通休息日,29,西向东-右转,0.6041666666666666,0.036084391824351615,3
周末及普通休息日,29,西向东-左转,3.0208333333333335,0.180421959121758,3
周末及普通休息日,29,西向东-直行,6.041666666666667,0.360843918243516,3
周末及普通休息日,30,东向西-右转,5.171078431372549,1.9463907982626991,8
周末及普通休息日,30,东向西-左转,0.4529411764705882,0.1704867852492875,8
周末及普通休息日,30,东向西-直行,4.000980392156864,1.5059666030353736,8
周末及普通休息日,30,北向南-右转,1.7015706806282722,0.2894839563255591,8
周末及普通休息日,30,北向南-左转,3.658376963350785,0.622390506099952,8
周末及普通休息日,30,北向南-直行,10.890052356020943,1.852697320483578,8
周末及普通休息日,30,南向北-右转,0.16571428571428568,0.05147390292386759,8
周末及普通休息日,30,南向北-左转,0.45571428571428574,0.14155323304063588,8
周末及普通休息日,30,南向北-直行,6.628571428571428,2.058956116954703,8
周末及普通休息日,30,西向东-右转,1.3939393939393938,0.27773186030035407,3
周末及普通休息日,30,西向东-左转,3.4848484848484844,0.6943296507508849,3
周末及普通休息日,30,西向东-直行,2.7878787878787876,0.5554637206007081,3
周末及普通休息日,31,东向西-右转,4.827586206896552,1.2375419617190595,8
周末及普通休息日,31,东向西-左转,0.3448275862068965,0.08839585440850425,8
周末及普通休息日,31,东向西-直行,4.827586206896552,1.2375419617190595,8
周末及普通休息日,31,北向南-右转,3.16044776119403,0.5670379165931869,8
周末及普通休息日,31,北向南-左转,2.298507462686567,0.41239121206777274,8
周末及普通休息日,31,北向南-直行,13.791044776119403,2.4743472724066358,8
周末及普通休息日,31,南向北-右转,0.40579710144927533,0.10931119322690593,8
周末及普通休息日,31,南向北-左转,1.1159420289855073,0.3006057813739912,8
周末及普通休息日,31,南向北-直行,8.978260869565217,2.4185101501452926,8
周末及普通休息日,31,西向东-右转,1.2083333333333333,0.7107800878846658,3
周末及普通休息日,31,西向东-左转,4.833333333333333,2.8431203515386634,3
周末及普通休息日,31,西向东-直行,3.625,2.1323402636539974,3
周末及普通休息日,32,东向西-右转,5.906462585034014,1.998635188778729,8
周末及普通休息日,32,东向西-左转,0.9387755102040816,0.3176638710641688,8
周末及普通休息日,32,东向西-直行,4.654761904761905,1.57508336069317,8
周末及普通休息日,32,北向南-右转,2.361180904522613,0.7374810581660785,8
周末及普通休息日,32,北向南-左转,3.148241206030151,0.9833080775547713,8
周末及普通休息日,32,北向南-直行,16.865577889447238,5.267721844043417,8
周末及普通休息日,32,南向北-右转,1.1089494163424125,0.3364738444506928,8
周末及普通休息日,32,南向北-左转,0.36964980544747084,0.11215794815023092,8
周末及普通休息日,32,南向北-直行,10.396400778210117,3.154442291725245,8
周末及普通休息日,32,西向东-右转,2.1929824561403506,0.4019803241189333,3
周末及普通休息日,32,西向东-左转,1.7543859649122806,0.3215842592951466,3
周末及普通休息日,32,西向东-直行,4.385964912280701,0.8039606482378667,3
周末及普通休息日,33,东向西-右转,9.103797468354431,2.1523148198946207,8
周末及普通休息日,33,东向西-左转,1.2556962025316456,0.2968710096406374,8
周末及普通休息日,33,东向西-直行,5.140506329113924,1.2153156957163591,8
周末及普通休息日,33,北向南-右转,2.2098930481283423,0.31080187089527367,8
周末及普通休息日,33,北向南-左转,3.7219251336898393,0.5234557825604609,8
周末及普通休息日,33,北向南-直行,15.818181818181818,2.2246870758819584,8
周末及普通休息日,33,南向北-右转,1.277602523659306,0.22303658181849062,8
周末及普通休息日,33,南向北-左转,0.5678233438485805,0.09912736969710693,8
周末及普通休息日,33,南向北-直行,13.154574132492113,2.296450731316311,8
周末及普通休息日,33,西向东-右转,1.222222222222222,0.09622504486493778,3
周末及普通休息日,33,西向东-左转,1.8333333333333333,0.14433756729740643,3
周末及普通休息日,33,西向东-直行,4.277777777777779,0.33678765702728114,3
周末及普通休息日,34,东向西-右转,7.2517523364485985,1.1867061080027976,8
周末及普通休息日,34,东向西-左转,1.6705607476635513,0.27337732330954484,8
周末及普通休息日,34,东向西-直行,7.327686915887851,1.1991323499714133,8
周末及普通休息日,34,北向南-右转,1.649953789279113,0.33592174679407333,8
周末及普通休息日,34,北向南-左转,4.102587800369685,0.8352648839203983,8
周末及普通休息日,34,北向南-直行,18.3724584103512,3.7405340453826534,8
周末及普通休息日,34,南向北-右转,1.491825613079019,0.4577448140720819,8
周末及普通休息日,34,南向北-左转,1.5415531335149864,0.47300297454115114,8
周末及普通休息日,34,南向北-直行,15.216621253405993,4.668997103535235,8
周末及普通休息日,34,西向东-右转,5.217391304347825,0.8695652173913043,3
周末及普通休息日,34,西向东-左转,2.6086956521739126,0.43478260869565216,3
周末及普通休息日,34,西向东-直行,4.173913043478261,0.695652173913044,3
周末及普通休息日,35,东向西-右转,8.791147132169575,1.795111259533885,8
周末及普通休息日,35,东向西-左转,1.1770573566084788,0.2403496247074658,8
周末及普通休息日,35,东向西-直行,4.7817955112219455,0.9764203503740798,8
周末及普通休息日,35,北向南-右转,1.7492574257425746,0.5142711749671602,8
周末及普通休息日,35,北向南-左转,4.34950495049505,1.2787283269453713,8
周末及普通休息日,35,北向南-直行,17.77623762376238,5.226107075341953,8
周末及普通休息日,35,南向北-右转,0.5079006772009029,0.2165833264462672,8
周末及普通休息日,35,南向北-左转,0.59255079006772,0.25268054752064506,8
周末及普通休息日,35,南向北-直行,17.649548532731377,7.526270594007786,8
周末及普通休息日,35,西向东-右转,2.8656716417910446,0.3102180550869632,3
周末及普通休息日,35,西向东-左转,5.731343283582089,0.6204361101739264,3
周末及普通休息日,35,西向东-直行,7.402985074626867,0.8013966423079878,3
周末及普通休息日,36,东向西-右转,11.818362480127186,2.9469340739125602,8
周末及普通休息日,36,东向西-左转,2.416534181240064,0.602567989554006,8
周末及普通休息日,36,东向西-直行,9.515103338632752,2.372611458868899,8
周末及普通休息日,36,北向南-右转,4.90846286701209,0.8864395126684871,8
周末及普通休息日,36,北向南-左转,4.658031088082901,0.8412130069200949,8
周末及普通休息日,36,北向南-直行,19.43350604490501,3.509576846075236,8
周末及普通休息日,36,南向北-右转,0.7804939516129032,0.17366630845031833,8
周末及普通休息日,36,南向北-左转,0.5751008064516129,0.1279646483318135,8
周末及普通休息日,36,南向北-直行,19.019405241935484,4.231973726973546,8
周末及普通休息日,36,西向东-右转,3.3286713286713288,0.7059820679230189,3
周末及普通休息日,36,西向东-左转,6.1818181818181825,1.3111095547141778,3
周末及普通休息日,36,西向东-直行,7.48951048951049,1.588459652826792,3
周末及普通休息日,37,东向西-右转,13.446005917159763,2.58722439816912,8
周末及普通休息日,37,东向西-左转,1.5680473372781065,0.3017171309818217,8
周末及普通休息日,37,东向西-直行,11.48594674556213,2.2100779844418432,8
周末及普通休息日,37,北向南-右转,5.106017191977077,0.45299659546608134,8
周末及普通休息日,37,北向南-左转,5.011461318051576,0.44460776962411663,8
周末及普通休息日,37,北向南-直行,22.882521489971346,2.030095853755401,8
周末及普通休息日,37,南向北-右转,0.3174603174603174,0.07074801219363766,8
周末及普通休息日,37,南向北-左转,0.47619047619047616,0.10612201829045649,8
周末及普通休息日,37,南向北-直行,21.70634920634921,4.837395333739976,8
周末及普通休息日,37,西向东-右转,1.8974358974358976,0.5402899360437303,3
周末及普通休息日,37,西向东-左转,4.743589743589744,1.350724840109326,3
周末及普通休息日,37,西向东-直行,5.6923076923076925,1.6208698081311903,3
周末及普通休息日,38,东向西-右转,15.480895915678525,2.9266471881235496,8
周末及普通休息日,38,东向西-左转,2.322134387351779,0.4389970782185323,8
周末及普通休息日,38,东向西-直行,11.571969696969695,2.187668773122353,8
周末及普通休息日,38,北向南-右转,3.4993788819875777,0.5705776620495231,8
周末及普通休息日,38,北向南-左转,8.991459627329192,1.4660676038772462,8
周末及普通休息日,38,北向南-直行,26.634161490683233,4.342729983376927,8
周末及普通休息日,38,南向北-右转,0.33886583679114807,0.07144981664604953,8
周末及普通休息日,38,南向北-左转,1.2707468879668051,0.26793681242268574,8
周末及普通休息日,38,南向北-直行,29.01538727524205,6.1178905503179895,8
周末及普通休息日,38,西向东-右转,6.4351297405189625,1.4715114524858424,3
周末及普通休息日,38,西向东-左转,6.4351297405189625,1.4715114524858424,3
周末及普通休息日,38,西向东-直行,7.796407185628742,1.7827927212809234,3
周末及普通休息日,39,东向西-右转,23.461538461538463,5.601452191915765,8
周末及普通休息日,39,东向西-左转,2.6153846153846154,0.6244241787709379,8
周末及普通休息日,39,东向西-直行,18.923076923076923,4.517892587577962,8
周末及普通休息日,39,北向南-右转,3.6339387060158908,0.5060396278711885,8
周末及普通休息日,39,北向南-左转,7.889472190692395,1.0986386657729754,8
周末及普通休息日,39,北向南-直行,30.601589103291712,4.261386339967903,8
周末及普通休息日,39,南向北-右转,0.6358866736621196,0.14538044900475158,8
周末及普通休息日,39,南向北-左转,0.755115424973767,0.17263928319314245,8
周末及普通休息日,39,南向北-直行,36.48399790136411,8.341203261647617,8
周末及普通休息日,39,西向东-右转,5.333333333333333,0.711111111111111,3
周末及普通休息日,39,西向东-左转,5.866666666666667,0.7822222222222226,3
周末及普通休息日,39,西向东-直行,18.8,2.5066666666666677,3
周末及普通休息日,40,东向西-右转,21.962555066079297,2.8573425989847414,8
周末及普通休息日,40,东向西-左转,2.6801762114537446,0.34869265614729045,8
周末及普通休息日,40,东向西-直行,17.607268722466962,2.290717032745395,8
周末及普通休息日,40,北向南-右转,5.683890925756187,1.113365630434635,8
周末及普通休息日,40,北向南-左转,7.607011915673693,1.490068287348609,8
周末及普通休息日,40,北向南-直行,33.33409715857012,6.529512719842219,8
周末及普通休息日,40,南向北-右转,0.7679603633360859,0.15816280063318974,8
周末及普通休息日,40,南向北-左转,1.3439306358381502,0.2767849011080821,8
周末及普通休息日,40,南向北-直行,44.388109000825764,9.141809876598368,8
周末及普通休息日,40,西向东-右转,5.224606580829757,1.6925622461486267,3
周末及普通休息日,40,西向东-左转,8.07439198855508,2.6157780167751503,3
周末及普通休息日,40,西向东-直行,14.367668097281829,4.654546176908722,3
周末及普通休息日,41,东向西-右转,26.62086220169361,4.81196540754415,8
周末及普通休息日,41,东向西-左转,2.090839107005389,0.37793837703011574,8
周末及普通休息日,41,东向西-直行,19.788298691301,3.57691678260645,8
周末及普通休息日,41,北向南-右转,8.179467084639498,1.4072145355590067,8
周末及普通休息日,41,北向南-左转,7.0109717868338555,1.2061838876220052,8
周末及普通休息日,41,北向南-直行,38.059561128526646,6.54785538994803,8
周末及普通休息日,41,南向北-右转,0.777347114556417,0.19693805118034433,8
周末及普通休息日,41,南向北-左转,1.4380921619293714,0.3643353946836369,8
周末及普通休息日,41,南向北-直行,42.90956072351421,10.870980425155002,8
周末及普通休息日,41,西向东-右转,6.638772663877266,1.4880659657774455,3
周末及普通休息日,41,西向东-左转,5.216178521617852,1.169194687396564,3
周末及普通休息日,41,西向东-直行,16.478382147838214,3.693592307911874,3
周末及普通休息日,42,东向西-右转,34.27664057796508,6.403297771394124,8
周末及普通休息日,42,东向西-左转,4.163756773028297,0.7778409440305225,8
周末及普通休息日,42,东向西-直行,23.30960264900662,4.354520284885155,8
周末及普通休息日,42,北向南-右转,9.287030474840538,1.9667371547400982,8
周末及普通休息日,42,北向南-左转,11.02834868887314,2.3355003712538647,8
周末及普通休息日,42,北向南-直行,42.68462083628632,9.03942653813237,8
周末及普通休息日,42,南向北-右转,1.229393468118196,0.25930698445124084,8
周末及普通休息日,42,南向北-左转,1.0707620528771384,0.22584801871559693,8
周末及普通休息日,42,南向北-直行,48.69984447900467,10.271902480842705,8
周末及普通休息日,42,西向东-右转,4.198250728862973,0.23323615160349842,3
周末及普通休息日,42,西向东-左转,16.373177842565596,0.9096209912536453,3
周末及普通休息日,42,西向东-直行,15.428571428571429,0.8571428571428563,3
周末及普通休息日,43,东向西-右转,35.13622754491018,9.436322962963468,8
周末及普通休息日,43,东向西-左转,4.547904191616767,1.2214029722416178,8
周末及普通休息日,43,东向西-直行,27.690868263473053,7.436768097116302,8
周末及普通休息日,43,北向南-右转,8.06864686468647,1.2167336309380168,8
周末及普通休息日,43,北向南-左转,10.983498349834983,1.656286618030808,8
周末及普通休息日,43,北向南-直行,44.94785478547855,6.778034467633768,8
周末及普通休息日,43,南向北-右转,1.3801711840228243,0.1278365986052901,8
周末及普通休息日,43,南向北-左转,1.9552425106990015,0.18110184802416096,8
周末及普通休息日,43,南向北-直行,50.41458630527818,4.669586865721013,8
周末及普通休息日,43,西向东-右转,4.396003633060854,0.9889669455997234,3
周末及普通休息日,43,西向东-左转,10.000908265213441,2.249899801239372,3
周末及普通休息日,43,西向东-直行,25.936421435059035,5.834904979038368,3
周末及普通休息日,44,东向西-右转,40.07120418848168,5.541541787464445,8
周末及普通休息日,44,东向西-左转,3.618848167539267,0.5004590889902036,8
周末及普通休息日,44,东向西-直行,28.309947643979058,3.915049748246281,8
周末及普通休息日,44,北向南-右转,9.27348224513173,1.2799632738170958,8
周末及普通休息日,44,北向南-左转,11.2856529209622,1.5576911539849567,8
周末及普通休息日,44,北向南-直行,55.81586483390607,7.703929893351953,8
周末及普通休息日,44,南向北-右转,1.782758620689655,0.3250485061344557,8
周末及普通休息日,44,南向北-左转,1.863793103448276,0.3398234382314763,8
周末及普通休息日,44,南向北-直行,60.97844827586207,11.118136403008085,8
周末及普通休息日,44,西向东-右转,4.2767295597484285,0.5938081452599576,3
周末及普通休息日,44,西向东-左转,5.880503144654088,0.8164861997324414,3
周末及普通休息日,44,西向东-直行,29.509433962264154,4.097276202293706,3
周末及普通休息日,45,东向西-右转,41.8627129750983,5.6289761484358625,8
周末及普通休息日,45,东向西-左转,4.3709043250327655,0.5877238822849328,8
周末及普通休息日,45,东向西-直行,40.01638269986894,5.3807134740224045,8
周末及普通休息日,45,北向南-右转,9.214123652864437,0.9201534175168979,8
周末及普通休息日,45,北向南-左转,15.255459444129325,1.5234615544737309,8
周末及普通休息日,45,北向南-直行,52.15541690300624,5.208415570850363,8
周末及普通休息日,45,南向北-右转,3.458557588805167,0.37902434663822293,8
周末及普通休息日,45,南向北-左转,1.4822389666307858,0.16243900570209543,8
周末及普通休息日,45,南向北-直行,71.55920344456405,7.842194219728951,8
周末及普通休息日,45,西向东-右转,6.114942528735632,1.5186448576694038,3
周末及普通休息日,45,西向东-左转,6.114942528735632,1.5186448576694038,3
周末及普通休息日,45,西向东-直行,38.4367816091954,9.54576767677911,3
周末及普通休息日,46,东向西-右转,41.435062240663896,5.508453893061675,8
周末及普通休息日,46,东向西-左转,5.385062240663901,0.7159001449466436,8
周末及普通休息日,46,东向西-直行,43.304875518672205,5.757030332279259,8
周末及普通休息日,46,北向南-右转,14.459922526817639,1.8114396776203479,8
周末及普通休息日,46,北向南-左转,11.822854588796185,1.4810859370208926,8
周末及普通休息日,46,北向南-直行,47.467222884386175,5.946367330790199,8
周末及普通休息日,46,南向北-右转,2.4699292452830193,0.24204722777587576,8
周末及普通休息日,46,南向北-左转,2.5955188679245285,0.25435471393397113,8
周末及普通休息日,46,南向北-直行,83.68455188679245,8.200888276677556,8
周末及普通休息日,46,西向东-右转,6.456762749445677,2.2590481204544886,3
周末及普通休息日,46,西向东-左转,13.835920177383594,4.840817400973904,3
周末及普通休息日,46,西向东-直行,31.70731707317074,11.093539877231862,3
周末及普通休息日,47,东向西-右转,39.194245020842985,5.061266624857025,8
周末及普通休息日,47,东向西-左转,6.761695229272811,0.8731573314698173,8
周末及普通休息日,47,东向西-直行,38.91905974988421,5.025731152064647,8
周末及普通休息日,47,北向南-右转,13.844797178130511,2.307729891710081,8
周末及普通休息日,47,北向南-左转,11.243386243386242,1.874111854732709,8
周末及普通休息日,47,北向南-直行,49.91181657848325,8.319586743362454,8
周末及普通休息日,47,南向北-右转,2.1686793422404937,0.22358899009153524,8
周末及普通休息日,47,南向北-左转,3.316803699897225,0.34195963190470074,8
周末及普通休息日,47,南向北-直行,77.26451695786227,7.965905784241562,8
周末及普通休息日,47,西向东-右转,11.433874709976797,1.5414975181063246,3
周末及普通休息日,47,西向东-左转,17.670533642691414,2.3823143461643204,3
周末及普通休息日,47,西向东-直行,26.895591647331788,3.6260225710001035,3
周末及普通休息日,48,东向西-右转,32.27427536231884,3.3352316810634908,8
周末及普通休息日,48,东向西-左转,6.431884057971014,0.6646725058347175,8
周末及普通休息日,48,东向西-直行,40.54384057971014,4.189810617136701,8
周末及普通休息日,48,北向南-右转,17.173846933603652,2.594949167335679,8
周末及普通休息日,48,北向南-左转,15.996958945767865,2.41712270155379,8
周末及普通休息日,48,北向南-直行,52.82919412062848,7.982432463986902,8
周末及普通休息日,48,南向北-右转,2.073298429319372,0.14604972038113462,8
周末及普通休息日,48,南向北-左转,2.9803664921465973,0.2099464730478806,8
周末及普通休息日,48,南向北-直行,69.19633507853403,4.874409417720359,8
周末及普通休息日,48,西向东-右转,8.876847290640393,1.3081206353735277,3
周末及普通休息日,48,西向东-左转,17.231527093596057,2.5392929980780266,3
周末及普通休息日,48,西向东-直行,26.891625615763548,3.962836042455099,3
周末及普通休息日,49,东向西-右转,34.80247358309318,5.234213902011549,8
周末及普通休息日,49,东向西-左转,6.27209414024976,0.9433088790438395,8
周末及普通休息日,49,东向西-直行,38.55043227665706,5.797898476074327,8
周末及普通休息日,49,北向南-右转,13.830029368575623,1.2452851820840036,8
周末及普通休息日,49,北向南-左转,17.527165932452277,1.5781832010569556,8
周末及普通休息日,49,北向南-直行,61.8928046989721,5.572959428732372,8
周末及普通休息日,49,南向北-右转,2.035024154589372,0.3151357416549949,8
周末及普通休息日,49,南向北-左转,2.306360708534622,0.35715384054232746,8
周末及普通休息日,49,南向北-直行,79.908615136876,12.374330122319462,8
周末及普通休息日,49,西向东-右转,15.777307963354474,4.076744429079168,3
周末及普通休息日,49,西向东-左转,21.625792811839318,5.587951415720583,3
周末及普通休息日,49,西向东-直行,26.930232558139537,6.958581008255824,3
周末及普通休息日,50,东向西-右转,42.62606671838635,4.193484918420889,8
周末及普通休息日,50,东向西-左转,5.990690457719162,0.5893546371834758,8
周末及普通休息日,50,东向西-直行,50.38324282389449,4.956623615286668,8
周末及普通休息日,50,北向南-右转,16.325082508250823,1.0636210083832212,8
周末及普通休息日,50,北向南-左转,16.369931636020745,1.0665430441205377,8
周末及普通休息日,50,北向南-直行,62.42998585572843,4.067473746344629,8
周末及普通休息日,50,南向北-右转,3.116279069767442,0.33738453460507367,8
周末及普通休息日,50,南向北-左转,2.7267441860465116,0.2952114677794395,8
周末及普通休息日,50,南向北-直行,77.90697674418604,8.434613365126838,8
周末及普通休息日,50,西向东-右转,13.043715846994537,3.237542362938744,3
周末及普通休息日,50,西向东-左转,23.122950819672138,5.73927964339141,3
周末及普通休息日,50,西向东-直行,36.166666666666664,8.976822006330153,3
周末及普通休息日,51,东向西-右转,43.496213537771126,4.62937129230982,8
周末及普通休息日,51,东向西-左转,9.053851907255048,0.9636158804461028,8
周末及普通休息日,51,东向西-直行,48.32493455497382,5.143299761881076,8
周末及普通休息日,51,北向南-右转,16.65,1.5262713956494898,8
周末及普通休息日,51,北向南-左转,20.647881355932203,1.892748990650073,8
周末及普通休息日,51,北向南-直行,59.8271186440678,5.484229421655796,8
周末及普通休息日,51,南向北-右转,4.3139473684210525,0.5409789745363343,8
周末及普通休息日,51,南向北-左转,3.202105263157895,0.401551403779547,8
周末及普通休息日,51,南向北-直行,76.98394736842104,9.653964999199943,8
周末及普通休息日,51,西向东-右转,6.651126651126652,1.18430824449154,3
周末及普通休息日,51,西向东-左转,21.283605283605283,3.7897863823729288,3
周末及普通休息日,51,西向东-直行,43.39860139860141,7.727611295307299,3
周末及普通休息日,52,东向西-右转,42.713318948607295,6.087946130975823,8
周末及普通休息日,52,东向西-左转,10.421734013338565,1.4854138434173911,8
周末及普通休息日,52,东向西-直行,47.48994703805414,6.76876080920879,8
周末及普通休息日,52,北向南-右转,21.900693311582383,2.090289772311016,8
周末及普通休息日,52,北向南-左转,21.994086460032626,2.0992035879711928,8
周末及普通休息日,52,北向南-直行,70.60522022838498,6.738844639092236,8
周末及普通休息日,52,南向北-右转,7.036474558670821,0.5128260263284099,8
周末及普通休息日,52,南向北-左转,4.380321910695743,0.31924269188655985,8
周末及普通休息日,52,南向北-直行,78.33320353063344,5.709010266609651,8
周末及普通休息日,52,西向东-右转,12.987736900780378,3.6343195791980007,3
周末及普通休息日,52,西向东-左转,24.416945373467115,6.8325208088922444,3
周末及普通休息日,52,西向东-直行,40.26198439241917,11.266390695513806,3
周末及普通休息日,53,东向西-右转,41.6958041958042,5.331996426235988,8
周末及普通休息日,53,东向西-左转,9.755244755244755,1.2474859563269107,8
周末及普通休息日,53,东向西-直行,49.79895104895105,6.36821459963657,8
周末及普通休息日,53,北向南-右转,21.424126637554586,2.50313985839621,8
周末及普通休息日,53,北向南-左转,28.93460698689956,3.380645067182295,8
周末及普通休息日,53,北向南-直行,59.89126637554585,6.997541536730077,8
周末及普通休息日,53,南向北-右转,5.856741573033708,0.41469873309023847,8
周末及普通休息日,53,南向北-左转,3.989374694675134,0.28247594862668396,8
周末及普通休息日,53,南向北-直行,77.02888373229115,5.454189859121611,8
周末及普通休息日,53,西向东-右转,11.92758253461129,2.1272613797058777,3
周末及普通休息日,53,西向东-左转,18.129925452609157,3.2334372971529324,3
周末及普通休息日,53,西向东-直行,44.60915867944623,7.955957560099979,3
周末及普通休息日,54,东向西-右转,41.132701421800945,5.236672475765885,8
周末及普通休息日,54,东向西-左转,8.75829383886256,1.1150329225965392,8
周末及普通休息日,54,东向西-直行,49.10900473933649,6.252148887416307,8
周末及普通休息日,54,北向南-右转,18.310960591133004,2.3757576270732796,8
周末及普通休息日,54,北向南-左转,26.231732348111656,3.4034390433645223,8
周末及普通休息日,54,北向南-直行,68.95730706075534,8.94687350653551,8
周末及普通休息日,54,南向北-右转,6.890625,0.8587725630704818,8
周末及普通休息日,54,南向北-左转,3.723505434782609,0.46405722352255846,8
周末及普通休息日,54,南向北-直行,76.01086956521739,9.47316814915016,8
周末及普通休息日,54,西向东-右转,9.152688172043012,1.9003294892940756,3
周末及普通休息日,54,西向东-左转,15.41505376344086,3.2005549293373887,3
周末及普通休息日,54,西向东-直行,50.0989247311828,10.401803520346515,3
周末及普通休息日,55,东向西-右转,38.997629395495856,3.4980300179751183,8
周末及普通休息日,55,东向西-左转,11.734492295535361,1.0525667055090624,8
周末及普通休息日,55,东向西-直行,48.26787830896878,4.329557715327275,8
周末及普通休息日,55,北向南-右转,16.02253032928943,1.7563325515701025,8
周末及普通休息日,55,北向南-左转,26.083188908145583,2.859146014183886,8
周末及普通休息日,55,北向南-直行,65.394280762565,7.168287506989608,8
周末及普通休息日,55,南向北-右转,5.550923732828044,0.4612341261077657,8
周末及普通休息日,55,南向北-左转,3.788725722406442,0.31481059401006245,8
周末及普通休息日,55,南向北-直行,83.66035054476552,6.9514571863384695,8
周末及普通休息日,55,西向东-右转,9.72253609541745,2.306872924236428,3
周末及普通休息日,55,西向东-左转,24.91399874450722,5.911361868355849,3
周末及普通休息日,55,西向东-直行,46.030131826742,10.921601500681843,3
周末及普通休息日,56,东向西-右转,46.482598607888626,6.441554016209431,8
周末及普通休息日,56,东向西-左转,10.524361948955917,1.458465060273833,8
周末及普通休息日,56,东向西-直行,50.99303944315545,7.066610470612504,8
周末及普通休息日,56,北向南-右转,19.65233415233415,1.253270137486928,8
周末及普通休息日,56,北向南-左转,24.56541769041769,1.5665876718586607,8
周末及普通休息日,56,北向南-直行,73.40724815724816,4.681332572377646,8
周末及普通休息日,56,南向北-右转,4.2601787487586895,0.4123600501175127,8
周末及普通休息日,56,南向北-左转,4.437686196623634,0.4295417188724094,8
周末及普通休息日,56,南向北-直行,80.67713505461768,7.809068449100403,8
周末及普通休息日,56,西向东-右转,8.409661835748793,0.30107743696328265,3
周末及普通休息日,56,西向东-左转,21.766183574879225,0.7792592486108476,3
周末及普通休息日,56,西向东-直行,55.157487922705315,1.9747137777297612,3
周末及普通休息日,57,东向西-右转,40.81012658227848,7.134931047718096,8
周末及普通休息日,57,东向西-左转,11.025316455696203,1.9275821782141622,8
周末及普通休息日,57,东向西-直行,45.664556962025316,7.983642603797464,8
周末及普通休息日,57,北向南-右转,17.79362567811935,2.184778836683525,8
周末及普通休息日,57,北向南-左转,27.57255877034358,3.385478820583251,8
周末及普通休息日,57,北向南-直行,66.13381555153707,8.12019782926001,8
周末及普通休息日,57,南向北-右转,5.573551829268293,0.6771049533715418,8
周末及普通休息日,57,南向北-左转,3.210365853658536,0.390012453142008,8
周末及普通休息日,57,南向北-直行,78.96608231707317,9.593222979368003,8
周末及普通休息日,57,西向东-右转,23.286195286195284,3.60351795219703,3
周末及普通休息日,57,西向东-左转,17.963636363636365,2.7798567059805666,3
周末及普通休息日,57,西向东-直行,41.08350168350168,6.357635244233333,3
周末及普通休息日,58,东向西-右转,34.55352748154225,5.466630358453224,8
周末及普通休息日,58,东向西-左转,12.65340442986054,2.001864638306814,8
周末及普通休息日,58,东向西-直行,51.66806808859721,8.174280606419492,8
周末及普通休息日,58,北向南-右转,23.81695464362851,2.919230175861454,8
周末及普通休息日,58,北向南-左转,27.92332613390929,3.422545723423774,8
周末及普通休息日,58,北向南-直行,75.00971922246221,9.193897335471705,8
周末及普通休息日,58,南向北-右转,6.684782608695652,0.4811617540804182,8
周末及普通休息日,58,南向北-左转,4.768478260869565,0.3432287179106984,8
周末及普通休息日,58,南向北-直行,85.92173913043479,6.184532412446977,8
周末及普通休息日,58,西向东-右转,19.461483081353492,2.7875441029568084,3
周末及普通休息日,58,西向东-左转,20.08927285817135,2.8774648804715457,3
周末及普通休息日,58,西向东-直行,33.11591072714183,4.743321013902311,3
周末及普通休息日,59,东向西-右转,39.995815899581594,8.819132028540242,8
周末及普通休息日,59,东向西-左转,14.048117154811717,3.097629018288928,8
周末及普通休息日,59,东向西-直行,54.58106694560669,12.035199803410801,8
周末及普通休息日,59,北向南-右转,19.858695652173914,1.709514398411703,8
周末及普通休息日,59,北向南-左转,29.902173913043477,2.5740963930107243,8
周末及普通休息日,59,北向南-直行,65.73913043478261,5.659082146466325,8
周末及普通休息日,59,南向北-右转,5.077684314695695,0.6870424906209452,8
周末及普通休息日,59,南向北-左转,3.9442726373082633,0.5336847918216269,8
周末及普通休息日,59,南向北-直行,82.60304304799604,11.176709088494308,8
周末及普通休息日,59,西向东-右转,16.432000000000002,3.4241121476961003,3
周末及普通休息日,59,西向东-左转,28.44,5.926347947935558,3
周末及普通休息日,59,西向东-直行,34.12799999999999,7.11161753752267,3
周末及普通休息日,60,东向西-右转,36.975589225589225,5.848248704880304,8
周末及普通休息日,60,东向西-左转,15.604377104377104,2.4680682607751736,8
周末及普通休息日,60,东向西-直行,48.17003367003367,7.618819413697275,8
周末及普通休息日,60,北向南-右转,22.92003136025088,2.5009013953173636,8
周末及普通休息日,60,北向南-左转,28.310123480987848,3.0890371048093717,8
周末及普通休息日,60,北向南-直行,72.64484515876127,7.926585778378764,8
周末及普通休息日,60,南向北-右转,7.677225624116815,0.8359428715087014,8
周末及普通休息日,60,南向北-左转,4.245054168629299,0.4622272348342228,8
周末及普通休息日,60,南向北-直行,83.95272020725389,9.141281165498087,8
周末及普通休息日,60,西向东-右转,16.99741602067183,3.3745899454959516,3
周末及普通休息日,60,西向东-左转,26.803617571059434,5.321468760205158,3
周末及普通休息日,60,西向东-直行,40.53229974160207,8.04709910079804,3
周末及普通休息日,61,东向西-右转,42.32112676056339,11.705723003305883,8
周末及普通休息日,61,东向西-左转,14.547887323943662,4.023842282386395,8
周末及普通休息日,61,东向西-直行,60.50598591549296,16.73552585628887,8
周末及普通休息日,61,北向南-右转,20.50932684509327,1.5757299610173205,8
周末及普通休息日,61,北向南-左转,28.31792376317924,2.1756638452578603,8
周末及普通休息日,61,北向南-直行,67.1727493917275,5.160877028286087,8
周末及普通休息日,61,南向北-右转,6.005007418397626,0.7861413407409952,8
周末及普通休息日,61,南向北-左转,3.0257789317507418,0.3961177298307341,8
周末及普通休息日,61,南向北-直行,85.09421364985164,11.140049386624336,8
周末及普通休息日,61,西向东-右转,12.054120541205412,1.3714499251922618,3
周末及普通休息日,61,西向东-左转,27.121771217712176,3.0857623316825875,3
周末及普通休息日,61,西向东-直行,42.49077490774908,4.834360986302719,3
周末及普通休息日,62,东向西-右转,39.49024520255863,7.659118912272382,8
周末及普通休息日,62,东向西-左转,15.626652452025585,3.0307836458574857,8
周末及普通休息日,62,东向西-直行,55.25810234541578,10.717289157339426,8
周末及普通休息日,62,北向南-右转,19.294005909666527,2.654978848113002,8
周末及普通休息日,62,北向南-左转,27.973828619670748,3.849378072842498,8
周末及普通休息日,62,北向南-直行,70.23216547066272,9.664396012668396,8
周末及普通休息日,62,南向北-右转,5.424819344080045,0.9266111002774194,8
周末及普通休息日,62,南向北-左转,6.162173429683158,1.0525582401209523,8
周末及普通休息日,62,南向北-直行,83.1630072262368,14.205038129495584,8
周末及普通休息日,62,西向东-右转,14.622950819672132,1.7187334324040862,3
周末及普通休息日,62,西向东-左转,22.978922716627636,2.7008668223492784,3
周末及普通休息日,62,西向东-直行,36.73145979703357,4.317294693300743,3
周末及普通休息日,63,东向西-右转,41.4952750748503,7.609896477364154,8
周末及普通休息日,63,东向西-左转,16.92627245508982,3.104140914804108,8
周末及普通休息日,63,东向西-直行,56.95345247005988,10.444800680169942,8
周末及普通休息日,63,北向南-右转,26.64584178498986,1.9719200834511763,8
周末及普通休息日,63,北向南-左转,27.094929006085195,2.005154691599228,8
周末及普通休息日,63,北向南-直行,69.25922920892495,5.125515123277585,8
周末及普通休息日,63,南向北-右转,8.08572247706422,1.2476100118267137,8
周末及普通休息日,63,南向北-左转,6.9598623853211015,1.0738921620786903,8
周末及普通休息日,63,南向北-直行,74.20441513761467,11.449585551574275,8
周末及普通休息日,63,西向东-右转,21.992229992229994,2.966153830521995,3
周末及普通休息日,63,西向东-左转,19.71717171717172,2.659310330812824,3
周末及普通休息日,63,西向东-直行,39.62393162393162,5.344190953268072,3
周末及普通休息日,64,东向西-右转,36.15674231057765,5.628299465247994,8
周末及普通休息日,64,东向西-左转,21.087771942985746,3.282604791396157,8
周末及普通休息日,64,东向西-直行,59.880485746436605,9.321229855568669,8
周末及普通休息日,64,北向南-右转,24.607613679786017,3.3044898660662305,8
周末及普通休息日,64,北向南-左转,29.549102025219717,3.968068966959851,8
周末及普通休息日,64,北向南-直行,76.46828429499426,10.268719015848802,8
周末及普通休息日,64,南向北-右转,9.01255049047894,1.3306625905444809,8
周末及普通休息日,64,南向北-左转,5.76803231390652,0.8516240579484674,8
周末及普通休息日,64,南向北-直行,74.46941719561454,10.99507489101325,8
周末及普通休息日,64,西向东-右转,29.456692913385826,7.653766076923856,3
周末及普通休息日,64,西向东-左转,19.866141732283463,5.16184223792539,3
周末及普通休息日,64,西向东-直行,37.67716535433071,9.789700796065393,3
周末及普通休息日,65,东向西-右转,45.57480592801694,11.708851083300823,8
周末及普通休息日,65,东向西-左转,22.428546224417786,5.762229863829146,8
周末及普通休息日,65,东向西-直行,59.121647847565285,15.18923792105362,8
周末及普通休息日,65,北向南-右转,24.407513270722742,2.468139969445196,8
周末及普通休息日,65,北向南-左转,33.94324213964884,3.432413277345845,8
周末及普通休息日,65,北向南-直行,62.649244589628424,6.335225670559734,8
周末及普通休息日,65,南向北-右转,6.3890652048470855,0.5975801177893176,8
周末及普通休息日,65,南向北-左转,6.4397720715522215,0.6023228171368518,8
周末及普通休息日,65,南向北-直行,75.04616272360069,7.019195034350718,8
周末及普通休息日,65,西向东-右转,24.23045267489712,7.250790951008821,3
周末及普通休息日,65,西向东-左转,21.20164609053498,6.344442082132719,3
周末及普通休息日,65,西向东-直行,31.234567901234566,9.346722710284808,3
周末及普通休息日,66,东向西-右转,45.07359570041609,7.119563554827891,8
周末及普通休息日,66,东向西-左转,19.57871012482663,3.0925394100291133,8
周末及普通休息日,66,东向西-直行,58.09769417475728,9.176774553673344,8
周末及普通休息日,66,北向南-右转,23.39622641509434,2.5988077182089375,8
周末及普通休息日,66,北向南-左转,35.46133925268221,3.93897718857943,8
周末及普通休息日,66,北向南-直行,65.14243433222346,7.235895999719,8
周末及普通休息日,66,南向北-右转,6.772396934460888,1.7103231232307623,8
周末及普通休息日,66,南向北-左转,4.274775369978858,1.0795656593442393,8
周末及普通休息日,66,南向北-直行,79.82782769556025,20.15997894191153,8
周末及普通休息日,66,西向东-右转,15.626168224299064,4.717395605038463,3
周末及普通休息日,66,西向东-左转,25.39252336448598,7.665767858187501,3
周末及普通休息日,66,西向东-直行,28.647975077881622,8.648558609237181,3
周末及普通休息日,67,东向西-右转,45.48434979025492,8.509235871998007,8
周末及普通休息日,67,东向西-左转,21.874152952565346,4.092227938441788,8
周末及普通休息日,67,东向西-直行,67.14149725717974,12.56086631105049,8
周末及普通休息日,67,北向南-右转,18.774069319640567,1.976449825307158,8
周末及普通休息日,67,北向南-左转,36.34659820282413,3.826406861794658,8
周末及普通休息日,67,北向南-直行,61.8793324775353,6.514378624212396,8
周末及普通休息日,67,南向北-右转,7.029764882441221,1.5151064231883906,8
周末及普通休息日,67,南向北-左转,4.1083041520760375,0.885451805759449,8
周末及普通休息日,67,南向北-直行,80.11193096548274,17.266310212309257,8
周末及普通休息日,67,西向东-右转,16.515406162464984,2.9656762704913304,3
周末及普通休息日,67,西向东-左转,34.53221288515407,6.20095947466369,3
周末及普通休息日,67,西向东-直行,38.285714285714285,6.874976808866261,3
周末及普通休息日,68,东向西-右转,44.85547425952045,5.171194078045716,8
周末及普通休息日,68,东向西-左转,21.272566995768692,2.452422458781645,8
周末及普通休息日,68,东向西-直行,57.49695874471086,6.628576276911864,8
周末及普通休息日,68,北向南-右转,26.10997267759563,3.7146442916688485,8
周末及普通休息日,68,北向南-左转,27.724043715846996,3.944276847881104,8
周末及普通休息日,68,北向南-直行,67.79098360655738,9.64456736091475,8
周末及普通休息日,68,南向北-右转,5.580678314491265,0.9363563397654762,8
周末及普通休息日,68,南向北-左转,3.906474820143886,0.6554494378358333,8
周末及普通休息日,68,南向北-直行,81.01284686536486,13.5927728655955,8
周末及普通休息日,68,西向东-右转,19.4238683127572,3.7716672386467827,3
周末及普通休息日,68,西向东-左转,30.916323731138544,6.003237021512795,3
周末及普通休息日,68,西向东-直行,28.32647462277092,5.500348056359891,3
周末及普通休息日,69,东向西-右转,45.73806960889846,6.583541195842445,8
周末及普通休息日,69,东向西-左转,17.618945102260497,2.536072289449033,8
周末及普通休息日,69,东向西-直行,60.64298528884105,8.728955885149075,8
周末及普通休息日,69,北向南-右转,22.678291536050157,1.9226330350603749,8
周末及普通休息日,69,北向南-左转,26.939655172413794,2.2839053332250683,8
周末及普通休息日,69,北向南-直行,59.757053291536046,5.066117284608329,8
周末及普通休息日,69,南向北-右转,5.941452304394427,0.8101737210847486,8
周末及普通休息日,69,南向北-左转,5.503148445873526,0.7504068072342345,8
周末及普通休息日,69,南向北-直行,79.43039924973205,10.831092943354301,8
周末及普通休息日,69,西向东-右转,17.586638830897705,4.407034333067185,3
周末及普通休息日,69,西向东-左转,19.615866388308977,4.915538294574937,3
周末及普通休息日,69,西向东-直行,43.79749478079332,10.975210502542312,3
周末及普通休息日,70,东向西-右转,47.45650684931507,10.509559547830362,8
周末及普通休息日,70,东向西-左转,19.906849315068495,4.408504379614233,8
周末及普通休息日,70,东向西-直行,62.38664383561645,13.815937832541039,8
周末及普通休息日,70,北向南-右转,24.110878661087867,1.7278648558950704,8
周末及普通休息日,70,北向南-左转,29.02949790794979,2.080349286497663,8
周末及普通休息日,70,北向南-直行,62.109623430962344,4.4509798687857005,8
周末及普通休息日,70,南向北-右转,6.025093432995194,0.7499754053580675,8
周末及普通休息日,70,南向北-左转,5.383075280298986,0.6700599933117161,8
周末及普通休息日,70,南向北-直行,81.09183128670583,10.093931275393006,8
周末及普通休息日,70,西向东-右转,16.03579418344519,2.2419456139098526,3
周末及普通休息日,70,西向东-左转,24.053691275167782,3.362918420864775,3
周末及普通休息日,70,西向东-直行,45.24384787472036,6.325489410674226,3
周末及普通休息日,71,东向西-右转,41.282316442605996,8.726246248878471,8
周末及普通休息日,71,东向西-左转,19.78110996208204,4.181326327587601,8
周末及普通休息日,71,东向西-直行,63.686573595311955,13.46205280686357,8
周末及普通休息日,71,北向南-右转,26.9325,3.907435220192395,8
周末及普通休息日,71,北向南-左转,34.627500000000005,5.023845283104509,8
周末及普通休息日,71,北向南-直行,66.69,9.67555387857165,8
周末及普通休息日,71,南向北-右转,6.139705882352941,0.7790747646265436,8
周末及普通休息日,71,南向北-左转,4.017895761245675,0.5098356915570762,8
周末及普通休息日,71,南向北-直行,94.21739835640139,11.955360542467618,8
周末及普通休息日,71,西向东-右转,23.78205128205128,4.182474942775246,3
周末及普通休息日,71,西向东-左转,29.21794871794872,5.138469215409587,3
周末及普通休息日,71,西向东-直行,35.333333333333336,6.213962772123226,3
周末及普通休息日,72,东向西-右转,42.33641437042204,8.494453447085094,8
周末及普通休息日,72,东向西-左转,17.46006278339728,3.503218038237294,8
周末及普通休息日,72,东向西-直行,61.703522846180675,12.380304523479376,8
周末及普通休息日,72,北向南-右转,29.484302325581393,4.801952713271908,8
周末及普通休息日,72,北向南-左转,30.738953488372093,5.006291126602631,8
周末及普通休息日,72,北向南-直行,64.27674418604651,10.468414098327633,8
周末及普通休息日,72,南向北-右转,8.158658310120705,0.7720600621384367,8
周末及普通休息日,72,南向北-左转,5.183147632311978,0.49048521594677147,8
周末及普通休息日,72,南向北-直行,90.03319405756731,8.519909862186509,8
周末及普通休息日,72,西向东-右转,12.96551724137931,0.3445516137047391,3
周末及普通休息日,72,西向东-左转,27.371647509578548,0.7273867400433386,3
周末及普通休息日,72,西向东-直行,37.99616858237548,1.0097276457180535,3
周末及普通休息日,73,东向西-右转,41.2405485544848,5.671621879518855,8
周末及普通休息日,73,东向西-左转,20.972757598220902,2.8842863404390746,8
周末及普通休息日,73,东向西-直行,56.66169384729429,7.792420659253465,8
周末及普通休息日,73,北向南-右转,25.994302366040362,2.3358943516062918,8
周末及普通休息日,73,北向南-左转,29.541101252609604,2.654616022561547,8
周末及普通休息日,73,北向南-直行,78.58959638135003,7.062201235377009,8
周末及普通休息日,73,南向北-右转,8.432357212003872,1.3698962897247102,8
周末及普通休息日,73,南向北-左转,4.4724104549854795,0.7265748276992942,8
周末及普通休息日,73,南向北-直行,83.34523233301064,13.540024653687883,8
周末及普通休息日,73,西向东-右转,24.26666666666667,3.674834145603472,3
周末及普通休息日,73,西向东-左转,27.377777777777776,4.145966728373149,3
周末及普通休息日,73,西向东-直行,27.688888888888886,4.193079986650114,3
周末及普通休息日,74,东向西-右转,45.558285163776496,14.681201198531143,8
周末及普通休息日,74,东向西-左转,23.031310211946053,7.421861860512059,8
周末及普通休息日,74,东向西-直行,62.285404624277454,20.07153152788114,8
周末及普通休息日,74,北向南-右转,21.99575780948708,4.572972309214769,8
周末及普通休息日,74,北向南-左转,31.243974161203237,6.4956993028618895,8
周末及普通休息日,74,北向南-直行,76.38526802930969,15.880685655636743,8
周末及普通休息日,74,南向北-右转,6.573547034152186,1.300586504907975,8
周末及普通休息日,74,南向北-左转,3.1396045536249253,0.6211756441351524,8
周末及普通休息日,74,南向北-直行,72.1618484122229,14.277333945668897,8
周末及普通休息日,74,西向东-右转,14.290456431535267,2.879476717668252,3
周末及普通休息日,74,西向东-左转,31.30290456431535,6.307425191082839,3
周末及普通休息日,74,西向东-直行,36.406639004149376,7.335809733107216,3
周末及普通休息日,75,东向西-右转,46.14810003247808,8.255659223046331,8
周末及普通休息日,75,东向西-左转,21.617408249431634,3.8672438446475046,8
周末及普通休息日,75,东向西-直行,62.23449171809029,11.133432474629732,8
周末及普通休息日,75,北向南-右转,26.01043485853999,3.4950895774365907,8
周末及普通休息日,75,北向南-左转,33.00445337059029,4.434893980508291,8
周末及普通休息日,75,北向南-直行,71.86011177086971,9.65602955312885,8
周末及普通休息日,75,南向北-右转,7.809673689619734,1.6668923846009145,8
周末及普通休息日,75,南向北-左转,3.607977903391572,0.7700847858682587,8
周末及普通休息日,75,南向北-直行,77.45734840698869,16.532453124462872,8
周末及普通休息日,75,西向东-右转,24.67450980392157,4.591632729084554,3
周末及普通休息日,75,西向东-左转,20.245751633986927,3.767493521300147,3
周末及普通休息日,75,西向东-直行,35.74640522875817,6.651980748545572,3
周末及普通休息日,76,东向西-右转,46.006246096189884,3.172545386175528,8
周末及普通休息日,76,东向西-左转,21.10680824484697,1.4555046932991684,8
周末及普通休息日,76,东向西-直行,64.88694565896314,4.474539818853299,8
周末及普通休息日,76,北向南-右转,26.991559485530548,1.6640335908560573,8
周末及普通休息日,76,北向南-左转,29.534565916398712,1.8208103093334058,8
周末及普通休息日,76,北向南-直行,68.34887459807074,4.213718117671866,8
周末及普通休息日,76,南向北-右转,7.122287968441815,1.1978975836889307,8
周末及普通休息日,76,南向北-左转,6.169625246548323,1.0376692444693922,8
周末及普通休息日,76,南向北-直行,78.70808678500985,13.237912787899969,8
周末及普通休息日,76,西向东-右转,22.8456510809452,2.4767910416636543,3
周末及普通休息日,76,西向东-左转,30.84162895927602,3.343667906245933,3
周末及普通休息日,76,西向东-直行,40.979386626445454,4.442743930984181,3
周末及普通休息日,77,东向西-右转,44.956672806430014,5.074738772347088,8
周末及普通休息日,77,东向西-左转,20.240957803081045,2.284812619363712,8
周末及普通休息日,77,东向西-直行,59.67736939048895,6.7364206773388755,8
周末及普通休息日,77,北向南-右转,22.090246212121208,2.6732090254509573,8
周末及普通休息日,77,北向南-左转,26.42528409090909,3.1978053686501036,8
周末及普通休息日,77,北向南-直行,73.2344696969697,8.862329712768517,8
周末及普通休息日,77,南向北-右转,6.768460181451613,0.6601521388250579,8
周末及普通休息日,77,南向北-左转,4.769720262096774,0.46520788306463806,8
周末及普通休息日,77,南向北-直行,78.58681955645162,7.664853692398325,8
周末及普通休息日,77,西向东-右转,19.105263157894736,2.3669168155458036,3
周末及普通休息日,77,西向东-左转,24.31578947368421,3.0124395834219366,3
周末及普通休息日,77,西向东-直行,33.57894736842105,4.160035615201724,3
周末及普通休息日,78,东向西-右转,54.60529947557273,10.088006171827544,8
周末及普通休息日,78,东向西-左转,21.04057410985371,3.88712164419043,8
周末及普通休息日,78,东向西-直行,75.60412641457356,13.96741527307316,8
周末及普通休息日,78,北向南-右转,23.434413275385225,2.9319288206027228,8
周末及普通休息日,78,北向南-左转,29.38675424733307,3.6766387410358132,8
周末及普通休息日,78,北向南-直行,65.8038324772817,8.232856128252443,8
周末及普通休息日,78,南向北-右转,8.026089295320064,0.9140005846225715,8
周末及普通休息日,78,南向北-左转,2.767616998386229,0.3151726153870936,8
周末及普通休息日,78,南向北-直行,74.9562937062937,8.53592500006712,8
周末及普通休息日,78,西向东-右转,21.863607393244106,1.9782250141258313,3
周末及普通休息日,78,西向东-左转,19.130656469088592,1.7309468873601022,3
周末及普通休息日,78,西向东-直行,48.33906947100064,4.373731867168833,3
周末及普通休息日,79,东向西-右转,45.37669153365719,6.674140211200338,8
周末及普通休息日,79,东向西-左转,21.620402498265094,3.1799937989965112,8
周末及普通休息日,79,东向西-直行,58.62790596807773,8.623168668649814,8
周末及普通休息日,79,北向南-右转,26.570477247502776,4.605742237010506,8
周末及普通休息日,79,北向南-左转,30.318812430632633,5.255480874017347,8
周末及普通休息日,79,北向南-直行,71.3607103218646,12.369707722256786,8
周末及普通休息日,79,南向北-右转,7.443639489194499,1.3368656633600544,8
周末及普通休息日,79,南向北-左转,4.1898330058939095,0.7524872596158394,8
周末及普通休息日,79,南向北-直行,79.11652750491159,14.20920091295866,8
周末及普通休息日,79,西向东-右转,17.218033998521804,1.6997692655577101,3
周末及普通休息日,79,西向东-左转,25.827050997782703,2.5496538983365657,3
周末及普通休息日,79,西向东-直行,31.62158167036216,3.1216916319377215,3
周末及普通休息日,80,东向西-右转,48.30903522205207,8.484842540155949,8
周末及普通休息日,80,东向西-左转,23.478866768759573,4.1237521436422275,8
周末及普通休息日,80,东向西-直行,66.08709800918837,11.60732392949655,8
周末及普通休息日,80,北向南-右转,19.760283893395133,3.223886089429665,8
周末及普通休息日,80,北向南-左转,32.91830822711472,5.370614944273422,8
周末及普通休息日,80,北向南-直行,67.69640787949015,11.04465446166963,8
周末及普通休息日,80,南向北-右转,7.004273504273504,0.7132201461197831,8
周末及普通休息日,80,南向北-左转,3.6666666666666665,0.37336356642512153,8
周末及普通休息日,80,南向北-直行,71.82905982905983,7.314096532020324,8
周末及普通休息日,80,西向东-右转,13.781512605042018,2.5097789114400135,3
周末及普通休息日,80,西向东-左转,24.806722689075627,4.517602040592021,3
周末及普通休息日,80,西向东-直行,43.411764705882355,7.9058035710360475,3
周末及普通休息日,81,东向西-右转,47.54575015124017,5.428429314737626,8
周末及普通休息日,81,东向西-左转,20.890048396854205,2.385074391360994,8
周末及普通休息日,81,东向西-直行,69.68920145190562,7.956608169580288,8
周末及普通休息日,81,北向南-右转,22.878081664098612,3.414737597906953,8
周末及普通休息日,81,北向南-左转,31.493258859784287,4.700622049001619,8
周末及普通休息日,81,北向南-直行,69.87865947611711,10.42995165887898,8
周末及普通休息日,81,南向北-右转,4.239562118126273,0.4872158062210044,8
周末及普通休息日,81,南向北-左转,7.081466395112016,0.8138110169845347,8
周末及普通休息日,81,南向北-直行,80.17897148676171,9.214268159410427,8
周末及普通休息日,81,西向东-右转,18.43137254901961,0.9509298551358532,3
周末及普通休息日,81,西向东-左转,27.349778621125864,1.4110572043951395,3
周末及普通休息日,81,西向东-直行,32.55218216318786,1.6794648247963844,3
周末及普通休息日,82,东向西-右转,45.140518638573745,6.5920432047935495,8
周末及普通休息日,82,东向西-左转,24.71572123176661,3.609331640647418,8
周末及普通休息日,82,东向西-直行,62.51876012965964,9.129854514623762,8
周末及普通休息日,82,北向南-右转,26.25574171686747,3.3367936684658446,8
周末及普通休息日,82,北向南-左转,27.476939006024097,3.491993373975882,8
周末及普通休息日,82,北向南-直行,71.01731927710843,9.02545979735305,8
周末及普通休息日,82,南向北-右转,6.303690807799443,0.8483492812371642,8
周末及普通休息日,82,南向北-左转,4.330779944289693,0.582835384056067,8
周末及普通休息日,82,南向北-直行,75.74052924791086,10.193143272269433,8
周末及普通休息日,82,西向东-右转,17.263299663299662,3.1988808708625167,3
周末及普通休息日,82,西向东-左转,21.430303030303033,3.9710245293465745,3
周末及普通休息日,82,西向东-直行,34.97306397306397,6.480491419419754,3
周末及普通休息日,83,东向西-右转,52.57807045382418,7.732062056951973,8
周末及普通休息日,83,东向西-左转,22.70898127578547,3.3395529915602395,8
周末及普通休息日,83,东向西-直行,58.212948270390356,8.560719795529423,8
周末及普通休息日,83,北向南-右转,25.37373635260817,2.101799567598833,8
周末及普通休息日,83,北向南-左转,24.91609381318237,2.0638913589647863,8
周末及普通休息日,83,北向南-直行,75.46016983420947,6.250642401436211,8
周末及普通休息日,83,南向北-右转,7.667697063369396,1.3334608470751572,8
周末及普通休息日,83,南向北-左转,4.768933539412674,0.8293476000101588,8
周末及普通休息日,83,南向北-直行,78.31336939721793,13.619188529578585,8
周末及普通休息日,83,西向东-右转,19.058823529411764,1.5429267116004723,3
周末及普通休息日,83,西向东-左转,25.12299465240642,2.033857938018804,3
周末及普通休息日,83,西向东-直行,36.81818181818182,2.9806538746827314,3
周末及普通休息日,84,东向西-右转,43.98383937316356,9.781092246985382,8
周末及普通休息日,84,东向西-左转,20.688050930460335,4.60059279601289,8
周末及普通休息日,84,东向西-直行,68.4531096963761,15.222549692689698,8
周末及普通休息日,84,北向南-右转,28.577916992952233,4.717736707681585,8
周末及普通休息日,84,北向南-左转,36.52740798747063,6.030064876367659,8
周末及普通休息日,84,北向南-直行,63.39467501957713,10.46540185154718,8
周末及普通休息日,84,南向北-右转,5.474505098980203,0.6454492422361594,8
周末及普通休息日,84,南向北-左转,5.708458308338333,0.6730325431864228,8
周末及普通休息日,84,南向北-直行,66.81703659268146,7.877790751395176,8
周末及普通休息日,84,西向东-右转,13.765532144786603,3.172883894032484,3
周末及普通休息日,84,西向东-左转,23.82495948136142,5.491529816594683,3
周末及普通休息日,84,西向东-直行,44.07617504051864,10.15933016070016,3
周末及普通休息日,85,东向西-右转,41.41244865023474,9.491533793762377,8
周末及普通休息日,85,东向西-左转,20.686179577464788,4.741172737252067,8
周末及普通休息日,85,东向西-直行,74.52637177230046,17.08108550106898,8
周末及普通休息日,85,北向南-右转,24.52914285714286,2.7751803971049416,8
周末及普通休息日,85,北向南-左转,33.65514285714286,3.807678615712883,8
周末及普通休息日,85,北向南-直行,68.56571428571428,7.7573940234035765,8
周末及普通休息日,85,南向北-右转,6.615168539325842,1.0330708484554547,8
周末及普通休息日,85,南向北-左转,4.0181023720349565,0.6274948857284983,8
周末及普通休息日,85,南向北-直行,67.8667290886392,10.598541667487444,8
周末及普通休息日,85,西向东-右转,6.7102396514161216,0.6619509407384531,3
周末及普通休息日,85,西向东-左转,21.08932461873638,2.0804172423208525,3
周末及普通休息日,85,西向东-直行,45.533769063180834,4.491809955010929,3
周末及普通休息日,86,东向西-右转,37.7107250755287,4.904286406823335,8
周末及普通休息日,86,东向西-左转,20.48882175226586,2.66457486060562,8
周末及普通休息日,86,东向西-直行,75.30045317220544,9.792837135336004,8
周末及普通休息日,86,北向南-右转,25.47698863636364,3.990063696865906,8
周末及普通休息日,86,北向南-左转,29.557102272727278,4.629068311261563,8
周末及普通休息日,86,北向南-直行,70.2159090909091,10.996823596576428,8
周末及普通休息日,86,南向北-右转,6.474924471299094,0.5152192453829707,8
周末及普通休息日,86,南向北-左转,3.903323262839879,0.3105931621103016,8
周末及普通休息日,86,南向北-直行,65.62175226586103,5.221619160654361,8
周末及普通休息日,86,西向东-右转,14.369068541300527,1.9976728563977637,3
周末及普通休息日,86,西向东-左转,14.882249560632689,2.069018315554828,3
周末及普通休息日,86,西向东-直行,43.748681898066785,6.082200393139628,3
周末及普通休息日,87,东向西-右转,44.32608855545749,7.506730991366792,8
周末及普通休息日,87,东向西-左转,23.78273021476905,4.027663251612156,8
周末及普通休息日,87,东向西-直行,71.26618122977347,12.069101260865395,8
周末及普通休息日,87,北向南-右转,22.60671936758893,2.7261124873513696,8
周末及普通休息日,87,北向南-左转,29.218577075098814,3.5234271073079024,8
周末及普通休息日,87,北向南-直行,71.17470355731226,8.582857379532054,8
周末及普通休息日,87,南向北-右转,6.305425904317386,1.1150763177536043,8
周末及普通休息日,87,南向北-左转,4.139439906651108,0.7320348345558017,8
周末及普通休息日,87,南向北-直行,72.0551341890315,12.742513341046928,8
周末及普通休息日,87,西向东-右转,15.304347826086955,0.5258636146215335,3
周末及普通休息日,87,西向东-左转,16.26086956521739,0.5587300905353786,3
周末及普通休息日,87,西向东-直行,45.434782608695656,1.5611576059076786,3
周末及普通休息日,88,东向西-右转,43.51009211595773,7.117061010150736,8
周末及普通休息日,88,东向西-左转,23.030208615551338,3.7671122220691284,8
周末及普通休息日,88,东向西-直行,76.08469926849092,12.4453757806277,8
周末及普通休息日,88,北向南-右转,26.119421824104233,4.425713724812749,8
周末及普通休息日,88,北向南-左转,37.55981270358306,6.36419058978709,8
周末及普通休息日,88,北向南-直行,65.44576547231271,11.089227948162057,8
周末及普通休息日,88,南向北-右转,8.837137569401605,1.3464010146688477,8
周末及普通休息日,88,南向北-左转,4.673041332510796,0.7119712171809093,8
周末及普通休息日,88,南向北-直行,61.4898210980876,9.368413342905233,8
周末及普通休息日,88,西向东-右转,6.478873239436621,0.09758032718697887,3
周末及普通休息日,88,西向东-左转,16.305164319248828,0.24557715675389863,3
周末及普通休息日,88,西向东-直行,53.882629107981224,0.8115430544383776,3
周末及普通休息日,89,东向西-右转,45.80714483139856,9.854330729427266,8
周末及普通休息日,89,东向西-左转,25.387092316196792,5.4614363078753545,8
周末及普通休息日,89,东向西-直行,71.43076285240465,15.366649984270408,8
周末及普通休息日,89,北向南-右转,19.445995145631066,1.6165766866507418,8
周末及普通休息日,89,北向南-左转,45.22633495145631,3.7597375787480805,8
周末及普通休息日,89,北向南-直行,63.077669902912625,5.243747612279398,8
周末及普通休息日,89,南向北-右转,7.9912361623616235,1.525049402263254,8
周末及普通休息日,89,南向北-左转,3.1508302583025833,0.601305192892369,8
周末及普通休息日,89,南向北-直行,63.10793357933579,12.04353299387324,8
周末及普通休息日,89,西向东-右转,7.52112676056338,0.8450704225352114,3
周末及普通休息日,89,西向东-左转,23.8169014084507,2.6760563380281708,3
周末及普通休息日,89,西向东-直行,57.66197183098592,6.4788732394366235,3
周末及普通休息日,90,东向西-右转,49.122302158273385,7.320188454225435,8
周末及普通休息日,90,东向西-左转,23.251223021582735,3.4648892016667063,8
周末及普通休息日,90,东向西-直行,69.87647482014388,10.41296807613568,8
周末及普通休息日,90,北向南-右转,23.22285005512679,2.5460622662560426,8
周末及普通休息日,90,北向南-左转,27.978224917309813,3.067422929127557,8
周末及普通休息日,90,北向南-直行,74.4239250275634,8.159547461639642,8
周末及普通休息日,90,南向北-右转,6.71161825726141,1.8010060583781082,8
周末及普通休息日,90,南向北-左转,6.807498518079431,1.8267347163549381,8
周末及普通休息日,90,南向北-直行,67.35588322465917,18.074382228723163,8
周末及普通休息日,90,西向东-右转,8.659670164917541,1.7798470026054134,3
周末及普通休息日,90,西向东-左转,19.484257871064468,4.00465575586218,3
周末及普通休息日,90,西向东-直行,47.85607196401799,9.835996593345715,3
周末及普通休息日,91,东向西-右转,40.87045178896301,5.500575648076548,8
周末及普通休息日,91,东向西-左转,20.22134627046695,2.7215026993337816,8
周末及普通休息日,91,东向西-直行,67.15820194057005,9.038529157210457,8
周末及普通休息日,91,北向南-右转,24.46993670886076,3.1892234871343326,8
周末及普通休息日,91,北向南-左转,31.53902953586498,4.110554716750921,8
周末及普通休息日,91,北向南-直行,72.86603375527426,9.496798828355576,8
周末及普通休息日,91,南向北-右转,9.229612492770388,1.5994632783565137,8
周末及普通休息日,91,南向北-左转,4.477732793522267,0.7759772340541499,8
周末及普通休息日,91,南向北-直行,65.29265471370735,11.315014974116131,8
周末及普通休息日,91,西向东-右转,12.102564102564104,1.4622130696803335,3
周末及普通休息日,91,西向东-左转,17.64957264957265,2.1323940599504843,3
周末及普通休息日,91,西向东-直行,48.914529914529915,5.909777823291352,3
周末及普通休息日,92,东向西-右转,49.71639862148191,11.733852012660929,8
周末及普通休息日,92,东向西-左转,24.00919012062033,5.666546484271521,8
周末及普通休息日,92,东向西-直行,63.77441125789776,15.05176409884623,8
周末及普通休息日,92,北向南-右转,21.2938904494382,3.372252870427394,8
周末及普通休息日,92,北向南-左转,27.565058186195827,4.365399869630187,8
周末及普通休息日,92,北向南-直行,67.76605136436596,10.7319168272063,8
周末及普通休息日,92,南向北-右转,9.86425667828107,1.8154685752882689,8
周末及普通休息日,92,南向北-左转,3.6414779326364695,0.6701963432138937,8
周末及普通休息日,92,南向北-直行,65.86926538908247,12.122918663957645,8
周末及普通休息日,92,西向东-右转,10.75268817204301,0.3724840446384679,3
周末及普通休息日,92,西向东-左转,13.978494623655914,0.48422925803000777,3
周末及普通休息日,92,西向东-直行,41.935483870967744,1.4526877740900253,3
周末及普通休息日,93,东向西-右转,44.731902583423036,9.15489373821723,8
周末及普通休息日,93,东向西-左转,23.444564047362757,4.798197264070176,8
周末及普通休息日,93,东向西-直行,83.0735333692142,17.00194551383199,8
周末及普通休息日,93,北向南-右转,26.201457307060757,3.429272486928564,8
周末及普通休息日,93,北向南-左转,28.65938013136289,3.750967842175146,8
周末及普通休息日,93,北向南-直行,64.88916256157636,8.492757378509761,8
周末及普通休息日,93,南向北-右转,5.713551701991008,0.8463973397857008,8
周末及普通休息日,93,南向北-左转,3.749518304431599,0.5554482542343662,8
周末及普通休息日,93,南向北-直行,60.03692999357739,8.893784546966934,8
周末及普通休息日,93,西向东-右转,11.976931949250288,3.023337136695202,3
周末及普通休息日,93,西向东-左转,16.876585928489042,4.2601568744341485,3
周末及普通休息日,93,西向东-直行,49.81314878892734,12.57433400034596,3
周末及普通休息日,94,东向西-右转,46.626724137931035,9.79771884189586,8
周末及普通休息日,94,东向西-左转,21.408045977011493,4.498493499493049,8
周末及普通休息日,94,东向西-直行,80.96522988505747,17.013302415082713,8
周末及普通休息日,94,北向南-右转,22.773251556206517,2.959979802005969,8
周末及普通休息日,94,北向南-左转,35.75155620651776,4.646850011751307,8
周末及普通休息日,94,北向南-直行,75.22519223727572,9.777481668561649,8
周末及普通休息日,94,南向北-右转,9.48640483383686,1.4018722175683587,8
周末及普通休息日,94,南向北-左转,5.739274924471299,0.8481326916288571,8
周末及普通休息日,94,南向北-直行,63.27432024169184,9.350487691180948,8
周末及普通休息日,94,西向东-右转,7.186228482003131,0.8032057556104131,3
周末及普通休息日,94,西向东-左转,20.018779342723004,2.237501747771864,3
周末及普通休息日,94,西向东-直行,54.794992175273855,6.124443886529407,3
周末及普通休息日,95,东向西-右转,45.59628326705414,8.524932096414974,8
周末及普通休息日,95,东向西-左转,20.322422759253595,3.7995920203096003,8
周末及普通休息日,95,东向西-直行,74.83129397369227,13.99087061715696,8
周末及普通休息日,95,北向南-右转,20.71203022084464,2.860956380642814,8
周末及普通休息日,95,北向南-左转,35.37054436265014,4.885739519600172,8
周末及普通休息日,95,北向南-直行,73.04242541650524,10.089363081493977,8
周末及普通休息日,95,南向北-右转,7.56864406779661,1.552100077624625,8
周末及普通休息日,95,南向北-左转,4.90021186440678,1.0048853066672254,8
周末及普通休息日,95,南向北-直行,73.40614406779662,15.053380881064472,8
周末及普通休息日,95,西向东-右转,9.473684210526315,2.3114867324143185,3
周末及普通休息日,95,西向东-左转,24.73684210526316,6.0355486901929405,3
周末及普通休息日,95,西向东-直行,45.78947368421052,11.172185873335874,3
周末及普通休息日,96,东向西-右转,44.351621703546535,5.974718247127497,8
周末及普通休息日,96,东向西-左转,18.452864504395272,2.485831679461805,8
周末及普通休息日,96,东向西-直行,70.69551379205821,9.523570052674946,8
周末及普通休息日,96,北向南-右转,28.733523334520843,4.118285248663817,8
周末及普通休息日,96,北向南-左转,33.35322408265051,4.780412382282911,8
周末及普通休息日,96,北向南-直行,80.41325258282865,11.52537779838072,8
周末及普通休息日,96,南向北-右转,7.015985497692815,1.2439232118272368,8
周末及普通休息日,96,南向北-左转,3.253790375741595,0.5768919243256752,8
周末及普通休息日,96,南向北-直行,66.85522412656559,11.85332625762911,8
周末及普通休息日,96,西向东-右转,16.932604735883427,1.2740250925694367,3
周末及普通休息日,96,西向东-左转,16.327868852459016,1.2285241964062432,3
周末及普通休息日,96,西向东-直行,49.73952641165755,3.7424487094227183,3
周末及普通休息日,97,东向西-右转,42.03766816143498,13.094625476088085,8
周末及普通休息日,97,东向西-左转,22.37488789237668,6.969720011466236,8
周末及普通休息日,97,东向西-直行,77.33744394618833,24.09041481235963,8
周末及普通休息日,97,北向南-右转,30.231923076923074,3.485619915612081,8
周末及普通休息日,97,北向南-左转,25.423461538461538,2.931223516174627,8
周末及普通休息日,97,北向南-直行,77.3446153846154,8.91752506329183,8
周末及普通休息日,97,南向北-右转,4.271021992238034,0.6430865588060924,8
周末及普通休息日,97,南向北-左转,2.847347994825356,0.42872437253739487,8
周末及普通休息日,97,南向北-直行,63.88163001293661,9.618638745153484,8
周末及普通休息日,97,西向东-右转,11.398692810457517,1.4059429709541191,3
周末及普通休息日,97,西向东-左转,16.579916815210932,2.0450079577514435,3
周末及普通休息日,97,西向东-直行,44.68805704099822,5.511935511126942,3
周末及普通休息日,98,东向西-右转,52.62897067806964,10.510277393044566,8
周末及普通休息日,98,东向西-左转,20.597739767868052,4.113475065934523,8
周末及普通休息日,98,东向西-直行,69.6482895540623,13.909123316168426,8
周末及普通休息日,98,北向南-右转,27.557619408642914,3.290268899621935,8
周末及普通休息日,98,北向南-左转,37.674374526156186,4.498168763345474,8
周末及普通休息日,98,北向南-直行,73.76800606520091,8.807603172984143,8
周末及普通休息日,98,南向北-右转,5.136743886743887,0.589646971915737,8
周末及普通休息日,98,南向北-左转,2.7927927927927927,0.3205847614299155,8
周末及普通休息日,98,南向北-直行,69.57046332046332,7.9859953963344985,8
周末及普通休息日,98,西向东-右转,10.388059701492537,1.6193857898529966,3
周末及普通休息日,98,西向东-左转,20.199004975124378,3.148805702491938,3
周末及普通休息日,98,西向东-直行,46.74626865671642,7.287236054338484,3
周末及普通休息日,99,东向西-右转,39.424593566240056,11.36586569246505,8
周末及普通休息日,99,东向西-左转,21.00311310965064,6.055067183555188,8
周末及普通休息日,99,东向西-直行,66.07229332410931,19.0482321816007,8
周末及普通休息日,99,北向南-右转,31.569414893617022,4.2493745616769445,8
周末及普通休息日,99,北向南-左转,28.80576241134752,3.877375441799505,8
周末及普通休息日,99,北向南-直行,89.49982269503546,12.047048420646433,8
周末及普通休息日,99,南向北-右转,2.9335455246913584,0.9726309852093262,8
周末及普通休息日,99,南向北-左转,4.586998456790123,1.5208411768727648,8
周末及普通休息日,99,南向北-直行,61.60445601851852,20.425250689395856,8
周末及普通休息日,99,西向东-右转,15.719999999999999,3.221614502078112,3
周末及普通休息日,99,西向东-左转,19.650000000000002,4.027018127597639,3
周末及普通休息日,99,西向东-直行,51.96333333333333,10.649225715202645,3
周末及普通休息日,100,东向西-右转,41.6151040049674,13.775215124211575,8
周末及普通休息日,100,东向西-左转,28.00931387767774,9.271497293399056,8
周末及普通休息日,100,东向西-直行,73.12558211735487,24.2056495792855,8
周末及普通休息日,100,北向南-右转,24.073843238930994,3.419524993195963,8
周末及普通休息日,100,北向南-左转,27.157459114479458,3.857531565358141,8
周末及普通休息日,100,北向南-直行,84.39369764658954,11.98754829075438,8
周末及普通休息日,100,南向北-右转,3.5546984572230014,0.8381341969854366,8
周末及普通休息日,100,南向北-左转,2.8341514726507713,0.6682421300289293,8
周末及普通休息日,100,南向北-直行,62.11115007012623,14.644696171650944,8
周末及普通休息日,100,西向东-右转,11.963167587476981,2.5007879063241267,3
周末及普通休息日,100,西向东-左转,19.368937998772253,4.048894705477153,3
周末及普通休息日,100,西向东-直行,46.0012277470841,9.616124925508242,3
周末及普通休息日,101,东向西-右转,48.222184986595174,16.312603187907428,8
周末及普通休息日,101,东向西-左转,20.92660857908847,7.079054213620204,8
周末及普通休息日,101,东向西-直行,66.60120643431635,22.52985949726083,8
周末及普通休息日,101,北向南-右转,23.97461685823755,5.195765801568772,8
周末及普通休息日,101,北向南-左转,33.49952107279694,7.259997813027246,8
周末及普通休息日,101,北向南-直行,83.77586206896552,18.155858828055212,8
周末及普通休息日,101,南向北-右转,4.673253352152435,1.0326672159857435,8
周末及普通休息日,101,南向北-左转,3.982886379675371,0.880114104533304,8
周末及普通休息日,101,南向北-直行,66.5938602681722,14.715507827796843,8
周末及普通休息日,101,西向东-右转,10.57024106400665,2.7413339464764275,3
周末及普通休息日,101,西向东-左转,16.78802992518703,4.353883326756677,3
周末及普通休息日,101,西向东-直行,34.97506234413965,9.070590264076419,3
周末及普通休息日,102,东向西-右转,45.88504105676544,16.64373740790988,8
周末及普通休息日,102,东向西-左转,19.87147447340236,7.207917775079084,8
周末及普通休息日,102,东向西-直行,60.743484469832204,22.0332941079122,8
周末及普通休息日,102,北向南-右转,30.04349428676742,8.424441640346473,8
周末及普通休息日,102,北向南-左转,23.537596756358273,6.600134735834822,8
周末及普通休息日,102,北向南-直行,89.91890895687432,25.21399786723416,8
周末及普通休息日,102,南向北-右转,2.73794614902943,0.9128426470598274,8
周末及普通休息日,102,南向北-左转,3.151221039448967,1.0506302164273487,8
周末及普通休息日,102,南向北-直行,76.6108328115216,25.542370671504234,8
周末及普通休息日,102,西向东-右转,11.03448275862069,3.0938122006916275,3
周末及普通休息日,102,西向东-左转,19.999999999999996,5.6075346137535735,3
周末及普通休息日,102,西向东-直行,28.965517241379306,8.121257026815522,3
周末及普通休息日,103,东向西-右转,32.971333333333334,11.225984539616373,8
周末及普通休息日,103,东向西-左转,26.304,8.95591010362747,8
周末及普通休息日,103,东向西-直行,60.599666666666664,20.632799839433414,8
周末及普通休息日,103,北向南-右转,32.896584804297774,10.20547727028396,8
周末及普通休息日,103,北向南-左转,33.24165387567153,10.312527731161062,8
周末及普通休息日,103,北向南-直行,83.73676132003071,25.97757850617736,8
周末及普通休息日,103,南向北-右转,4.154040404040404,1.832027534989287,8
周末及普通休息日,103,南向北-左转,3.0858585858585865,1.3609347402777559,8
周末及普通休息日,103,南向北-直行,69.13510101010101,30.490172546607404,8
周末及普通休息日,103,西向东-右转,10.512968299711815,2.8986713351933995,3
周末及普通休息日,103,西向东-左转,21.682997118155622,5.9785096288363855,3
周末及普通休息日,103,西向东-直行,24.804034582132562,6.839052681471925,3
周末及普通休息日,104,东向西-右转,36.379298941798936,12.868728697485295,8
周末及普通休息日,104,东向西-左转,25.007936507936506,8.846249366141821,8
周末及普通休息日,104,东向西-直行,75.61276455026456,26.747083681323737,8
周末及普通休息日,104,北向南-右转,31.539858581944983,7.185976014476815,8
周末及普通休息日,104,北向南-左转,31.70912437039907,7.224541180923027,8
周末及普通休息日,104,北向南-直行,82.37601704765594,18.768381003821382,8
周末及普通休息日,104,南向北-右转,5.723434004474273,2.1319498003698727,8
周末及普通休息日,104,南向北-左转,3.5992729306487696,1.3407106992016724,8
周末及普通休息日,104,南向北-直行,69.80229306487695,26.00099601894391,8
周末及普通休息日,104,西向东-右转,10.74433656957929,1.9449811263840417,3
周末及普通休息日,104,西向东-左转,15.444983818770226,2.795910369177059,3
周末及普通休息日,104,西向东-直行,29.144012944983817,5.2757613053167125,3
周末及普通休息日,105,东向西-右转,35.19974662162162,10.024097218897616,8
周末及普通休息日,105,东向西-左转,17.89358108108108,5.095689985472986,8
周末及普通休息日,105,东向西-直行,67.2816722972973,19.160309061538573,8
周末及普通休息日,105,北向南-右转,24.27670132325142,4.378439575092009,8
周末及普通休息日,105,北向南-左转,25.07703213610586,4.522783736908228,8
周末及普通休息日,105,北向南-直行,91.77126654064273,16.551463888259903,8
周末及普通休息日,105,南向北-右转,5.01978476821192,1.2339710891492774,8
周末及普通休息日,105,南向北-左转,5.365976821192053,1.319072543573365,8
周末及普通休息日,105,南向北-直行,76.73923841059602,18.864155730672856,8
周末及普通休息日,105,西向东-右转,9.510204081632653,2.1078777687633226,3
周末及普通休息日,105,西向东-左转,27.896598639455778,6.183108121705748,3
周末及普通休息日,105,西向东-直行,40.25986394557823,8.92334922109807,3
周末及普通休息日,106,东向西-右转,38.033458916397564,10.842369182217011,8
周末及普通休息日,106,东向西-左转,20.089702188733405,5.727061752911748,8
周末及普通休息日,106,东向西-直行,69.12683889486904,19.70629884979179,8
周末及普通休息日,106,北向南-右转,25.076406419040755,3.438719204575302,8
周末及普通休息日,106,北向南-左转,36.60638297872341,5.019821024410959,8
周末及普通休息日,106,北向南-直行,81.69221060223586,11.202425449956658,8
周末及普通休息日,106,南向北-右转,7.004667444574096,1.229787820730675,8
周末及普通休息日,106,南向北-左转,3.9887689614935824,0.7002958423605233,8
周末及普通休息日,106,南向北-直行,72.38156359393233,12.707807480883645,8
周末及普通休息日,106,西向东-右转,9.051883439943142,1.3668779941496378,3
周末及普通休息日,106,西向东-左转,15.27505330490405,2.3066066151275137,3
周末及普通休息日,106,西向东-直行,42.00639658848613,6.343168191600664,3
周末及普通休息日,107,东向西-右转,44.98411214953271,12.643964028423301,8
周末及普通休息日,107,东向西-左转,19.48130841121495,5.475732453254183,8
周末及普通休息日,107,东向西-直行,77.65957943925234,21.828260734108742,8
周末及普通休息日,107,北向南-右转,26.28149606299213,2.412269425446648,8
周末及普通休息日,107,北向南-左转,26.233361454818155,2.407851349575867,8
周末及普通休息日,107,北向南-直行,75.86014248218974,6.9628875723515,8
周末及普通休息日,107,南向北-右转,6.965094339622641,1.4236910482919471,8
周末及普通休息日,107,南向北-左转,3.734905660377358,0.7634285331420587,8
周末及普通休息日,107,南向北-直行,69.55,14.21627727932104,8
周末及普通休息日,107,西向东-右转,10.11542991755006,1.34499224888112,3
周末及普通休息日,107,西向东-左转,21.162544169611305,2.8138653627907635,3
周末及普通休息日,107,西向东-直行,44.055359246171975,5.8577951892059295,3
周末及普通休息日,108,东向西-右转,35.834280303030305,5.561057502435029,8
周末及普通休息日,108,东向西-左转,17.236742424242426,2.674939051804193,8
周末及普通休息日,108,东向西-直行,66.67897727272727,10.34779054250569,8
周末及普通休息日,108,北向南-右转,21.055915956622776,3.567118480477084,8
周末及普通休息日,108,北向南-左转,28.215869481022466,4.78009836645587,8
周末及普通休息日,108,北向南-直行,72.35321456235476,12.25748095304877,8
周末及普通休息日,108,南向北-右转,7.7488673139158575,1.9484614396224749,8
周末及普通休息日,108,南向北-左转,4.723624595469255,1.1877607405917823,8
周末及普通休息日,108,南向北-直行,69.5275080906149,17.482770451407138,8
周末及普通休息日,108,西向东-右转,9.171428571428569,1.5711688096991436,3
周末及普通休息日,108,西向东-左转,21.400000000000002,3.666060555964673,3
周末及普通休息日,108,西向东-直行,40.76190476190476,6.982972487551755,3
周末及普通休息日,109,东向西-右转,35.78113910574876,6.445013170196676,8
周末及普通休息日,109,东向西-左转,13.807310149041873,2.4870168468523643,8
周末及普通休息日,109,东向西-直行,69.03655074520937,12.435084234261812,8
周末及普通休息日,109,北向南-右转,23.202846975088967,2.677915534256464,8
周末及普通休息日,109,北向南-左转,33.88582443653618,3.9108724781537125,8
周末及普通休息日,109,北向南-直行,65.16132858837486,7.520479458703571,8
周末及普通休息日,109,南向北-右转,4.789792387543253,1.0716781938490498,8
周末及普通休息日,109,南向北-左转,4.496539792387543,1.0060652432052306,8
周末及普通休息日,109,南向北-直行,61.3386678200692,13.724042176332219,8
周末及普通休息日,109,西向东-右转,11.141284403669724,1.3795822561246651,3
周末及普通休息日,109,西向东-左转,12.660550458715598,1.5677071092325752,3
周末及普通休息日,109,西向东-直行,45.19816513761467,5.596714379960291,3
周末及普通休息日,110,东向西-右转,37.50844537815126,5.5313888945623955,8
周末及普通休息日,110,东向西-左转,16.34672268907563,2.410659237759664,8
周末及普通休息日,110,东向西-直行,66.51983193277312,9.809712343754672,8
周末及普通休息日,110,北向南-右转,24.579611650485436,4.624913734601177,8
周末及普通休息日,110,北向南-左转,29.429611650485437,5.537492498325161,8
周末及普通休息日,110,北向南-直行,67.24077669902913,12.65206286017333,8
周末及普通休息日,110,南向北-右转,6.236249171636846,1.892383675117969,8
周末及普通休息日,110,南向北-左转,6.130550033134526,1.8603093755396982,8
周末及普通休息日,110,南向北-直行,67.38320079522863,20.447365981147552,8
周末及普通休息日,110,西向东-右转,10.281284606866004,3.1260981484970074,3
周末及普通休息日,110,西向东-左转,15.772425249169435,4.7957187505351815,3
周末及普通休息日,110,西向东-直行,44.27962347729789,13.463536344095067,3
周末及普通休息日,111,东向西-右转,40.205792682926834,9.449726615822962,8
周末及普通休息日,111,东向西-左转,21.33023106546855,5.013328646710285,8
周末及普通休息日,111,东向西-直行,70.33897625160462,16.53204803736605,8
周末及普通休息日,111,北向南-右转,22.581616789739606,3.2112989735127853,8
周末及普通休息日,111,北向南-左转,26.715652934317916,3.799194258033827,8
周末及普通休息日,111,北向南-直行,65.07773027594249,9.254609640202201,8
周末及普通休息日,111,南向北-右转,5.7458071278826,0.7502712141331964,8
周末及普通休息日,111,南向北-左转,4.132948986722572,0.5396687680607203,8
周末及普通休息日,111,南向北-直行,62.24624388539483,8.127938153109625,8
周末及普通休息日,111,西向东-右转,7.003891050583658,0.9554886504131265,3
周末及普通休息日,111,西向东-左转,14.941634241245135,2.038375787548003,3
周末及普通休息日,111,西向东-直行,38.0544747081712,5.191488333911315,3
周末及普通休息日,112,东向西-右转,41.74341430037633,8.582680809742214,8
周末及普通休息日,112,东向西-左转,17.477933629832364,3.593561477249791,8
周末及普通休息日,112,东向西-直行,64.7786520697913,13.318855280971912,8
周末及普通休息日,112,北向南-右转,20.92855097365407,1.7329684368924667,8
周末及普通休息日,112,北向南-左转,28.71487208858343,2.377707231693317,8
周末及普通休息日,112,北向南-直行,68.23157693776251,5.649849785653709,8
周末及普通休息日,112,南向北-右转,5.990230286113049,0.7175367076736814,8
周末及普通休息日,112,南向北-左转,5.00907187718074,0.6000091434857505,8
周末及普通休息日,112,南向北-直行,63.00069783670621,7.546506753119749,8
周末及普通休息日,112,西向东-右转,8.942807625649912,2.870921415886983,3
周末及普通休息日,112,西向东-左转,18.879260543038704,6.060834100205854,3
周末及普通休息日,112,西向东-直行,43.84459849797804,14.075489719557018,3
周末及普通休息日,113,东向西-右转,34.48588495575221,3.3104463221133344,8
周末及普通休息日,113,东向西-左转,17.096283185840708,1.6411447137572794,8
周末及普通休息日,113,东向西-直行,66.79283185840708,6.411727141492902,8
周末及普通休息日,113,北向南-右转,26.20676831535887,2.6467229107933066,8
周末及普通休息日,113,北向南-左转,29.32447006322053,2.96159167087044,8
周末及普通休息日,113,北向南-直行,65.96876162142061,6.6624404306176315,8
周末及普通休息日,113,南向北-右转,7.104658792650919,1.2763488632937525,8
周末及普通休息日,113,南向北-左转,4.753116797900263,0.8538953662880738,8
周末及普通休息日,113,南向北-直行,64.39222440944883,11.568035120134223,8
周末及普通休息日,113,西向东-右转,9.586618876941456,1.105764296343491,3
周末及普通休息日,113,西向东-左转,18.045400238948627,2.0814386754701015,3
周末及普通休息日,113,西向东-直行,51.03464755077658,5.886568754063875,3
周末及普通休息日,114,东向西-右转,43.38727287217087,6.6628393090016225,8
周末及普通休息日,114,东向西-左转,19.397672935926046,2.978836169800923,8
周末及普通休息日,114,东向西-直行,71.84005419190309,11.032238381076874,8
周末及普通休息日,114,北向南-右转,24.181294828237075,3.5770952826796942,8
周末及普通休息日,114,北向南-左转,24.748725934314837,3.6610343416595423,8
周末及普通休息日,114,北向南-直行,66.6949792374481,9.86606785547757,8
周末及普通休息日,114,南向北-右转,10.12680909717436,2.1240914140138374,8
周末及普通休息日,114,南向北-左转,7.350103376981392,1.5416792521068177,8
周末及普通休息日,114,南向北-直行,61.52308752584425,12.90442633244966,8
周末及普通休息日,114,西向东-右转,5.911949685534591,0.5764246157177153,3
周末及普通休息日,114,西向东-左转,23.647798742138363,2.305698462870861,3
周末及普通休息日,114,西向东-直行,48.77358490566038,4.755503079671151,3
周末及普通休息日,115,东向西-右转,42.68738214959145,6.145198218716124,8
周末及普通休息日,115,东向西-左转,23.70600251414205,3.4126731855394397,8
周末及普通休息日,115,东向西-直行,65.4816153362665,9.426614743273278,8
周末及普通休息日,115,北向南-右转,24.698072805139187,3.344052518819589,8
周末及普通休息日,115,北向南-左转,25.120985010706637,3.401313692087047,8
周末及普通休息日,115,北向南-直行,68.68094218415418,9.299214538635292,8
周末及普通休息日,115,南向北-右转,7.081952449567723,1.4873471552857502,8
周末及普通休息日,115,南向北-左转,3.6185158501440924,0.7599584005109674,8
周末及普通休息日,115,南向北-直行,61.049531700288185,12.821583871477891,8
周末及普通休息日,115,西向东-右转,7.690987124463519,0.2403433476394854,3
周末及普通休息日,115,西向东-左转,13.733905579399142,0.42918454935622385,3
周末及普通休息日,115,西向东-直行,42.57510729613734,1.3304721030042899,3
周末及普通休息日,116,东向西-右转,38.15229020394517,7.079760530566037,8
周末及普通休息日,116,东向西-左转,21.27181544633902,3.947321605215276,8
周末及普通休息日,116,东向西-直行,61.07589434971581,11.333597639216586,8
周末及普通休息日,116,北向南-右转,19.739579217700516,2.245458650119723,8
周末及普通休息日,116,北向南-左转,25.4345120505729,2.8932807769438513,8
周末及普通休息日,116,北向南-直行,63.2009087317266,7.189364354830174,8
周末及普通休息日,116,南向北-右转,5.768992568125515,0.6593887993838361,8
周末及普通休息日,116,南向北-左转,4.213872832369942,0.48164051433254107,8
周末及普通休息日,116,南向北-直行,50.767134599504544,5.80262143457776,8
周末及普通休息日,116,西向东-右转,7.032863849765259,1.2522808655662305,3
周末及普通休息日,116,西向东-左转,21.600938967136155,3.846291229953424,3
周末及普通休息日,116,西向东-直行,42.699530516431935,7.603133826652114,3
周末及普通休息日,117,东向西-右转,44.41051136363637,10.123374658296443,8
周末及普通休息日,117,东向西-左转,18.72443181818182,4.268233639714176,8
周末及普通休息日,117,东向西-直行,63.61505681818183,14.50105018620842,8
周末及普通休息日,117,北向南-右转,25.234796067006553,4.982420793521171,8
周末及普通休息日,117,北向南-左转,25.405589949016754,5.016142761666833,8
周末及普通休息日,117,北向南-直行,66.60961398397669,13.151567576807155,8
周末及普通休息日,117,南向北-右转,4.218614248479582,0.9919157017474483,8
周末及普通休息日,117,南向北-左转,4.566029539530843,1.0736028771854735,8
周末及普通休息日,117,南向北-直行,48.34035621198957,11.366186982376643,8
周末及普通休息日,117,西向东-右转,6.947227788911157,1.00134113010124,3
周末及普通休息日,117,西向东-左转,18.70407481629927,2.695918427195647,3
周末及普通休息日,117,西向东-直行,41.015364061456246,5.911763979636167,3
周末及普通休息日,118,东向西-右转,44.11534995494142,8.356809934696365,8
周末及普通休息日,118,东向西-左转,18.43391408831481,3.4919527227124103,8
周末及普通休息日,118,东向西-直行,68.57573595674376,12.990362585987832,8
周末及普通休息日,118,北向南-右转,21.33308042488619,3.6165211918453646,8
周末及普通休息日,118,北向南-左转,26.66635053110774,4.520651489806707,8
周末及普通休息日,118,北向南-直行,65.37556904400607,11.082887523397089,8
周末及普通休息日,118,南向北-右转,7.265812650120096,1.169671317560973,8
周末及普通休息日,118,南向北-左转,4.45636509207366,0.7173984081040639,8
周末及普通休息日,118,南向北-直行,48.77782225780625,7.8523934452259985,8
周末及普通休息日,118,西向东-右转,4.757142857142857,0.668076740062281,3
周末及普通休息日,118,西向东-左转,15.857142857142856,2.226922466874271,3
周末及普通休息日,118,西向东-直行,53.38571428571428,7.49730563847671,3
周末及普通休息日,119,东向西-右转,39.796464188576614,10.34006523848006,8
周末及普通休息日,119,东向西-左转,18.044122091266242,4.688290867014973,8
周末及普通休息日,119,东向西-直行,68.65941372015715,17.839344061777314,8
周末及普通休息日,119,北向南-右转,18.7053986414015,1.9692878220747858,8
周末及普通休息日,119,北向南-左转,23.381748301751877,2.461609777593485,8
周末及普通休息日,119,北向南-直行,73.66285305684661,7.755160007285669,8
周末及普通休息日,119,南向北-右转,8.056610664718773,1.3796616025851143,8
周末及普通休息日,119,南向北-左转,2.449963476990504,0.4195462183299765,8
周末及普通休息日,119,南向北-直行,53.99342585829072,9.246153196272168,8
周末及普通休息日,119,西向东-右转,6.677631578947369,1.1690365555208457,3
周末及普通休息日,119,西向东-左转,13.800438596491228,2.4160088814097485,3
周末及普通休息日,119,西向东-直行,47.18859649122806,8.261191659013978,3
周末及普通休息日,120,东向西-右转,40.03269294195251,10.73570597542606,8
周末及普通休息日,120,东向西-左转,15.967018469656995,4.281930667092273,8
周末及普通休息日,120,东向西-直行,60.37528858839051,16.191050334942652,8
周末及普通休息日,120,北向南-右转,20.034635224760503,1.3847402255928962,8
周末及普通休息日,120,北向南-左转,23.508382461311715,1.6248363130948906,8
周末及普通休息日,120,北向南-直行,66.08198231392778,4.567409292479794,8
周末及普通休息日,120,南向北-右转,8.536120129870131,1.198592715867332,8
周末及普通休息日,120,南向北-左转,3.893668831168831,0.5467265019745725,8
周末及普通休息日,120,南向北-直行,49.070211038961034,6.890155787705191,8
周末及普通休息日,120,西向东-右转,5.484848484848484,0.37848472717566056,3
周末及普通休息日,120,西向东-左转,15.54040404040404,1.0723733936643716,3
周末及普通休息日,120,西向东-直行,39.30808080808081,2.7124738780922333,3
周末及普通休息日,121,东向西-右转,35.23622177954847,7.555369424357161,8
周末及普通休息日,121,东向西-左转,20.886454183266935,4.4784846203653865,8
周末及普通休息日,121,东向西-直行,60.37732403718459,12.946137948871048,8
周末及普通休息日,121,北向南-右转,21.854793421580425,3.7453965872589916,8
周末及普通休息日,121,北向南-左转,24.27837946249499,4.160742123200164,8
周末及普通休息日,121,北向南-直行,59.866827115924586,10.259763414125796,8
周末及普通休息日,121,南向北-右转,5.9307980049875315,1.3493841398876627,8
周末及普通休息日,121,南向北-左转,3.6243765586034917,0.8246236410424606,8
周末及普通休息日,121,南向北-直行,47.069825436408976,10.709397935616371,8
周末及普通休息日,121,西向东-右转,5.9580419580419575,0.6713286713286717,3
周末及普通休息日,121,西向东-左转,9.930069930069932,1.1188811188811187,3
周末及普通休息日,121,西向东-直行,55.11188811188811,6.209790209790212,3
周末及普通休息日,122,东向西-右转,36.49664606572203,10.1606686529075,8
周末及普通休息日,122,东向西-左转,22.253090141694305,6.1952617516106265,8
周末及普通休息日,122,东向西-直行,72.12526379258367,20.079678159475574,8
周末及普通休息日,122,北向南-右转,22.497131931166347,1.968009199240035,8
周末及普通休息日,122,北向南-左转,28.73690248565966,2.513853260161328,8
周末及普通休息日,122,北向南-直行,59.76596558317399,5.228220665150881,8
周末及普通休息日,122,南向北-右转,5.3874647224835375,0.9894838542003663,8
周末及普通休息日,122,南向北-左转,2.535277516462841,0.4656394608001723,8
周末及普通休息日,122,南向北-直行,40.20225776105362,7.383711449831305,8
周末及普通休息日,122,西向东-右转,7.235772357723577,0.5763189788112937,3
周末及普通休息日,122,西向东-左转,12.05962059620596,0.9605316313521569,3
周末及普通休息日,122,西向东-直行,40.0379403794038,3.1889650160891643,3
周末及普通休息日,123,东向西-右转,32.66776007497657,8.418175217467521,8
周末及普通休息日,123,东向西-左转,22.029990627928772,5.676921855659392,8
周末及普通休息日,123,东向西-直行,66.05224929709465,17.02104481037602,8
周末及普通休息日,123,北向南-右转,22.677364864864863,4.695201993079336,8
周末及普通休息日,123,北向南-左转,24.451013513513516,5.062424495331349,8
周末及普通休息日,123,北向南-直行,59.12162162162162,12.240750075067158,8
周末及普通休息日,123,南向北-右转,6.973859315589353,1.218382971313818,8
周末及普通休息日,123,南向北-左转,3.6779942965779466,0.6425718410353701,8
周末及普通休息日,123,南向北-直行,39.5981463878327,6.918078652185994,8
周末及普通休息日,123,西向东-右转,5.761467889908257,0.5202732799544157,3
周末及普通休息日,123,西向东-左转,12.963302752293579,1.170614879897437,3
周末及普通休息日,123,西向东-直行,33.6085626911315,3.034927466400759,3
周末及普通休息日,124,东向西-右转,32.47940340909091,10.101230770370421,8
周末及普通休息日,124,东向西-左转,20.095170454545453,6.249682347135655,8
周末及普通休息日,124,东向西-直行,70.80042613636364,22.019229664908185,8
周末及普通休息日,124,北向南-右转,25.060124127230413,3.704415939946007,8
周末及普通休息日,124,北向南-左转,23.44608223429015,3.4658264387291426,8
周末及普通休息日,124,北向南-直行,60.993793638479445,9.016171677563499,8
周末及普通休息日,124,南向北-右转,5.542835671342685,1.2531256120667063,8
周末及普通休息日,124,南向北-左转,3.9155811623246493,0.8852355241205171,8
周末及普通休息日,124,南向北-直行,41.29158316633267,9.33521098163455,8
周末及普通休息日,124,西向东-右转,2.565359477124183,0.44208330910028354,3
周末及普通休息日,124,西向东-左转,10.261437908496733,1.7683332364011342,3
周末及普通休息日,124,西向东-直行,39.50653594771242,6.80808296014437,3
周末及普通休息日,125,东向西-右转,37.86841430037632,17.615369510860663,8
周末及普通休息日,125,东向西-左转,15.07047553882997,7.010380556606476,8
周末及普通休息日,125,东向西-直行,59.43611016079371,27.648082501310242,8
周末及普通休息日,125,北向南-右转,20.618883946623537,3.6299716852739397,8
周末及普通休息日,125,北向南-左转,20.984179134654266,3.6942822072571393,8
周末及普通休息日,125,北向南-直行,58.7719369187222,10.346848425741465,8
周末及普通休息日,125,南向北-右转,4.461644254278729,0.7417295918765833,8
周末及普通休息日,125,南向北-左转,2.391809290953545,0.39762823482043647,8
周末及普通休息日,125,南向北-直行,30.771546454767726,5.115640174901381,8
周末及普通休息日,125,西向东-右转,8.411851851851853,3.5449434224417127,3
周末及普通休息日,125,西向东-左转,10.26740740740741,4.326916236215619,3
周末及普通休息日,125,西向东-直行,36.98740740740741,15.58732475455988,3
周末及普通休息日,126,东向西-右转,31.515699455411845,9.962271146313945,8
周末及普通休息日,126,东向西-左转,19.278420694349897,6.094005766920837,8
周末及普通休息日,126,东向西-直行,59.830879850238254,18.91284211647892,8
周末及普通休息日,126,北向南-右转,23.327823553054664,4.411076575219522,8
周末及普通休息日,126,北向南-左转,21.022859726688104,3.9752291453000455,8
周末及普通休息日,126,北向南-直行,54.52431672025724,10.310046100853807,8
周末及普通休息日,126,南向北-右转,4.657142857142857,0.8826147213567682,8
周末及普通休息日,126,南向北-左转,2.608,0.49426424395978996,8
周末及普通休息日,126,南向北-直行,33.484857142857145,6.345999846555162,8
周末及普通休息日,126,西向东-右转,4.2,0.917133695543319,3
周末及普通休息日,126,西向东-左转,12.133333333333333,2.6494973426807,3
周末及普通休息日,126,西向东-直行,37.333333333333336,8.152299515940612,3
周末及普通休息日,127,东向西-右转,28.414172535211268,11.124741134508104,8
周末及普通休息日,127,东向西-左转,18.241197183098592,7.141809123387919,8
周末及普通休息日,127,东向西-直行,52.96963028169014,20.73871495445338,8
周末及普通休息日,127,北向南-右转,18.762540082455335,3.014935725105501,8
周末及普通休息日,127,北向南-左转,18.967819514429685,3.04792189277624,8
周末及普通休息日,127,北向南-直行,51.894640403114984,8.3389031871627,8
周末及普通休息日,127,南向北-右转,4.180662983425415,0.9371370043679412,8
周末及普通休息日,127,南向北-左转,3.453591160220994,0.774156655782212,8
周末及普通休息日,127,南向北-直行,33.49074585635359,7.507282306730136,8
周末及普通休息日,127,西向东-右转,3.609942638623327,0.533402547584327,3
周末及普通休息日,127,西向东-左转,13.537284894837477,2.0002595534412273,3
周末及普通休息日,127,西向东-直行,41.8527724665392,6.184135786055796,3
周末及普通休息日,128,东向西-右转,24.467948717948715,11.147016982230781,8
周末及普通休息日,128,东向西-左转,18.112637362637365,8.251687895937073,8
周末及普通休息日,128,东向西-直行,44.16941391941392,20.122537149741284,8
周末及普通休息日,128,北向南-右转,19.66786086503387,3.051370085426597,8
周末及普通休息日,128,北向南-左转,17.565007816571132,2.725122969374699,8
周末及普通休息日,128,北向南-直行,41.892131318394995,6.499354311935898,8
周末及普通休息日,128,南向北-右转,3.586137281292059,0.6431994342083759,8
周末及普通休息日,128,南向北-左转,3.1440107671601614,0.5639008738265212,8
周末及普通休息日,128,南向北-直行,29.76985195154778,5.33943639904487,8
周末及普通休息日,128,西向东-右转,3.6947791164658645,0.7730897616395808,3
周末及普通休息日,128,西向东-左转,3.232931726907631,0.6764535414346323,3
周末及普通休息日,128,西向东-直行,31.40562248995984,6.571262973936432,3
周末及普通休息日,129,东向西-右转,27.299743852459017,7.772768681359748,8
周末及普通休息日,129,东向西-左转,17.87438524590164,5.089185546529903,8
周末及普通休息日,129,东向西-直行,46.45087090163935,13.225467481213212,8
周末及普通休息日,129,北向南-右转,13.72308743169399,3.1654713578255227,8
周末及普通休息日,129,北向南-左转,18.821448087431694,4.341497868472773,8
周末及普通休息日,129,北向南-直行,45.20546448087432,10.427435061072309,8
周末及普通休息日,129,南向北-右转,3.606828193832599,0.7692375668239225,8
周末及普通休息日,129,南向北-左转,2.8373715124816443,0.6051335525681529,8
周末及普通休息日,129,南向北-直行,26.305800293685756,5.610305987369141,8
周末及普通休息日,129,西向东-右转,6.511627906976744,3.2324166475621854,3
周末及普通休息日,129,西向东-左转,12.906976744186046,6.407111569275047,3
周末及普通休息日,129,西向东-直行,25.58139534883721,12.698779686851443,3
周末及普通休息日,130,东向西-右转,26.66812993854258,10.432168611547544,8
周末及普通休息日,130,东向西-左转,17.18612818261633,6.72295310521953,8
周末及普通休息日,130,东向西-直行,40.52074187884109,15.851100640323635,8
周末及普通休息日,130,北向南-右转,10.763537906137184,2.405919256177475,8
周末及普通休息日,130,北向南-左转,15.762334536702769,3.523275015600722,8
周末及普通休息日,130,北向南-直行,40.474127557160045,9.046977277910806,8
周末及普通休息日,130,南向北-右转,4.2192337461300315,0.40960577831839884,8
周末及普通休息日,130,南向北-左转,1.8014705882352942,0.17488786040560858,8
周末及普通休息日,130,南向北-直行,24.604295665634673,2.3885999881713365,8
周末及普通休息日,130,西向东-右转,3.226950354609929,0.8884305757249149,3
周末及普通休息日,130,西向东-左转,11.52482269503546,3.172966341874696,3
周末及普通休息日,130,西向东-直行,28.58156028368794,7.868956527849244,3
周末及普通休息日,131,东向西-右转,27.436479465611082,10.702725350813918,8
周末及普通休息日,131,东向西-左转,10.61553686293914,4.141026024781488,8
周末及普通休息日,131,东向西-直行,40.822983671449784,15.924680962946459,8
周末及普通休息日,131,北向南-右转,11.154265255292653,3.1421407745299503,8
周末及普通休息日,131,北向南-左转,14.171077210460773,3.9919724430860937,8
周末及普通休息日,131,北向南-直行,38.42465753424657,10.824171778451927,8
周末及普通休息日,131,南向北-右转,3.011146496815287,0.6131474237468693,8
周末及普通休息日,131,南向北-左转,1.7969745222929936,0.36591055933280897,8
周末及普通休息日,131,南向北-直行,25.69187898089172,5.23153205100151,8
周末及普通休息日,131,西向东-右转,3.142222222222222,0.8468853610818967,3
周末及普通休息日,131,西向东-左转,8.528888888888888,2.298688837222292,3
周末及普通休息日,131,西向东-直行,21.995555555555555,5.928197527573281,3
周末及普通休息日,132,东向西-右转,26.27115949119374,10.758248538269331,8
周末及普通休息日,132,东向西-左转,10.59931506849315,4.340503733019327,8
周末及普通休息日,132,东向西-直行,40.50452544031311,16.58692497975243,8
周末及普通休息日,132,北向南-右转,11.368097694174757,2.628112587244869,8
周末及普通休息日,132,北向南-左转,15.948649878640778,3.687059050969908,8
周末及普通休息日,132,北向南-直行,41.30825242718446,9.549771745593075,8
周末及普通休息日,132,南向北-右转,3.020574534161491,0.5588532214486704,8
周末及普通休息日,132,南向北-左转,3.0692934782608696,0.5678669830849394,8
周末及普通休息日,132,南向北-直行,25.28513198757764,4.6781422892235485,8
周末及普通休息日,132,西向东-右转,3.5555555555555554,0.15666925452840458,3
周末及普通休息日,132,西向东-左转,4.0,0.1762529113444553,3
周末及普通休息日,132,西向东-直行,27.111111111111114,1.1946030657790867,3
周末及普通休息日,133,东向西-右转,24.38524590163934,12.022345813675164,8
周末及普通休息日,133,东向西-左转,10.38339502908514,5.1191924109842635,8
周末及普通休息日,133,东向西-直行,39.60635906927551,19.526616507049823,8
周末及普通休息日,133,北向南-右转,14.994318181818182,3.6719147149878135,8
周末及普通休息日,133,北向南-左转,14.039772727272727,3.4381588710628606,8
周末及普通休息日,133,北向南-直行,36.59090909090909,8.96064068378989,8
周末及普通休息日,133,南向北-右转,3.6415562913907285,0.9577046415941239,8
周末及普通休息日,133,南向北-左转,2.456953642384106,0.6461621678225413,8
周末及普通休息日,133,南向北-直行,20.401490066225165,5.365453714955031,8
周末及普通休息日,133,西向东-右转,4.254385964912281,1.193917332352298,3
周末及普通休息日,133,西向东-左转,5.105263157894736,1.4327007988227576,3
周末及普通休息日,133,西向东-直行,22.973684210526315,6.4471535947024075,3
周末及普通休息日,134,东向西-右转,24.00255356253114,10.122300460768901,8
周末及普通休息日,134,东向西-左转,10.852017937219731,4.576487492466946,8
周末及普通休息日,134,东向西-直行,40.77042850024913,17.19360925989318,8
周末及普通休息日,134,北向南-右转,9.50676664228237,2.66098711821492,8
周末及普通休息日,134,北向南-左转,14.741770299926849,4.126288394764987,8
周末及普通休息日,134,北向南-直行,33.00146305779079,9.237259247371618,8
周末及普通休息日,134,南向北-右转,3.602830188679245,0.8550260355311995,8
周末及普通休息日,134,南向北-左转,2.3228773584905658,0.551266786066168,8
周末及普通休息日,134,南向北-直行,19.19929245283019,4.5563887419754705,8
周末及普通休息日,134,西向东-右转,2.1700223713646536,0.27123838149848223,3
周末及普通休息日,134,西向东-左转,3.7975391498881432,0.4746671676223434,3
周末及普通休息日,134,西向东-直行,26.365771812080535,3.2955463352065544,3
周末及普通休息日,135,东向西-右转,21.495950809838035,10.7948555864881,8
周末及普通休息日,135,东向西-左转,7.572885422915417,3.802958298359111,8
周末及普通休息日,135,东向西-直行,36.68116376724655,18.420579257676938,8
周末及普通休息日,135,北向南-右转,14.090565706254392,5.208244735105367,8
周末及普通休息日,135,北向南-左转,14.773014757554463,5.460495904611896,8
周末及普通休息日,135,北向南-直行,28.261419536191145,10.446166078387977,8
周末及普通休息日,135,南向北-右转,3.0405701754385968,0.6147049246557881,8
周末及普通休息日,135,南向北-左转,2.112938596491228,0.4271678289980899,8
周末及普通休息日,135,南向北-直行,18.346491228070178,3.7090670030078057,8
周末及普通休息日,135,西向东-右转,3.0971599402092678,0.735717613265941,3
周末及普通休息日,135,西向东-左转,4.424514200298954,1.051025161808487,3
周末及普通休息日,135,西向东-直行,17.14499252615845,4.072722502007888,3
周末及普通休息日,136,东向西-右转,19.235013175230566,11.080390887998135,8
周末及普通休息日,136,东向西-左转,7.5856389986824775,4.369731617802081,8
周末及普通休息日,136,东向西-直行,31.929347826086953,18.3930029830955,8
周末及普通休息日,136,北向南-右转,9.522637795275593,2.8795528505939116,8
周末及普通休息日,136,北向南-左转,12.10433070866142,3.6602316234215952,8
周末及普通休息日,136,北向南-直行,26.748031496062996,8.088344007001568,8
周末及普通休息日,136,南向北-右转,2.2904191616766467,0.6552128846643962,8
周末及普通休息日,136,南向北-左转,1.9760479041916168,0.5652817044163418,8
周末及普通休息日,136,南向北-直行,18.233532934131738,5.216008454387154,8
周末及普通休息日,136,西向东-右转,3.4146341463414633,0.5162441582565054,3
周末及普通休息日,136,西向东-左转,7.682926829268292,1.1615493560771373,3
周末及普通休息日,136,西向东-直行,23.902439024390247,3.6137091077955383,3
周末及普通休息日,137,东向西-右转,17.121951219512194,6.388847361827525,8
周末及普通休息日,137,东向西-左转,7.662971175166297,2.859344273824906,8
周末及普通休息日,137,东向西-直行,29.215077605321508,10.901250043957454,8
周末及普通休息日,137,北向南-右转,10.851124787775891,2.185575160815199,8
周末及普通休息日,137,北向南-左转,9.713179117147709,1.9563762675461893,8
周末及普通休息日,137,北向南-直行,27.310696095076402,5.500773438456231,8
周末及普通休息日,137,南向北-右转,1.2333333333333334,0.2690370836538198,8
周末及普通休息日,137,南向北-左转,3.9144927536231884,0.8539003089882101,8
周末及普通休息日,137,南向北-直行,13.35217391304348,2.912618862165266,8
周末及普通休息日,137,西向东-右转,4.458333333333333,0.9042722672587793,3
周末及普通休息日,137,西向东-左转,7.579166666666667,1.5372628543399245,3
周末及普通休息日,137,西向东-直行,23.629166666666666,4.792643016471528,3
周末及普通休息日,138,东向西-右转,18.553545586107088,4.3696887376211855,8
周末及普通休息日,138,东向西-左转,6.7467438494934875,1.5889777227713398,8
周末及普通休息日,138,东向西-直行,30.199710564399425,7.112566949547902,8
周末及普通休息日,138,北向南-右转,8.989530132788559,2.872584148941169,8
周末及普通休息日,138,北向南-左转,7.60329417773238,2.4296155652259417,8
周末及普通休息日,138,北向南-直行,24.53217568947906,7.839201602717958,8
周末及普通休息日,138,南向北-右转,0.5405405405405406,0.12921390371182634,8
周末及普通休息日,138,南向北-左转,2.2522522522522523,0.5383912654659431,8
周末及普通休息日,138,南向北-直行,17.207207207207208,4.113309268159806,8
周末及普通休息日,138,西向东-右转,4.0,0.9013878188659973,3
周末及普通休息日,138,西向东-左转,6.222222222222222,1.4021588293471068,3
周末及普通休息日,138,西向东-直行,21.777777777777782,4.907555902714873,3
周末及普通休息日,139,东向西-右转,11.808011049723756,3.706703554422522,8
周末及普通休息日,139,东向西-左转,5.502762430939226,1.7273958311871944,8
周末及普通休息日,139,东向西-直行,24.189226519337016,7.59334417459371,8
周末及普通休息日,139,北向南-右转,10.109729493891798,1.9434049168665537,8
周末及普通休息日,139,北向南-左转,11.028795811518325,2.1200780911271497,8
周末及普通休息日,139,北向南-直行,26.73647469458988,5.13958325121733,8
周末及普通休息日,139,南向北-右转,1.7819706498951784,0.48845481971548643,8
周末及普通休息日,139,南向北-左转,1.291928721174004,0.3541297442937275,8
周末及普通休息日,139,南向北-直行,18.17610062893082,4.982239161097962,8
周末及普通休息日,139,西向东-右转,2.3529411764705883,0.31126486012524623,3
周末及普通休息日,139,西向东-左转,7.529411764705881,0.996047552400787,3
周末及普通休息日,139,西向东-直行,30.117647058823525,3.984190209603148,3
周末及普通休息日,140,东向西-右转,12.717948717948717,2.9913773581926653,8
周末及普通休息日,140,东向西-左转,4.61025641025641,1.084374292344841,8
周末及普通休息日,140,东向西-直行,21.421794871794873,5.0386012377057705,8
周末及普通休息日,140,北向南-右转,5.668795620437956,1.653363221414313,8
周末及普通休息日,140,北向南-左转,9.291710114702816,2.710023926829477,8
周末及普通休息日,140,北向南-直行,25.91449426485923,7.558231869322575,8
周末及普通休息日,140,南向北-右转,1.9599483204134367,0.5096609729492744,8
周末及普通休息日,140,南向北-左转,1.4819121447028423,0.3853534185714025,8
周末及普通休息日,140,南向北-直行,15.05813953488372,3.915687962902962,8
周末及普通休息日,140,西向东-右转,2.0614035087719302,0.4759327722414628,3
周末及普通休息日,140,西向东-左转,6.18421052631579,1.4277983167243882,3
周末及普通休息日,140,西向东-直行,23.087719298245617,5.330447049104384,3
周末及普通休息日,141,东向西-右转,10.783209351753454,2.6565278184035397,8
周末及普通休息日,141,东向西-左转,4.499468650371945,1.1084792335784555,8
周末及普通休息日,141,东向西-直行,21.2173219978746,5.227052937650129,8
周末及普通休息日,141,北向南-右转,6.0750288018433185,1.5664850788559594,8
周末及普通休息日,141,北向南-左转,8.19916474654378,2.1142071344000004,8
周末及普通休息日,141,北向南-直行,22.600806451612904,5.827762670988602,8
周末及普通休息日,141,南向北-右转,1.6048994974874373,0.5374917453588293,8
周末及普通休息日,141,南向北-左转,1.2380653266331658,0.4146364892768113,8
周末及普通休息日,141,南向北-直行,15.407035175879397,5.1599207554447615,8
周末及普通休息日,141,西向东-右转,4.01860465116279,0.9294880741802266,3
周末及普通休息日,141,西向东-左转,5.525581395348837,1.2780461019978115,3
周末及普通休息日,141,西向东-直行,17.45581395348837,4.037463822220358,3
周末及普通休息日,142,东向西-右转,10.589139344262296,2.7094789363738117,8
周末及普通休息日,142,东向西-左转,5.120023419203747,1.310077727477447,8
周末及普通休息日,142,东向西-直行,17.41583723653396,4.456249239677075,8
周末及普通休息日,142,北向南-右转,6.827090592334495,1.4080103682110627,8
周末及普通休息日,142,北向南-左转,7.116724738675958,1.4677441414078956,8
周末及普通休息日,142,北向南-直行,21.681184668989548,4.4714995935914965,8
周末及普通休息日,142,南向北-右转,0.940677966101695,0.3126582170167877,8
周末及普通休息日,142,南向北-左转,1.3639830508474577,0.4533544146743421,8
周末及普通休息日,142,南向北-直行,11.570338983050847,3.8456960693064888,8
周末及普通休息日,142,西向东-右转,1.8795888399412635,0.7795904856640029,3
周末及普通休息日,142,西向东-左转,7.400881057268722,3.0696375373020097,3
周末及普通休息日,142,西向东-直行,17.386196769456685,7.211211992392026,3
周末及普通休息日,143,东向西-右转,10.296675191815856,2.8589068969774476,8
周末及普通休息日,143,东向西-左转,3.9002557544757037,1.0829192791581244,8
周末及普通休息日,143,东向西-直行,16.303069053708438,4.526602586880959,8
周末及普通休息日,143,北向南-右转,5.148972602739725,1.1391930933554433,8
周末及普通休息日,143,北向南-左转,4.816780821917808,1.0656967647518663,8
周末及普通休息日,143,北向南-直行,14.284246575342467,3.1603421299538113,8
周末及普通休息日,143,南向北-右转,0.925,0.19002923751652298,8
周末及普通休息日,143,南向北-左转,1.665,0.34205262752974136,8
周末及普通休息日,143,南向北-直行,11.285,2.31835669770158,8
周末及普通休息日,143,西向东-右转,3.3197278911564623,1.2362249460245494,3
周末及普通休息日,143,西向东-左转,5.394557823129252,2.0088655372898923,3
周末及普通休息日,143,西向东-直行,11.619047619047619,4.326787311085923,3
工作日,0,东向西-右转,7.4836163354399865,1.4820661219459565,23
工作日,0,东向西-左转,2.749612934338435,0.5445372926387221,23
工作日,0,东向西-直行,11.984162034569406,2.3733606528216002,23
工作日,0,北向南-右转,5.255451927033329,0.9522201832160894,23
工作日,0,北向南-左转,6.453275728066567,1.1692504244049415,23
工作日,0,北向南-直行,16.769533214465323,3.0384233766439306,23
工作日,0,南向北-右转,1.3916474682613598,0.35320341893767526,23
工作日,0,南向北-左转,1.5636488407431006,0.3968577740872755,23
工作日,0,南向北-直行,10.914268908386843,2.770067263129183,23
工作日,0,西向东-右转,1.6322672128564677,0.6449775919916295,11
工作日,0,西向东-左转,4.2847014337482285,1.6930661789780277,11
工作日,0,西向东-直行,10.901213171577124,4.307528917944096,11
工作日,1,东向西-右转,5.798793210398692,1.4417343029097218,23
工作日,1,东向西-左转,2.5998984943326002,0.6464039511946884,23
工作日,1,东向西-直行,11.253482208312187,2.797915141690734,23
工作日,1,北向南-右转,4.810964083175803,1.0139606948554942,23
工作日,1,北向南-左转,5.423268602852724,1.143010237837102,23
工作日,1,北向南-直行,11.896202096580168,2.5072482636426763,23
工作日,1,南向北-右转,0.918735769272471,0.2776631002701733,23
工作日,1,南向北-左转,1.5312262821207852,0.4627718337836222,23
工作日,1,南向北-直行,9.245690122519786,2.79426040589349,23
工作日,1,西向东-右转,2.291407222914072,0.9708294183300114,11
工作日,1,西向东-左转,2.978829389788294,1.2620782438290148,11
工作日,1,西向东-直行,9.36612702366127,3.9682652474239224,11
工作日,2,东向西-右转,6.9220026350461135,1.7176862232643677,23
工作日,2,东向西-左转,2.286166007905138,0.5673092113533691,23
工作日,2,东向西-直行,11.748353096179182,2.915339002788146,23
工作日,2,北向南-右转,3.7890283046396265,0.736111831907815,23
工作日,2,北向南-左转,4.360957105339948,0.8472230518184286,23
工作日,2,北向南-直行,13.154362416107384,2.555558057944113,23
工作日,2,南向北-右转,0.5459851829678964,0.24288245093924535,23
工作日,2,南向北-左转,0.8189777744518447,0.36432367640886804,23
工作日,2,南向北-直行,8.548080520841127,3.8026283725175594,23
工作日,2,西向东-右转,0.9738058551617873,0.42800309532098674,11
工作日,2,西向东-左转,3.651771956856702,1.6050116074537002,11
工作日,2,西向东-直行,9.738058551617874,4.2800309532098675,11
工作日,3,东向西-右转,5.582490921582099,1.2227566082811527,23
工作日,3,东向西-左转,2.2743481532371512,0.49816009967009917,23
工作日,3,东向西-直行,9.317073968659013,2.04075813558035,23
工作日,3,北向南-右转,4.07329374960097,0.8361614684173339,23
工作日,3,北向南-左转,4.843516567707336,0.994272000627157,23
工作日,3,北向南-直行,11.257102726169956,2.3108462399897234,23
工作日,3,南向北-右转,0.6577882230056143,0.22753655816608168,23
工作日,3,南向北-左转,0.8222352787570181,0.28442069770760214,23
工作日,3,南向北-直行,8.476498237367803,2.932118829094735,23
工作日,3,西向东-右转,1.0618534008364515,0.5004607315513573,11
工作日,3,西向东-左转,2.743121285494167,1.2928568898410062,11
工作日,3,西向东-直行,8.376843495487561,3.9480791044607066,11
工作日,4,东向西-右转,5.966597404634022,1.6155227898023277,23
工作日,4,东向西-左转,1.287176069314306,0.34851727600229987,23
工作日,4,东向西-直行,7.615791743442975,2.062060549680274,23
工作日,4,北向南-右转,2.743075453677173,0.7221484821359329,23
工作日,4,北向南-左转,3.7419127112661434,0.985104722913691,23
工作日,4,北向南-直行,9.123707487230599,2.401928647104299,23
工作日,4,南向北-右转,0.6272817789578494,0.20547893361965605,23
工作日,4,南向北-左转,1.2396282774643212,0.4060655116769393,23
工作日,4,南向北-直行,7.915698639230003,2.592948448057564,23
工作日,4,西向东-右转,1.9443037974683548,0.8785298932156573,11
工作日,4,西向东-左转,2.4303797468354436,1.0981623665195714,11
工作日,4,西向东-直行,7.625316455696202,3.445484424955155,11
工作日,5,东向西-右转,4.234239130434783,1.1688287977283969,23
工作日,5,东向西-左转,1.4913043478260868,0.41166297278484415,23
工作日,5,东向西-直行,7.057065217391305,1.9480479962139945,23
工作日,5,北向南-右转,3.1316157816464,0.9515081652840844,23
工作日,5,北向南-左转,3.422928877613507,1.0400205527523714,23
工作日,5,北向南-直行,7.923716210305312,2.4075369391374046,23
工作日,5,南向北-右转,0.3931392102114081,0.1687032508904596,23
工作日,5,南向北-左转,0.5195053849222178,0.22292929581953597,23
工作日,5,南向北-直行,6.739529317909853,2.892055729550736,23
工作日,5,西向东-右转,1.6332992849846781,0.6782883305743416,11
工作日,5,西向东-左转,1.8845760980592443,0.7826403814319325,11
工作日,5,西向东-直行,7.663942798774259,3.1827375511565257,11
工作日,6,东向西-右转,4.532326369282892,1.2624054253901766,23
工作日,6,东向西-左转,1.6431394692264256,0.45766964062483745,23
工作日,6,东向西-直行,6.4767080745341605,1.8039811667962342,23
工作日,6,北向南-右转,2.4497295511788266,0.4810222501691744,23
工作日,6,北向南-左转,3.9627978033775126,0.7781242282148405,23
工作日,6,北向南-直行,8.76138568892192,1.7203619300168111,23
工作日,6,南向北-右转,0.2439112394010463,0.0926052357959996,23
工作日,6,南向北-左转,0.6555114558903121,0.2488765712017489,23
工作日,6,南向北-直行,6.448403391665164,2.4482509213567396,23
工作日,6,西向东-右转,1.1207970112079702,0.6297443142760714,11
工作日,6,西向东-左转,1.9925280199252802,1.1195454476019044,11
工作日,6,西向东-直行,5.97758405977584,3.3586363428057133,11
工作日,7,东向西-右转,3.369823401838273,1.3648857548626878,23
工作日,7,东向西-左转,1.1923990498812351,0.4829595747975665,23
工作日,7,东向西-直行,6.350821026541361,2.5722846918566042,23
工作日,7,北向南-右转,2.0853462157809983,0.5848542283881397,23
工作日,7,北向南-左转,3.038647342995169,0.8522161613655748,23
工作日,7,北向南-直行,7.745571658615137,2.1723157054416613,23
工作日,7,南向北-右转,0.47279132288866227,0.15517991165767345,23
工作日,7,南向北-左转,0.8195049596736813,0.2689785135399673,23
工作日,7,南向北-直行,6.099008065263743,2.001820860383987,23
工作日,7,西向东-右转,1.0668802563075692,0.7095597275866358,11
工作日,7,西向东-左转,1.037244693632359,0.6898497351536736,11
工作日,7,西向东-直行,4.623147777332799,3.074758819542088,11
工作日,8,东向西-右转,3.8802755745961908,1.4296586404300322,23
工作日,8,东向西-左转,0.7104729925316968,0.26176848345902004,23
工作日,8,东向西-直行,5.670120998089503,2.0891138583748714,23
工作日,8,北向南-右转,1.644831174838113,0.47796235461762704,23
工作日,8,北向南-左转,2.88222710453284,0.8375303645134566,23
工作日,8,北向南-直行,6.820767807585569,1.9820090301574995,23
工作日,8,南向北-右转,0.5232981119002251,0.20907315520036024,23
工作日,8,南向北-左转,0.48198510306599684,0.1925673797898054,23
工作日,8,南向北-直行,5.907760263294648,2.3603258837093297,23
工作日,8,西向东-右转,0.8522727272727273,0.38250074272060985,11
工作日,8,西向东-左转,1.5827922077922076,0.7103585221954183,11
工作日,8,西向东-直行,4.383116883116884,1.967146676848851,11
工作日,9,东向西-右转,3.2715328467153286,1.254434763405302,23
工作日,9,东向西-左转,1.629197080291971,0.6246984363946082,23
工作日,9,东向西-直行,4.0992700729927005,1.5718218722186914,23
工作日,9,北向南-右转,1.9350473612990526,0.5460790356170018,23
工作日,9,北向南-左转,2.5155615696887685,0.7099027463021024,23
工作日,9,北向南-直行,6.549391069012178,1.8482675051652362,23
工作日,9,南向北-右转,0.4085424248228308,0.18047855752866585,23
工作日,9,南向北-左转,0.45393602758092316,0.20053173058740653,23
工作日,9,南向北-直行,6.007086764987551,2.6537032347733462,23
工作日,9,西向东-右转,1.106060606060606,0.5591299156960415,11
工作日,9,西向东-左转,1.6590909090909092,0.8386948735440625,11
工作日,9,西向东-直行,3.8712121212121215,1.956954704936146,11
工作日,10,东向西-右转,3.2296964725184583,1.1760193089736988,23
工作日,10,东向西-左转,1.1189499589827727,0.40743976058931297,23
工作日,10,东向西-直行,5.086136177194422,1.8519989117696047,23
工作日,10,北向南-右转,2.3667411007487194,0.846495929979684,23
工作日,10,北向南-左转,2.213056613687114,0.7915286617991851,23
工作日,10,北向南-直行,5.594115329042427,2.000808561770162,23
工作日,10,南向北-右转,0.28265668490258183,0.12144103855164638,23
工作日,10,南向北-左转,0.6099433726845187,0.2620569779272369,23
工作日,10,南向北-直行,5.846530377195507,2.5119120079366857,23
工作日,10,西向东-右转,1.470588235294118,0.7206515911857189,11
工作日,10,西向东-左转,1.1697860962566844,0.5732455838977308,11
工作日,10,西向东-直行,4.177807486631017,2.0473056567776102,11
工作日,11,东向西-右转,4.130304996755354,1.2430000796442564,23
工作日,11,东向西-左转,0.5939000648929266,0.17873203759590614,23
工作日,11,东向西-直行,4.319273199221285,1.2998693643338628,23
工作日,11,北向南-右转,1.6763783056925146,0.5741792614445722,23
工作日,11,北向南-左转,1.8943074854325415,0.6488225654323666,23
工作日,11,北向南-直行,4.559748991483639,1.5617675911292364,23
工作日,11,南向北-右转,0.6507099985360856,0.28617767170861835,23
工作日,11,南向北-左转,0.42760942760942755,0.18805961283709208,23
工作日,11,南向北-直行,4.44341970428927,1.9541846725245653,23
工作日,11,西向东-右转,0.5038090401218893,0.310343298063555,11
工作日,11,西向东-左转,0.5038090401218893,0.310343298063555,11
工作日,11,西向东-直行,4.628745556119858,2.8512790509589117,11
工作日,12,东向西-右转,3.6739130434782608,1.5345172149584874,23
工作日,12,东向西-左转,0.616993030202456,0.25770518113806656,23
工作日,12,东向西-直行,3.0569200132758048,1.2768120338204207,23
工作日,12,北向南-右转,1.5908338415962362,0.5406621893855121,23
工作日,12,北向南-左转,2.2614794807005314,0.7685884064794045,23
工作日,12,北向南-直行,3.9302953733554062,1.3357536443642064,23
工作日,12,南向北-右转,0.2949078696559862,0.12186387628321194,23
工作日,12,南向北-左转,0.4966869383679767,0.2052444232138306,23
工作日,12,南向北-直行,6.643187800671689,2.7451441604849833,23
工作日,12,西向东-右转,0.3615584415584416,0.17905130326871782,11
工作日,12,西向东-左转,1.3257142857142858,0.656521445318632,11
工作日,12,西向东-直行,3.585454545454546,1.7755920907481182,11
工作日,13,东向西-右转,3.83550263085018,1.559093326696494,23
工作日,13,东向西-左转,0.5538631957906397,0.22513983056989087,23
工作日,13,东向西-直行,4.3062863472722235,1.750462182680901,23
工作日,13,北向南-右转,0.8870752337142008,0.3024632278498138,23
工作日,13,北向南-左转,1.4687639115595787,0.5007997707021509,23
工作日,13,北向南-直行,6.165899985161003,2.102367354234772,23
工作日,13,南向北-右转,0.184061815246223,0.04889526461509857,23
工作日,13,南向北-左转,0.15338484603851918,0.04074605384591548,23
工作日,13,南向北-直行,5.445162034367432,1.4464849115299994,23
工作日,13,西向东-右转,0.6655844155844156,0.32034449221427586,11
工作日,13,西向东-左转,0.3993506493506493,0.19220669532856555,11
工作日,13,西向东-直行,2.6623376623376624,1.2813779688571036,11
工作日,14,东向西-右转,3.8293075684380034,1.2418995106759374,23
工作日,14,东向西-左转,0.8979066022544283,0.2912040231929784,23
工作日,14,东向西-直行,4.185829307568438,1.3575246375319725,23
工作日,14,北向南-右转,1.260119940029985,0.5671824926670977,23
工作日,14,北向南-左转,1.3830584707646176,0.6225173700004731,23
工作日,14,北向南-直行,4.487256371814093,2.019723022668202,23
工作日,14,南向北-右转,0.3475132937128558,0.14264400799200946,23
工作日,14,南向北-左转,0.1263684704410384,0.05187054836073074,23
工作日,14,南向北-直行,3.917422583672193,1.6079869991826523,23
工作日,14,西向东-右转,0.5681818181818182,0.3133755971209813,11
工作日,14,西向东-左转,0.3409090909090909,0.1880253582725887,11
工作日,14,西向东-直行,3.1818181818181817,1.754903343877495,11
工作日,15,东向西-右转,2.169133192389006,0.815704091279814,23
工作日,15,东向西-左转,0.9133192389006343,0.3434543542230796,23
工作日,15,东向西-直行,2.9175475687103596,1.0971458537681713,23
工作日,15,北向南-右转,1.1858823529411764,0.3741963392166043,23
工作日,15,北向南-左转,1.8561636828644499,0.58569861790425,23
工作日,15,北向南-直行,4.26230179028133,1.3449375670393888,23
工作日,15,南向北-右转,0.2515642547729825,0.13698688335813966,23
工作日,15,南向北-左转,0.17295042515642542,0.094178482308721,23
工作日,15,南向北-直行,3.836354885287983,2.0890499712116295,23
工作日,15,西向东-右转,0.5818181818181818,0.3226155732149458,11
工作日,15,西向东-左转,0.43636363636363634,0.2419616799112094,11
工作日,15,西向东-直行,3.3454545454545457,1.8550395459859386,11
工作日,16,东向西-右转,3.134123371527233,1.3460923704805792,23
工作日,16,东向西-左转,0.46052425051012397,0.19779316464204424,23
工作日,16,东向西-直行,3.4923088997017744,1.4999314985355023,23
工作日,16,北向南-右转,1.536842105263158,0.721194062894006,23
工作日,16,北向南-左转,0.7350114416475972,0.34491889964495936,23
工作日,16,北向南-直行,4.0759725400457665,1.91273207984932,23
工作日,16,南向北-右转,0.16783887468030692,0.06907113059217063,23
工作日,16,南向北-左转,0.5035166240409208,0.20721339177651188,23
工作日,16,南向北-直行,3.8938618925831205,1.6024502297383583,23
工作日,16,西向东-右转,0.4705882352941177,0.23810090617738391,11
工作日,16,西向东-左转,1.6470588235294121,0.8333531716208437,11
工作日,16,西向东-直行,2.882352941176471,1.4583680503364764,11
工作日,17,东向西-右转,2.088947092718701,0.9534528768720103,23
工作日,17,东向西-左转,0.42577265584075435,0.19433434433060084,23
工作日,17,东向西-直行,3.0070193818753275,1.3724863068348683,23
工作日,17,北向南-右转,1.3989046607801499,0.48227983271866137,23
工作日,17,北向南-左转,1.0824857494132112,0.3731927276989642,23
工作日,17,北向南-直行,3.9968704593718565,1.3779423791961756,23
工作日,17,南向北-右转,0.3094706423223434,0.1337699956513256,23
工作日,17,南向北-左转,0.6840929988178118,0.2957020956502987,23
工作日,17,南向北-直行,4.397740706685932,1.9009420434662057,23
工作日,17,西向东-右转,0.32142857142857145,0.17928429140015908,11
工作日,17,西向东-左转,1.0714285714285716,0.597614304667197,11
工作日,17,西向东-直行,1.6071428571428574,0.8964214570007953,11
工作日,18,东向西-右转,2.116704805491991,1.1653211256716804,23
工作日,18,东向西-左转,0.5644546147978642,0.31075230017911476,23
工作日,18,东向西-直行,2.144927536231884,1.1808587406806361,23
工作日,18,北向南-右转,0.7297014143530645,0.2473370249013415,23
工作日,18,北向南-左转,2.154356556661428,0.730233121137294,23
工作日,18,北向南-直行,5.768115942028985,1.9551402920772711,23
工作日,18,南向北-右转,0.245467672068025,0.1039890084192089,23
工作日,18,南向北-左转,0.31092571795283164,0.13171941066433127,23
工作日,18,南向北-直行,3.878389218674796,1.6430263330235002,23
工作日,18,西向东-右转,0.6111535523300229,0.4203208278453635,11
工作日,18,西向东-左转,1.5584415584415583,1.0718181110056766,11
工作日,18,西向东-直行,1.466768525592055,1.0087699868288722,11
工作日,19,东向西-右转,1.7753623188405798,0.881356701617051,23
工作日,19,东向西-左转,0.7101449275362318,0.3525426806468204,23
工作日,19,东向西-直行,1.7753623188405798,0.881356701617051,23
工作日,19,北向南-右转,1.333870101986044,0.5460957707500359,23
工作日,19,北向南-左转,1.615673644659152,0.6614681166831422,23
工作日,19,北向南-直行,4.659151905528717,1.9074894527606885,23
工作日,19,南向北-右转,0.267760459392945,0.1310545114627857,23
工作日,19,南向北-左转,0.3179655455291222,0.15562723236205803,23
工作日,19,南向北-直行,3.8490566037735854,1.8839086022775446,23
工作日,19,西向东-右转,0.13468013468013465,0.0647305850003928,11
工作日,19,西向东-左转,0.8080808080808081,0.3883835100023569,11
工作日,19,西向东-直行,2.6936026936026938,1.2946117000078563,11
工作日,20,东向西-右转,1.7859090256851773,0.8113439471159333,23
工作日,20,东向西-左转,0.5062419285406802,0.22998726059979213,23
工作日,20,东向西-直行,1.968718610991534,0.8943949023325247,23
工作日,20,北向南-右转,1.5113545589410022,0.4907834401428116,23
工作日,20,北向南-左转,1.256190802236677,0.40792389830051873,23
工作日,20,北向南-直行,4.710715508387538,1.5297146186269452,23
工作日,20,南向北-右转,0.36999387630128594,0.2738164751809231,23
工作日,20,南向北-左转,0.68156766687079,0.5043987700701215,23
工作日,20,南向北-直行,5.8614819350887934,4.337829422603045,23
工作日,20,西向东-右转,0.933943754087639,0.38508793755493026,11
工作日,20,西向东-左转,1.3342053629823414,0.5501256250784717,11
工作日,20,西向东-直行,2.368214519293656,0.9764729845142874,11
工作日,21,东向西-右转,1.1061164333087692,0.5390939355297626,23
工作日,21,东向西-左转,0.11643330876934412,0.056746730055764506,23
工作日,21,东向西-直行,2.2122328666175384,1.0781878710595256,23
工作日,21,北向南-右转,1.2329656067488641,0.44142369694097866,23
工作日,21,北向南-左转,1.2740644603071598,0.45613782017234455,23
工作日,21,北向南-直行,5.753839498161368,2.059977252391234,23
工作日,21,南向北-右转,0.0726472206934507,0.032756525902532016,23
工作日,21,南向北-左转,0.12713263621353874,0.057323920329430976,23
工作日,21,南向北-直行,4.104567969179967,1.8507437134930573,23
工作日,21,西向东-右转,0.6895622895622896,0.32161210088294795,11
工作日,21,西向东-左转,2.0255892255892256,0.9447355463436593,11
工作日,21,西向东-直行,3.103030303030303,1.447254453973265,11
工作日,22,东向西-右转,2.24188790560472,0.865644303674574,23
工作日,22,东向西-左转,0.2359882005899705,0.0911204530183762,23
工作日,22,东向西-直行,2.52212389380531,0.9738498416338957,23
工作日,22,北向南-右转,1.980114593865858,0.6182706840680919,23
工作日,22,北向南-左转,1.3464779238287834,0.42042406516630265,23
工作日,22,北向南-直行,6.8907987866531855,2.1515819805569607,23
工作日,22,南向北-右转,0.05890603085553992,0.023286361904486276,23
工作日,22,南向北-左转,0.23562412342215988,0.09314544761794519,23
工作日,22,南向北-直行,4.270687237026648,1.6882612380752569,23
工作日,22,西向东-右转,0.36363636363636365,0.2838736263003125,11
工作日,22,西向东-左转,1.4545454545454546,1.13549450520125,11
工作日,22,西向东-直行,1.6363636363636365,1.277431318351406,11
工作日,23,东向西-右转,1.7246376811594202,1.0229513546364781,23
工作日,23,东向西-左转,0.46376811594202894,0.27507935586863275,23
工作日,23,东向西-直行,1.6376811594202898,0.9713739754111094,23
工作日,23,北向南-右转,1.4205994090333474,0.4536807044482719,23
工作日,23,北向南-左转,1.7982271000422119,0.5742793727193315,23
工作日,23,北向南-直行,6.042043056141832,1.929578692336954,23
工作日,23,南向北-右转,0.11944216570959798,0.05572338435349624,23
工作日,23,南向北-左转,0.1493027071369975,0.06965423044187029,23
工作日,23,南向北-直行,3.6877768662838393,1.720459491914196,23
工作日,23,西向东-右转,0.460431654676259,0.3001647150596903,11
工作日,23,西向东-左转,1.2374100719424461,0.8066926717229178,11
工作日,23,西向东-直行,2.302158273381295,1.5008235752984516,11
工作日,24,东向西-右转,1.9205562659846547,1.007252753670156,23
工作日,24,东向西-左转,0.2845268542199488,0.1492226301733565,23
工作日,24,东向西-直行,1.664482097186701,0.8729523865141353,23
工作日,24,北向南-右转,1.6956521739130432,0.5213913348175601,23
工作日,24,北向南-左转,1.8741418764302058,0.5762746332194084,23
工作日,24,北向南-直行,6.604118993135011,2.030682040868392,23
工作日,24,南向北-右转,0.1605235444561456,0.08192159279272876,23
工作日,24,南向北-左转,0.14593049496013236,0.07447417526611703,23
工作日,24,南向北-直行,3.910937264931548,1.9959078971319366,23
工作日,24,西向东-右转,0.9821045096635648,0.5945699574478986,11
工作日,24,西向东-左转,0.8418038654259127,0.5096313920981989,11
工作日,24,西向东-直行,2.630637079455977,1.5925981003068708,11
工作日,25,东向西-右转,2.8444816053511706,1.6240417422080846,23
工作日,25,东向西-左转,0.1204013377926421,0.0687425076066914,23
工作日,25,东向西-直行,1.339464882943144,0.7647603971244419,23
工作日,25,北向南-右转,1.3761771188138647,0.4353587360037009,23
工作日,25,北向南-左转,1.859046283309958,0.5881161872330697,23
工作日,25,北向南-直行,7.243037467441395,2.291361768440532,23
工作日,25,南向北-右转,0.21967963386727685,0.08030939539867454,23
工作日,25,南向北-左转,0.137299771167048,0.050193372124171555,23
工作日,25,南向北-直行,3.295194508009153,1.2046409309801178,23
工作日,25,西向东-右转,0.4110671936758894,0.35305684794612346,11
工作日,25,西向东-左转,0.4110671936758894,0.35305684794612346,11
工作日,25,西向东-直行,2.723320158102767,2.3390016176430675,11
工作日,26,东向西-右转,1.708074534161491,1.0015762003674324,23
工作日,26,东向西-左转,0.12422360248447208,0.07284190548126782,23
工作日,26,东向西-直行,1.4285714285714288,0.8376819130345797,23
工作日,26,北向南-右转,0.8991638795986624,0.285956386590551,23
工作日,26,北向南-左转,3.1707357859531777,1.0083725211351007,23
工作日,26,北向南-直行,8.234448160535118,2.6187584877239924,23
工作日,26,南向北-右转,0.12359331021436695,0.07512286958894683,23
工作日,26,南向北-左转,0.16242911847574878,0.09872817115697614,23
工作日,26,南向北-直行,3.105281919135971,1.8874620984222892,23
工作日,26,西向东-右转,1.0045781556572924,0.5768983306810463,11
工作日,26,西向东-左转,2.1765860039241334,1.2499463831422668,11
工作日,26,西向东-直行,2.6370176586003926,1.5143581180377466,11
工作日,27,东向西-右转,1.9350215002388917,1.0947670141782588,23
工作日,27,东向西-左转,0.2866698518872432,0.16218770580418654,23
工作日,27,东向西-直行,1.6913521261347346,0.9569074642447002,23
工作日,27,北向南-右转,1.3620975771656156,0.32433419965208504,23
工作日,27,北向南-左转,2.8755393295718554,0.6847055325988463,23
工作日,27,北向南-直行,8.979754397610355,2.1382032421507833,23
工作日,27,南向北-右转,0.12672733400741482,0.06670962018462959,23
工作日,27,南向北-左转,0.14256825075834173,0.0750483227077083,23
工作日,27,南向北-直行,3.817660936973374,2.009627308061966,23
工作日,27,西向东-右转,0.14496314496314494,0.054421356495084935,11
工作日,27,西向东-左转,1.5945945945945945,0.5986349214459343,11
工作日,27,西向东-直行,3.624078624078624,1.3605339123771236,11
工作日,28,东向西-右转,3.3658058188950633,1.6323404277375906,23
工作日,28,东向西-左转,0.4027459954233409,0.19532278622501087,23
工作日,28,东向西-直行,1.970578620464204,0.9556864897438031,23
工作日,28,北向南-右转,1.2576806408960102,0.2841732408549587,23
工作日,28,北向南-左转,3.644707163412927,0.8235224530898803,23
工作日,28,北向南-直行,9.445438282647585,2.13419903335969,23
工作日,28,南向北-右转,0.26313799621928163,0.11395851584046386,23
工作日,28,南向北-左转,0.08771266540642719,0.0379861719468213,23
工作日,28,南向北-直行,4.692627599243856,2.0322601991549383,23
工作日,28,西向东-右转,0.5787720133269872,0.21989982090022012,11
工作日,28,西向东-左转,2.893860066634936,1.0994991045011007,11
工作日,28,西向东-直行,3.4364588291289864,1.3056551865950572,11
工作日,29,东向西-右转,3.56540934830598,1.155344766629708,23
工作日,29,东向西-左转,0.8522890872444573,0.2761780318636752,23
工作日,29,东向西-直行,2.0170841731452156,0.6536213420773647,23
工作日,29,北向南-右转,1.6920805000343428,0.39874629169410564,23
工作日,29,北向南-左转,3.7486091077683907,0.883376400060788,23
工作日,29,北向南-直行,11.037571261762483,2.601052733512321,23
工作日,29,南向北-右转,0.6064585157085886,0.19550542685667563,23
工作日,29,南向北-左转,0.3807995331193464,0.1227592215146568,23
工作日,29,南向北-直行,5.317089777259021,1.7140824633713188,23
工作日,29,西向东-右转,0.7961269499731037,0.3631840992339453,11
工作日,29,西向东-左转,1.5922538999462075,0.7263681984678906,11
工作日,29,西向东-直行,4.338891877353415,1.9793533408250017,11
工作日,30,东向西-右转,6.474273780140498,2.3520229903660272,23
工作日,30,东向西-左转,0.5012340991076514,0.18209210247995042,23
工作日,30,东向西-直行,2.5897095120561993,0.9408091961464108,23
工作日,30,北向南-右转,2.059597030752916,0.5102193520778953,23
工作日,30,北向南-左转,3.0769883351007423,0.7622554175621572,23
工作日,30,北向南-直行,10.124284199363734,2.5080662126238713,23
工作日,30,南向北-右转,0.1988289522860346,0.06634695717344279,23
工作日,30,南向北-左转,0.11598355550018684,0.03870239168450827,23
工作日,30,南向北-直行,5.467796187865952,1.824541322269676,23
工作日,30,西向东-右转,0.886917960088692,0.36244946578558906,11
工作日,30,西向东-左转,2.4390243902439024,0.99673603091037,11
工作日,30,西向东-直行,3.492239467849224,1.4271447715307573,11
工作日,31,东向西-右转,5.91670363797693,2.166419184959287,23
工作日,31,东向西-左转,0.5734250221827861,0.2099613307009,23
工作日,31,东向西-直行,3.7272626441881096,1.3647486495558498,23
工作日,31,北向南-右转,2.3394895472617674,0.5602403955120617,23
工作日,31,北向南-左转,2.487024924116113,0.5955708709047143,23
工作日,31,北向南-直行,16.608268137317772,3.9772020870585987,23
工作日,31,南向北-右转,0.4785243741765481,0.12601342437758145,23
工作日,31,南向北-左转,0.3888010540184453,0.10238590730678492,23
工作日,31,南向北-直行,9.00223978919631,2.37062754610325,23
工作日,31,西向东-右转,2.2876869965477558,0.8441641261712477,11
工作日,31,西向东-左转,2.1242807825086305,0.783866688587587,11
工作日,31,西向东-直行,2.042577675489068,0.7537179697957568,11
工作日,32,东向西-右转,7.6396156407573015,2.134729062656482,23
工作日,32,东向西-左转,0.38892588716582627,0.10867711591705724,23
工作日,32,东向西-直行,4.667110645989915,1.304125391004687,23
工作日,32,北向南-右转,2.1959215082724124,0.4822287500677857,23
工作日,32,北向南-左转,2.7638322431704507,0.6069430819818683,23
工作日,32,北向南-直行,16.431550596383225,3.6084013367141208,23
工作日,32,南向北-右转,0.6873508353221958,0.18520375866812314,23
工作日,32,南向北-左转,0.6730310262529833,0.18134534702920393,23
工作日,32,南向北-直行,10.63961813842482,2.866799847716989,23
工作日,32,西向东-右转,2.0224719101123596,0.7913176117599554,11
工作日,32,西向东-左转,2.831460674157303,1.1078446564639377,11
工作日,32,西向东-直行,4.146067415730337,1.6222011041079085,11
工作日,33,东向西-右转,10.234920634920636,2.587656559011462,23
工作日,33,东向西-左转,1.0568668046928915,0.26720366641966176,23
工作日,33,东向西-直行,6.229951690821256,1.5750952967895853,23
工作日,33,北向南-右转,2.537697914048756,0.6076357094649424,23
工作日,33,北向南-左转,4.132822317165116,0.9895781554143347,23
工作日,33,北向南-直行,18.416436290525258,4.409699148688438,23
工作日,33,南向北-右转,1.0961755233494366,0.2779127484028529,23
工作日,33,南向北-左转,0.42045088566827693,0.10659667062027237,23
工作日,33,南向北-直行,14.700764895330112,3.727076447758809,23
工作日,33,西向东-右转,1.1490909090909092,0.567123523501795,11
工作日,33,西向东-左转,2.1545454545454543,1.0633566065658655,11
工作日,33,西向东-直行,3.8781818181818184,1.914041891818558,11
工作日,34,东向西-右转,9.302745098039217,1.852637389389586,23
工作日,34,东向西-左转,1.0599829497016198,0.21109511483299623,23
工作日,34,东向西-直行,7.419880647911339,1.4776658038309736,23
工作日,34,北向南-右转,1.2279286795834492,0.18099560375708262,23
工作日,34,北向南-左转,3.668242637742962,0.5406957276793866,23
工作日,34,北向南-直行,16.97339390006489,2.5018632823130904,23
工作日,34,南向北-右转,1.0887259858442873,0.28642211643799675,23
工作日,34,南向北-左转,0.4175935288169868,0.10986053781183436,23
工作日,34,南向北-直行,16.45020222446916,4.327720471659046,23
工作日,34,西向东-右转,2.1140017538731364,0.9344256847816061,11
工作日,34,西向东-左转,3.137971353405437,1.3870381258476967,11
工作日,34,西向东-直行,5.020754165448699,2.2192610013563145,11
工作日,35,东向西-右转,9.500405883689968,1.8815967237591595,23
工作日,35,东向西-左转,1.3653277916680195,0.27040911000131623,23
工作日,35,东向西-直行,8.177744585511576,1.619637898445385,23
工作日,35,北向南-右转,3.040917129093238,0.6068084923493418,23
工作日,35,北向南-左转,4.477834014269163,0.8935421755473824,23
工作日,35,北向南-直行,16.30733581315934,3.2540938930382293,23
工作日,35,南向北-右转,0.9366967459666394,0.19102742244129617,23
工作日,35,南向北-左转,0.42302433688815966,0.08627044884445632,23
工作日,35,南向北-直行,17.857670221493027,3.641845376219549,23
工作日,35,西向东-右转,2.609763227126571,1.1440072295589843,11
工作日,35,西向东-左转,3.6246711487869048,1.5888989299430336,11
工作日,35,西向东-直行,5.038292896813797,2.2085695126208162,11
工作日,36,东向西-右转,14.489637305699482,2.512274067977436,23
工作日,36,东向西-左转,2.198242847488173,0.381140561654301,23
工作日,36,东向西-直行,9.181685064203648,1.5919590532511971,23
工作日,36,北向南-右转,3.6148923201950423,0.6154389028029628,23
工作日,36,北向南-左转,5.52092645266152,0.9399430515536158,23
工作日,36,北向南-直行,18.994616009752132,3.2338516892737497,23
工作日,36,南向北-右转,0.9397543380775979,0.2938933165721717,23
工作日,36,南向北-左转,0.3222014873408907,0.10076342282474461,23
工作日,36,南向北-直行,19.694565913711944,6.159164220162512,23
工作日,36,西向东-右转,3.1672658791302855,1.3859877307926267,11
工作日,36,西向东-左转,4.65588084232152,2.0374019642651615,11
工作日,36,西向东-直行,8.995035096730014,3.93620515545106,11
工作日,37,东向西-右转,18.168582775919734,2.9672678086021467,23
工作日,37,东向西-左转,2.62876254180602,0.4293258622845609,23
工作日,37,东向西-直行,13.376567725752508,2.184642538812582,23
工作日,37,北向南-右转,6.4693418307846455,1.2152152366708608,23
工作日,37,北向南-左转,5.496624562671441,1.0324979099160536,23
工作日,37,北向南-直行,28.903598823935223,5.429314852142844,23
工作日,37,南向北-右转,1.088598149437867,0.2267571692817706,23
工作日,37,南向北-左转,0.60630783006666,0.12629513225820133,23
工作日,37,南向北-直行,22.392050542234603,4.664308861808572,23
工作日,37,西向东-右转,3.8669623059866964,1.6250699389649357,11
工作日,37,西向东-左转,4.1086474501108645,1.726636810150244,11
工作日,37,西向东-直行,11.842572062084257,4.976776688080116,11
工作日,38,东向西-右转,24.369787642527687,3.9410556778082553,23
工作日,38,东向西-左转,3.4552223080705207,0.5587748114615357,23
工作日,38,东向西-直行,20.783685701575706,3.361115153791358,23
工作日,38,北向南-右转,5.884901893957837,0.8177898149887955,23
工作日,38,北向南-左转,9.6927795900482,1.3469479305697813,23
工作日,38,北向南-直行,35.94405764642875,4.994931909196272,23
工作日,38,南向北-右转,1.7805558308439398,0.32558245328336877,23
工作日,38,南向北-左转,1.026743873260374,0.1877446263458843,23
工作日,38,南向北-直行,37.10574377415656,6.784948205284807,23
工作日,38,西向东-右转,2.3652453740949317,0.8376644367647395,11
工作日,38,西向东-左转,5.462590506838295,1.9346059610995172,11
工作日,38,西向东-直行,20.808527755430408,7.369452604394554,11
工作日,39,东向西-右转,36.310462363073405,3.196224475311612,23
工作日,39,东向西-左转,7.802669580828975,0.6868291358464556,23
工作日,39,东向西-直行,41.10425936044545,3.6181979313218515,23
工作日,39,北向南-右转,9.882101283454382,1.1051486794584326,23
工作日,39,北向南-左转,13.070341259576162,1.4617002972107156,23
工作日,39,北向南-直行,46.39538354392597,5.188552048377108,23
工作日,39,南向北-右转,3.1908497150541075,0.4768368453993279,23
工作日,39,南向北-左转,1.1882243708778895,0.17756685874703002,23
工作日,39,南向北-直行,50.01223026189409,7.473769133330053,23
工作日,39,西向东-右转,4.63295269168026,1.6378518552136005,11
工作日,39,西向东-左转,6.81781106332493,2.4102479005700146,11
工作日,39,西向东-直行,53.094690790449356,18.770154499805862,11
工作日,40,东向西-右转,41.342482106300515,4.967576704499454,23
工作日,40,东向西-左转,11.03137810695073,1.3254941191414933,23
工作日,40,东向西-直行,55.40874848240093,6.657733018518918,23
工作日,40,北向南-右转,9.262698747713522,1.1243517246442467,23
工作日,40,北向南-左转,13.56080859246752,1.6460773413661003,23
工作日,40,北向南-直行,52.828666572862446,6.4126022004673375,23
工作日,40,南向北-右转,3.023342878246704,0.27941116487184736,23
工作日,40,南向北-左转,1.2496483896753043,0.11548994814703023,23
工作日,40,南向北-直行,53.46613916686061,4.941231222333692,23
工作日,40,西向东-右转,3.92144993334054,1.3542444979116817,11
工作日,40,西向东-左转,8.023492955716499,2.7708555187535064,11
工作日,40,西向东-直行,53.14596620185205,18.353576748013577,11
工作日,41,东向西-右转,55.69519724442711,5.192722274147912,23
工作日,41,东向西-左转,15.938788154502719,1.4860473500000524,23
工作日,41,东向西-直行,58.19210155759191,5.425520276217727,23
工作日,41,北向南-右转,12.084437986662198,1.3944257861720804,23
工作日,41,北向南-左转,9.116083603442494,1.0519067630262022,23
工作日,41,北向南-直行,60.88643493163444,7.0256982567552555,23
工作日,41,南向北-右转,2.663738689031119,0.3525425586702308,23
工作日,41,南向北-左转,1.1230898256455528,0.14863956527717845,23
工作日,41,南向北-直行,67.1262149635842,8.88407247848982,23
工作日,41,西向东-右转,5.4136949606562865,2.1599873026379797,11
工作日,41,西向东-左转,10.1650761761259,4.055720839527696,11
工作日,41,西向东-直行,31.330319772308723,12.500352049309159,11
工作日,42,东向西-右转,56.01942645698428,9.384514801577572,23
工作日,42,东向西-左转,13.654024051803887,2.2873563497413167,23
工作日,42,东向西-直行,51.543940795559664,8.634770220273472,23
工作日,42,北向南-右转,19.116419140969416,1.4313578869635342,23
工作日,42,北向南-左转,10.235998671720237,0.7664289698647004,23
工作日,42,北向南-直行,75.69106044817991,5.667431517702211,23
工作日,42,南向北-右转,2.299167742861243,0.2084858159230995,23
工作日,42,南向北-左转,1.5092696226144355,0.13685878713970334,23
工作日,42,南向北-直行,81.66982350408954,7.4057231545689906,23
工作日,42,西向东-右转,6.667806337383235,2.4068695569243115,11
工作日,42,西向东-左转,16.961963489834545,6.122738346561846,11
工作日,42,西向东-直行,19.915684718236765,7.188939334497615,11
工作日,43,东向西-右转,59.48883587970563,8.529264318374222,23
工作日,43,东向西-左转,9.106097772970466,1.3055948005383684,23
工作日,43,东向西-直行,48.535501129932584,6.958820286869502,23
工作日,43,北向南-右转,30.828458498023718,2.194835482275167,23
工作日,43,北向南-左转,16.496442687747034,1.1744660455438263,23
工作日,43,北向南-直行,78.15335968379448,5.564137010094162,23
工作日,43,南向北-右转,1.6617728443751787,0.15343361866032065,23
工作日,43,南向北-左转,2.156184599726472,0.19908329032785416,23
工作日,43,南向北-直行,90.05160777328966,8.314580475667134,23
工作日,43,西向东-右转,5.62077922077922,2.2861817703757756,11
工作日,43,西向东-左转,22.576796536796536,9.182830111009366,11
工作日,43,西向东-直行,20.984242424242424,8.535078609402898,11
工作日,44,东向西-右转,62.631040088547614,13.811739242308267,23
工作日,44,东向西-左转,5.44733838331431,1.2012768302838994,23
工作日,44,东向西-直行,49.399882397703294,10.89393203933928,23
工作日,44,北向南-右转,28.596853869600256,6.6492560595929895,23
工作日,44,北向南-左转,16.806642609396352,3.9078309355820235,23
工作日,44,北向南-直行,73.55302526013384,17.10233234545594,23
工作日,44,南向北-右转,1.7872456007605302,0.4525871957635519,23
工作日,44,南向北-左转,3.4702352081433627,0.878773471774229,23
工作日,44,南向北-直行,94.87295397370481,24.02483697511521,23
工作日,44,西向东-右转,3.938736826142998,1.524952937058495,11
工作日,44,西向东-左转,17.10432936538024,6.622249328522539,11
工作日,44,西向东-直行,22.684206535749485,8.78259932268874,11
工作日,45,东向西-右转,34.20657341693654,12.770889019022832,23
工作日,45,东向西-左转,2.662440570522979,0.9940116664552454,23
工作日,45,东向西-直行,36.174464273410045,13.50559329422888,23
工作日,45,北向南-右转,25.233403388939973,10.917475682888522,23
工作日,45,北向南-左转,14.447274399054251,6.25075280193183,23
工作日,45,北向南-直行,32.884539603310124,14.227813661453323,23
工作日,45,南向北-右转,1.3789596475531445,0.5426757263930273,23
工作日,45,南向北-左转,3.8009785156913596,1.4958369381346264,23
工作日,45,南向北-直行,62.6896270541468,24.67087340755993,23
工作日,45,西向东-右转,1.0033778822147157,0.5056607093097131,11
工作日,45,西向东-左转,6.736965780584521,3.395150476793788,11
工作日,45,西向东-直行,14.441474519018946,7.277902351850513,11
工作日,46,东向西-右转,17.07766891202286,6.087866805205289,23
工作日,46,东向西-左转,1.8248622167789346,0.65052895514215,23
工作日,46,东向西-直行,26.445294958154726,9.427248774934991,23
工作日,46,北向南-右转,19.016291945309867,7.872523386555888,23
工作日,46,北向南-左转,9.296330839600738,3.8485726951603643,23
工作日,46,北向南-直行,23.252594606393746,9.626303348907445,23
工作日,46,南向北-右转,1.1830131445904954,0.5130640950839519,23
工作日,46,南向北-左转,2.622345803842265,1.137292077436094,23
工作日,46,南向北-直行,43.67290192113246,18.940616176849236,23
工作日,46,西向东-右转,1.7148325358851677,0.7343937450390323,11
工作日,46,西向东-左转,5.78755980861244,2.4785788895067338,11
工作日,46,西向东-直行,12.861244019138754,5.507953087792743,11
工作日,47,东向西-右转,16.616633532140494,5.050763276173616,23
工作日,47,东向西-左转,1.8687872763419484,0.5680333581451115,23
工作日,47,东向西-直行,28.514579191517566,8.667242323030827,23
工作日,47,北向南-右转,16.844523577048992,6.64583439188684,23
工作日,47,北向南-左转,8.616621675951984,3.399599900465192,23
工作日,47,北向南-直行,23.58233300786859,9.304168148641576,23
工作日,47,南向北-右转,1.5001019818472314,0.4619927912864064,23
工作日,47,南向北-左转,2.87690791039195,0.8860135723300947,23
工作日,47,南向北-直行,48.18820749906517,14.840727336529081,23
工作日,47,西向东-右转,2.6123114553607834,1.166202731389121,11
工作日,47,西向东-左转,8.707704851202609,3.8873424379637362,11
工作日,47,西向东-直行,12.952710966163885,5.782421876471058,11
工作日,48,东向西-右转,16.406974177885676,3.2689128343747296,23
工作日,48,东向西-左转,2.595453542264401,0.5171161545903525,23
工作日,48,东向西-直行,29.693224453762962,5.916055054301533,23
工作日,48,北向南-右转,15.847759470622197,3.5821283838306743,23
工作日,48,北向南-左转,11.286583470266908,2.551148702140788,23
工作日,48,北向南-直行,18.430874450415242,4.165999530093824,23
工作日,48,南向北-右转,1.4633474819318575,0.4639611785863682,23
工作日,48,南向北-左转,2.0730755994034644,0.6572783363306883,23
工作日,48,南向北-直行,42.680968223012506,13.532201042102406,23
工作日,48,西向东-右转,3.344392833443928,1.1821294337795152,11
工作日,48,西向东-左转,8.904445919044461,3.1474196174379587,11
工作日,48,西向东-直行,16.38752488387525,5.7924342255196235,11
工作日,49,东向西-右转,21.410427345887225,5.405417641437549,23
工作日,49,东向西-左转,2.5742742556638603,0.6499182501435175,23
工作日,49,东向西-直行,27.406602746275,6.919251614332818,23
工作日,49,北向南-右转,15.780139839053165,3.7686307061161415,23
工作日,49,北向南-左转,8.322402517856807,1.9875655093900197,23
工作日,49,北向南-直行,25.767022860481333,6.153709317384164,23
工作日,49,南向北-右转,0.8780998389694041,0.2642709973077919,23
工作日,49,南向北-左转,2.6557165861513687,0.7992586260040534,23
工作日,49,南向北-直行,42.72705314009662,12.859039990952313,23
工作日,49,西向东-右转,2.557367749255425,0.9271163781393846,11
工作日,49,西向东-左转,10.183803715784995,3.691909862947906,11
工作日,49,西向东-直行,16.531555807686853,5.993145158686735,11
工作日,50,东向西-右转,29.124182873434478,7.699919276439101,23
工作日,50,东向西-左转,3.498584665512677,0.9249639594457929,23
工作日,50,东向西-直行,32.89897159148762,8.697906706367457,23
工作日,50,北向南-右转,15.973816503608473,3.6476766109804886,23
工作日,50,北向南-左转,14.108948775003238,3.2218275726702648,23
工作日,50,北向南-直行,39.48245211269264,9.015955396951771,23
工作日,50,南向北-右转,1.430456177050895,0.3796440694076187,23
工作日,50,南向北-左转,3.0504908835904634,0.8096024130740784,23
工作日,50,南向北-直行,58.56253120022821,15.542536721049258,23
工作日,50,西向东-右转,5.411395508482887,2.2169184659162426,11
工作日,50,西向东-左转,14.575855643816807,5.97137715819375,11
工作日,50,西向东-直行,20.467294302245758,8.384957746086434,11
工作日,51,东向西-右转,40.582236227373194,6.5312969875745654,23
工作日,51,东向西-左转,6.230917444790278,1.0028026082390857,23
工作日,51,东向西-直行,44.57815067566262,7.17439866024963,23
工作日,51,北向南-右转,18.777006454755814,3.8001233418676033,23
工作日,51,北向南-左转,19.67409572524662,3.981677834312676,23
工作日,51,北向南-直行,60.94020216782365,12.33318448678612,23
工作日,51,南向北-右转,2.4353189989425448,0.44452286871452673,23
工作日,51,南向北-左转,3.6302891909702533,0.6626427856614062,23
工作日,51,南向北-直行,79.76047876660894,14.55881420330248,23
工作日,51,西向东-右转,10.616577003738488,3.9745918942844884,11
工作日,51,西向东-左转,20.360080240722166,7.622325902525843,11
工作日,51,西向东-直行,38.659706391902986,14.473267193989896,11
工作日,52,东向西-右转,39.85883875463528,4.905791822227254,23
工作日,52,东向西-左转,6.189592095766657,0.7618097073338173,23
工作日,52,东向西-直行,47.1689604539459,5.805515355888744,23
工作日,52,北向南-右转,22.550089580862505,2.37358227313049,23
工作日,52,北向南-左转,16.275013247874032,1.713078912684308,23
工作日,52,北向南-直行,67.69663630169825,7.125627386094282,23
工作日,52,南向北-右转,3.0041729311773193,0.31522641190010114,23
工作日,52,南向北-左转,4.361388113282809,0.45763834417984217,23
工作日,52,南向北-直行,79.06922156423552,8.296695155847834,23
工作日,52,西向东-右转,11.518565941101151,4.0260499606106475,11
工作日,52,西向东-左转,19.1606914212548,6.697179261400404,11
工作日,52,西向东-直行,32.22983354673496,11.265197485939407,11
工作日,53,东向西-右转,35.95187498150176,4.9418281309972585,23
工作日,53,东向西-左转,8.007340101222363,1.100662999830842,23
工作日,53,东向西-直行,35.51904578684109,4.882332833709108,23
工作日,53,北向南-右转,18.489219186432052,2.099100547696936,23
工作日,53,北向南-左转,17.718205140227607,2.0115665101396645,23
工作日,53,北向南-直行,61.92301045594905,7.030184663423263,23
工作日,53,南向北-右转,3.325354691075515,0.40492683652811606,23
工作日,53,南向北-左转,3.516636155606408,0.4282190881868132,23
工作日,53,南向北-直行,77.02757437070937,9.379610571790652,23
工作日,53,西向东-右转,10.390534937809688,3.6696773130288802,11
工作日,53,西向东-左转,14.628779451916271,5.166519374922239,11
工作日,53,西向东-直行,36.4352310648195,12.868013209502587,11
工作日,54,东向西-右转,31.13587332111415,3.4673063136046114,23
工作日,54,东向西-左转,6.907184279318529,0.7691874711177898,23
工作日,54,东向西-直行,39.435203269132536,4.39152381766087,23
工作日,54,北向南-右转,17.908607207536043,2.143408960324699,23
工作日,54,北向南-左转,18.531257458129186,2.2179314572896294,23
工作日,54,北向南-直行,55.386222290856516,6.6289535395472425,23
工作日,54,南向北-右转,4.123715010457923,0.3619543535191653,23
工作日,54,南向北-左转,4.4749944372747095,0.39278750215227926,23
工作日,54,南向北-直行,66.00998620444128,5.793950799666039,23
工作日,54,西向东-右转,11.538997537975565,4.057783915598506,11
工作日,54,西向东-左转,15.67798578529289,5.513293363584928,11
工作日,54,西向东-直行,34.14665304036791,12.007952945887972,11
工作日,55,东向西-右转,32.45598938202821,4.188993542413842,23
工作日,55,东向西-左转,6.1719586365824135,0.7965954933114849,23
工作日,55,东向西-直行,40.67639980747634,5.2499763330743985,23
工作日,55,北向南-右转,14.79237926050825,1.7985429601583687,23
工作日,55,北向南-左转,16.6972329278574,2.030146077764275,23
工作日,55,北向南-直行,54.46690955076478,6.622401644043894,23
工作日,55,南向北-右转,4.099402369150082,0.5358170982533902,23
工作日,55,南向北-左转,3.499132736524534,0.4573581660091439,23
工作日,55,南向北-直行,69.83624750302104,9.128026995245255,23
工作日,55,西向东-右转,9.682235195996665,3.494389969836757,11
工作日,55,西向东-左转,13.98191201000834,5.046174989336632,11
工作日,55,西向东-直行,31.881307339449542,11.506198551995372,11
工作日,56,东向西-右转,31.519148456859654,4.718587662962594,23
工作日,56,东向西-左转,7.477359765712998,1.1194013566171552,23
工作日,56,东向西-直行,41.177404820905615,6.16448108192642,23
工作日,56,北向南-右转,15.820060266896258,1.5884654371142484,23
工作日,56,北向南-左转,19.421007318123117,1.9500304270859667,23
工作日,56,北向南-直行,54.5415411106328,5.476423697479598,23
工作日,56,南向北-右转,4.111420612813371,0.42523400560504854,23
工作日,56,南向北-左转,3.323517707918822,0.3437431682939764,23
工作日,56,南向北-直行,64.56506167926781,6.6778037047454815,23
工作日,56,西向东-右转,7.998237982489951,3.1493651477189086,11
工作日,56,西向东-左转,12.146577831617202,4.7828045340358045,11
工作日,56,西向东-直行,29.12791145862012,11.46932979169274,11
工作日,57,东向西-右转,30.50733960210437,4.145049717183569,23
工作日,57,东向西-左转,7.258057688819012,0.9861564581746103,23
工作日,57,东向西-直行,37.321559230815744,5.070901643743183,23
工作日,57,北向南-右转,16.01358089671316,1.8676580113624515,23
工作日,57,北向南-左转,18.49720209981024,2.157321832782056,23
工作日,57,北向南-直行,56.14139091652007,6.547749637671066,23
工作日,57,南向北-右转,4.101217391304348,0.3475220014646213,23
工作日,57,南向北-左转,3.6423399209486167,0.30863842088116733,23
工作日,57,南向北-直行,71.12600790513834,6.026954990435393,23
工作日,57,西向东-右转,6.943890518084067,2.575474471245346,11
工作日,57,西向东-左转,13.181622678396872,4.889036284397944,11
工作日,57,西向东-直行,34.60175953079179,12.833720246544603,11
工作日,58,东向西-右转,32.07790928516223,4.887788853319997,23
工作日,58,东向西-左转,7.22233167138982,1.1004841969151604,23
工作日,58,东向西-直行,34.178019913013166,5.207787804196037,23
工作日,58,北向南-右转,16.760309556581113,1.8226910830764673,23
工作日,58,北向南-左转,21.01919547674952,2.2858468120518185,23
工作日,58,北向南-直行,55.56832105362588,6.043079511392679,23
工作日,58,南向北-右转,5.463522865748511,0.6193308672223685,23
工作日,58,南向北-左转,3.1324197763624797,0.3550830305408245,23
工作日,58,南向北-直行,74.05623127093249,8.394823461576795,23
工作日,58,西向东-右转,8.385238523852387,3.1192503056466356,11
工作日,58,西向东-左转,12.855310531053105,4.782085946524437,11
工作日,58,西向东-直行,41.03217821782178,15.263684400057619,11
工作日,59,东向西-右转,31.874184104955006,3.3952654302774192,23
工作日,59,东向西-左转,7.332740612237522,0.7810898195210919,23
工作日,59,东向西-直行,38.445249195850955,4.095220919953889,23
工作日,59,北向南-右转,17.02731658812243,2.17117938876696,23
工作日,59,北向南-左转,20.925675912245197,2.6682651961951853,23
工作日,59,北向南-直行,54.78613793441498,6.985864910523868,23
工作日,59,南向北-右转,4.776728114251296,0.5475327704548254,23
工作日,59,南向北-左转,2.4253356369573145,0.27800425496777514,23
工作日,59,南向北-直行,73.92837103140009,8.474044332828704,23
工作日,59,西向东-右转,7.220405493786788,2.8179540623166623,11
工作日,59,西向东-左转,11.883584041857425,4.63788272756284,11
工作日,59,西向东-直行,31.077828646173973,12.128943943221303,11
工作日,60,东向西-右转,28.269772439464294,5.008608479229313,23
工作日,60,东向西-左转,7.242027706358648,1.283083599436603,23
工作日,60,东向西-直行,37.74906941939445,6.688073262063295,23
工作日,60,北向南-右转,17.28280493654878,1.8883347594703885,23
工作日,60,北向南-左转,18.135188173215298,1.9814669159748828,23
工作日,60,北向南-直行,52.4950503684968,5.73565625920768,23
工作日,60,南向北-右转,5.0069047149339125,0.6854862006867234,23
工作日,60,南向北-左转,3.5846535205468877,0.49076838136121903,23
工作日,60,南向北-直行,64.97365915582354,8.895425276737562,23
工作日,60,西向东-右转,9.460509761893668,3.7215398315282706,11
工作日,60,西向东-左转,13.64274730907227,5.366732744856318,11
工作日,60,西向东-直行,33.169470201761335,13.048081726394853,11
工作日,61,东向西-右转,29.451448555761846,4.082318626182518,23
工作日,61,东向西-左转,10.471626153159766,1.4514910670871186,23
工作日,61,东向西-直行,39.16388181281753,5.4285765909058235,23
工作日,61,北向南-右转,14.703591809331991,1.4663732779996899,23
工作日,61,北向南-左转,21.76480289563174,2.1705802079481558,23
工作日,61,北向南-直行,50.09682268634062,4.99610184045744,23
工作日,61,南向北-右转,4.51002560671977,0.7385582176493654,23
工作日,61,南向北-左转,3.8930188461913326,0.637517679729908,23
工作日,61,南向北-直行,63.68391206882803,10.428826949543968,23
工作日,61,西向东-右转,5.401722488038278,1.8928771734996919,11
工作日,61,西向东-左转,12.82909090909091,4.495583287061767,11
工作日,61,西向东-直行,35.223732057416264,12.343136568862572,11
工作日,62,东向西-右转,30.45018372627322,3.830359923538141,23
工作日,62,东向西-左转,10.08573892750241,1.2686954710831857,23
工作日,62,东向西-直行,36.63799038970263,4.608730486791983,23
工作日,62,北向南-右转,16.44192304432579,1.7969208247903343,23
工作日,62,北向南-左转,24.143126536147133,2.638577417701924,23
工作日,62,北向南-直行,49.545385202135776,5.414764088237299,23
工作日,62,南向北-右转,4.8683404776485,0.5816129188844164,23
工作日,62,南向北-左转,3.0953926022063594,0.3698016469324798,23
工作日,62,南向北-直行,61.166701702753834,7.307488882341816,23
工作日,62,西向东-右转,7.532757745048247,2.798233929125254,11
工作日,62,西向东-左转,13.581790479708205,5.045300569180381,11
工作日,62,西向东-直行,35.06726995706173,13.026626889753548,11
工作日,63,东向西-右转,28.60099893556047,4.659180327230196,23
工作日,63,东向西-左转,11.207129015529901,1.8256717239678606,23
工作日,63,东向西-直行,40.9744807445618,6.674854085819147,23
工作日,63,北向南-右转,17.31162768892818,2.5160241256618163,23
工作日,63,北向南-左转,23.220130461571433,3.3747495898200968,23
工作日,63,北向南-直行,52.12041576254387,7.575037186246462,23
工作日,63,南向北-右转,5.413620221433048,0.6108512190559221,23
工作日,63,南向北-左转,3.32233131397535,0.3748785563521276,23
工作日,63,南向北-直行,62.2640484645916,7.025625801634965,23
工作日,63,西向东-右转,6.3275021508460005,2.249446885848968,11
工作日,63,西向东-左转,12.655004301692001,4.498893771697936,11
工作日,63,西向东-直行,34.74476627473473,12.351873524974241,11
工作日,64,东向西-右转,33.41725558103618,6.6912434921371515,23
工作日,64,东向西-左转,12.068750877521412,2.416564417494145,23
工作日,64,东向西-直行,48.73138484579024,9.75764035803308,23
工作日,64,北向南-右转,19.990515541365387,3.862055164257832,23
工作日,64,北向南-左转,24.311189514776707,4.696785073927177,23
工作日,64,北向南-直行,51.611338422118784,9.971020290844791,23
工作日,64,南向北-右转,7.127060296265387,0.7120445853730214,23
工作日,64,南向北-左转,3.3006467765491343,0.3297583530620959,23
工作日,64,南向北-直行,59.57229292718548,5.951700540443757,23
工作日,64,西向东-右转,6.226830193450499,2.1509250960960102,11
工作日,64,西向东-左转,15.394107978252624,5.317564820904027,11
工作日,64,西向东-直行,40.56088001011506,14.010887084292069,11
工作日,65,东向西-右转,30.747173330224967,4.988587096585658,23
工作日,65,东向西-左转,9.590861405758247,1.5560730393019482,23
工作日,65,东向西-直行,45.74892178575591,7.422551609932289,23
工作日,65,北向南-右转,20.44747081712062,2.443217417973631,23
工作日,65,北向南-左转,22.521851914509675,2.691080054579652,23
工作日,65,北向南-直行,48.4219816161958,5.78582211734625,23
工作日,65,南向北-右转,4.710608913998745,0.397013014973853,23
工作日,65,南向北-左转,4.023035563197686,0.33906391030375654,23
工作日,65,南向北-直行,61.17939900106444,5.156237355964761,23
工作日,65,西向东-右转,6.8707823780757336,2.5122732795514136,11
工作日,65,西向东-左转,14.570797112126126,5.327751954910758,11
工作日,65,西向东-直行,33.37660232797997,12.204017181269153,11
工作日,66,东向西-右转,30.529803754152386,4.513749858740579,23
工作日,66,东向西-左转,9.789932894859719,1.44741540355439,23
工作日,66,东向西-直行,42.767219872727026,6.323019113183564,23
工作日,66,北向南-右转,18.88488158955935,1.4939845158457505,23
工作日,66,北向南-左转,23.321423858054107,1.8449597349167965,23
工作日,66,北向南-直行,45.48934672629958,3.598665912875123,23
工作日,66,南向北-右转,4.028833551769331,0.6650753090794401,23
工作日,66,南向北-左转,2.817264041635801,0.4650707777258404,23
工作日,66,南向北-直行,59.9799893631166,9.90142914857761,23
工作日,66,西向东-右转,7.82520325203252,2.6859738794601444,11
工作日,66,西向东-左转,12.632113821138212,4.33592926255709,11
工作日,66,西向东-直行,34.54268292682927,11.856656125045495,11
工作日,67,东向西-右转,31.0826919076347,3.5769265363895726,23
工作日,67,东向西-左转,11.270048887039733,1.296931972631319,23
工作日,67,东向西-直行,43.69073746619513,5.027832167872097,23
工作日,67,北向南-右转,19.646929642253443,2.4464695502818996,23
工作日,67,北向南-左转,26.527177376894723,3.3032098597191397,23
工作日,67,北向南-直行,49.78241471998227,6.198992105617015,23
工作日,67,南向北-右转,5.121748141473304,0.5620907018564941,23
工作日,67,南向北-左转,3.483379139445822,0.382286471579633,23
工作日,67,南向北-直行,62.6122640234287,6.87143734085086,23
工作日,67,西向东-右转,6.112135851266287,2.222525507639272,11
工作日,67,西向东-左转,12.9433465085639,4.706524604412577,11
工作日,67,西向东-直行,36.76269945835163,13.36783724447739,11
工作日,68,东向西-右转,30.702817276870768,3.512183756995636,23
工作日,68,东向西-左转,11.164660827953007,1.2771577298165953,23
工作日,68,东向西-直行,45.34991319952406,5.18770727403306,23
工作日,68,北向南-右转,24.414939389771895,2.892116870430431,23
工作日,68,北向南-左转,24.16154868792445,2.8621010054748055,23
工作日,68,北向南-直行,50.38003366143408,5.967860208824704,23
工作日,68,南向北-右转,5.528884767290703,0.5765180076220809,23
工作日,68,南向北-左转,5.097869556937394,0.5315743995010046,23
工作日,68,南向北-直行,67.41672393664146,7.029800221972469,23
工作日,68,西向东-右转,4.790948275862069,1.7714785726150473,11
工作日,68,西向东-左转,14.894935344827587,5.507481459732679,11
工作日,68,西向东-直行,37.31411637931034,13.797092729021042,11
工作日,69,东向西-右转,30.04492529277157,3.7780963760237847,23
工作日,69,东向西-左转,9.691075514874141,1.218635657294433,23
工作日,69,东向西-直行,43.95965136626733,5.527848643315522,23
工作日,69,北向南-右转,21.91248936296531,1.748910224289245,23
工作日,69,北向南-左转,25.12774336545883,2.005530570134189,23
工作日,69,北向南-直行,53.394549880271505,4.261600435263913,23
工作日,69,南向北-右转,6.92865653735219,0.9209153575197249,23
工作日,69,南向北-左转,3.727346683868423,0.49541650469607773,23
工作日,69,南向北-直行,68.86573590921417,9.15321945369931,23
工作日,69,西向东-右转,8.091590057882193,2.860617355998606,11
工作日,69,西向东-左转,13.986891385767791,4.944781429654733,11
工作日,69,西向东-直行,39.64879128362275,14.01702504439317,11
工作日,70,东向西-右转,30.56464663421185,4.806428301845986,23
工作日,70,东向西-左转,10.592230988752728,1.6656760149500742,23
工作日,70,东向西-直行,44.14747020312238,6.942388465295645,23
工作日,70,北向南-右转,23.148393716473254,2.3680774592452094,23
工作日,70,北向南-左转,24.76653385976071,2.533612970959437,23
工作日,70,北向南-直行,60.65028981507039,6.2045162168444055,23
工作日,70,南向北-右转,7.302153968887117,0.6190564380470591,23
工作日,70,南向北-左转,3.6895093737534905,0.31278641080272496,23
工作日,70,南向北-直行,72.79094535301157,6.17101522979542,23
工作日,70,西向东-右转,8.628770777754976,3.098032143464383,11
工作日,70,西向东-左转,17.612148573773855,6.323380676386208,11
工作日,70,西向东-直行,39.21362610301662,14.07907073416862,11
工作日,71,东向西-右转,33.5936221020238,5.167340478112119,23
工作日,71,东向西-左转,10.417032798290203,1.6023385354800335,23
工作日,71,东向西-直行,46.77195379533817,7.1944195047809565,23
工作日,71,北向南-右转,21.17125641708415,2.102111122094539,23
工作日,71,北向南-左转,28.233318677507846,2.8033089787593615,23
工作日,71,北向南-直行,55.42151186192975,5.502846604523928,23
工作日,71,南向北-右转,7.407720438845997,0.8262119158566217,23
工作日,71,南向北-左转,3.410637952052012,0.38040173625898627,23
工作日,71,南向北-直行,71.74685900040633,8.002206660036322,23
工作日,71,西向东-右转,8.377546845593649,2.9198234096266997,11
工作日,71,西向东-左转,15.073684641191392,5.253625923659309,11
工作日,71,西向东-直行,42.094223058669506,14.671084526539788,11
工作日,72,东向西-右转,34.071123895219486,3.942588134340692,23
工作日,72,东向西-左转,10.515617509311502,1.2168295048022715,23
工作日,72,东向西-直行,47.934997725903806,5.5468658396770225,23
工作日,72,北向南-右转,20.705457725875693,2.5833687461669417,23
工作日,72,北向南-左转,26.227874375604376,3.2723870120318006,23
工作日,72,北向南-直行,54.8492765941721,6.843408572715215,23
工作日,72,南向北-右转,7.242890940724853,0.9364809906733538,23
工作日,72,南向北-左转,3.166870725128649,0.40946553776303546,23
工作日,72,南向北-直行,61.15545572545085,7.907190958907231,23
工作日,72,西向东-右转,8.498836592235785,2.998460833062037,11
工作日,72,西向东-左转,14.203535126750213,5.011126323747514,11
工作日,72,西向东-直行,42.11581009919582,14.858811046030027,11
工作日,73,东向西-右转,33.782452017234625,2.928862055606431,23
工作日,73,东向西-左转,11.595986622073578,1.005345769377082,23
工作日,73,东向西-直行,48.83895266503962,4.234226551205279,23
工作日,73,北向南-右转,19.20250862847745,2.1335745053432835,23
工作日,73,北向南-左转,29.01485951217252,3.223816519445917,23
工作日,73,北向南-直行,61.08697968543698,6.787322687202746,23
工作日,73,南向北-右转,5.610642439974043,0.7930380284427443,23
工作日,73,南向北-左转,3.0448941065423867,0.430381519568101,23
工作日,73,南向北-直行,59.69228954044009,8.437225525746223,23
工作日,73,西向东-右转,8.414599099530607,3.151173221944448,11
工作日,73,西向东-左转,12.066768847590765,4.518869932857837,11
工作日,73,西向东-直行,34.97317750742408,13.097063703706612,11
工作日,74,东向西-右转,32.44575902674109,3.392881677773681,23
工作日,74,东向西-左转,10.802331559679628,1.1296093518991623,23
工作日,74,东向西-直行,47.44756158749233,4.961633421260438,23
工作日,74,北向南-右转,19.594634330233728,2.658713287144793,23
工作日,74,北向南-左转,25.70885900980146,3.4883266456892295,23
工作日,74,北向南-直行,55.43563709474743,7.52182778413623,23
工作日,74,南向北-右转,6.381442589424421,0.9109108021135637,23
工作日,74,南向北-左转,3.1526458616010857,0.4500203724045529,23
工作日,74,南向北-直行,57.81373763593102,8.252547505544365,23
工作日,74,西向东-右转,6.582956294603293,2.373396419602763,11
工作日,74,西向东-左转,12.646205513316852,4.55941943765794,11
工作日,74,西向东-直行,37.04356546480713,13.355559676975197,11
工作日,75,东向西-右转,34.98010556232237,4.533655072468344,23
工作日,75,东向西-左转,11.195678652756449,1.451034652350117,23
工作日,75,东向西-直行,48.25899839361684,6.254688181819683,23
工作日,75,北向南-右转,20.410591696632885,2.287169715589149,23
工作日,75,北向南-左转,23.762013729977117,2.662723305252482,23
工作日,75,北向南-直行,53.392611964694346,5.983068346911148,23
工作日,75,南向北-右转,5.225827970491288,0.6230271115858735,23
工作日,75,南向北-左转,3.553563019934076,0.4236584358783943,23
工作日,75,南向北-直行,57.394522053052896,6.842617762674565,23
工作日,75,西向东-右转,6.301946344029457,2.316516804642291,11
工作日,75,西向东-左转,13.176796901152505,4.843626046070245,11
工作日,75,西向东-直行,34.97580220936349,12.856668265764718,11
工作日,76,东向西-右转,37.18134475431315,4.519258921919774,23
工作日,76,东向西-左转,13.53463177249056,1.6450858837113822,23
工作日,76,东向西-直行,51.67532782102239,6.280950510032156,23
工作日,76,北向南-右转,17.276794264919147,2.1542723973591453,23
工作日,76,北向南-左转,22.288833556789886,2.779231966558898,23
工作日,76,北向南-直行,54.13002435220402,6.749563347357324,23
工作日,76,南向北-右转,4.7679864207125044,0.6233757537255211,23
工作日,76,南向北-左转,4.312446316822774,0.5638175606944205,23
工作日,76,南向北-直行,55.48478465376906,7.254187911188072,23
工作日,76,西向东-右转,7.28806410797132,2.61856581894267,11
工作日,76,西向东-左转,11.92592308577125,4.284925885542552,11
工作日,76,西向东-直行,46.240558260802885,16.614006616397624,11
工作日,77,东向西-右转,36.75726581015342,4.4999173417936635,23
工作日,77,东向西-左转,11.408756392665586,1.3966887799765026,23
工作日,77,东向西-直行,54.833977797180985,6.712914091148324,23
工作日,77,北向南-右转,15.843250811848383,1.598186890669606,23
工作日,77,北向南-左转,22.705295749464245,2.2903952254819195,23
工作日,77,北向南-直行,56.7992795256439,5.729623611681753,23
工作日,77,南向北-右转,4.522750252780586,0.6577315002701204,23
工作日,77,南向北-左转,2.325985844287159,0.33826191442463316,23
工作日,77,南向北-直行,57.97735085945399,8.431491422510302,23
工作日,77,西向东-右转,7.3166588013213785,2.7981328901622575,11
工作日,77,西向东-左转,13.303016002402506,5.0875143457495575,11
工作日,77,西向东-直行,38.107597923548845,14.573608802928426,11
工作日,78,东向西-右转,36.57190762731028,3.8641532703809967,23
工作日,78,东向西-左转,12.496676943781058,1.3203871007578019,23
工作日,78,东向西-直行,51.453154559343446,5.436491787303807,23
工作日,78,北向南-右转,20.016618469736958,2.0774393021012227,23
工作日,78,北向南-左转,22.352852037530464,2.319907001626004,23
工作日,78,北向南-直行,56.93487731881954,5.909027640270622,23
工作日,78,南向北-右转,5.269315057164713,0.6358016316495565,23
工作日,78,南向北-左转,3.021883851227025,0.36462399048490407,23
工作日,78,南向北-直行,55.57836630899957,6.706149774747479,23
工作日,78,西向东-右转,7.724175084175084,2.6265017680026572,11
工作日,78,西向东-左转,13.373198653198653,4.547376195347884,11
工作日,78,西向东-直行,37.26626262626262,12.671890992639687,11
工作日,79,东向西-右转,37.919962458529774,5.39903192318895,23
工作日,79,东向西-左转,12.901388161341016,1.8368954508514779,23
工作日,79,东向西-直行,49.96125807578139,7.113467677316997,23
工作日,79,北向南-右转,16.869393316228106,2.208619053484542,23
工作日,79,北向南-左转,24.148357070549512,3.161614679115743,23
工作日,79,北向南-直行,57.02572787409195,7.466072238672847,23
工作日,79,南向北-右转,5.4558960074280405,0.8605321284496236,23
工作日,79,南向北-左转,2.6982963949779983,0.42558925917888984,23
工作日,79,南向北-直行,55.715372814985265,8.787716681287185,23
工作日,79,西向东-右转,7.592838065090513,2.938294176070834,11
工作日,79,西向东-左转,12.613908398456822,4.881359679601547,11
工作日,79,西向东-直行,36.06598080917993,13.956897336336462,11
工作日,80,东向西-右转,36.480436099333744,4.915517423498544,23
工作日,80,东向西-左转,13.302967898243491,1.7924942100473393,23
工作日,80,东向西-直行,56.216596002422776,7.5748452235398185,23
工作日,80,北向南-右转,19.174875288040315,2.496714316836268,23
工作日,80,北向南-左转,23.936517181129883,3.116716236407505,23
工作日,80,北向南-直行,54.80165100909069,7.135590954586333,23
工作日,80,南向北-右转,5.085196350172984,0.4419646255894126,23
工作日,80,南向北-左转,3.4005300746555536,0.2955468968665397,23
工作日,80,南向北-直行,58.557751836041035,5.089371792830229,23
工作日,80,西向东-右转,8.99100531314061,3.1682388198866747,11
工作日,80,西向东-左转,14.102330251432875,4.969360888726359,11
工作日,80,西向东-直行,43.81575534451743,15.439739180475131,11
工作日,81,东向西-右转,34.817090856565066,4.984484426763695,23
工作日,81,东向西-左转,12.651255236169291,1.811179025941163,23
工作日,81,东向西-直行,50.87947999422216,7.284008210732384,23
工作日,81,北向南-右转,19.71933652641486,2.24546850470647,23
工作日,81,北向南-左转,23.370539327055074,2.6612360880707087,23
工作日,81,北向南-直行,59.953602407399636,6.82700078520267,23
工作日,81,南向北-右转,5.453090755964743,0.7158688118815838,23
工作日,81,南向北-左转,3.223650336399047,0.42319316503496934,23
工作日,81,南向北-直行,59.758041516331865,7.844893858381885,23
工作日,81,西向东-右转,10.957447660221769,3.9052707456781133,11
工作日,81,西向东-左转,16.857611784956568,6.008108839504789,11
工作日,81,西向东-直行,40.548576918458025,14.451647512165984,11
工作日,82,东向西-右转,37.09757834335187,3.6411029085370576,23
工作日,82,东向西-左转,11.450347434444371,1.1238440677027837,23
工作日,82,东向西-直行,45.93033509176898,4.508032172474455,23
工作日,82,北向南-右转,20.172716756482238,2.508643334974846,23
工作日,82,北向南-左转,24.442750331518216,3.039657149199478,23
工作日,82,北向南-直行,64.68888073808651,8.044594660678827,23
工作日,82,南向北-右转,5.954796476832781,0.7205977363006226,23
工作日,82,南向北-左转,3.8418041786017945,0.46490176535524047,23
工作日,82,南向北-直行,68.02948630108718,8.23233741421357,23
工作日,82,西向东-右转,9.59552607621277,3.4818336171485664,11
工作日,82,西向东-左转,14.195734165691247,5.151065615958026,11
工作日,82,西向东-直行,35.39055793991417,12.841821635012655,11
工作日,83,东向西-右转,38.244949421587485,3.99436894054886,23
工作日,83,东向西-左转,13.724325863261072,1.4333924292559814,23
工作日,83,东向西-直行,44.552463845586225,4.653136701738874,23
工作日,83,北向南-右转,18.150156156788434,1.9545848967564508,23
工作日,83,北向南-左转,23.161022797721397,2.4942036290374485,23
工作日,83,北向南-直行,64.51490800201191,6.947591178117832,23
工作日,83,南向北-右转,5.491539115288495,0.6575882417270253,23
工作日,83,南向北-左转,3.6108750347102427,0.43238678908078393,23
工作日,83,南向北-直行,68.63671628478387,8.218952215777238,23
工作日,83,西向东-右转,8.410503403880888,3.0082188456724164,11
工作日,83,西向东-左转,12.524336590561756,4.479630237577402,11
工作日,83,西向东-直行,38.88334182373917,13.907562489413056,11
工作日,84,东向西-右转,36.86694879539229,4.623925062874415,23
工作日,84,东向西-左转,12.405773688277023,1.5559564801506305,23
工作日,84,东向西-直行,47.11858186415677,5.909704999400564,23
工作日,84,北向南-右转,21.421726743465875,2.7320062317419715,23
工作日,84,北向南-左转,24.51470333209464,3.126467024560333,23
工作日,84,北向南-直行,54.58530905487428,6.961502510294384,23
工作日,84,南向北-右转,6.041086493000835,0.7697234116714421,23
工作日,84,南向北-左转,3.9625938629832205,0.5048928319131982,23
工作日,84,南向北-直行,60.126754426624636,7.661034253294226,23
工作日,84,西向东-右转,8.932658273220127,3.368556285535894,11
工作日,84,西向东-左转,13.942963394417314,5.257970868769166,11
工作日,84,西向东-直行,35.215287423271654,13.279885356439577,11
工作日,85,东向西-右转,32.50591438725533,3.41920032230693,23
工作日,85,东向西-左转,14.090492777198223,1.482136969638638,23
工作日,85,东向西-直行,45.88185370511165,4.82617554170589,23
工作日,85,北向南-右转,20.74385674204907,2.0772452538109265,23
工作日,85,北向南-左转,24.305345811286646,2.4338851186908688,23
工作日,85,北向南-直行,55.64644962057732,5.572315929634357,23
工作日,85,南向北-右转,6.291990019450284,0.8828910052259069,23
工作日,85,南向北-左转,3.9985068468928664,0.5610698234649046,23
工作日,85,南向北-直行,56.492111829309025,7.9269638454815246,23
工作日,85,西向东-右转,8.83102539430197,3.1040440774397484,11
工作日,85,西向东-左转,13.190645525666234,4.636420267568233,11
工作日,85,西向东-直行,38.70560180730452,13.60475014953814,11
工作日,86,东向西-右转,32.53626869884279,4.142172642331572,23
工作日,86,东向西-左转,14.852949477843634,1.890919993147374,23
工作日,86,东向西-直行,44.61078182331358,5.679371587809771,23
工作日,86,北向南-右转,18.070855809884826,2.159068858405244,23
工作日,86,北向南-左转,26.601108033240997,3.1782459313425417,23
工作日,86,北向南-直行,54.32803615687418,6.491002542362089,23
工作日,86,南向北-右转,4.627917511762707,0.888996644205473,23
工作日,86,南向北-左转,3.173429150922999,0.609597698883753,23
工作日,86,南向北-直行,54.24213159818386,10.419605112401923,23
工作日,86,西向东-右转,8.400103600103598,3.46502668621252,11
工作日,86,西向东-左转,11.091686091686093,4.575299321583434,11
工作日,86,西向东-直行,32.417301217301215,13.372074817214518,11
工作日,87,东向西-右转,32.89787984098807,5.457806212851192,23
工作日,87,东向西-左转,13.093432007400555,2.172219453136316,23
工作日,87,东向西-直行,41.92173162987224,6.954876376499193,23
工作日,87,北向南-右转,20.427039824230572,2.8659532232576743,23
工作日,87,北向南-左转,24.6850308125224,3.463357600127867,23
工作日,87,北向南-直行,59.58358153716008,8.359691811884574,23
工作日,87,南向北-右转,4.748888397078647,0.7350661292034341,23
工作日,87,南向北-左转,3.781522242118182,0.5853304362175494,23
工作日,87,南向北-直行,54.81741544775969,8.485022602533466,23
工作日,87,西向东-右转,8.077852739892249,2.9831714407727707,11
工作日,87,西向东-左转,13.804688637577051,5.098106417440035,11
工作日,87,西向东-直行,34.57200407707616,12.767528517038691,11
工作日,88,东向西-右转,35.41749746146035,4.4713285831821095,23
工作日,88,东向西-左转,13.32641004338595,1.6824101760164234,23
工作日,88,东向西-直行,47.821309886458046,6.037264208551245,23
工作日,88,北向南-右转,18.495401160322626,4.103696224533739,23
工作日,88,北向南-左转,23.75689825951606,5.2710991694168605,23
工作日,88,北向南-直行,60.74770058016131,13.478491618484338,23
工作日,88,南向北-右转,5.667415182336385,0.8148970002388184,23
工作日,88,南向北-左转,3.8027474928112013,0.5467832203674973,23
工作日,88,南向北-直行,53.35592428137416,7.671854142144729,23
工作日,88,西向东-右转,9.329199222787217,3.510375742606919,11
工作日,88,西向东-左转,13.624043986936213,5.126432868014372,11
工作日,88,西向东-直行,39.592211335731115,14.897692175941556,11
工作日,89,东向西-右转,36.030742439194285,5.069714432507968,23
工作日,89,东向西-左转,13.01789052069426,1.831685471509484,23
工作日,89,东向西-直行,47.29919312706797,6.655244544209853,23
工作日,89,北向南-右转,19.327654727408145,3.6028121971318026,23
工作日,89,北向南-左转,23.52359792465938,4.384965828430461,23
工作日,89,北向南-直行,58.71396473923683,10.944700290227926,23
工作日,89,南向北-右转,5.145352256243384,0.7169322502509051,23
工作日,89,南向北-左转,2.843484141608186,0.39619940145444776,23
工作日,89,南向北-直行,58.75029403693104,8.186024670262531,23
工作日,89,西向东-右转,7.819747085718992,2.7200161193351637,11
工作日,89,西向东-左转,11.841331301231618,4.118881552136106,11
工作日,89,西向东-直行,41.97528524941303,14.600657954859829,11
工作日,90,东向西-右转,38.39222871059696,5.983146595016627,23
工作日,90,东向西-左转,13.904630116513992,2.1669343804889194,23
工作日,90,东向西-直行,48.83357595549774,7.6103538011059895,23
工作日,90,北向南-右转,22.33640236361138,2.3752071958741108,23
工作日,90,北向南-左转,23.133613349982976,2.459980976388761,23
工作日,90,北向南-直行,60.00824515597087,6.3811536605573105,23
工作日,90,南向北-右转,4.233638162468582,0.6433109467207864,23
工作日,90,南向北-左转,2.605315792288358,0.3958836595204838,23
工作日,90,南向北-直行,53.33495908872133,8.104368325297177,23
工作日,90,西向东-右转,8.662337662337661,3.2047622263818236,11
工作日,90,西向东-左转,15.043593073593074,5.565603733149768,11
工作日,90,西向东-直行,36.9304329004329,13.662969625141177,11
工作日,91,东向西-右转,33.03031091453102,5.346359557191054,23
工作日,91,东向西-左转,14.668740561422164,2.3743149586283256,23
工作日,91,东向西-直行,50.866165915351154,8.233310700068676,23
工作日,91,北向南-右转,20.73034221562463,2.898008335755772,23
工作日,91,北向南-左转,23.763700195858192,3.3220580991708,23
工作日,91,北向南-直行,66.24508802329979,9.260764501499722,23
工作日,91,南向北-右转,5.193935362032706,0.8213154676300212,23
工作日,91,南向北-左转,2.912206532469205,0.4605063604630756,23
工作日,91,南向北-直行,52.71994506201983,8.336589370857324,23
工作日,91,西向东-右转,9.352301408838512,3.6401777940904685,11
工作日,91,西向东-左转,12.49860033958974,4.864805508769051,11
工作日,91,西向东-直行,35.33091643338993,13.7517827776751,11
工作日,92,东向西-右转,34.354530567685586,4.863966878327903,23
工作日,92,东向西-左转,14.571506550218341,2.06305614009078,23
工作日,92,东向西-直行,46.07396288209607,6.523221994557503,23
工作日,92,北向南-右转,20.068112696385306,2.718493532532188,23
工作日,92,北向南-左转,23.022664138883002,3.1187269331254766,23
工作日,92,北向南-直行,65.25704925168822,8.839937717451754,23
工作日,92,南向北-右转,4.271146790366601,0.5836820942920677,23
工作日,92,南向北-左转,3.2109330480770195,0.438796468049356,23
工作日,92,南向北-直行,58.38748537894768,7.979058416652204,23
工作日,92,西向东-右转,8.294605245277891,3.1041675889619382,11
工作日,92,西向东-左转,14.100828916972414,5.277084901235295,11
工作日,92,西向东-直行,37.05911129229515,13.868977334969232,11
工作日,93,东向西-右转,32.84587788073177,4.786289041702339,23
工作日,93,东向西-左转,13.057685911142789,1.9027611079062265,23
工作日,93,东向西-直行,46.35730577334284,6.755169261466311,23
工作日,93,北向南-右转,22.91411164299561,2.923633520394472,23
工作日,93,北向南-左转,23.787712149384816,3.0350970483595123,23
工作日,93,北向南-直行,63.47208925109785,8.098464851492686,23
工作日,93,南向北-右转,5.3579719698489585,0.700184168655953,23
工作日,93,南向北-左转,2.7749276317675045,0.36262981737553496,23
工作日,93,南向北-直行,59.0410134418618,7.715528029266698,23
工作日,93,西向东-右转,9.170048009911723,3.19729411996201,11
工作日,93,西向东-左转,15.707952609571008,5.476846409194184,11
工作日,93,西向东-直行,41.57654483506272,14.496373648840098,11
工作日,94,东向西-右转,34.708070391165144,5.507425555892664,23
工作日,94,东向西-左转,14.983759454317665,2.3776009098755075,23
工作日,94,东向西-直行,47.134257111038934,7.4791945863239055,23
工作日,94,北向南-右转,23.65390245615172,3.874959654178337,23
工作日,94,北向南-左转,25.881735241212787,4.239921088105374,23
工作日,94,北向南-直行,70.81218838959202,11.600384906566754,23
工作日,94,南向北-右转,5.485084162464222,0.6449096874807202,23
工作日,94,南向北-左转,3.567534414610877,0.41945345527201316,23
工作日,94,南向北-直行,66.8169466403162,7.8560136726987455,23
工作日,94,西向东-右转,9.619004111466422,3.590518771116557,11
工作日,94,西向东-左转,13.075833714024668,4.8808614544865705,11
工作日,94,西向东-直行,37.12334399269072,13.85715838227796,11
工作日,95,东向西-右转,34.465299425758815,3.667953358341637,23
工作日,95,东向西-左转,13.085479901558655,1.3926160732717134,23
工作日,95,东向西-直行,48.01443806398687,5.109914095626915,23
工作日,95,北向南-右转,20.162711153830422,2.293322124149013,23
工作日,95,北向南-左转,25.683969692011946,2.9213142757080988,23
工作日,95,北向南-直行,77.0663626324185,8.765586785636225,23
工作日,95,南向北-右转,5.146783172433232,0.6378193610962701,23
工作日,95,南向北-左转,3.660955887534353,0.4536869860178828,23
工作日,95,南向北-直行,66.80095659220633,8.278363790895343,23
工作日,95,西向东-右转,9.978029266674957,3.811594694190435,11
工作日,95,西向东-左转,16.710193591178545,6.383273042077958,11
工作日,95,西向东-直行,39.22086805123741,14.982322517826864,11
工作日,96,东向西-右转,36.36079862166819,5.2052325088278355,23
工作日,96,东向西-左转,14.377622377622377,2.0582294734047037,23
工作日,96,东向西-直行,49.82679639201378,7.13295830185362,23
工作日,96,北向南-右转,28.055364100544356,3.071479612532882,23
工作日,96,北向南-左转,29.035793491154777,3.1788162656590315,23
工作日,96,北向南-直行,82.77840762569217,9.062516190097021,23
工作日,96,南向北-右转,4.832676219738786,0.75195976101446,23
工作日,96,南向北-左转,3.231947503421523,0.5028879158834874,23
工作日,96,南向北-直行,65.0658110594484,10.12417747637134,23
工作日,96,西向东-右转,12.046806278497359,3.5582624444592432,11
工作日,96,西向东-左转,15.237420812653836,4.5006735374224585,11
工作日,96,西向东-直行,39.897591090666985,11.784542452194223,11
工作日,97,东向西-右转,34.614473339351754,5.281099005051019,23
工作日,97,东向西-左转,12.686752671889108,1.9356064226657597,23
工作日,97,东向西-直行,50.13355659745479,7.648831552941543,23
工作日,97,北向南-右转,31.20592015041874,3.257287156223428,23
工作日,97,北向南-左转,27.679325185651567,2.8891796808287564,23
工作日,97,北向南-直行,90.50605901175577,9.447060755086756,23
工作日,97,南向北-右转,4.612812408700964,0.6619883359293439,23
工作日,97,南向北-左转,4.290988287163688,0.6158031031900878,23
工作日,97,南向北-直行,66.35706886935273,9.522955131475282,23
工作日,97,西向东-右转,11.054834054834053,1.8046624148753063,11
工作日,97,西向东-左转,15.96482683982684,2.6062013065885417,11
工作日,97,西向东-直行,47.07124819624819,7.6842141654664005,11
工作日,98,东向西-右转,30.791377420533433,4.608453102549418,23
工作日,98,东向西-左转,11.995615637559371,1.7953478126975946,23
工作日,98,东向西-直行,54.25648520277676,8.120405402826293,23
工作日,98,北向南-右转,31.57299318753304,3.5101903401837586,23
工作日,98,北向南-左转,31.87673337515994,3.5439592599121097,23
工作日,98,北向南-直行,77.24592561122006,8.587969480388825,23
工作日,98,南向北-右转,4.678209186639964,0.6808838500885566,23
工作日,98,南向北-左转,4.584017055365334,0.6671747792814046,23
工作日,98,南向北-直行,64.69429549712514,9.415846799379002,23
工作日,98,西向东-右转,9.776350319219771,0.9713826150810297,11
工作日,98,西向东-左转,16.983275234029218,1.6874659531215344,11
工作日,98,西向东-直行,45.96764717402374,4.567366334371381,11
工作日,99,东向西-右转,26.745825713752566,7.070344137669052,23
工作日,99,东向西-左转,8.717566710207128,2.304516500777122,23
工作日,99,东向西-直行,44.88443366299683,11.865342869507524,23
工作日,99,北向南-右转,32.879384187319275,8.818758016655236,23
工作日,99,北向南-左转,32.55519721297622,8.731806069423035,23
工作日,99,北向南-直行,63.60889686057408,17.060887330612715,23
工作日,99,南向北-右转,4.042522573983347,1.3039599924355794,23
工作日,99,南向北-左转,4.66315881978162,1.5041530203198796,23
工作日,99,南向北-直行,57.68562295406112,18.607130348489438,23
工作日,99,西向东-右转,8.211225556053144,2.2109045716961107,11
工作日,99,西向东-左转,18.75100761307658,5.048782081634398,11
工作日,99,西向东-直行,47.67413046723391,12.836445946116218,11
工作日,100,东向西-右转,21.121079671804306,9.324144333667302,23
工作日,100,东向西-左转,7.200368069933287,3.1786855682956703,23
工作日,100,东向西-直行,39.72203051913197,17.53574871843112,23
工作日,100,北向南-右转,28.41099009017052,11.501854393466001,23
工作日,100,北向南-左转,30.370368717078833,12.295085730946415,23
工作日,100,北向南-直行,53.47951075796804,21.65054944652424,23
工作日,100,南向北-右转,4.098089892795424,2.0102258365062613,23
工作日,100,南向北-左转,3.88444539601462,1.9054273331812908,23
工作日,100,南向北-直行,47.23485601553779,23.16999637148449,23
工作日,100,西向东-右转,4.971918780472752,2.3416884967592777,11
工作日,100,西向东-左转,10.303647472690242,4.852841292626135,11
工作日,100,西向东-直行,32.90625192865519,15.4982804456568,11
工作日,101,东向西-右转,17.320136021374786,8.112723118889416,23
工作日,101,东向西-左转,5.530289045421424,2.590378259013814,23
工作日,101,东向西-直行,31.540879281029877,14.773695784924934,23
工作日,101,北向南-右转,31.565614075684074,13.99378848818555,23
工作日,101,北向南-左转,28.55644074940291,12.659750286004435,23
工作日,101,北向南-直行,47.57359734882606,21.09050872019663,23
工作日,101,南向北-右转,2.821749064538561,1.3555153268259357,23
工作日,101,南向北-左转,4.428292327560515,2.1272685785954466,23
工作日,101,南向北-直行,46.836915129640055,22.499575570818827,23
工作日,101,西向东-右转,3.529940792925129,1.6446023042248314,11
工作日,101,西向东-左转,12.03709810387469,5.608093857406673,11
工作日,101,西向东-直行,27.251142921382005,12.696329788615698,11
工作日,102,东向西-右转,14.611927035367488,7.120734737600392,23
工作日,102,东向西-左转,3.1791640411678217,1.5492811981389973,23
工作日,102,东向西-直行,23.339343706073386,11.373809565183892,23
工作日,102,北向南-右转,34.25061957123264,14.880999948252132,23
工作日,102,北向南-左转,20.40513943360362,8.865500322527595,23
工作日,102,北向南-直行,32.822501864728956,14.26052009175257,23
工作日,102,南向北-右转,1.878341054882395,1.122872809132173,23
工作日,102,南向北-左转,3.297532074126871,1.971265598254259,23
工作日,102,南向北-直行,35.56325730577335,21.259725186235812,23
工作日,102,西向东-右转,1.4277746793084216,0.446304500082977,11
工作日,102,西向东-左转,7.361963190184048,2.3012575785528497,11
工作日,102,西向东-直行,20.30117122141662,6.345892110554829,11
工作日,103,东向西-右转,10.315276096891314,5.376713371612619,23
工作日,103,东向西-左转,2.874225537833493,1.4981554286227112,23
工作日,103,东向西-直行,25.245280973970846,13.158798514736144,23
工作日,103,北向南-右转,29.7059064807219,14.994167947269888,23
工作日,103,北向南-左转,19.042247744052503,9.611646120044798,23
工作日,103,北向南-直行,31.990976210008206,16.147565481675258,23
工作日,103,南向北-右转,0.8264523200584581,0.5428266830440828,23
工作日,103,南向北-左转,2.2038728534892216,1.4475378214508872,23
工作日,103,南向北-直行,29.752283522104495,19.54176058958698,23
工作日,103,西向东-右转,1.9209039548022602,0.3452856236946394,11
工作日,103,西向东-左转,5.238828967642527,0.9416880646217433,11
工作日,103,西向东-直行,16.022085259373394,2.8799959976348313,11
工作日,104,东向西-右转,11.524829030415745,6.270725670456546,23
工作日,104,东向西-左转,3.780631745427388,2.0570634474513536,23
工作日,104,东向西-直行,29.95540878937426,16.2989099767819,23
工作日,104,北向南-右转,24.484848484848488,11.080850487055914,23
工作日,104,北向南-左转,24.04934722721284,10.883760261001557,23
工作日,104,北向南-直行,39.291891244460416,17.78191817290395,23
工作日,104,南向北-右转,1.2918463206070094,0.720791184741241,23
工作日,104,南向北-左转,2.977815247500903,1.6614847648272673,23
工作日,104,南向北-直行,35.252077562326875,19.66904758361692,23
工作日,104,西向东-右转,1.4630890401815513,0.36817891886507875,11
工作日,104,西向东-左转,4.864771058603657,1.2241949052263872,11
工作日,104,西向东-直行,18.5812308103057,4.675872269586501,11
工作日,105,东向西-右转,15.551788156037043,6.547510456891122,23
工作日,105,东向西-左转,5.719520193879026,2.407994367084129,23
工作日,105,东向西-直行,36.380865563127415,15.316830149390794,23
工作日,105,北向南-右转,23.784181483752302,9.06815242224587,23
工作日,105,北向南-左转,28.864091559370532,11.004960669713935,23
工作日,105,北向南-直行,51.35172695687717,19.57878127984452,23
工作日,105,南向北-右转,4.423561457269322,1.9539564902759299,23
工作日,105,南向北-左转,3.530132788559755,1.5593150316487716,23
工作日,105,南向北-直行,56.04630575417092,24.756532477781736,23
工作日,105,西向东-右转,2.883189912243333,1.2596794000179758,11
工作日,105,西向东-左转,8.325210871602625,3.637324267551905,11
工作日,105,西向东-直行,27.246144670699493,11.903970330169871,11
工作日,106,东向西-右转,29.903241773350853,7.208731350919875,23
工作日,106,东向西-左转,9.981019890616885,2.406110064754437,23
工作日,106,东向西-直行,54.55052094472792,13.150415380506299,23
工作日,106,北向南-右转,28.712215320910968,6.545646743653088,23
工作日,106,北向南-左转,37.257517499753526,8.49375589354984,23
工作日,106,北向南-直行,84.76939761411812,19.32524276697578,23
工作日,106,南向北-右转,4.451275343361675,1.184500800499688,23
工作日,106,南向北-左转,4.306518421626336,1.145980449263926,23
工作日,106,南向北-直行,74.242206235012,19.756125140041533,23
工作日,106,西向东-右转,4.548015364916773,1.5276003945734873,11
工作日,106,西向东-左转,9.922942614363869,3.332946315433062,11
工作日,106,西向东-直行,39.34722383890118,13.216057959113048,11
工作日,107,东向西-右转,30.442378357049495,6.419905321548256,23
工作日,107,东向西-左转,11.949591851833583,2.5200149416759112,23
工作日,107,东向西-直行,50.825421095464755,10.71842638356624,23
工作日,107,北向南-右转,29.10992042823328,2.9649662366050102,23
工作日,107,北向南-左转,34.7133198908789,3.5356957326857112,23
工作日,107,北向南-直行,82.43762924610522,8.396614753484508,23
工作日,107,南向北-右转,5.014979696939685,0.9872026265734601,23
工作日,107,南向北-左转,3.8846191938199466,0.7646902885203943,23
工作日,107,南向北-直行,74.96996632663168,14.757895773125155,23
工作日,107,西向东-右转,9.39225342739252,1.795191708604748,11
工作日,107,西向东-左转,15.857935134655486,3.0310120877167104,11
工作日,107,西向东-直行,44.477084165224724,8.501143344733352,11
工作日,108,东向西-右转,28.811646931212152,4.658325779972099,23
工作日,108,东向西-左转,10.97586549760463,1.774600297132227,23
工作日,108,东向西-直行,57.08205278857452,9.229142600337905,23
工作日,108,北向南-右转,28.49602487622534,3.638249554432535,23
工作日,108,北向南-左转,29.25635964670467,3.735325818645932,23
工作日,108,北向南-直行,72.59544156402652,9.268672878809568,23
工作日,108,南向北-右转,5.241550977826178,0.6699409071284682,23
工作日,108,南向北-左转,3.148078665361068,0.4023669111882694,23
工作日,108,南向北-直行,66.39297905246492,8.485918156960599,23
工作日,108,西向东-右转,12.354530277735622,1.4789448196105321,11
工作日,108,西向东-左转,19.71467597511003,2.3600183291657406,11
工作日,108,西向东-直行,46.65806647442707,5.5853767123589275,11
工作日,109,东向西-右转,30.471260084799834,4.042539499590021,23
工作日,109,东向西-左转,10.085646697492704,1.3380354156690184,23
工作日,109,东向西-直行,56.530049739446596,7.499688504824844,23
工作日,109,北向南-右转,26.578073480923223,2.493757365346185,23
工作日,109,北向南-左转,31.43323127649553,2.9493052635532067,23
工作日,109,北向南-直行,74.98869524258126,7.036010763274913,23
工作日,109,南向北-右转,4.888827738029719,0.7276618966474275,23
工作日,109,南向北-左转,4.283544303797468,0.6375704237291745,23
工作日,109,南向北-直行,64.39284534947717,9.584346695841829,23
工作日,109,西向东-右转,6.503337064212577,0.45361557325483104,11
工作日,109,西向东-左转,14.295071093976702,0.9970983827205253,11
工作日,109,西向东-直行,46.474319114538,3.2416395918918335,11
工作日,110,东向西-右转,31.07182072577796,3.6398677722809047,23
工作日,110,东向西-左转,10.800912970575204,1.2652588137582716,23
工作日,110,东向西-直行,57.34465760799467,6.717564863093382,23
工作日,110,北向南-右转,23.523647267275454,2.9241203240665055,23
工作日,110,北向南-左转,26.363772659124983,3.277163722772697,23
工作日,110,北向南-直行,68.28649311707782,8.488391281935838,23
工作日,110,南向北-右转,5.060816272149932,0.5910099502247026,23
工作日,110,南向北-左转,3.2746458231558377,0.38241820308657226,23
工作日,110,南向北-直行,68.36019007860727,7.983208708453181,23
工作日,110,西向东-右转,8.444583888932465,1.554869483862761,11
工作日,110,西向东-左转,13.511334222291943,2.487791174180417,11
工作日,110,西向东-直行,47.9531727978665,8.829437426220672,11
工作日,111,东向西-右转,35.83942503047541,3.9622183469966195,23
工作日,111,东向西-左转,12.853474197480699,1.4210125091180936,23
工作日,111,东向西-直行,62.220144250304756,6.878731924178514,23
工作日,111,北向南-右转,24.112027295990902,2.7068094603315545,23
工作日,111,北向南-左转,22.097526300824565,2.480662140380974,23
工作日,111,北向南-直行,62.79044640318453,7.048838003382684,23
工作日,111,南向北-右转,4.991434336379334,0.8047521544011003,23
工作日,111,南向北-左转,3.1920144345497934,0.5146377413724904,23
工作日,111,南向北-直行,61.94698601167956,9.987504010263182,23
工作日,111,西向东-右转,6.44572818485862,0.730795663911271,11
工作日,111,西向东-左转,14.046822742474916,1.5925830034292796,11
工作日,111,西向东-直行,43.1438127090301,4.891504939104218,11
工作日,112,东向西-右转,33.79190811204789,5.988530652915848,23
工作日,112,东向西-左转,13.165678485213462,2.3331937608763047,23
工作日,112,东向西-直行,61.607630794043004,10.917974333982936,23
工作日,112,北向南-右转,21.788922916839105,2.086245733537488,23
工作日,112,北向南-左转,25.23166333613177,2.4158812340548455,23
工作日,112,北向南-直行,64.02289200789869,6.130063693831567,23
工作日,112,南向北-右转,5.049377219698273,0.8154876315776145,23
工作日,112,南向北-左转,2.923323653509527,0.4721244182817769,23
工作日,112,南向北-直行,59.20121217027046,9.561150652583363,23
工作日,112,西向东-右转,7.461157024793389,1.259773893585742,11
工作日,112,西向东-左转,15.411570247933884,2.602155911341041,11
工作日,112,西向东-直行,44.400000000000006,7.496687268387284,11
工作日,113,东向西-右转,31.42827307494101,3.572469638654438,23
工作日,113,东向西-左转,11.604285443055142,1.319065712733946,23
工作日,113,东向西-直行,61.706571916786466,7.0142210535244285,23
工作日,113,北向南-右转,22.705774817041064,2.524599423182527,23
工作日,113,北向南-左转,23.695551598265364,2.6346502763726574,23
工作日,113,北向南-直行,62.16389097599791,6.911850600359188,23
工作日,113,南向北-右转,5.006844345080504,0.7994239116255867,23
工作日,113,南向北-左转,2.87627228334412,0.4592435236998053,23
工作日,113,南向北-直行,59.595144241140595,9.515331422266865,23
工作日,113,西向东-右转,6.203902726851267,1.2803975815198214,11
工作日,113,西向东-左转,16.25422514435032,3.3546416635819334,11
工作日,113,西向东-直行,44.45096303788932,9.174048671589524,11
工作日,114,东向西-右转,33.18456665706882,3.4985510021184636,23
工作日,114,东向西-左转,12.967507585993044,1.3671260839047534,23
工作日,114,东向西-直行,54.06531706128597,5.699946940374543,23
工作日,114,北向南-右转,24.40791519434629,2.8239925975765012,23
工作日,114,北向南-左转,21.01992932862191,2.4320030757628692,23
工作日,114,北向南-直行,56.5721554770318,6.545390994028462,23
工作日,114,南向北-右转,3.6789726438555874,0.48973451410000673,23
工作日,114,南向北-左转,3.6327930709201612,0.4835872189439398,23
工作日,114,南向北-直行,55.12301689391991,7.337821317958682,23
工作日,114,西向东-右转,6.474337470647433,1.002796112169423,11
工作日,114,西向东-左转,15.117577993961758,2.3415289219156024,11
工作日,114,西向东-直行,48.58990271720899,7.525984821831518,11
工作日,115,东向西-右转,30.185691154422788,3.3508134374867358,23
工作日,115,东向西-左转,10.901109445277362,1.2100959963408664,23
工作日,115,东向西-直行,53.000155922038985,5.883371486971549,23
工作日,115,北向南-右转,20.936086115549575,2.2313936812239183,23
工作日,115,北向南-左转,24.6819323137547,2.6306305534539947,23
工作日,115,北向南-直行,59.468938092434854,6.338272204086803,23
工作日,115,南向北-右转,5.331481128799166,0.6247695321520688,23
工作日,115,南向北-左转,3.2715906926722162,0.3833813038205879,23
工作日,115,南向北-直行,50.17953687418079,5.8802882386926285,23
工作日,115,西向东-右转,8.657187993680886,2.0705109551997363,11
工作日,115,西向东-左转,13.313705778160754,3.184194878072322,11
工作日,115,西向东-直行,40.301833500885635,9.638855924016957,11
工作日,116,东向西-右转,29.174182448277342,4.487215752836176,23
工作日,116,东向西-左转,15.369813192263184,2.3639965917380823,23
工作日,116,东向西-直行,47.32556957685078,7.2790400105874635,23
工作日,116,北向南-右转,20.997717514681934,2.6249970951589394,23
工作日,116,北向南-左转,24.694702166510385,3.0871698987082437,23
工作日,116,北向南-直行,56.09018901445986,7.012028003849607,23
工作日,116,南向北-右转,5.209071874055246,0.821289243057293,23
工作日,116,南向北-左转,2.9403643529767436,0.4635930684306209,23
工作日,116,南向北-直行,49.80708551209844,7.852842991639501,23
工作日,116,西向东-右转,6.236363636363635,1.373792478381466,11
工作日,116,西向东-左转,12.186363636363636,2.684502649082151,11
工作日,116,西向东-直行,40.75909090909091,8.978715126564582,11
工作日,117,东向西-右转,31.18563792367404,4.022619539668271,23
工作日,117,东向西-左转,13.825762267531703,1.7833780275490714,23
工作日,117,东向西-直行,48.597295460968176,6.26854037024271,23
工作日,117,北向南-右转,22.060707109572057,2.2679196570645748,23
工作日,117,北向南-左转,19.98324141763926,2.054348747654907,23
工作日,117,北向南-直行,58.564747124962594,6.020665636691607,23
工作日,117,南向北-右转,4.594054624251744,0.71408997352066,23
工作日,117,南向北-左转,3.0370092650254823,0.4720661905488926,23
工作日,117,南向北-直行,45.10806654550538,7.011500880944464,23
工作日,117,西向东-右转,5.914471821013877,0.8966585338037053,11
工作日,117,西向东-左转,14.721891815349757,2.2319000460983527,11
工作日,117,西向东-直行,41.272727272727266,6.257117159804116,11
工作日,118,东向西-右转,28.20427679975648,4.825394366413786,23
工作日,118,东向西-左转,12.120846227994523,2.0737231987893963,23
工作日,118,东向西-直行,48.45748566790117,8.290461762681536,23
工作日,118,北向南-右转,19.664192903548223,2.7923547591008693,23
工作日,118,北向南-左转,23.718665667166416,3.36809800840002,23
工作日,118,北向南-直行,57.39975012493753,8.150879429363657,23
工作日,118,南向北-右转,5.78334398090669,0.9476424874927131,23
工作日,118,南向北-左转,2.9825098540277963,0.488705680722682,23
工作日,118,南向北-直行,45.842841817239425,7.511679194052186,23
工作日,118,西向东-右转,7.076489910839982,1.0722360441185812,11
工作日,118,西向东-左转,14.61051149694979,2.2137976945379325,11
工作日,118,西向东-直行,43.312998592210235,6.562824063139591,11
工作日,119,东向西-右转,28.061444735610102,3.9350356826351356,23
工作日,119,东向西-左转,13.41788621840667,1.881580280432432,23
工作日,119,东向西-直行,50.781538611200624,7.1210576767135105,23
工作日,119,北向南-右转,19.662263752376454,2.110803360681307,23
工作日,119,北向南-左转,21.368254283832645,2.2939465934463046,23
工作日,119,北向南-直行,60.14339500726916,6.456574985613415,23
工作日,119,南向北-右转,5.806763285024154,0.8896571120364426,23
工作日,119,南向北-左转,3.035001610305958,0.46499411722438055,23
工作日,119,南向北-直行,43.419104669887275,6.652262779067161,23
工作日,119,西向东-右转,5.6255879586077135,0.8301345252018256,11
工作日,119,西向东-左转,14.920037629350894,2.2016611320570156,11
工作日,119,西向东-直行,44.454374412041396,6.559867389366601,11
工作日,120,东向西-右转,29.151680704150543,4.6960111670829185,23
工作日,120,东向西-左转,14.484659938791513,2.333317434225293,23
工作日,120,东向西-直行,45.92887674836229,7.398630641257535,23
工作日,120,北向南-右转,20.09489149481062,3.2017905167952683,23
工作日,120,北向南-左转,24.005016497008267,3.8248046373120954,23
工作日,120,北向南-直行,62.16096157339851,9.90432704411366,23
工作日,120,南向北-右转,4.750907161664723,0.9047230566898263,23
工作日,120,南向北-左转,3.5556152324560832,0.6771016507073542,23
工作日,120,南向北-直行,41.910868910227016,7.981155627486684,23
工作日,120,西向东-右转,6.365542214598818,0.9811801278021558,11
工作日,120,西向东-左转,13.685915761387461,2.1095372747746355,11
工作日,120,西向东-直行,40.675814751286445,6.269741016655774,11
工作日,121,东向西-右转,28.099564073560995,5.418454637547205,23
工作日,121,东向西-左转,13.855902799842404,2.671841477208189,23
工作日,121,东向西-直行,46.479315735292246,8.962632417948367,23
工作日,121,北向南-右转,18.9542116759927,3.2369309260448422,23
工作日,121,北向南-左转,25.23872647296448,4.310177371175035,23
工作日,121,北向南-直行,60.285322720608036,10.295306860379345,23
工作日,121,南向北-右转,5.056502065709227,0.9201808007249677,23
工作日,121,南向北-左转,2.010230179028133,0.3658211134380606,23
工作日,121,南向北-直行,44.19413732048003,8.042436478507517,23
工作日,121,西向东-右转,7.414733105109676,0.998419700369852,11
工作日,121,西向东-左转,11.276573264020966,1.5184299609791496,11
工作日,121,西向东-直行,47.763239085414824,6.431486903215791,11
工作日,122,东向西-右转,24.395105492440422,3.615406609881607,23
工作日,122,东向西-左转,12.539164602374646,1.8583309098567735,23
工作日,122,东向西-直行,44.89181686170667,6.6530629048397945,23
工作日,122,北向南-右转,19.877739674966453,2.952972415222617,23
工作日,122,北向南-左转,23.896500087514017,3.5499864035176247,23
工作日,122,北向南-直行,52.834455889693444,7.8489150862583745,23
工作日,122,南向北-右转,5.698625414745551,0.9480765649073134,23
工作日,122,南向北-左转,2.195372086008532,0.3652426110708502,23
工作日,122,南向北-直行,39.23643728185461,6.527740282968388,23
工作日,122,西向东-右转,7.426376440460948,1.3840395181994083,11
工作日,122,西向东-左转,12.19590268886044,2.2729269673878214,11
工作日,122,西向东-直行,44.014084507042256,8.202820420362873,11
工作日,123,东向西-右转,24.632362573178387,4.415656150207788,23
工作日,123,东向西-左转,13.074998143108909,2.343855397266692,23
工作日,123,东向西-直行,45.814378414147484,8.212794903914642,23
工作日,123,北向南-右转,20.023624718159507,3.5055966254376787,23
工作日,123,北向南-左转,20.73051060518387,3.629353278641169,23
工作日,123,北向南-直行,53.550212502743584,9.375197891660418,23
工作日,123,南向北-右转,4.572453717662667,0.7051490049368383,23
工作日,123,南向北-左转,3.063543990833987,0.4724498333076815,23
工作日,123,南向北-直行,36.320524030633784,5.601233595881617,23
工作日,123,西向东-右转,5.404117009750813,1.2325818675598852,11
工作日,123,西向东-左转,12.159263271939329,2.773309202009742,11
工作日,123,西向东-直行,40.436619718309856,9.222865485753326,11
工作日,124,东向西-右转,20.97804099581531,2.9601261842020836,23
工作日,124,东向西-左转,13.366082700900776,1.8860336573390895,23
工作日,124,东向西-直行,44.74283282502306,6.313479462984519,23
工作日,124,北向南-右转,18.317860069038694,2.5026010089974773,23
工作日,124,北向南-左转,19.182589891337926,2.620741103836069,23
工作日,124,北向南-直行,55.803897865710326,7.623974120250384,23
工作日,124,南向北-右转,3.9959332575802886,0.765348699796081,23
工作日,124,南向北-左转,2.311823455534956,0.44278794509275154,23
工作日,124,南向北-直行,38.21398241731954,7.319196761268266,23
工作日,124,西向东-右转,6.043628013777266,1.4004923541361958,11
工作日,124,西向东-左转,11.958668197474168,2.77118699860992,11
工作日,124,西向东-直行,37.99770378874857,8.805223205260551,11
工作日,125,东向西-右转,24.287252136117598,3.3471895951329005,23
工作日,125,东向西-左转,12.188248316077912,1.679744489735985,23
工作日,125,东向西-直行,45.65493433041319,6.292013616887617,23
工作日,125,北向南-右转,16.634544796567234,2.6675211884532577,23
工作日,125,北向南-左转,18.865119164555654,3.0252168429960666,23
工作日,125,北向南-直行,50.32642299539885,8.070362088116244,23
工作日,125,南向北-右转,3.6772764561115663,0.6881532233577918,23
工作日,125,南向北-左转,2.2887612797374897,0.42831113486999495,23
工作日,125,南向北-直行,34.46874487284659,6.450365691142125,23
工作日,125,西向东-右转,4.673049578159067,0.8087499231308658,11
工作日,125,西向东-左转,9.166366480235094,1.586394079987468,11
工作日,125,西向东-直行,43.61512939615129,7.54833261588808,11
工作日,126,东向西-右转,21.85780630764438,3.311465856641865,23
工作日,126,东向西-左转,12.910312049441035,1.9559171194304286,23
工作日,126,东向西-直行,40.01449033856676,6.062210299701838,23
工作日,126,北向南-右转,21.65223409519479,2.449183779629193,23
工作日,126,北向南-左转,18.919563211319595,2.14007880808552,23
工作日,126,北向南-直行,50.08037660652909,5.664821723392181,23
工作日,126,南向北-右转,3.745375667429443,0.6852079993031887,23
工作日,126,南向北-左转,3.2081903127383673,0.5869311547816158,23
工作日,126,南向北-直行,33.87252097635393,6.196901029554732,23
工作日,126,西向东-右转,5.283372365339579,0.910170413491237,11
工作日,126,西向东-左转,10.686821375345966,1.841026518198184,11
工作日,126,西向东-直行,35.30253353204173,6.081593217418718,11
工作日,127,东向西-右转,21.177316708062584,3.7766623282853584,23
工作日,127,东向西-左转,10.881022270169012,1.9404699597912767,23
工作日,127,东向西-直行,34.028617543507536,6.0685024326650066,23
工作日,127,北向南-右转,13.859081553897607,2.0219616057656618,23
工作日,127,北向南-左转,15.785117056856189,2.302959291159076,23
工作日,127,北向南-直行,45.83406225881143,6.686930426318658,23
工作日,127,南向北-右转,4.284409391787216,0.7374093818285301,23
工作日,127,南向北-左转,2.6045510331368327,0.4482812429101496,23
工作日,127,南向北-直行,26.41538740116291,4.546473670698205,23
工作日,127,西向东-右转,3.548409977538716,0.6738212262099298,11
工作日,127,西向东-左转,9.12448279938527,1.732683153111248,11
工作日,127,西向东-直行,36.05437995034874,6.846504959168751,11
工作日,128,东向西-右转,18.986334115100128,3.7188237119563743,23
工作日,128,东向西-左转,11.224463287028685,2.19851815378031,23
工作日,128,东向西-直行,31.83268085874075,6.235017654012278,23
工作日,128,北向南-右转,14.7111801242236,2.2948759430730323,23
工作日,128,北向南-左转,15.322409515598332,2.3902248963263046,23
工作日,128,北向南-直行,38.61858427322154,6.024320228274819,23
工作日,128,南向北-右转,3.291121855774839,0.47678821376419195,23
工作日,128,南向北-左转,3.0391699433710233,0.4402876806530576,23
工作日,128,南向北-直行,30.061012548680225,4.354969856822212,23
工作日,128,西向东-右转,3.306379995326011,0.6041577604041378,11
工作日,128,西向东-左转,8.541481654592195,1.560740881044023,11
工作日,128,西向东-直行,23.879411077354522,4.363361602918775,11
工作日,129,东向西-右转,18.485221858248956,3.5631219019522278,23
工作日,129,东向西-左转,10.09696992257296,1.9462430556881916,23
工作日,129,东向西-直行,31.8960690887433,6.148131909250903,23
工作日,129,北向南-右转,12.457604030602724,2.2014388181716975,23
工作日,129,北向南-左转,13.18441873483859,2.3298774890101863,23
工作日,129,北向南-直行,42.09710766934129,7.439167814965266,23
工作日,129,南向北-右转,2.847149302707137,0.44780307671796576,23
工作日,129,南向北-左转,2.249405250205086,0.3537891711086692,23
工作日,129,南向北-直行,28.2512715340443,4.4433940651130746,23
工作日,129,西向东-右转,4.791694396379609,1.0013847311494208,11
工作日,129,西向东-左转,7.15759350459204,1.4958184421544471,11
工作日,129,西向东-直行,28.959803008119255,6.0521189688843124,11
工作日,130,东向西-右转,17.40231150247661,3.929153214857249,23
工作日,130,东向西-左转,7.936566175421432,1.7919449665434664,23
工作日,130,东向西-直行,28.574165800362824,6.451572562666841,23
工作日,130,北向南-右转,13.212605524949469,2.381999851831579,23
工作日,130,北向南-左转,13.816446038603305,2.490861651371216,23
工作日,130,北向南-直行,36.057904958186356,6.500604601081178,23
工作日,130,南向北-右转,1.7605131860299357,0.3243574686560137,23
工作日,130,南向北-左转,2.3782371109527203,0.43816710678093096,23
工作日,130,南向北-直行,24.122119268234734,4.444266368778012,23
工作日,130,西向东-右转,4.003809244743975,0.9987468190121899,11
工作日,130,西向东-左转,8.601933924254633,2.1457451189715018,11
工作日,130,西向东-直行,26.21243864918321,6.538670580720433,11
工作日,131,东向西-右转,15.214175985138082,3.5700630939503237,23
工作日,131,东向西-左转,7.033689400164339,1.6504814303689939,23
工作日,131,东向西-直行,24.273873745132367,5.695954936327778,23
工作日,131,北向南-右转,11.281298199820954,2.1386780133622123,23
工作日,131,北向南-左转,12.270382794214402,2.3261859967446683,23
工作日,131,北向南-直行,34.230927701616814,6.489406729236293,23
工作日,131,南向北-右转,2.379159136813011,0.4483421591656415,23
工作日,131,南向北-左转,2.4438981609439776,0.4605419458096047,23
工作日,131,南向北-直行,21.655203571808226,4.0808286324056375,23
工作日,131,西向东-右转,3.6683738796414858,0.9472836458777365,11
工作日,131,西向东-左转,6.84763124199744,1.768262805638441,11
工作日,131,西向东-直行,24.211267605633804,6.25207206279306,11
工作日,132,东向西-右转,15.03982300884956,2.6502845916979076,23
工作日,132,东向西-左转,7.433628318584071,1.309937662269045,23
工作日,132,东向西-直行,25.526548672566374,4.498232365256025,23
工作日,132,北向南-右转,9.991601049868766,1.9421357294641304,23
工作日,132,北向南-左转,13.466940545475294,2.6176612005820896,23
工作日,132,北向南-直行,29.932762752482027,5.818235509306289,23
工作日,132,南向北-右转,2.149851101846337,0.48155343429585207,23
工作日,132,南向北-左转,1.948302561048243,0.4364077998306159,23
工作日,132,南向北-直行,20.423585467540203,4.574757625810594,23
工作日,132,西向东-右转,3.312940367760784,0.8508348337151002,11
工作日,132,西向东-左转,6.472503866643752,1.6622791658693157,11
工作日,132,西向东-直行,22.669101220140917,5.821916130698695,11
工作日,133,东向西-右转,13.560858388286576,2.9842603599728386,23
工作日,133,东向西-左转,6.130074637060219,1.3490103811463163,23
工作日,133,东向西-直行,25.396023496392335,5.588757293320455,23
工作日,133,北向南-右转,10.391304347826088,2.147235913585631,23
工作日,133,北向南-左转,10.507246376811596,2.1711939154108553,23
工作日,133,北向南-直行,23.8840579710145,4.9353483759959875,23
工作日,133,南向北-右转,1.3962387653885853,0.2812053832297699,23
工作日,133,南向北-左转,1.7824324664535134,0.35898559561247223,23
工作日,133,南向北-直行,22.47350268120138,4.526210051347254,23
工作日,133,西向东-右转,2.3048724325320076,0.5330970516815403,11
工作日,133,西向东-左转,6.880722114764668,1.5914514925198928,11
工作日,133,西向东-直行,24.268950907248783,5.61319836770563,11
工作日,134,东向西-右转,13.575914642551899,3.2304967769164237,23
工作日,134,东向西-左转,6.603071324198396,1.571253296165576,23
工作日,134,东向西-直行,21.473187946293184,5.1097157191304525,23
工作日,134,北向南-右转,8.593069095566783,1.9852117909370037,23
工作日,134,北向南-左转,9.12385967409094,2.1078375609948825,23
工作日,134,北向南-直行,26.109158186864015,6.031862202846992,23
工作日,134,南向北-右转,2.0177985025614085,0.527140398490509,23
工作日,134,南向北-左转,1.3805989754367531,0.3606750094935061,23
工作日,134,南向北-直行,16.688559043740973,4.359807807064358,23
工作日,134,西向东-右转,3.448791714614499,0.907240254061075,11
工作日,134,西向东-左转,5.332853855005754,1.4028622447055514,11
工作日,134,西向东-直行,21.491081703107024,5.653450842436144,11
工作日,135,东向西-右转,12.94643346674708,2.644968826735791,23
工作日,135,东向西-左转,6.346290915072098,1.2965533464391137,23
工作日,135,东向西-直行,20.968145183398214,4.28381225663483,23
工作日,135,北向南-右转,9.008636859934489,1.7051008241387045,23
工作日,135,北向南-左转,10.10760379629889,1.9131067031668616,23
工作日,135,北向南-直行,25.79680282202749,4.882664318239886,23
工作日,135,南向北-右转,1.8630416560370273,0.5373027491762608,23
工作日,135,南向北-左转,1.505958671963264,0.43431972225081084,23
工作日,135,南向北-直行,15.152738802434492,4.370062359966922,23
工作日,135,西向东-右转,2.9607136078952365,0.43533446979752716,11
工作日,135,西向东-左转,5.890586449041564,0.8661342055346632,11
工作日,135,西向东-直行,20.694154488517746,3.042806554522298,11
工作日,136,东向西-右转,12.005417804808113,2.5164801422668948,23
工作日,136,东向西-左转,4.525602523278451,0.9486207866136986,23
工作日,136,东向西-直行,19.686370976261262,4.12650042176959,23
工作日,136,北向南-右转,8.303164154974306,1.5957617098091872,23
工作日,136,北向南-左转,8.947254460419192,1.7195476097269322,23
工作日,136,北向南-直行,24.923494428084762,4.78997612725186,23
工作日,136,南向北-右转,1.509713996822187,0.3323701396002342,23
工作日,136,南向北-左转,1.7431749241658243,0.3837675838683117,23
工作日,136,南向北-直行,15.486241513794598,3.409363803115806,23
工作日,136,西向东-右转,2.644307149161518,0.5994545380822079,11
工作日,136,西向东-左转,6.295969402765519,1.4272727097195426,11
工作日,136,西向东-直行,20.24154162989114,4.588681761748329,11
工作日,137,东向西-右转,11.101792917974002,2.6686627202297832,23
工作日,137,东向西-左转,4.899746003287016,1.1778070077669196,23
工作日,137,东向西-直行,21.520200209173762,5.1730523577973395,23
工作日,137,北向南-右转,7.239486000628442,1.5941478524093606,23
工作日,137,北向南-左转,8.350009095870476,1.838687037536234,23
工作日,137,北向南-直行,21.36702664263152,4.705057739149959,23
工作日,137,南向北-右转,1.2959674009149271,0.3947625366223311,23
工作日,137,南向北-左转,1.4466612847422442,0.44066515715981136,23
工作日,137,南向北-直行,14.300849575212395,4.356158689006886,23
工作日,137,西向东-右转,2.4508532082626484,0.7128273586477076,11
工作日,137,西向东-左转,4.993613411835146,1.4523857432447038,11
工作日,137,西向东-直行,20.464624288993114,5.952108444708356,11
工作日,138,东向西-右转,11.91973244147157,3.0002510886823157,23
工作日,138,东向西-左转,5.618729096989966,1.4142597724428427,23
工作日,138,东向西-直行,19.157190635451506,4.821952366995597,23
工作日,138,北向南-右转,6.940663606902565,1.3083991130077735,23
工作日,138,北向南-左转,8.716182204017175,1.6431058628469712,23
工作日,138,北向南-直行,23.12576288473244,4.359486262368394,23
工作日,138,南向北-右转,0.9635206786850476,0.24454845516993481,23
工作日,138,南向北-左转,1.5328738069989396,0.38905436049762354,23
工作日,138,南向北-直行,15.46012725344645,3.9238911215903176,23
工作日,138,西向东-右转,3.2493673350204393,0.578196813412792,11
工作日,138,西向东-左转,7.373564337161768,1.3120619996674898,11
工作日,138,西向东-直行,18.558886509635975,3.302393338146138,11
工作日,139,东向西-右转,10.995155021241978,2.5258765800004936,23
工作日,139,东向西-左转,4.114833227876707,0.9452855244716307,23
工作日,139,东向西-直行,17.020446533490013,3.910044669405382,23
工作日,139,北向南-右转,7.871532160995802,1.924296991762527,23
工作日,139,北向南-左转,11.21545371811056,2.741761503300744,23
工作日,139,北向南-直行,24.739101077415377,6.047790545539372,23
工作日,139,南向北-右转,1.6509158186864015,0.4446473034590039,23
工作日,139,南向北-左转,1.3493061979648473,0.36341366148091664,23
工作日,139,南向北-直行,15.651951896392232,4.215598473178633,23
工作日,139,西向东-右转,3.7066006864075347,0.7810795201969177,11
工作日,139,西向东-左转,9.019395003591667,1.9006268324791664,11
工作日,139,西向东-直行,22.455822491818978,4.7320400931929925,11
工作日,140,东向西-右转,10.40726334157336,1.980754217235766,23
工作日,140,东向西-左转,4.414424894576123,0.8401719491111016,23
工作日,140,东向西-直行,15.87396393776356,3.0211997123559104,23
工作日,140,北向南-右转,5.987250735534489,1.2481858615292998,23
工作日,140,北向南-左转,10.003269042170643,2.0854210954297883,23
工作日,140,北向南-直行,21.18339326577313,4.416185849145435,23
工作日,140,南向北-右转,1.3219266377592873,0.3734419094927529,23
工作日,140,南向北-左转,1.4688073752880972,0.4149354549919477,23
工作日,140,南向北-直行,13.557092073909137,3.829854249575677,23
工作日,140,西向东-右转,2.5356033836599208,0.7401042222212115,11
工作日,140,西向东-左转,5.578327444051826,1.628229288886666,11
工作日,140,西向东-直行,18.795160081379162,5.486022547214732,11
工作日,141,东向西-右转,10.828445847333944,2.637506674729374,23
工作日,141,东向西-左转,4.7714082069035735,1.1621816436996015,23
工作日,141,东向西-直行,18.35666768489292,4.471171045899856,23
工作日,141,北向南-右转,5.364546969216122,0.9835089183246107,23
工作日,141,北向南-左转,6.72375833068867,1.2326998571993104,23
工作日,141,北向南-直行,19.607346874008254,3.594711841639279,23
工作日,141,南向北-右转,1.891678443760911,0.45253795802628016,23
工作日,141,南向北-左转,0.9227699725662981,0.22075022342745373,23
工作日,141,南向北-直行,13.27250810541192,3.175124046964877,23
工作日,141,西向东-右转,3.234593122233572,1.0511453096380978,11
工作日,141,西向东-左转,4.657814096016343,1.5136492458788606,11
工作日,141,西向东-直行,18.016683690840996,5.854879374684205,11
工作日,142,东向西-右转,10.167667099286177,2.0706495251862713,23
工作日,142,东向西-左转,3.3848150551589877,0.6893189576692917,23
工作日,142,东向西-直行,14.795343932511356,3.013077787624755,23
工作日,142,北向南-右转,6.325143662582674,1.4256397311081845,23
工作日,142,北向南-左转,7.133514040984497,1.607840324545778,23
工作日,142,北向南-直行,14.976124905128485,3.375505731054357,23
工作日,142,南向北-右转,1.2997204280343198,0.3256135340449367,23
工作日,142,南向北-左转,1.2687747035573123,0.3178608308533906,23
工作日,142,南向北-直行,11.388026607538801,2.8529947744889697,23
工作日,142,西向东-右转,2.6098535286284954,0.76136428071661,11
工作日,142,西向东-左转,4.033409998789494,1.1766538883802153,11
工作日,142,西向东-直行,15.629463745309284,4.559533817473334,11
工作日,143,东向西-右转,8.331062827587798,2.3834307588391526,23
工作日,143,东向西-左转,3.2639867002239726,0.933792777554676,23
工作日,143,东向西-直行,13.187559167840403,3.7728240447975216,23
工作日,143,北向南-右转,4.278977041852906,0.8959971547705012,23
工作日,143,北向南-左转,5.7788246647704185,1.2100580131436671,23
工作日,143,北向南-直行,15.116111336854937,3.165240807917784,23
工作日,143,南向北-右转,0.8726017943409248,0.2318406177992787,23
工作日,143,南向北-左转,1.263768115942029,0.33576917060585204,23
工作日,143,南向北-直行,12.081021394064873,3.2097933809107038,23
工作日,143,西向东-右转,1.9070403280929598,0.411165779295925,11
工作日,143,西向东-左转,3.1784005468215994,0.6852762988265418,11
工作日,143,西向东-直行,11.823650034176351,2.549227831634736,11
