iter,temperature,objective,area,violation,feasible,best_area
0,500.0,513.9600582553477,513.9478348904088,1.2223364938902027e-07,False,nan
1,499.0,513.9600582553477,513.9478348904088,1.2223364938902027e-07,False,nan
2,498.002,600.0172738993872,600.0172738993872,0.0,True,600.0172738993872
3,497.005996,600.0172738993872,600.0172738993872,0.0,True,600.0172738993872
4,496.01198400799996,714.7861585963972,714.7861585963972,0.0,True,600.0172738993872
5,495.01996003998397,610.9037620908985,610.9037620908985,0.0,True,600.0172738993872
6,494.029920119904,546.184423733119,546.184423733119,0.0,True,546.184423733119
7,493.04186027966415,660.1358562721756,660.1358562721756,0.0,True,546.184423733119
8,492.0557765591048,611.6318152961124,611.6318152961124,0.0,True,546.184423733119
9,491.0716650059866,611.6318152961124,611.6318152961124,0.0,True,546.184423733119
10,490.0895216759746,932.6118218988353,932.6118218988353,0.0,True,546.184423733119
11,489.10934263262266,732.6528478649711,732.6528478649711,0.0,True,546.184423733119
12,488.1311239473574,1050.4093313579822,575.9289251544146,0.004744804062035676,False,546.184423733119
13,487.1548616994627,676.5406322021437,676.5406322021437,0.0,True,546.184423733119
14,486.1805519760638,1162.441739701717,1051.330628590606,0.0011111111111111111,False,546.184423733119
15,485.20819087211163,892.5320499291819,892.5320499291819,0.0,True,546.184423733119
16,484.2377744903674,762.722526816372,762.722526816372,0.0,True,546.184423733119
17,483.2692989413867,762.722526816372,762.722526816372,0.0,True,546.184423733119
18,482.3027603435039,716.948961154419,716.948961154419,0.0,True,546.184423733119
19,481.3381548228169,723.1352865200291,723.1352865200291,0.0,True,546.184423733119
20,480.37547851317123,723.1352865200291,723.1352865200291,0.0,True,546.184423733119
21,479.4147275561449,1251.561018251094,807.1165738066496,0.0044444444444444444,False,546.184423733119
22,478.45589810103263,1251.561018251094,807.1165738066496,0.0044444444444444444,False,546.184423733119
23,477.49898630483057,741.3248199291336,741.3248199291336,0.0,True,546.184423733119
24,476.5439883322209,543.7014859150012,543.7014859150012,0.0,True,543.7014859150012
25,475.59090035555647,543.7014859150012,543.7014859150012,0.0,True,543.7014859150012
26,474.63971855484533,571.4889201322546,571.4835312499152,5.3888823394169826e-08,False,543.7014859150012
27,473.69043911773565,571.4889201322546,571.4835312499152,5.3888823394169826e-08,False,543.7014859150012
28,472.74305823950016,571.4889201322546,571.4835312499152,5.3888823394169826e-08,False,543.7014859150012
29,471.79757212302115,571.4889201322546,571.4835312499152,5.3888823394169826e-08,False,543.7014859150012
30,470.8539769787751,571.4889201322546,571.4835312499152,5.3888823394169826e-08,False,543.7014859150012
31,469.91226902481753,571.4889201322546,571.4835312499152,5.3888823394169826e-08,False,543.7014859150012
32,468.97244448676787,571.4889201322546,571.4835312499152,5.3888823394169826e-08,False,543.7014859150012
33,468.0344995977943,567.2500269645316,567.2500269645316,0.0,True,543.7014859150012
34,467.0984305985987,567.2500269645316,567.2500269645316,0.0,True,543.7014859150012
35,466.1642337374015,637.2037267423582,637.2037267423582,0.0,True,543.7014859150012
36,465.2319052699267,637.2037267423582,637.2037267423582,0.0,True,543.7014859150012
37,464.30144145938687,637.2037267423582,637.2037267423582,0.0,True,543.7014859150012
38,463.3728385764681,637.2037267423582,637.2037267423582,0.0,True,543.7014859150012
39,462.44609289931515,520.7698849052692,520.7698849052692,0.0,True,520.7698849052692
40,461.5212007135165,840.9066617794183,458.5438751587801,0.0038236278662063822,False,520.7698849052692
41,460.5981583120895,813.3507389440044,460.6045699539121,0.0035274616899009237,False,520.7698849052692
42,459.6769619954653,813.3507389440044,460.6045699539121,0.0035274616899009237,False,520.7698849052692
43,458.7576080714744,529.6013143708324,529.6013143708324,0.0,True,520.7698849052692
44,457.8400928553315,628.0442676957688,548.0071330321039,0.0008003713466366489,False,520.7698849052692
45,456.92441266962084,628.0442676957688,548.0071330321039,0.0008003713466366489,False,520.7698849052692
46,456.0105638442816,628.0442676957688,548.0071330321039,0.0008003713466366489,False,520.7698849052692
47,455.09854271659304,565.9643021086592,565.9643021086592,0.0,True,520.7698849052692
48,454.18834563115985,565.9643021086592,565.9643021086592,0.0,True,520.7698849052692
49,453.2799689398975,550.3577054234232,550.3577054234232,0.0,True,520.7698849052692
50,452.3734090020177,676.623390118897,676.623390118897,0.0,True,520.7698849052692
51,451.4686621840137,681.1883723335948,681.1883723335948,0.0,True,520.7698849052692
52,450.5657248596456,681.1883723335948,681.1883723335948,0.0,True,520.7698849052692
53,449.66459340992634,681.1883723335948,681.1883723335948,0.0,True,520.7698849052692
54,448.7652642231065,944.5532562040194,833.4421450929083,0.0011111111111111111,False,520.7698849052692
55,447.8677336946603,1040.5127956960919,1040.5127956960919,0.0,True,520.7698849052692
56,446.97199822727094,681.9791479927957,681.9791479927957,0.0,True,520.7698849052692
57,446.0780542308164,874.7723929918546,874.7723929918546,0.0,True,520.7698849052692
58,445.1858981223548,874.7723929918546,874.7723929918546,0.0,True,520.7698849052692
59,444.29552632611006,874.7723929918546,874.7723929918546,0.0,True,520.7698849052692
60,443.40693527345786,874.7723929918546,874.7723929918546,0.0,True,520.7698849052692
61,442.52012140291095,847.3018722380858,847.3018722380858,0.0,True,520.7698849052692
62,441.63508116010513,1017.2749401769648,1017.2749401769648,0.0,True,520.7698849052692
63,440.7518109977849,1300.9523938301,856.5079493856556,0.0044444444444444444,False,520.7698849052692
64,439.8703073757893,1300.9523938301,856.5079493856556,0.0044444444444444444,False,520.7698849052692
65,438.9905667610377,901.3795209859037,901.3795209859037,0.0,True,520.7698849052692
66,438.1125856275156,788.0742573404706,788.0742573404706,0.0,True,520.7698849052692
67,437.23636045626057,788.0742573404706,788.0742573404706,0.0,True,520.7698849052692
68,436.36188773534803,788.0742573404706,788.0742573404706,0.0,True,520.7698849052692
69,435.4891639598773,629.2450906597121,629.2450906597121,0.0,True,520.7698849052692
70,434.61818563195754,546.4467597768326,546.4467597768326,0.0,True,520.7698849052692
71,433.7489492606936,546.4467597768326,546.4467597768326,0.0,True,520.7698849052692
72,432.88145136217224,668.0126555588729,668.0126555588729,0.0,True,520.7698849052692
73,432.0156884594479,668.0126555588729,668.0126555588729,0.0,True,520.7698849052692
74,431.151657082529,700.2427736024715,700.2427736024715,0.0,True,520.7698849052692
75,430.289353768364,700.2427736024715,700.2427736024715,0.0,True,520.7698849052692
76,429.42877506082726,648.7409438460056,648.7409438460056,0.0,True,520.7698849052692
77,428.56991751070564,648.7409438460056,648.7409438460056,0.0,True,520.7698849052692
78,427.7127776756842,806.004592932509,569.4050034652521,0.0023659958946725696,False,520.7698849052692
79,426.85735212033285,566.936682198033,566.936682198033,0.0,True,520.7698849052692
80,426.0036374160922,578.2199835683913,578.2199835683913,0.0,True,520.7698849052692
81,425.15163014126,578.2199835683913,578.2199835683913,0.0,True,520.7698849052692
82,424.30132688097746,578.2199835683913,578.2199835683913,0.0,True,520.7698849052692
83,423.4527242272155,601.5356756837646,601.5356756837646,0.0,True,520.7698849052692
84,422.6058187787611,558.1208975139311,558.1208975139311,0.0,True,520.7698849052692
85,421.7606071412036,675.2193172424976,675.2193172424976,0.0,True,520.7698849052692
86,420.9170859269212,496.0924362363626,490.029754826734,6.062681409628541e-05,False,520.7698849052692
87,420.0752517550673,717.4054752239183,717.4054752239183,0.0,True,520.7698849052692
88,419.2351012515572,717.4054752239183,717.4054752239183,0.0,True,520.7698849052692
89,418.39663104905406,940.2516614332901,475.7775220566948,0.004644741393765954,False,520.7698849052692
90,417.55983778695594,506.0893843708687,506.0893843708687,0.0,True,506.0893843708687
91,416.724718111382,580.2810380859662,580.2810380859662,0.0,True,506.0893843708687
92,415.8912686751592,580.2810380859662,580.2810380859662,0.0,True,506.0893843708687
93,415.0594861378089,601.3565589325339,601.3565589325339,0.0,True,506.0893843708687
94,414.2293671655333,587.7084651663777,587.7084651663777,0.0,True,506.0893843708687
95,413.4009084312022,587.7084651663777,587.7084651663777,0.0,True,506.0893843708687
96,412.57410661433977,587.7084651663777,587.7084651663777,0.0,True,506.0893843708687
97,411.7489584011111,587.7084651663777,587.7084651663777,0.0,True,506.0893843708687
98,410.92546048430887,552.4601931222794,552.4601931222794,0.0,True,506.0893843708687
99,410.1036095633402,506.9085612600652,506.9085612600652,0.0,True,506.0893843708687
100,409.2834023442135,506.9085612600652,506.9085612600652,0.0,True,506.0893843708687
101,408.4648355395251,506.9085612600652,506.9085612600652,0.0,True,506.0893843708687
102,407.64790586844606,506.9085612600652,506.9085612600652,0.0,True,506.0893843708687
103,406.83261005670914,506.9085612600652,506.9085612600652,0.0,True,506.0893843708687
104,406.0189448365957,506.9085612600652,506.9085612600652,0.0,True,506.0893843708687
105,405.2069069469225,878.7539110356084,562.3654308571536,0.003163884801784549,False,506.0893843708687
106,404.3964931330287,659.130127131151,546.754229684252,0.0011237589744689898,False,506.0893843708687
107,403.58770014676264,613.667233035394,613.667233035394,0.0,True,506.0893843708687
108,402.7805247464691,830.5411443607529,481.1828081638606,0.0034935833619689233,False,506.0893843708687
109,401.97496369697615,830.5411443607529,481.1828081638606,0.0034935833619689233,False,506.0893843708687
110,401.1710137695822,830.5411443607529,481.1828081638606,0.0034935833619689233,False,506.0893843708687
111,400.36867174204303,608.0874508124155,608.0874508124155,0.0,True,506.0893843708687
112,399.567934398559,832.0081739060869,832.0081739060869,0.0,True,506.0893843708687
113,398.76879852976185,698.6308530704043,698.6308530704043,0.0,True,506.0893843708687
114,397.9712609327023,690.3680572035242,690.3680572035242,0.0,True,506.0893843708687
115,397.1753184108369,690.3680572035242,690.3680572035242,0.0,True,506.0893843708687
116,396.38096777401523,676.654951417549,676.654951417549,0.0,True,506.0893843708687
117,395.5882058384672,676.654951417549,676.654951417549,0.0,True,506.0893843708687
118,394.7970294267903,676.654951417549,676.654951417549,0.0,True,506.0893843708687
119,394.0074353679367,530.9036524363233,529.9820718287979,9.21580607525498e-06,False,506.0893843708687
120,393.2194204972008,857.9858640635643,521.9243696721674,0.00336061494391397,False,506.0893843708687
121,392.43298165620644,857.9858640635643,521.9243696721674,0.00336061494391397,False,506.0893843708687
122,391.648115692894,814.072504442101,814.072504442101,0.0,True,506.0893843708687
123,390.8648194615082,814.072504442101,814.072504442101,0.0,True,506.0893843708687
124,390.0830898225852,592.183333326521,592.183333326521,0.0,True,506.0893843708687
125,389.30292364294,632.5557070515938,632.5557070515938,0.0,True,506.0893843708687
126,388.52431779565416,714.9910207035126,714.9910207035126,0.0,True,506.0893843708687
127,387.74726916006284,653.2993411346703,653.2993411346703,0.0,True,506.0893843708687
128,386.9717746217427,653.2993411346703,653.2993411346703,0.0,True,506.0893843708687
129,386.19783107249924,653.2993411346703,653.2993411346703,0.0,True,506.0893843708687
130,385.4254354103542,671.5304892178167,671.5304892178167,0.0,True,506.0893843708687
131,384.6545845395335,806.7920975440832,806.7920975440832,0.0,True,506.0893843708687
132,383.88527537045445,714.8369648064053,714.8369648064053,0.0,True,506.0893843708687
133,383.11750481971353,598.8945561433213,598.8945561433213,0.0,True,506.0893843708687
134,382.3512698100741,598.8945561433213,598.8945561433213,0.0,True,506.0893843708687
135,381.58656727045394,598.8945561433213,598.8945561433213,0.0,True,506.0893843708687
136,380.823394135913,533.1993413338224,533.1993413338224,0.0,True,506.0893843708687
137,380.0617473476412,533.1993413338224,533.1993413338224,0.0,True,506.0893843708687
138,379.3016238529459,533.1993413338224,533.1993413338224,0.0,True,506.0893843708687
139,378.54302060524003,633.1881498417607,633.1881498417607,0.0,True,506.0893843708687
140,377.78593456402956,633.1881498417607,633.1881498417607,0.0,True,506.0893843708687
141,377.0303626949015,633.1881498417607,633.1881498417607,0.0,True,506.0893843708687
142,376.2763019695117,633.1881498417607,633.1881498417607,0.0,True,506.0893843708687
143,375.52374936557266,952.7834504058891,841.672339294778,0.0011111111111111111,False,506.0893843708687
144,374.7727018668415,805.5923896610099,805.5923896610099,0.0,True,506.0893843708687
145,374.0231564631078,746.2638707065265,746.2638707065265,0.0,True,506.0893843708687
146,373.2751101501816,2074.5314633151156,1074.5314633151156,0.010000000000000002,False,506.0893843708687
147,372.5285599298812,979.077129505323,979.077129505323,0.0,True,506.0893843708687
148,371.78350281002145,903.7983794706743,903.7983794706743,0.0,True,506.0893843708687
149,371.0399358044014,903.7983794706743,903.7983794706743,0.0,True,506.0893843708687
150,370.29785593279263,669.5291645729446,669.5291645729446,0.0,True,506.0893843708687
151,369.55726022092705,669.5291645729446,669.5291645729446,0.0,True,506.0893843708687
152,368.8181457004852,788.1762425936595,788.1762425936595,0.0,True,506.0893843708687
153,368.08050940908424,788.1762425936595,788.1762425936595,0.0,True,506.0893843708687
154,367.3443483902661,856.0365969640164,856.0365969640164,0.0,True,506.0893843708687
155,366.6096596934855,856.0365969640164,856.0365969640164,0.0,True,506.0893843708687
156,365.87644037409854,795.4301973764525,795.4301973764525,0.0,True,506.0893843708687
157,365.1446874933503,993.8541406158396,993.8541406158396,0.0,True,506.0893843708687
158,364.41439811836364,1034.3233654070955,1034.3233654070955,0.0,True,506.0893843708687
159,363.6855693221269,798.9613185735078,798.9613185735078,0.0,True,506.0893843708687
160,362.9581981834827,616.0199188360792,616.0199188360792,0.0,True,506.0893843708687
161,362.2322817871157,697.2130268489796,697.2130268489796,0.0,True,506.0893843708687
162,361.50781722354145,759.9240336527059,759.9240336527059,0.0,True,506.0893843708687
163,360.78480158909434,800.9767939460469,800.9767939460469,0.0,True,506.0893843708687
164,360.06323198591616,1028.5857917889807,1028.5857917889807,0.0,True,506.0893843708687
165,359.3431055219443,963.567731591757,963.567731591757,0.0,True,506.0893843708687
166,358.6244193109004,963.567731591757,963.567731591757,0.0,True,506.0893843708687
167,357.9071704722786,961.3121683754684,591.8621799144461,0.003694499884610223,False,506.0893843708687
168,357.19135613133403,665.1354482698176,665.1354482698176,0.0,True,506.0893843708687
169,356.4769734190714,665.1354482698176,665.1354482698176,0.0,True,506.0893843708687
170,355.76401947223326,665.1354482698176,665.1354482698176,0.0,True,506.0893843708687
171,355.05249143328876,665.1354482698176,665.1354482698176,0.0,True,506.0893843708687
172,354.34238645042217,665.1354482698176,665.1354482698176,0.0,True,506.0893843708687
173,353.63370167752134,665.1354482698176,665.1354482698176,0.0,True,506.0893843708687
174,352.9264342741663,820.9088231066813,820.9088231066813,0.0,True,506.0893843708687
175,352.22058140561796,728.6537477186598,728.6537477186598,0.0,True,506.0893843708687
176,351.5161402428067,727.7747728185685,727.7747728185685,0.0,True,506.0893843708687
177,350.8131079623211,727.7747728185685,727.7747728185685,0.0,True,506.0893843708687
178,350.11148174639646,727.7747728185685,727.7747728185685,0.0,True,506.0893843708687
179,349.41125878290364,718.165131010216,718.165131010216,0.0,True,506.0893843708687
180,348.71243626533783,770.2424799371162,770.2424799371162,0.0,True,506.0893843708687
181,348.01501139280714,677.2732772257559,677.2732772257559,0.0,True,506.0893843708687
182,347.3189813700215,677.2732772257559,677.2732772257559,0.0,True,506.0893843708687
183,346.62434340728146,697.629831335037,697.629831335037,0.0,True,506.0893843708687
184,345.9310947204669,716.6684973828858,716.6684973828858,0.0,True,506.0893843708687
185,345.23923253102595,811.2354637925575,811.2354637925575,0.0,True,506.0893843708687
186,344.5487540659639,739.171609030662,739.171609030662,0.0,True,506.0893843708687
187,343.859656557832,616.230960473032,616.230960473032,0.0,True,506.0893843708687
188,343.17193724471633,763.3223175614413,763.3223175614413,0.0,True,506.0893843708687
189,342.4855933702269,880.0204377588612,880.0204377588612,0.0,True,506.0893843708687
190,341.8006221834865,572.3442786093401,572.3442786093401,0.0,True,506.0893843708687
191,341.1170209391195,572.3442786093401,572.3442786093401,0.0,True,506.0893843708687
192,340.4347868972413,572.3442786093401,572.3442786093401,0.0,True,506.0893843708687
193,339.7539173234468,572.3442786093401,572.3442786093401,0.0,True,506.0893843708687
194,339.0744094887999,608.0533438508032,608.0533438508032,0.0,True,506.0893843708687
195,338.3962606698223,703.3118964234545,703.3118964234545,0.0,True,506.0893843708687
196,337.7194681484827,629.4553283359505,629.4553283359505,0.0,True,506.0893843708687
197,337.0440292121857,564.9297149912651,564.9297149912651,0.0,True,506.0893843708687
198,336.3699411537613,723.6891013924383,723.6891013924383,0.0,True,506.0893843708687
199,335.6972012714538,723.6891013924383,723.6891013924383,0.0,True,506.0893843708687
200,335.02580686891093,648.8773963636609,648.8773963636609,0.0,True,506.0893843708687
201,334.3557552551731,641.9672276588283,540.2708457834203,0.001016963818754079,False,506.0893843708687
202,333.6870437446628,641.9672276588283,540.2708457834203,0.001016963818754079,False,506.0893843708687
203,333.01966965717344,641.9672276588283,540.2708457834203,0.001016963818754079,False,506.0893843708687
204,332.3536303178591,641.9672276588283,540.2708457834203,0.001016963818754079,False,506.0893843708687
205,331.68892305722335,833.5446559905329,471.1928719072275,0.0036235178408330526,False,506.0893843708687
206,331.0255452111089,833.5446559905329,471.1928719072275,0.0036235178408330526,False,506.0893843708687
207,330.3634941206867,833.5446559905329,471.1928719072275,0.0036235178408330526,False,506.0893843708687
208,329.70276713244533,492.11899136570963,491.9632178730029,1.5577349270670343e-06,False,506.0893843708687
209,329.04336159818047,579.1232495688824,506.58126271672955,0.0007254198685215288,False,506.0893843708687
210,328.38527487498413,579.1232495688824,506.58126271672955,0.0007254198685215288,False,506.0893843708687
211,327.72850432523416,675.3577294318434,675.3577294318434,0.0,True,506.0893843708687
212,327.0730473165837,669.2026474898893,669.2026474898893,0.0,True,506.0893843708687
213,326.41890122195053,730.8154950962178,730.8154950962178,0.0,True,506.0893843708687
214,325.7660634195066,730.8154950962178,730.8154950962178,0.0,True,506.0893843708687
215,325.1145312926676,730.8154950962178,730.8154950962178,0.0,True,506.0893843708687
216,324.4643022300823,730.8154950962178,730.8154950962178,0.0,True,506.0893843708687
217,323.81537362562216,779.867398546731,779.867398546731,0.0,True,506.0893843708687
218,323.1677428783709,935.6146937690768,935.6146937690768,0.0,True,506.0893843708687
219,322.52140739261415,754.2586640586849,754.2586640586849,0.0,True,506.0893843708687
220,321.8763645778289,676.8442362198274,676.8442362198274,0.0,True,506.0893843708687
221,321.23261184867323,676.8442362198274,676.8442362198274,0.0,True,506.0893843708687
222,320.5901466249759,612.8122079208068,612.8122079208068,0.0,True,506.0893843708687
223,319.94896633172596,761.2137647202574,761.2137647202574,0.0,True,506.0893843708687
224,319.3090683990625,761.2137647202574,761.2137647202574,0.0,True,506.0893843708687
225,318.67045026226435,699.4638379619114,699.4638379619114,0.0,True,506.0893843708687
226,318.03310936173983,912.2463819752195,801.1352708641084,0.0011111111111111111,False,506.0893843708687
227,317.39704314301633,836.320040235544,836.320040235544,0.0,True,506.0893843708687
228,316.7622490567303,789.6739633225809,789.6739633225809,0.0,True,506.0893843708687
229,316.12872455861685,787.9533419980443,787.9533419980443,0.0,True,506.0893843708687
230,315.49646710949963,881.1725515430293,881.1725515430293,0.0,True,506.0893843708687
231,314.8654741752806,881.1725515430293,881.1725515430293,0.0,True,506.0893843708687
232,314.23574322693,903.1422577502582,903.1422577502582,0.0,True,506.0893843708687
233,313.60727174047616,852.8516631039092,852.8516631039092,0.0,True,506.0893843708687
234,312.98005719699523,684.2857412825582,684.2857412825582,0.0,True,506.0893843708687
235,312.35409708260124,689.1113694947062,689.1113694947062,0.0,True,506.0893843708687
236,311.72938888843606,689.1113694947062,689.1113694947062,0.0,True,506.0893843708687
237,311.1059301106592,702.8736445991026,702.8736445991026,0.0,True,506.0893843708687
238,310.48371825043785,784.2438039294682,784.2438039294682,0.0,True,506.0893843708687
239,309.862750813937,1078.2018769691028,1078.2018769691028,0.0,True,506.0893843708687
240,309.2430253123091,1078.2018769691028,1078.2018769691028,0.0,True,506.0893843708687
241,308.6245392616845,1067.472602691248,956.361491580137,0.0011111111111111111,False,506.0893843708687
242,308.00729018316116,1067.472602691248,956.361491580137,0.0011111111111111111,False,506.0893843708687
243,307.39127560279485,1098.6876801598578,987.5765690487466,0.0011111111111111111,False,506.0893843708687
244,306.7764930515893,1090.9980797984833,979.8869686873721,0.0011111111111111111,False,506.0893843708687
245,306.1629400654861,1090.9980797984833,979.8869686873721,0.0011111111111111111,False,506.0893843708687
246,305.55061418535513,738.2196366092296,738.2196366092296,0.0,True,506.0893843708687
247,304.9395129569844,902.1516691557239,902.1516691557239,0.0,True,506.0893843708687
248,304.3296339310704,1511.0434642236614,1066.599019779217,0.0044444444444444444,False,506.0893843708687
249,303.72097466320827,946.5679520924534,946.5679520924534,0.0,True,506.0893843708687
250,303.11353271388185,949.5523864290224,949.5523864290224,0.0,True,506.0893843708687
251,302.50730564845406,940.6455067771885,940.6455067771885,0.0,True,506.0893843708687
252,301.90229103715717,898.3633970079825,898.3633970079825,0.0,True,506.0893843708687
253,301.29848645508287,1138.791692108526,1027.6805809974148,0.0011111111111111111,False,506.0893843708687
254,300.6958894821727,574.1145578911397,574.1145578911397,0.0,True,506.0893843708687
255,300.09449770320833,574.1145578911397,574.1145578911397,0.0,True,506.0893843708687
256,299.4943087078019,763.4761138425501,763.4761138425501,0.0,True,506.0893843708687
257,298.8953200903863,536.1411199672386,536.1411199672386,0.0,True,506.0893843708687
258,298.2975294502055,508.94273983533594,508.94273983533594,0.0,True,506.0893843708687
259,297.7009343913051,508.94273983533594,508.94273983533594,0.0,True,506.0893843708687
260,297.1055325225225,508.94273983533594,508.94273983533594,0.0,True,506.0893843708687
261,296.51132145747744,508.94273983533594,508.94273983533594,0.0,True,506.0893843708687
262,295.9182988145625,594.4523986003805,484.33445536635287,0.001101179432340277,False,506.0893843708687
263,295.32646221693335,676.3193644253694,676.3193644253694,0.0,True,506.0893843708687
264,294.7358092924995,676.3193644253694,676.3193644253694,0.0,True,506.0893843708687
265,294.1463376739145,743.4902692070598,743.4902692070598,0.0,True,506.0893843708687
266,293.5580449985667,662.704719860864,662.704719860864,0.0,True,506.0893843708687
267,292.97092890856953,747.6567884378566,519.4518056453493,0.0022820498279250727,False,506.0893843708687
268,292.3849870507524,695.6303530654286,695.6303530654286,0.0,True,506.0893843708687
269,291.8002170766509,695.6303530654286,695.6303530654286,0.0,True,506.0893843708687
270,291.21661664249757,587.5106419737361,587.5106419737361,0.0,True,506.0893843708687
271,290.6341834092126,587.5106419737361,587.5106419737361,0.0,True,506.0893843708687
272,290.05291504239415,613.265045499593,613.265045499593,0.0,True,506.0893843708687
273,289.47280921230936,727.6638636275056,727.6638636275056,0.0,True,506.0893843708687
274,288.89386359388476,727.6638636275056,727.6638636275056,0.0,True,506.0893843708687
275,288.31607586669696,727.6638636275056,727.6638636275056,0.0,True,506.0893843708687
276,287.73944371496356,833.365040500818,833.365040500818,0.0,True,506.0893843708687
277,287.1639648275336,694.356643650562,694.356643650562,0.0,True,506.0893843708687
278,286.58963689787856,694.356643650562,694.356643650562,0.0,True,506.0893843708687
279,286.0164576240828,782.3408192823276,782.3408192823276,0.0,True,506.0893843708687
280,285.4444247088347,782.3408192823276,782.3408192823276,0.0,True,506.0893843708687
281,284.873535859417,782.3408192823276,782.3408192823276,0.0,True,506.0893843708687
282,284.3037887876982,520.3045955464087,519.7293099013895,5.752856450192187e-06,False,506.0893843708687
283,283.7351812101228,550.1463208865567,550.1463208865567,0.0,True,506.0893843708687
284,283.16771084770255,540.9609193016698,540.9609193016698,0.0,True,506.0893843708687
285,282.60137542600717,540.9609193016698,540.9609193016698,0.0,True,506.0893843708687
286,282.03617267515517,1060.5320192915876,509.4883217202864,0.005510436975713012,False,506.0893843708687
287,281.47210032980485,556.3860201264133,556.3860201264133,0.0,True,506.0893843708687
288,280.90915612914523,642.3855601997838,642.3855601997838,0.0,True,506.0893843708687
289,280.3473378168869,642.3855601997838,642.3855601997838,0.0,True,506.0893843708687
290,279.78664314125314,634.9918059838076,634.9918059838076,0.0,True,506.0893843708687
291,279.22706985497064,557.0232973454282,557.0232973454282,0.0,True,506.0893843708687
292,278.66861571526067,557.0232973454282,557.0232973454282,0.0,True,506.0893843708687
293,278.1112784838302,555.8818596609599,555.8818596609599,0.0,True,506.0893843708687
294,277.5550559268625,555.8818596609599,555.8818596609599,0.0,True,506.0893843708687
295,276.9999458150088,555.8818596609599,555.8818596609599,0.0,True,506.0893843708687
296,276.44594592337876,555.8818596609599,555.8818596609599,0.0,True,506.0893843708687
297,275.893054031532,555.8818596609599,555.8818596609599,0.0,True,506.0893843708687
298,275.34126792346893,555.8818596609599,555.8818596609599,0.0,True,506.0893843708687
299,274.790585387622,540.8505888924601,539.7054808559074,1.1451080365527581e-05,False,506.0893843708687
300,274.24100421684676,540.8505888924601,539.7054808559074,1.1451080365527581e-05,False,506.0893843708687
301,273.6925222084131,540.8505888924601,539.7054808559074,1.1451080365527581e-05,False,506.0893843708687
302,273.14513716399625,671.6237192753117,671.6237192753117,0.0,True,506.0893843708687
303,272.59884688966827,671.6237192753117,671.6237192753117,0.0,True,506.0893843708687
304,272.0536491958889,699.6528294862035,699.6528294862035,0.0,True,506.0893843708687
305,271.5095418974971,699.6528294862035,699.6528294862035,0.0,True,506.0893843708687
306,270.9665228137021,620.7993629959741,620.7993629959741,0.0,True,506.0893843708687
307,270.4245897680747,808.4190771204234,697.3079660093123,0.0011111111111111111,False,506.0893843708687
308,269.88374058853856,575.462975460073,575.462975460073,0.0,True,506.0893843708687
309,269.3439731073615,607.5192383179602,607.5192383179602,0.0,True,506.0893843708687
310,268.80528516114674,835.2375292570277,724.1264181459167,0.0011111111111111111,False,506.0893843708687
311,268.26767459082447,835.2375292570277,724.1264181459167,0.0011111111111111111,False,506.0893843708687
312,267.73113924164284,835.2375292570277,724.1264181459167,0.0011111111111111111,False,506.0893843708687
313,267.19567696315954,703.8802073163404,703.8802073163404,0.0,True,506.0893843708687
314,266.66128560923323,703.8802073163404,703.8802073163404,0.0,True,506.0893843708687
315,266.12796303801474,703.8802073163404,703.8802073163404,0.0,True,506.0893843708687
316,265.59570711193874,703.8802073163404,703.8802073163404,0.0,True,506.0893843708687
317,265.06451569771485,703.8802073163404,703.8802073163404,0.0,True,506.0893843708687
318,264.53438666631945,703.8802073163404,703.8802073163404,0.0,True,506.0893843708687
319,264.0053178929868,703.8802073163404,703.8802073163404,0.0,True,506.0893843708687
320,263.47730725720083,661.4930663205126,661.4930663205126,0.0,True,506.0893843708687
321,262.9503526426864,661.4930663205126,661.4930663205126,0.0,True,506.0893843708687
322,262.42445193740105,556.5663543073679,556.5663543073679,0.0,True,506.0893843708687
323,261.89960303352626,619.0201654637058,553.8270017909267,0.0006519316367277903,False,506.0893843708687
324,261.3758038274592,713.2301141943063,713.2301141943063,0.0,True,506.0893843708687
325,260.8530522198043,576.8824287289732,576.8824287289732,0.0,True,506.0893843708687
326,260.3313461153647,576.8824287289732,576.8824287289732,0.0,True,506.0893843708687
327,259.8106834231339,576.8824287289732,576.8824287289732,0.0,True,506.0893843708687
328,259.29106205628767,576.8824287289732,576.8824287289732,0.0,True,506.0893843708687
329,258.7724799321751,554.4401810414528,554.4401810414528,0.0,True,506.0893843708687
330,258.25493497231076,667.8481389778179,667.8481389778179,0.0,True,506.0893843708687
331,257.73842510236614,675.4278229697463,675.4278229697463,0.0,True,506.0893843708687
332,257.2229482521614,671.625621721516,671.625621721516,0.0,True,506.0893843708687
333,256.7085023556571,648.3127708239421,648.3127708239421,0.0,True,506.0893843708687
334,256.1950853509458,648.3127708239421,648.3127708239421,0.0,True,506.0893843708687
335,255.6826951802439,648.3127708239421,648.3127708239421,0.0,True,506.0893843708687
336,255.17132978988343,595.2028849143395,595.2028849143395,0.0,True,506.0893843708687
337,254.66098713030365,618.7996023985907,589.23683819759,0.000295627642010006,False,506.0893843708687
338,254.15166515604304,618.7996023985907,589.23683819759,0.000295627642010006,False,506.0893843708687
339,253.64336182573095,618.7996023985907,589.23683819759,0.000295627642010006,False,506.0893843708687
340,253.13607510207947,615.6054826830643,615.6054826830643,0.0,True,506.0893843708687
341,252.62980295187532,615.6054826830643,615.6054826830643,0.0,True,506.0893843708687
342,252.12454334597157,615.6054826830643,615.6054826830643,0.0,True,506.0893843708687
343,251.62029425927963,615.6054826830643,615.6054826830643,0.0,True,506.0893843708687
344,251.11705367076107,615.6054826830643,615.6054826830643,0.0,True,506.0893843708687
345,250.61481956341953,615.6054826830643,615.6054826830643,0.0,True,506.0893843708687
346,250.11358992429268,658.6511543855582,658.6511543855582,0.0,True,506.0893843708687
347,249.6133627444441,658.6511543855582,658.6511543855582,0.0,True,506.0893843708687
348,249.1141360189552,658.6511543855582,658.6511543855582,0.0,True,506.0893843708687
349,248.6159077469173,677.2882242362398,643.3429345806203,0.0003394528965561949,False,506.0893843708687
350,248.11867593142344,677.2882242362398,643.3429345806203,0.0003394528965561949,False,506.0893843708687
351,247.6224385795606,677.2882242362398,643.3429345806203,0.0003394528965561949,False,506.0893843708687
352,247.12719370240148,677.2882242362398,643.3429345806203,0.0003394528965561949,False,506.0893843708687
353,246.6329393149967,677.2882242362398,643.3429345806203,0.0003394528965561949,False,506.0893843708687
354,246.1396734363667,726.9267112676528,583.7914021815614,0.001431353090860914,False,506.0893843708687
355,245.647394089494,726.9267112676528,583.7914021815614,0.001431353090860914,False,506.0893843708687
356,245.156099301315,726.9267112676528,583.7914021815614,0.001431353090860914,False,506.0893843708687
357,244.6657871027124,802.7869286945241,685.6996010524845,0.001170873276420397,False,506.0893843708687
358,244.17645552850695,697.6383141004418,689.2537315698005,8.384582530641282e-05,False,506.0893843708687
359,243.68810261744994,664.5642001350343,664.5642001350343,0.0,True,506.0893843708687
360,243.20072641221503,664.5642001350343,664.5642001350343,0.0,True,506.0893843708687
361,242.7143249593906,647.2229492611815,647.2229492611815,0.0,True,506.0893843708687
362,242.22889630947182,647.2229492611815,647.2229492611815,0.0,True,506.0893843708687
363,241.74443851685288,647.2229492611815,647.2229492611815,0.0,True,506.0893843708687
364,241.2609496398192,647.2229492611815,647.2229492611815,0.0,True,506.0893843708687
365,240.77842774053954,654.0262869835653,654.0262869835653,0.0,True,506.0893843708687
366,240.29687088505847,654.0262869835653,654.0262869835653,0.0,True,506.0893843708687
367,239.81627714328835,681.2622787873385,627.656757804662,0.000536055209826765,False,506.0893843708687
368,239.33664458900176,681.2622787873385,627.656757804662,0.000536055209826765,False,506.0893843708687
369,238.85797129982376,662.8574856282862,612.2366510849954,0.0005062083454329085,False,506.0893843708687
370,238.38025535722412,1274.4616951860082,569.7262627699976,0.007047354324160107,False,506.0893843708687
371,237.90349484650966,627.8299589230372,627.8299589230372,0.0,True,506.0893843708687
372,237.42768785681665,632.909091196051,632.909091196051,0.0,True,506.0893843708687
373,236.952832481103,632.909091196051,632.909091196051,0.0,True,506.0893843708687
374,236.47892681614078,644.442758680713,644.442758680713,0.0,True,506.0893843708687
375,236.0059689625085,532.6732541484886,532.6732541484886,0.0,True,506.0893843708687
376,235.5339570245835,548.1401971250667,485.69464750931843,0.0006244554961574827,False,506.0893843708687
377,235.06288911053431,549.0894153018071,549.0894153018071,0.0,True,506.0893843708687
378,234.59276333231324,549.0894153018071,549.0894153018071,0.0,True,506.0893843708687
379,234.1235778056486,549.0894153018071,549.0894153018071,0.0,True,506.0893843708687
380,233.6553306500373,542.396143744237,542.396143744237,0.0,True,506.0893843708687
381,233.18801998873724,542.396143744237,542.396143744237,0.0,True,506.0893843708687
382,232.72164394875978,658.3210644755625,658.3210644755625,0.0,True,506.0893843708687
383,232.25620066086225,658.3210644755625,658.3210644755625,0.0,True,506.0893843708687
384,231.79168825954054,658.3210644755625,658.3210644755625,0.0,True,506.0893843708687
385,231.32810488302147,658.3210644755625,658.3210644755625,0.0,True,506.0893843708687
386,230.86544867325543,658.3210644755625,658.3210644755625,0.0,True,506.0893843708687
387,230.40371777590892,658.3210644755625,658.3210644755625,0.0,True,506.0893843708687
388,229.9429103403571,608.8149213382133,608.8149213382133,0.0,True,506.0893843708687
389,229.48302451967638,608.8149213382133,608.8149213382133,0.0,True,506.0893843708687
390,229.02405847063702,608.8149213382133,608.8149213382133,0.0,True,506.0893843708687
391,228.56601035369573,608.8149213382133,608.8149213382133,0.0,True,506.0893843708687
392,228.10887833298833,608.8149213382133,608.8149213382133,0.0,True,506.0893843708687
393,227.65266057632235,608.8149213382133,608.8149213382133,0.0,True,506.0893843708687
394,227.1973552551697,608.8149213382133,608.8149213382133,0.0,True,506.0893843708687
395,226.74296054465935,608.8149213382133,608.8149213382133,0.0,True,506.0893843708687
396,226.28947462357004,623.0118471036113,623.0118471036113,0.0,True,506.0893843708687
397,225.8368956743229,628.2318462102857,628.2318462102857,0.0,True,506.0893843708687
398,225.38522188297426,642.0540627162803,642.0540627162803,0.0,True,506.0893843708687
399,224.93445143920832,681.4495007488033,681.4495007488033,0.0,True,506.0893843708687
400,224.4845825363299,686.519293279023,686.519293279023,0.0,True,506.0893843708687
401,224.03561337125723,686.519293279023,686.519293279023,0.0,True,506.0893843708687
402,223.5875421445147,606.9980839413504,606.9980839413504,0.0,True,506.0893843708687
403,223.14036706022569,606.9980839413504,606.9980839413504,0.0,True,506.0893843708687
404,222.69408632610524,605.9758817152969,605.9758817152969,0.0,True,506.0893843708687
405,222.24869815345303,605.9758817152969,605.9758817152969,0.0,True,506.0893843708687
406,221.80420075714613,709.9618567694321,574.0171945584838,0.0013594466221094833,False,506.0893843708687
407,221.36059235563184,591.1222725682622,591.1222725682622,0.0,True,506.0893843708687
408,220.91787117092056,591.1222725682622,591.1222725682622,0.0,True,506.0893843708687
409,220.4760354285787,615.400936708836,602.0901946624736,0.00013310742046362403,False,506.0893843708687
410,220.03508335772156,695.7597512635118,695.7597512635118,0.0,True,506.0893843708687
411,219.59501319100613,698.1710315199642,698.1710315199642,0.0,True,506.0893843708687
412,219.1558231646241,568.3315625043334,568.3315625043334,0.0,True,506.0893843708687
413,218.71751151829486,579.0362200570393,579.0362200570393,0.0,True,506.0893843708687
414,218.28007649525827,580.8408523357156,580.8408523357156,0.0,True,506.0893843708687
415,217.84351634226775,595.1995251567757,595.1995251567757,0.0,True,506.0893843708687
416,217.4078293095832,690.4994552452002,690.4994552452002,0.0,True,506.0893843708687
417,216.97301365096405,780.7703017281134,780.7703017281134,0.0,True,506.0893843708687
418,216.5390676236621,780.7703017281134,780.7703017281134,0.0,True,506.0893843708687
419,216.1059894884148,780.7703017281134,780.7703017281134,0.0,True,506.0893843708687
420,215.67377750943797,780.7703017281134,780.7703017281134,0.0,True,506.0893843708687
421,215.2424299544191,682.6039505716294,682.6039505716294,0.0,True,506.0893843708687
422,214.81194509451026,613.6170691655816,613.6170691655816,0.0,True,506.0893843708687
423,214.38232120432124,613.6170691655816,613.6170691655816,0.0,True,506.0893843708687
424,213.9535565619126,613.6170691655816,613.6170691655816,0.0,True,506.0893843708687
425,213.52564944878876,624.0337275977881,624.0337275977881,0.0,True,506.0893843708687
426,213.0985981498912,661.7507997845049,661.7507997845049,0.0,True,506.0893843708687
427,212.6724009535914,661.7507997845049,661.7507997845049,0.0,True,506.0893843708687
428,212.2470561516842,667.5125210523618,667.5125210523618,0.0,True,506.0893843708687
429,211.82256203938084,707.8998860963725,596.7887749852614,0.0011111111111111111,False,506.0893843708687
430,211.39891691530207,707.8998860963725,596.7887749852614,0.0011111111111111111,False,506.0893843708687
431,210.97611908147147,707.8998860963725,596.7887749852614,0.0011111111111111111,False,506.0893843708687
432,210.55416684330854,707.8998860963725,596.7887749852614,0.0011111111111111111,False,506.0893843708687
433,210.13305850962192,707.8998860963725,596.7887749852614,0.0011111111111111111,False,506.0893843708687
434,209.71279239260267,707.8998860963725,596.7887749852614,0.0011111111111111111,False,506.0893843708687
435,209.29336680781745,707.8998860963725,596.7887749852614,0.0011111111111111111,False,506.0893843708687
436,208.87478007420182,599.6762752575039,589.2090777643809,0.00010467197493122973,False,506.0893843708687
437,208.45703051405343,599.6762752575039,589.2090777643809,0.00010467197493122973,False,506.0893843708687
438,208.04011645302532,599.6762752575039,589.2090777643809,0.00010467197493122973,False,506.0893843708687
439,207.62403622011928,598.2803283558768,598.2803283558768,0.0,True,506.0893843708687
440,207.20878814767903,559.1437080792834,508.0193979927651,0.0005112431008651836,False,506.0893843708687
441,206.79437057138367,559.1437080792834,508.0193979927651,0.0005112431008651836,False,506.0893843708687
442,206.3807818302409,559.1437080792834,508.0193979927651,0.0005112431008651836,False,506.0893843708687
443,205.9680202665804,526.100816573974,526.100816573974,0.0,True,506.0893843708687
444,205.55608422604723,564.3733647532855,564.3733647532855,0.0,True,506.0893843708687
445,205.14497205759514,564.3733647532855,564.3733647532855,0.0,True,506.0893843708687
446,204.73468211347995,574.6272260359516,574.6272260359516,0.0,True,506.0893843708687
447,204.32521274925298,710.0504931128052,710.0504931128052,0.0,True,506.0893843708687
448,203.91656232375448,703.9921702780674,703.9921702780674,0.0,True,506.0893843708687
449,203.50872919910697,515.7989517250328,515.7989517250328,0.0,True,506.0893843708687
450,203.10171174070877,627.5581925315048,627.5581925315048,0.0,True,506.0893843708687
451,202.69550831722734,542.6834243019828,542.6834243019828,0.0,True,506.0893843708687
452,202.29011730059287,542.6834243019828,542.6834243019828,0.0,True,506.0893843708687
453,201.88553706599168,514.8247322532845,514.8247322532845,0.0,True,506.0893843708687
454,201.4817659918597,514.8247322532845,514.8247322532845,0.0,True,506.0893843708687
455,201.078802459876,575.4360309891554,575.4360309891554,0.0,True,506.0893843708687
456,200.67664485495624,575.4360309891554,575.4360309891554,0.0,True,506.0893843708687
457,200.27529156524633,575.4360309891554,575.4360309891554,0.0,True,506.0893843708687
458,199.87474098211584,570.245660169257,570.245660169257,0.0,True,506.0893843708687
459,199.47499150015162,570.245660169257,570.245660169257,0.0,True,506.0893843708687
460,199.0760415171513,681.5776015119658,681.5776015119658,0.0,True,506.0893843708687
461,198.67788943411702,628.9510370264061,628.9510370264061,0.0,True,506.0893843708687
462,198.28053365524877,628.9510370264061,628.9510370264061,0.0,True,506.0893843708687
463,197.88397258793827,771.739944403065,771.739944403065,0.0,True,506.0893843708687
464,197.48820464276238,794.406499338663,794.406499338663,0.0,True,506.0893843708687
465,197.09322823347685,792.5544006062189,792.5544006062189,0.0,True,506.0893843708687
466,196.6990417770099,700.3139110188595,700.3139110188595,0.0,True,506.0893843708687
467,196.3056436934559,612.0907331785884,612.0907331785884,0.0,True,506.0893843708687
468,195.913032406069,612.0907331785884,612.0907331785884,0.0,True,506.0893843708687
469,195.52120634125686,612.0907331785884,612.0907331785884,0.0,True,506.0893843708687
470,195.13016392857435,612.0907331785884,612.0907331785884,0.0,True,506.0893843708687
471,194.73990360071718,612.0907331785884,612.0907331785884,0.0,True,506.0893843708687
472,194.35042379351574,612.0907331785884,612.0907331785884,0.0,True,506.0893843708687
473,193.9617229459287,577.2116990153661,577.0554916825475,1.5620733281859257e-06,False,506.0893843708687
474,193.57379950003684,617.6796701508813,617.6796701508813,0.0,True,506.0893843708687
475,193.18665190103675,617.6796701508813,617.6796701508813,0.0,True,506.0893843708687
476,192.8002785972347,617.6796701508813,617.6796701508813,0.0,True,506.0893843708687
477,192.41467804004023,617.6796701508813,617.6796701508813,0.0,True,506.0893843708687
478,192.02984868396015,617.6796701508813,617.6796701508813,0.0,True,506.0893843708687
479,191.64578898659224,687.5118364101058,687.5118364101058,0.0,True,506.0893843708687
480,191.26249740861905,687.5118364101058,687.5118364101058,0.0,True,506.0893843708687
481,190.87997241380182,707.7059739165175,707.7059739165175,0.0,True,506.0893843708687
482,190.49821246897423,662.0041154662825,662.0041154662825,0.0,True,506.0893843708687
483,190.11721604403627,656.4692578594997,656.4692578594997,0.0,True,506.0893843708687
484,189.7369816119482,597.7944827148907,597.7944827148907,0.0,True,506.0893843708687
485,189.35750764872432,547.1362197004299,547.1362197004299,0.0,True,506.0893843708687
486,188.97879263342688,518.7903211631738,518.7903211631738,0.0,True,506.0893843708687
487,188.60083504816004,523.2983491406578,523.2983491406578,0.0,True,506.0893843708687
488,188.2236333780637,550.1827854545505,550.1827854545505,0.0,True,506.0893843708687
489,187.8471861113076,550.1827854545505,550.1827854545505,0.0,True,506.0893843708687
490,187.47149173908497,609.9086628429179,609.9086628429179,0.0,True,506.0893843708687
491,187.0965487556068,561.3101685943078,534.6451197648527,0.0002666504882945517,False,506.0893843708687
492,186.72235565809558,561.3101685943078,534.6451197648527,0.0002666504882945517,False,506.0893843708687
493,186.3489109467794,582.6358174220647,582.6358174220647,0.0,True,506.0893843708687
494,185.97621312488585,629.9963173550184,629.9963173550184,0.0,True,506.0893843708687
495,185.60426069863607,574.7538133216644,574.7538133216644,0.0,True,506.0893843708687
496,185.2330521772388,574.7538133216644,574.7538133216644,0.0,True,506.0893843708687
497,184.8625860728843,574.7538133216644,574.7538133216644,0.0,True,506.0893843708687
498,184.49286090073855,574.7538133216644,574.7538133216644,0.0,True,506.0893843708687
499,184.12387517893708,721.0656091271267,574.5678072489695,0.0014649780187815716,False,506.0893843708687
500,183.7556274285792,721.0656091271267,574.5678072489695,0.0014649780187815716,False,506.0893843708687
501,183.38811617372204,608.5282872979542,608.5282872979542,0.0,True,506.0893843708687
502,183.0213399413746,608.5282872979542,608.5282872979542,0.0,True,506.0893843708687
503,182.65529726149185,608.5282872979542,608.5282872979542,0.0,True,506.0893843708687
504,182.28998666696887,695.5902732445927,695.5902732445927,0.0,True,506.0893843708687
505,181.92540669363493,695.5902732445927,695.5902732445927,0.0,True,506.0893843708687
506,181.56155588024765,766.1951027352163,766.1951027352163,0.0,True,506.0893843708687
507,181.19843276848715,837.0796873504203,837.0796873504203,0.0,True,506.0893843708687
508,180.8360359029502,870.6943689981322,870.6943689981322,0.0,True,506.0893843708687
509,180.47436383114427,667.9751143415267,667.9751143415267,0.0,True,506.0893843708687
510,180.113415103482,667.9751143415267,667.9751143415267,0.0,True,506.0893843708687
511,179.75318827327504,747.7849481594692,747.7849481594692,0.0,True,506.0893843708687
512,179.39368189672848,730.7499464200235,730.7499464200235,0.0,True,506.0893843708687
513,179.03489453293503,654.0381089952616,654.0381089952616,0.0,True,506.0893843708687
514,178.67682474386916,766.6795305927224,766.6795305927224,0.0,True,506.0893843708687
515,178.3194710943814,588.9857356360122,588.9857356360122,0.0,True,506.0893843708687
516,177.96283215219265,588.9857356360122,588.9857356360122,0.0,True,506.0893843708687
517,177.60690648788827,588.9857356360122,588.9857356360122,0.0,True,506.0893843708687
518,177.25169267491248,633.0346347629669,633.0346347629669,0.0,True,506.0893843708687
519,176.89718928956265,633.0346347629669,633.0346347629669,0.0,True,506.0893843708687
520,176.54339491098352,633.0346347629669,633.0346347629669,0.0,True,506.0893843708687
521,176.19030812116156,734.2113486378878,734.2113486378878,0.0,True,506.0893843708687
522,175.83792750491924,743.7201443789653,743.7201443789653,0.0,True,506.0893843708687
523,175.4862516499094,792.1933735885341,792.1933735885341,0.0,True,506.0893843708687
524,175.13527914660958,689.4992320073678,689.4992320073678,0.0,True,506.0893843708687
525,174.78500858831634,678.0669150088667,678.0669150088667,0.0,True,506.0893843708687
526,174.4354385711397,678.0669150088667,678.0669150088667,0.0,True,506.0893843708687
527,174.08656769399744,621.7759373708594,621.7759373708594,0.0,True,506.0893843708687
528,173.73839455860943,603.3171012937162,603.3171012937162,0.0,True,506.0893843708687
529,173.3909177694922,565.7700946072555,565.7700946072555,0.0,True,506.0893843708687
530,173.0441359339532,565.7700946072555,565.7700946072555,0.0,True,506.0893843708687
531,172.69804766208532,633.4244546455396,633.4244546455396,0.0,True,506.0893843708687
532,172.35265156676115,623.9463181118512,623.9463181118512,0.0,True,506.0893843708687
533,172.00794626362764,546.4554384938075,546.4554384938075,0.0,True,506.0893843708687
534,171.66393037110038,546.4554384938075,546.4554384938075,0.0,True,506.0893843708687
535,171.32060251035819,546.4554384938075,546.4554384938075,0.0,True,506.0893843708687
536,170.97796130533746,639.8570363271714,639.8570363271714,0.0,True,506.0893843708687
537,170.63600538272678,580.3506097810871,580.3506097810871,0.0,True,506.0893843708687
538,170.2947333719613,608.9217329630752,608.9217329630752,0.0,True,506.0893843708687
539,169.9541439052174,691.1047475785773,691.1047475785773,0.0,True,506.0893843708687
540,169.61423561740696,662.9466141653871,662.9466141653871,0.0,True,506.0893843708687
541,169.27500714617216,662.7195705982571,662.7195705982571,0.0,True,506.0893843708687
542,168.93645713187982,560.2461395544663,560.2461395544663,0.0,True,506.0893843708687
543,168.59858421761606,620.0492932715222,620.0492932715222,0.0,True,506.0893843708687
544,168.26138704918083,520.2392973212122,520.2392973212122,0.0,True,506.0893843708687
545,167.92486427508246,520.2392973212122,520.2392973212122,0.0,True,506.0893843708687
546,167.5890145465323,546.1394388411,546.1394388411,0.0,True,506.0893843708687
547,167.25383651743923,546.1394388411,546.1394388411,0.0,True,506.0893843708687
548,166.91932884440433,546.1394388411,546.1394388411,0.0,True,506.0893843708687
549,166.58549018671553,546.1394388411,546.1394388411,0.0,True,506.0893843708687
550,166.2523192063421,533.4119388331569,479.69514841274065,0.000537167904204162,False,506.0893843708687
551,165.91981456792942,572.2906422479864,572.2906422479864,0.0,True,506.0893843708687
552,165.58797493879356,522.078368263613,522.078368263613,0.0,True,506.0893843708687
553,165.256798988916,522.078368263613,522.078368263613,0.0,True,506.0893843708687
554,164.92628539093815,596.0817146656248,530.4396560284054,0.0006564205863721944,False,506.0893843708687
555,164.59643282015628,699.5753331804615,525.9691703067887,0.0017360616287367282,False,506.0893843708687
556,164.26723995451596,699.5753331804615,525.9691703067887,0.0017360616287367282,False,506.0893843708687
557,163.93870547460693,720.4383665528089,720.4383665528089,0.0,True,506.0893843708687
558,163.61082806365772,720.4383665528089,720.4383665528089,0.0,True,506.0893843708687
559,163.2836064075304,563.3992748682521,563.3992748682521,0.0,True,506.0893843708687
560,162.95703919471535,646.630973127722,646.630973127722,0.0,True,506.0893843708687
561,162.6311251163259,655.3744948069293,655.3744948069293,0.0,True,506.0893843708687
562,162.30586286609326,681.377766134233,681.377766134233,0.0,True,506.0893843708687
563,161.98125114036108,702.6217078704965,702.6217078704965,0.0,True,506.0893843708687
564,161.65728863808036,702.6217078704965,702.6217078704965,0.0,True,506.0893843708687
565,161.3339740608042,702.6217078704965,702.6217078704965,0.0,True,506.0893843708687
566,161.01130611268258,654.6533720349959,654.6533720349959,0.0,True,506.0893843708687
567,160.6892835004572,567.4919774508822,538.8932592670279,0.0002859871818385431,False,506.0893843708687
568,160.3679049334563,596.6861169066291,514.8779170306818,0.0008180819987594725,False,506.0893843708687
569,160.04716912358938,595.1662986706015,595.1662986706015,0.0,True,506.0893843708687
570,159.7270747853422,597.1358671907684,597.1358671907684,0.0,True,506.0893843708687
571,159.40762063577154,597.1358671907684,597.1358671907684,0.0,True,506.0893843708687
572,159.08880539449999,562.424513852677,562.424513852677,0.0,True,506.0893843708687
573,158.77062778371098,562.424513852677,562.424513852677,0.0,True,506.0893843708687
574,158.45308652814356,562.424513852677,562.424513852677,0.0,True,506.0893843708687
575,158.13618035508728,562.424513852677,562.424513852677,0.0,True,506.0893843708687
576,157.8199079943771,562.424513852677,562.424513852677,0.0,True,506.0893843708687
577,157.50426817838834,562.424513852677,562.424513852677,0.0,True,506.0893843708687
578,157.18925964203157,607.8466191166299,607.8466191166299,0.0,True,506.0893843708687
579,156.8748811227475,577.3261346284492,577.3261346284492,0.0,True,506.0893843708687
580,156.561131360502,515.4858309017445,515.4858309017445,0.0,True,506.0893843708687
581,156.248009097781,515.4858309017445,515.4858309017445,0.0,True,506.0893843708687
582,155.93551307958543,515.4858309017445,515.4858309017445,0.0,True,506.0893843708687
583,155.62364205342627,515.4858309017445,515.4858309017445,0.0,True,506.0893843708687
584,155.3123947693194,543.9475266590849,543.9475266590849,0.0,True,506.0893843708687
585,155.00176997978076,564.2124472721414,564.2124472721414,0.0,True,506.0893843708687
586,154.6917664398212,608.7333069071125,608.7333069071125,0.0,True,506.0893843708687
587,154.38238290694156,668.5403482965121,668.5403482965121,0.0,True,506.0893843708687
588,154.07361814112767,591.0912204227687,591.0912204227687,0.0,True,506.0893843708687
589,153.76547090484542,597.8124096306074,597.8124096306074,0.0,True,506.0893843708687
590,153.45793996303573,592.0815774489934,592.0815774489934,0.0,True,506.0893843708687
591,153.15102408310966,554.0747675502022,554.0747675502022,0.0,True,506.0893843708687
592,152.84472203494343,554.0747675502022,554.0747675502022,0.0,True,506.0893843708687
593,152.53903259087355,541.5872099091972,541.5872099091972,0.0,True,506.0893843708687
594,152.2339545256918,541.5872099091972,541.5872099091972,0.0,True,506.0893843708687
595,151.9294866166404,541.5872099091972,541.5872099091972,0.0,True,506.0893843708687
596,151.6256276434071,541.5872099091972,541.5872099091972,0.0,True,506.0893843708687
597,151.3223763881203,584.0664902321846,584.0664902321846,0.0,True,506.0893843708687
598,151.01973163534404,526.2358832768704,526.2358832768704,0.0,True,506.0893843708687
599,150.71769217207336,526.2358832768704,526.2358832768704,0.0,True,506.0893843708687
600,150.4162567877292,553.9341870612348,543.0800950540886,0.00010854092007146151,False,506.0893843708687
601,150.11542427415372,553.9341870612348,543.0800950540886,0.00010854092007146151,False,506.0893843708687
602,149.81519342560543,553.9341870612348,543.0800950540886,0.00010854092007146151,False,506.0893843708687
603,149.5155630387542,553.9341870612348,543.0800950540886,0.00010854092007146151,False,506.0893843708687
604,149.21653191267671,553.9341870612348,543.0800950540886,0.00010854092007146151,False,506.0893843708687
605,148.91809884885137,685.1374236521066,520.5032657585705,0.0016463415789353614,False,506.0893843708687
606,148.62026265115367,588.8382131028,502.5615563823675,0.0008627665672043251,False,506.0893843708687
607,148.32302212585137,588.8382131028,502.5615563823675,0.0008627665672043251,False,506.0893843708687
608,148.02637608159966,588.8382131028,502.5615563823675,0.0008627665672043251,False,506.0893843708687
609,147.73032332943646,588.8382131028,502.5615563823675,0.0008627665672043251,False,506.0893843708687
610,147.43486268277758,588.8382131028,502.5615563823675,0.0008627665672043251,False,506.0893843708687
611,147.13999295741203,588.8382131028,502.5615563823675,0.0008627665672043251,False,506.0893843708687
612,146.84571297149722,588.8382131028,502.5615563823675,0.0008627665672043251,False,506.0893843708687
613,146.55202154555423,597.8235088259171,597.8235088259171,0.0,True,506.0893843708687
614,146.2589175024631,557.7590236673468,557.7590236673468,0.0,True,506.0893843708687
615,145.96639966745818,535.5814550930105,535.5814550930105,0.0,True,506.0893843708687
616,145.67446686812326,535.5814550930105,535.5814550930105,0.0,True,506.0893843708687
617,145.383117934387,542.3834221286344,542.3834221286344,0.0,True,506.0893843708687
618,145.09235169851823,859.533381971582,488.79648241449155,0.003707368995570904,False,506.0893843708687
619,144.80216699512118,627.186287180338,627.186287180338,0.0,True,506.0893843708687
620,144.51256266113094,703.3785323492868,703.3785323492868,0.0,True,506.0893843708687
621,144.22353753580867,694.0090271874504,694.0090271874504,0.0,True,506.0893843708687
622,143.93509046073706,625.1813682777604,625.1813682777604,0.0,True,506.0893843708687
623,143.64722027981557,607.9397760457927,538.813922724416,0.0006912585332137668,False,506.0893843708687
624,143.35992583925594,571.956673239114,571.956673239114,0.0,True,506.0893843708687
625,143.07320598757744,635.819879953994,635.819879953994,0.0,True,506.0893843708687
626,142.78705957560229,598.6222793159397,598.6222793159397,0.0,True,506.0893843708687
627,142.5014854564511,598.6222793159397,598.6222793159397,0.0,True,506.0893843708687
628,142.2164824855382,543.4543584303465,540.2011327588077,3.253225671538807e-05,False,506.0893843708687
629,141.93204952056712,580.3885718585134,580.3885718585134,0.0,True,506.0893843708687
630,141.648185421526,580.3885718585134,580.3885718585134,0.0,True,506.0893843708687
631,141.36488905068293,580.3885718585134,580.3885718585134,0.0,True,506.0893843708687
632,141.08215927258158,573.832614433039,573.832614433039,0.0,True,506.0893843708687
633,140.7999949540364,580.0091828032832,496.2126877042174,0.000837964950990658,False,506.0893843708687
634,140.51839496412833,580.0091828032832,496.2126877042174,0.000837964950990658,False,506.0893843708687
635,140.23735817420007,580.0091828032832,496.2126877042174,0.000837964950990658,False,506.0893843708687
636,139.95688345785166,580.0091828032832,496.2126877042174,0.000837964950990658,False,506.0893843708687
637,139.67696969093595,503.2243231933553,503.2243231933553,0.0,True,503.2243231933553
638,139.39761575155407,579.1862888912628,579.1862888912628,0.0,True,503.2243231933553
639,139.11882052005097,656.9838209191694,473.6434839267594,0.0018334033699240993,False,503.2243231933553
640,138.84058287901087,500.23178688678246,500.23178688678246,0.0,True,500.23178688678246
641,138.56290171325284,516.6698741009436,516.6698741009436,0.0,True,500.23178688678246
642,138.28577590982633,516.6698741009436,516.6698741009436,0.0,True,500.23178688678246
643,138.00920435800668,601.4524679787135,601.4524679787135,0.0,True,500.23178688678246
644,137.73318594929066,601.4524679787135,601.4524679787135,0.0,True,500.23178688678246
645,137.45771957739208,539.4857899878093,539.4857899878093,0.0,True,500.23178688678246
646,137.1828041382373,563.8260183990667,563.8260183990667,0.0,True,500.23178688678246
647,136.90843852996082,588.7050953715985,588.7050953715985,0.0,True,500.23178688678246
648,136.6346216529009,590.4204694019217,590.4204694019217,0.0,True,500.23178688678246
649,136.3613524095951,593.3556468530404,593.3556468530404,0.0,True,500.23178688678246
650,136.0886297047759,519.2136699439563,519.2136699439563,0.0,True,500.23178688678246
651,135.81645244536637,519.2136699439563,519.2136699439563,0.0,True,500.23178688678246
652,135.54481954047563,594.9893680099007,594.9893680099007,0.0,True,500.23178688678246
653,135.2737299013947,584.8697473073246,584.8697473073246,0.0,True,500.23178688678246
654,135.0031824415919,638.8612398391607,638.8612398391607,0.0,True,500.23178688678246
655,134.7331760767087,674.7445696379727,674.7445696379727,0.0,True,500.23178688678246
656,134.4637097245553,630.1997380712644,630.1997380712644,0.0,True,500.23178688678246
657,134.19478230510617,675.177292213141,675.177292213141,0.0,True,500.23178688678246
658,133.92639274049597,638.8640034421203,638.8640034421203,0.0,True,500.23178688678246
659,133.658539955015,563.5588994154468,563.5588994154468,0.0,True,500.23178688678246
660,133.39122287510494,498.43315841645847,498.43315841645847,0.0,True,498.43315841645847
661,133.12444042935473,542.3533434642284,542.3533434642284,0.0,True,498.43315841645847
662,132.85819154849602,542.3533434642284,542.3533434642284,0.0,True,498.43315841645847
663,132.59247516539904,561.7399185054811,561.7399185054811,0.0,True,498.43315841645847
664,132.32729021506825,558.9459905541446,489.5317315838696,0.0006941425897027495,False,498.43315841645847
665,132.0626356346381,584.8320665579838,506.56399147775585,0.0007826807508022796,False,498.43315841645847
666,131.79851036336882,584.8320665579838,506.56399147775585,0.0007826807508022796,False,498.43315841645847
667,131.53491334264208,587.5545873407376,587.5545873407376,0.0,True,498.43315841645847
668,131.2718435159568,587.5545873407376,587.5545873407376,0.0,True,498.43315841645847
669,131.00929982892487,538.5409356348779,538.5409356348779,0.0,True,498.43315841645847
670,130.747281229267,529.0804160612059,529.0804160612059,0.0,True,498.43315841645847
671,130.48578666680848,518.0828996325006,518.0828996325006,0.0,True,498.43315841645847
672,130.22481509347486,518.0828996325006,518.0828996325006,0.0,True,498.43315841645847
673,129.96436546328792,518.0828996325006,518.0828996325006,0.0,True,498.43315841645847
674,129.70443673236133,518.0828996325006,518.0828996325006,0.0,True,498.43315841645847
675,129.4450278588966,527.9592289493268,527.9592289493268,0.0,True,498.43315841645847
676,129.1861378031788,608.883621703029,608.883621703029,0.0,True,498.43315841645847
677,128.92776552757246,526.4829102652549,526.4829102652549,0.0,True,498.43315841645847
678,128.6699099965173,546.9254992234377,546.9254992234377,0.0,True,498.43315841645847
679,128.41257017652427,506.8095524646254,506.8095524646254,0.0,True,498.43315841645847
680,128.15574503617123,506.8095524646254,506.8095524646254,0.0,True,498.43315841645847
681,127.89943354609888,506.8095524646254,506.8095524646254,0.0,True,498.43315841645847
682,127.64363467900668,514.403249389544,514.403249389544,0.0,True,498.43315841645847
683,127.38834740964867,514.403249389544,514.403249389544,0.0,True,498.43315841645847
684,127.13357071482937,571.021193460378,571.021193460378,0.0,True,498.43315841645847
685,126.87930357339971,580.2118646220381,580.2118646220381,0.0,True,498.43315841645847
686,126.62554496625292,545.731627252448,545.731627252448,0.0,True,498.43315841645847
687,126.37229387632041,541.9967721763328,541.9967721763328,0.0,True,498.43315841645847
688,126.11954928856777,592.0313846071444,592.0313846071444,0.0,True,498.43315841645847
689,125.86731018999063,576.938522031271,576.938522031271,0.0,True,498.43315841645847
690,125.61557556961066,547.0986423869158,547.0986423869158,0.0,True,498.43315841645847
691,125.36434441847143,545.0149420526086,545.0149420526086,0.0,True,498.43315841645847
692,125.11361572963449,543.8293363796959,543.8293363796959,0.0,True,498.43315841645847
693,124.86338849817523,528.4632460789454,528.4632460789454,0.0,True,498.43315841645847
694,124.61366172117887,528.4632460789454,528.4632460789454,0.0,True,498.43315841645847
695,124.36443439773652,528.731386841495,528.731386841495,0.0,True,498.43315841645847
696,124.11570552894105,528.731386841495,528.731386841495,0.0,True,498.43315841645847
697,123.86747411788316,524.8363791354759,524.8363791354759,0.0,True,498.43315841645847
698,123.6197391696474,524.8363791354759,524.8363791354759,0.0,True,498.43315841645847
699,123.37249969130811,524.8363791354759,524.8363791354759,0.0,True,498.43315841645847
700,123.1257546919255,511.86406088213397,511.86406088213397,0.0,True,498.43315841645847
701,122.87950318254164,511.86406088213397,511.86406088213397,0.0,True,498.43315841645847
702,122.63374417617656,511.86406088213397,511.86406088213397,0.0,True,498.43315841645847
703,122.38847668782421,511.86406088213397,511.86406088213397,0.0,True,498.43315841645847
704,122.14369973444856,511.86406088213397,511.86406088213397,0.0,True,498.43315841645847
705,121.89941233497966,517.8348078366025,503.5529576144496,0.00014281850222152897,False,498.43315841645847
706,121.65561351030969,535.8470968367477,535.8470968367477,0.0,True,498.43315841645847
707,121.41230228328907,588.8451317887168,588.8451317887168,0.0,True,498.43315841645847
708,121.16947767872249,589.9899617254765,589.9899617254765,0.0,True,498.43315841645847
709,120.92713872336505,630.7340061328777,630.7340061328777,0.0,True,498.43315841645847
710,120.68528444591831,578.0259646764306,578.0259646764306,0.0,True,498.43315841645847
711,120.44391387702647,575.6435047805869,572.078741756417,3.5647630241699574e-05,False,498.43315841645847
712,120.20302604927242,603.4718025586218,603.4718025586218,0.0,True,498.43315841645847
713,119.96261999717387,695.8349220113856,695.8349220113856,0.0,True,498.43315841645847
714,119.72269475717953,689.5198950527599,689.5198950527599,0.0,True,498.43315841645847
715,119.48324936766517,601.3739410374974,601.3739410374974,0.0,True,498.43315841645847
716,119.24428286892983,643.232350893169,643.232350893169,0.0,True,498.43315841645847
717,119.00579430319198,598.7051424770395,598.7051424770395,0.0,True,498.43315841645847
718,118.76778271458559,598.7051424770395,598.7051424770395,0.0,True,498.43315841645847
719,118.53024714915642,672.1836618411706,672.1836618411706,0.0,True,498.43315841645847
720,118.2931866548581,687.396039180583,687.396039180583,0.0,True,498.43315841645847
721,118.05660028154838,687.396039180583,687.396039180583,0.0,True,498.43315841645847
722,117.82048708098529,728.0831327786534,728.0831327786534,0.0,True,498.43315841645847
723,117.58484610682332,728.0831327786534,728.0831327786534,0.0,True,498.43315841645847
724,117.34967641460968,728.0831327786534,728.0831327786534,0.0,True,498.43315841645847
725,117.11497706178045,764.9474463527599,764.9474463527599,0.0,True,498.43315841645847
726,116.88074710765689,675.0834715193266,675.0834715193266,0.0,True,498.43315841645847
727,116.64698561344157,706.6864027792867,706.6864027792867,0.0,True,498.43315841645847
728,116.41369164221469,625.9763377604949,625.9763377604949,0.0,True,498.43315841645847
729,116.18086425893026,625.9763377604949,625.9763377604949,0.0,True,498.43315841645847
730,115.9485025304124,625.9763377604949,625.9763377604949,0.0,True,498.43315841645847
731,115.71660552535157,625.9763377604949,625.9763377604949,0.0,True,498.43315841645847
732,115.48517231430087,625.9763377604949,625.9763377604949,0.0,True,498.43315841645847
733,115.25420196967227,625.9763377604949,625.9763377604949,0.0,True,498.43315841645847
734,115.02369356573293,625.9763377604949,625.9763377604949,0.0,True,498.43315841645847
735,114.79364617860146,613.5112890546204,604.4409488195323,9.070340235088139e-05,False,498.43315841645847
736,114.56405888624425,581.690931217478,570.4431908634423,0.0001124774035403576,False,498.43315841645847
737,114.33493076847176,581.690931217478,570.4431908634423,0.0001124774035403576,False,498.43315841645847
738,114.10626090693482,581.690931217478,570.4431908634423,0.0001124774035403576,False,498.43315841645847
739,113.87804838512095,581.690931217478,570.4431908634423,0.0001124774035403576,False,498.43315841645847
740,113.65029228835071,581.690931217478,570.4431908634423,0.0001124774035403576,False,498.43315841645847
741,113.42299170377402,631.137627608754,631.137627608754,0.0,True,498.43315841645847
742,113.19614572036647,586.5118721780547,586.5118721780547,0.0,True,498.43315841645847
743,112.96975342892574,638.3372525763557,638.3372525763557,0.0,True,498.43315841645847
744,112.74381392206789,632.3945756426626,632.3945756426626,0.0,True,498.43315841645847
745,112.51832629422375,642.7323284992849,642.7323284992849,0.0,True,498.43315841645847
746,112.29328964163531,650.189099876625,650.189099876625,0.0,True,498.43315841645847
747,112.06870306235204,709.8027557258725,709.8027557258725,0.0,True,498.43315841645847
748,111.84456565622735,732.0578059786139,732.0578059786139,0.0,True,498.43315841645847
749,111.62087652491489,712.6553225288488,712.6553225288488,0.0,True,498.43315841645847
750,111.39763477186506,712.6553225288488,712.6553225288488,0.0,True,498.43315841645847
751,111.17483950232133,712.6553225288488,712.6553225288488,0.0,True,498.43315841645847
752,110.9524898233167,686.5664596228996,686.5664596228996,0.0,True,498.43315841645847
753,110.73058484367006,693.9207512408702,693.9207512408702,0.0,True,498.43315841645847
754,110.50912367398271,693.9207512408702,693.9207512408702,0.0,True,498.43315841645847
755,110.28810542663474,650.5578151365207,650.5578151365207,0.0,True,498.43315841645847
756,110.06752921578148,589.2212919673372,589.2212919673372,0.0,True,498.43315841645847
757,109.84739415734991,609.8033186551891,609.8033186551891,0.0,True,498.43315841645847
758,109.62769936903521,692.6471448983816,692.6471448983816,0.0,True,498.43315841645847
759,109.40844397029714,692.6471448983816,692.6471448983816,0.0,True,498.43315841645847
760,109.18962708235655,641.7596406210927,641.7596406210927,0.0,True,498.43315841645847
761,108.97124782819184,619.0002320836769,619.0002320836769,0.0,True,498.43315841645847
762,108.75330533253545,612.3218221112429,612.3218221112429,0.0,True,498.43315841645847
763,108.53579872187038,558.5130440052003,558.5130440052003,0.0,True,498.43315841645847
764,108.31872712442664,558.5130440052003,558.5130440052003,0.0,True,498.43315841645847
765,108.10208967017779,558.5130440052003,558.5130440052003,0.0,True,498.43315841645847
766,107.88588549083744,541.3986229987462,541.3986229987462,0.0,True,498.43315841645847
767,107.67011371985576,541.3986229987462,541.3986229987462,0.0,True,498.43315841645847
768,107.45477349241605,541.3986229987462,541.3986229987462,0.0,True,498.43315841645847
769,107.23986394543122,564.7502186084922,497.007650987877,0.0006774256762061518,False,498.43315841645847
770,107.02538421754036,564.7502186084922,497.007650987877,0.0006774256762061518,False,498.43315841645847
771,106.81133344910528,507.1046714473206,507.1046714473206,0.0,True,498.43315841645847
772,106.59771078220706,507.1046714473206,507.1046714473206,0.0,True,498.43315841645847
773,106.38451536064264,507.1046714473206,507.1046714473206,0.0,True,498.43315841645847
774,106.17174632992135,507.1046714473206,507.1046714473206,0.0,True,498.43315841645847
775,105.9594028372615,539.8228477450011,539.8228477450011,0.0,True,498.43315841645847
776,105.74748403158698,620.080077432071,620.080077432071,0.0,True,498.43315841645847
777,105.5359890635238,592.2564182433161,592.2564182433161,0.0,True,498.43315841645847
778,105.32491708539675,592.2564182433161,592.2564182433161,0.0,True,498.43315841645847
779,105.11426725122595,552.8557911856725,552.8557911856725,0.0,True,498.43315841645847
780,104.9040387167235,523.045522838038,522.848884833663,1.9663800437499635e-06,False,498.43315841645847
781,104.69423063929005,523.045522838038,522.848884833663,1.9663800437499635e-06,False,498.43315841645847
782,104.48484217801148,547.166088861878,547.166088861878,0.0,True,498.43315841645847
783,104.27587249365546,536.0464905409225,519.7668593501759,0.0001627963119074656,False,498.43315841645847
784,104.06732074866814,539.5191706052593,539.5191706052593,0.0,True,498.43315841645847
785,103.8591861071708,598.6698558849587,598.6698558849587,0.0,True,498.43315841645847
786,103.65146773495646,598.6698558849587,598.6698558849587,0.0,True,498.43315841645847
787,103.44416479948654,575.8721413063938,575.8721413063938,0.0,True,498.43315841645847
788,103.23727646988758,601.4379741778114,601.4379741778114,0.0,True,498.43315841645847
789,103.0308019169478,585.8555653367627,585.8555653367627,0.0,True,498.43315841645847
790,102.82474031311389,568.4201572564023,568.4201572564023,0.0,True,498.43315841645847
791,102.61909083248766,555.0543073834568,555.0543073834568,0.0,True,498.43315841645847
792,102.41385265082268,545.6230361152071,545.6230361152071,0.0,True,498.43315841645847
793,102.20902494552104,530.6438011814373,530.6438011814373,0.0,True,498.43315841645847
794,102.00460689562999,572.1577256419893,572.1577256419893,0.0,True,498.43315841645847
795,101.80059768183872,572.1577256419893,572.1577256419893,0.0,True,498.43315841645847
796,101.59699648647505,581.3296449166442,581.3296449166442,0.0,True,498.43315841645847
797,101.3938024935021,507.41907928528764,502.602505842107,4.816573443180641e-05,False,498.43315841645847
798,101.19101488851508,591.1202704787845,591.1202704787845,0.0,True,498.43315841645847
799,100.98863285873806,599.1843526581979,599.1843526581979,0.0,True,498.43315841645847
800,100.78665559302058,572.6961133291921,572.6961133291921,0.0,True,498.43315841645847
801,100.58508228183454,585.3095327570542,513.8110517573011,0.0007149848099975304,False,498.43315841645847
802,100.38391211727088,557.64683003232,509.7817926366241,0.00047865037395695964,False,498.43315841645847
803,100.18314429303634,557.64683003232,509.7817926366241,0.00047865037395695964,False,498.43315841645847
804,99.98277800445027,547.1004825350404,547.1004825350404,0.0,True,498.43315841645847
805,99.78281244844136,548.966425035647,548.966425035647,0.0,True,498.43315841645847
806,99.58324682354448,656.2892889240053,506.06567290185245,0.0015022361602215282,False,498.43315841645847
807,99.3840803298974,656.2892889240053,506.06567290185245,0.0015022361602215282,False,498.43315841645847
808,99.1853121692376,534.879188245548,532.9455024203354,1.9336858252126136e-05,False,498.43315841645847
809,98.98694154489912,534.879188245548,532.9455024203354,1.9336858252126136e-05,False,498.43315841645847
810,98.78896766180932,534.879188245548,532.9455024203354,1.9336858252126136e-05,False,498.43315841645847
811,98.5913897264857,534.879188245548,532.9455024203354,1.9336858252126136e-05,False,498.43315841645847
812,98.39420694703273,531.3481227747095,531.3481227747095,0.0,True,498.43315841645847
813,98.19741853313866,536.3702567272908,526.1350919785035,0.00010235164748787294,False,498.43315841645847
814,98.00102369607238,545.756902074276,502.7877240119434,0.0004296917806233259,False,498.43315841645847
815,97.80502164868024,531.0813952117102,531.0813952117102,0.0,True,498.43315841645847
816,97.60941160538287,531.0813952117102,531.0813952117102,0.0,True,498.43315841645847
817,97.41419278217211,545.2049994527674,545.2049994527674,0.0,True,498.43315841645847
818,97.21936439660776,549.0945412425795,549.0945412425795,0.0,True,498.43315841645847
819,97.02492566781454,565.615630274004,565.615630274004,0.0,True,498.43315841645847
820,96.83087581647891,545.4079262384957,543.248756548465,2.159169690030738e-05,False,498.43315841645847
821,96.63721406484595,559.5390761463887,559.5390761463887,0.0,True,498.43315841645847
822,96.44393963671625,559.5390761463887,559.5390761463887,0.0,True,498.43315841645847
823,96.25105175744282,573.4806619306955,573.4806619306955,0.0,True,498.43315841645847
824,96.05854965392794,553.976139697972,553.976139697972,0.0,True,498.43315841645847
825,95.86643255462009,517.0152845640106,517.0152845640106,0.0,True,498.43315841645847
826,95.67469968951085,517.0152845640106,517.0152845640106,0.0,True,498.43315841645847
827,95.48335029013182,515.8773068862915,515.8773068862915,0.0,True,498.43315841645847
828,95.29238358955156,515.8773068862915,515.8773068862915,0.0,True,498.43315841645847
829,95.10179882237246,641.0939662914043,512.2054660734344,0.0012888850021796985,False,498.43315841645847
830,94.91159522472772,511.2747291386196,510.4540824841907,8.2064665442892e-06,False,498.43315841645847
831,94.72177203427826,511.2747291386196,510.4540824841907,8.2064665442892e-06,False,498.43315841645847
832,94.53232849020971,511.2747291386196,510.4540824841907,8.2064665442892e-06,False,498.43315841645847
833,94.34326383322929,511.2747291386196,510.4540824841907,8.2064665442892e-06,False,498.43315841645847
834,94.15457730556282,511.2747291386196,510.4540824841907,8.2064665442892e-06,False,498.43315841645847
835,93.9662681509517,511.2747291386196,510.4540824841907,8.2064665442892e-06,False,498.43315841645847
836,93.7783356146498,556.9739591971519,556.9739591971519,0.0,True,498.43315841645847
837,93.5907789434205,556.9739591971519,556.9739591971519,0.0,True,498.43315841645847
838,93.40359738553366,556.9739591971519,556.9739591971519,0.0,True,498.43315841645847
839,93.2167901907626,549.1506801846658,549.1417587942663,8.921390399567439e-08,False,498.43315841645847
840,93.03035661038106,549.1506801846658,549.1417587942663,8.921390399567439e-08,False,498.43315841645847
841,92.8442958971603,549.1506801846658,549.1417587942663,8.921390399567439e-08,False,498.43315841645847
842,92.65860730536598,569.9046075374662,569.9046075374662,0.0,True,498.43315841645847
843,92.47329009075524,569.9046075374662,569.9046075374662,0.0,True,498.43315841645847
844,92.28834351057372,583.9669309019602,583.9669309019602,0.0,True,498.43315841645847
845,92.10376682355258,659.5860351618228,659.5860351618228,0.0,True,498.43315841645847
846,91.91955928990546,659.5860351618228,659.5860351618228,0.0,True,498.43315841645847
847,91.73572017132565,717.2094657454879,717.2094657454879,0.0,True,498.43315841645847
848,91.552248730983,663.2544717072251,663.2544717072251,0.0,True,498.43315841645847
849,91.36914423352103,663.2544717072251,663.2544717072251,0.0,True,498.43315841645847
850,91.18640594505399,663.2544717072251,663.2544717072251,0.0,True,498.43315841645847
851,91.00403313316389,663.4130715212008,663.4130715212008,0.0,True,498.43315841645847
852,90.82202506689755,686.8209801472332,686.8209801472332,0.0,True,498.43315841645847
853,90.64038101676375,629.6665455184492,629.6665455184492,0.0,True,498.43315841645847
854,90.45910025473023,642.6639392890495,642.6639392890495,0.0,True,498.43315841645847
855,90.27818205422076,642.6639392890495,642.6639392890495,0.0,True,498.43315841645847
856,90.09762569011232,637.8312620408628,637.8312620408628,0.0,True,498.43315841645847
857,89.9174304387321,614.4294073003216,614.4294073003216,0.0,True,498.43315841645847
858,89.73759557785463,646.4873841991716,646.4873841991716,0.0,True,498.43315841645847
859,89.55812038669893,595.7573696761888,595.7573696761888,0.0,True,498.43315841645847
860,89.37900414592553,583.8692187753617,583.8692187753617,0.0,True,498.43315841645847
861,89.20024613763368,566.1010406713135,566.1010406713135,0.0,True,498.43315841645847
862,89.02184564535841,561.6409651327466,561.6409651327466,0.0,True,498.43315841645847
863,88.8438019540677,550.4310293617839,550.4310293617839,0.0,True,498.43315841645847
864,88.66611435015956,577.5649103163665,577.5649103163665,0.0,True,498.43315841645847
865,88.48878212145924,623.1729306907798,623.1729306907798,0.0,True,498.43315841645847
866,88.31180455721632,631.85815193245,631.85815193245,0.0,True,498.43315841645847
867,88.13518094810189,628.5050745471531,628.5050745471531,0.0,True,498.43315841645847
868,87.95891058620569,579.6780710259414,579.6780710259414,0.0,True,498.43315841645847
869,87.78299276503328,573.1546886126625,542.369307633989,0.00030785380978673525,False,498.43315841645847
870,87.60742677950321,596.4483124631008,596.4483124631008,0.0,True,498.43315841645847
871,87.4322119259442,630.8996588099832,630.8996588099832,0.0,True,498.43315841645847
872,87.25734750209232,597.071855463056,597.071855463056,0.0,True,498.43315841645847
873,87.08283280708812,556.8203567876254,556.8203567876254,0.0,True,498.43315841645847
874,86.90866714147394,555.3969640858984,555.3969640858984,0.0,True,498.43315841645847
875,86.734849807191,566.2609018420138,566.2609018420138,0.0,True,498.43315841645847
876,86.56138010757661,566.2609018420138,566.2609018420138,0.0,True,498.43315841645847
877,86.38825734736146,657.1957663079096,657.1957663079096,0.0,True,498.43315841645847
878,86.21548083266674,664.008970551738,664.008970551738,0.0,True,498.43315841645847
879,86.04304987100141,616.7158796065789,616.7158796065789,0.0,True,498.43315841645847
880,85.87096377125941,656.5620086921268,656.5620086921268,0.0,True,498.43315841645847
881,85.6992218437169,627.417190109646,627.417190109646,0.0,True,498.43315841645847
882,85.52782340002946,660.2805920184016,660.2805920184016,0.0,True,498.43315841645847
883,85.3567677532294,641.2011815619826,641.2011815619826,0.0,True,498.43315841645847
884,85.18605421772294,640.1166096057276,640.1166096057276,0.0,True,498.43315841645847
885,85.0156821092875,598.8453704826431,598.8453704826431,0.0,True,498.43315841645847
886,84.84565074506892,598.8453704826431,598.8453704826431,0.0,True,498.43315841645847
887,84.67595944357879,634.7552253378001,634.7552253378001,0.0,True,498.43315841645847
888,84.50660752469163,633.5987221987332,633.5987221987332,0.0,True,498.43315841645847
889,84.33759430964224,653.5661610919615,653.5661610919615,0.0,True,498.43315841645847
890,84.16891912102295,619.9462309974481,619.9462309974481,0.0,True,498.43315841645847
891,84.0005812827809,621.3788826282766,621.3788826282766,0.0,True,498.43315841645847
892,83.83258012021534,623.4947823254965,623.4947823254965,0.0,True,498.43315841645847
893,83.66491495997491,624.0649368554567,624.0649368554567,0.0,True,498.43315841645847
894,83.49758513005496,653.2218342455589,653.2218342455589,0.0,True,498.43315841645847
895,83.33058995979485,669.135521136424,618.3492082073817,0.0005078631292904236,False,498.43315841645847
896,83.16392877987526,669.135521136424,618.3492082073817,0.0005078631292904236,False,498.43315841645847
897,82.99760092231551,620.1054875639938,620.1054875639938,0.0,True,498.43315841645847
898,82.83160572047088,609.6811627461457,609.6811627461457,0.0,True,498.43315841645847
899,82.66594250902993,609.6811627461457,609.6811627461457,0.0,True,498.43315841645847
900,82.50061062401187,671.6741428976118,671.6741428976118,0.0,True,498.43315841645847
901,82.33560940276385,664.1797176341321,664.1797176341321,0.0,True,498.43315841645847
902,82.17093818395833,609.7806084743926,609.7802388680896,3.6960630303234895e-09,False,498.43315841645847
903,82.00659630759041,609.7806084743926,609.7802388680896,3.6960630303234895e-09,False,498.43315841645847
904,81.84258311497523,609.7806084743926,609.7802388680896,3.6960630303234895e-09,False,498.43315841645847
905,81.67889794874527,609.7806084743926,609.7802388680896,3.6960630303234895e-09,False,498.43315841645847
906,81.51554015284778,609.7806084743926,609.7802388680896,3.6960630303234895e-09,False,498.43315841645847
907,81.35250907254208,609.7806084743926,609.7802388680896,3.6960630303234895e-09,False,498.43315841645847
908,81.18980405439699,634.6036340341045,634.6036340341045,0.0,True,498.43315841645847
909,81.0274244462882,654.7141089271988,654.7141089271988,0.0,True,498.43315841645847
910,80.86536959739561,648.9128676330133,648.9128676330133,0.0,True,498.43315841645847
911,80.70363885820082,673.7118171474735,673.7118171474735,0.0,True,498.43315841645847
912,80.54223158048441,691.9408403967951,691.9408403967951,0.0,True,498.43315841645847
913,80.38114711732344,739.9595269541577,739.9595269541577,0.0,True,498.43315841645847
914,80.22038482308879,773.6728965270976,773.6728965270976,0.0,True,498.43315841645847
915,80.05994405344262,773.6728965270976,773.6728965270976,0.0,True,498.43315841645847
916,79.89982416533573,775.8075167881016,775.8075167881016,0.0,True,498.43315841645847
917,79.74002451700505,690.7462476334276,690.7462476334276,0.0,True,498.43315841645847
918,79.58054446797104,690.7462476334276,690.7462476334276,0.0,True,498.43315841645847
919,79.42138337903509,685.7291852807289,685.7291852807289,0.0,True,498.43315841645847
920,79.26254061227702,719.8758618766785,719.8758618766785,0.0,True,498.43315841645847
921,79.10401553105247,719.8758618766785,719.8758618766785,0.0,True,498.43315841645847
922,78.94580749999037,737.7040387787011,737.7040387787011,0.0,True,498.43315841645847
923,78.78791588499038,686.3225064599746,686.3225064599746,0.0,True,498.43315841645847
924,78.63034005322041,620.9318567918634,620.8376747518859,9.418203997755041e-07,False,498.43315841645847
925,78.47307937311396,654.8084366971015,612.406561485657,0.00042401875211444415,False,498.43315841645847
926,78.31613321436774,654.8084366971015,612.406561485657,0.00042401875211444415,False,498.43315841645847
927,78.15950094793901,654.8084366971015,612.406561485657,0.00042401875211444415,False,498.43315841645847
928,78.00318194604313,626.2210751186443,626.2210751186443,0.0,True,498.43315841645847
929,77.84717558215104,671.7587070006821,649.9786353403681,0.0002178007166031393,False,498.43315841645847
930,77.69148123098674,683.0985785102358,683.0985785102358,0.0,True,498.43315841645847
931,77.53609826852477,683.0985785102358,683.0985785102358,0.0,True,498.43315841645847
932,77.38102607198772,699.229607087228,699.229607087228,0.0,True,498.43315841645847
933,77.22626401984374,671.2264978917262,671.2264978917262,0.0,True,498.43315841645847
934,77.07181149180406,671.2264978917262,671.2264978917262,0.0,True,498.43315841645847
935,76.91766786882044,682.7092746758046,682.7092746758046,0.0,True,498.43315841645847
936,76.7638325330828,685.1785429629225,685.1785429629225,0.0,True,498.43315841645847
937,76.61030486801664,700.7605784173437,700.7605784173437,0.0,True,498.43315841645847
938,76.4570842582806,698.2661450077549,698.2661450077549,0.0,True,498.43315841645847
939,76.30417008976404,673.7562048217535,673.7562048217535,0.0,True,498.43315841645847
940,76.15156174958452,695.9857003422246,695.9857003422246,0.0,True,498.43315841645847
941,75.99925862608535,669.3582688583571,669.3582688583571,0.0,True,498.43315841645847
942,75.84726010883318,684.3256956283414,684.3256956283414,0.0,True,498.43315841645847
943,75.69556558861552,701.4754845437924,701.4754845437924,0.0,True,498.43315841645847
944,75.54417445743829,657.5079085278769,657.5079085278769,0.0,True,498.43315841645847
945,75.3930861085234,657.5079085278769,657.5079085278769,0.0,True,498.43315841645847
946,75.24229993630635,657.5079085278769,657.5079085278769,0.0,True,498.43315841645847
947,75.09181533643374,659.2010764898087,658.9786071998619,2.2246928994674134e-06,False,498.43315841645847
948,74.94163170576087,659.2010764898087,658.9786071998619,2.2246928994674134e-06,False,498.43315841645847
949,74.79174844234934,690.4546068959344,690.4546068959344,0.0,True,498.43315841645847
950,74.64216494546464,721.5892145785294,721.5892145785294,0.0,True,498.43315841645847
951,74.49288061557371,720.521008890911,720.521008890911,0.0,True,498.43315841645847
952,74.34389485434257,720.521008890911,720.521008890911,0.0,True,498.43315841645847
953,74.19520706463388,744.7008275685803,744.7008275685803,0.0,True,498.43315841645847
954,74.04681665050461,771.1554262143775,771.1554262143775,0.0,True,498.43315841645847
955,73.8987230172036,771.1554262143775,771.1554262143775,0.0,True,498.43315841645847
956,73.75092557116919,784.4163580459485,784.4163580459485,0.0,True,498.43315841645847
957,73.60342372002685,784.4163580459485,784.4163580459485,0.0,True,498.43315841645847
958,73.4562168725868,758.1978879733499,758.1978879733499,0.0,True,498.43315841645847
959,73.30930443884162,743.7935574426158,743.7935574426158,0.0,True,498.43315841645847
960,73.16268582996393,743.7935574426158,743.7935574426158,0.0,True,498.43315841645847
961,73.016360458304,743.7935574426158,743.7935574426158,0.0,True,498.43315841645847
962,72.8703277373874,718.9934045282704,718.9934045282704,0.0,True,498.43315841645847
963,72.72458708191262,697.576068334862,697.576068334862,0.0,True,498.43315841645847
964,72.57913790774879,652.2737107171466,652.2737107171466,0.0,True,498.43315841645847
965,72.43397963193328,624.7769781405439,617.673046104905,7.103932035638824e-05,False,498.43315841645847
966,72.28911167266942,640.7562274385725,618.8291802630613,0.00021927047175511195,False,498.43315841645847
967,72.14453344932409,640.7562274385725,618.8291802630613,0.00021927047175511195,False,498.43315841645847
968,72.00024438242544,640.7562274385725,618.8291802630613,0.00021927047175511195,False,498.43315841645847
969,71.85624389366059,661.6790729502899,661.6790729502899,0.0,True,498.43315841645847
970,71.71253140587326,737.3036300306673,737.3036300306673,0.0,True,498.43315841645847
971,71.56910634306152,737.3036300306673,737.3036300306673,0.0,True,498.43315841645847
972,71.4259681303754,772.817842909452,772.817842909452,0.0,True,498.43315841645847
973,71.28311619411464,772.817842909452,772.817842909452,0.0,True,498.43315841645847
974,71.1405499617264,765.7930778134906,765.7930778134906,0.0,True,498.43315841645847
975,70.99826886180296,750.6648226013159,750.6648226013159,0.0,True,498.43315841645847
976,70.85627232407936,687.4798997164482,687.4798997164482,0.0,True,498.43315841645847
977,70.7145597794312,707.2195612161315,672.0411654738521,0.00035178395742279473,False,498.43315841645847
978,70.57313065987233,686.2342131950712,685.3031989588137,9.310142362575061e-06,False,498.43315841645847
979,70.43198439855259,674.5972310943071,674.5972310943071,0.0,True,498.43315841645847
980,70.29112042975548,674.5972310943071,674.5972310943071,0.0,True,498.43315841645847
981,70.15053818889596,674.5972310943071,674.5972310943071,0.0,True,498.43315841645847
982,70.01023711251817,674.5972310943071,674.5972310943071,0.0,True,498.43315841645847
983,69.87021663829313,674.5972310943071,674.5972310943071,0.0,True,498.43315841645847
984,69.73047620501654,674.5972310943071,674.5972310943071,0.0,True,498.43315841645847
985,69.59101525260651,674.5972310943071,674.5972310943071,0.0,True,498.43315841645847
986,69.4518332221013,674.5972310943071,674.5972310943071,0.0,True,498.43315841645847
987,69.31292955565709,674.5972310943071,674.5972310943071,0.0,True,498.43315841645847
988,69.17430369654578,725.4836917036754,725.4836917036754,0.0,True,498.43315841645847
989,69.03595508915268,691.1213948113393,691.1213948113393,0.0,True,498.43315841645847
990,68.89788317897437,691.1213948113393,691.1213948113393,0.0,True,498.43315841645847
991,68.76008741261641,691.1213948113393,691.1213948113393,0.0,True,498.43315841645847
992,68.62256723779119,691.1213948113393,691.1213948113393,0.0,True,498.43315841645847
993,68.48532210331561,691.1213948113393,691.1213948113393,0.0,True,498.43315841645847
994,68.34835145910898,706.2593882092348,681.0094943620973,0.0002524989384713754,False,498.43315841645847
995,68.21165475619077,735.5385244488424,735.5385244488424,0.0,True,498.43315841645847
996,68.07523144667839,716.820902301244,716.820902301244,0.0,True,498.43315841645847
997,67.93908098378503,716.820902301244,716.820902301244,0.0,True,498.43315841645847
998,67.80320282181746,708.0279111400655,708.0279111400655,0.0,True,498.43315841645847
999,67.66759641617384,747.4393020809115,747.4393020809115,0.0,True,498.43315841645847
1000,67.5322612233415,728.6347775574686,728.6347775574686,0.0,True,498.43315841645847
1001,67.39719670089481,728.6347775574686,728.6347775574686,0.0,True,498.43315841645847
1002,67.26240230749302,681.3519152552718,681.3519152552718,0.0,True,498.43315841645847
1003,67.12787750287804,681.3519152552718,681.3519152552718,0.0,True,498.43315841645847
1004,66.99362174787228,681.3519152552718,681.3519152552718,0.0,True,498.43315841645847
1005,66.85963450437654,681.3519152552718,681.3519152552718,0.0,True,498.43315841645847
1006,66.7259152353678,674.2736977884368,649.875630849918,0.00024398066938518856,False,498.43315841645847
1007,66.59246340489706,674.2736977884368,649.875630849918,0.00024398066938518856,False,498.43315841645847
1008,66.45927847808727,719.3294463322076,719.3294463322076,0.0,True,498.43315841645847
1009,66.3263599211311,712.4375900481988,712.4375900481988,0.0,True,498.43315841645847
1010,66.19370720128884,712.4375900481988,712.4375900481988,0.0,True,498.43315841645847
1011,66.06131978688627,720.7763183877514,720.7763183877514,0.0,True,498.43315841645847
1012,65.9291971473125,700.8337303563643,625.8560596893024,0.0007497767066706192,False,498.43315841645847
1013,65.79733875301787,700.8337303563643,625.8560596893024,0.0007497767066706192,False,498.43315841645847
1014,65.66574407551184,685.809743678521,685.809743678521,0.0,True,498.43315841645847
1015,65.53441258736082,617.9469203854323,612.6068696145958,5.3400507708365865e-05,False,498.43315841645847
1016,65.4033437621861,617.9469203854323,612.6068696145958,5.3400507708365865e-05,False,498.43315841645847
1017,65.27253707466173,617.9469203854323,612.6068696145958,5.3400507708365865e-05,False,498.43315841645847
1018,65.1419920005124,617.9469203854323,612.6068696145958,5.3400507708365865e-05,False,498.43315841645847
1019,65.01170801651138,696.5134857909122,696.5134857909122,0.0,True,498.43315841645847
1020,64.88168460047835,818.6148213449761,617.942135082846,0.002006726862621301,False,498.43315841645847
1021,64.7519212312774,668.1316297767833,637.4443911404073,0.0003068723863637595,False,498.43315841645847
1022,64.62241738881484,673.6305334189342,673.4659622541207,1.6457116481353756e-06,False,498.43315841645847
1023,64.49317255403722,683.3095373353178,683.3095373353178,0.0,True,498.43315841645847
1024,64.36418620892914,671.3344746776461,671.3344746776461,0.0,True,498.43315841645847
1025,64.23545783651129,671.3344746776461,671.3344746776461,0.0,True,498.43315841645847
1026,64.10698692083827,694.2104620361924,694.2104620361924,0.0,True,498.43315841645847
1027,63.97877294699659,708.3327485335068,708.3327485335068,0.0,True,498.43315841645847
1028,63.8508154011026,708.3327485335068,708.3327485335068,0.0,True,498.43315841645847
1029,63.723113770300394,708.3327485335068,708.3327485335068,0.0,True,498.43315841645847
1030,63.59566754275979,676.3486276891039,676.3486276891039,0.0,True,498.43315841645847
1031,63.46847620767427,676.3486276891039,676.3486276891039,0.0,True,498.43315841645847
1032,63.34153925525892,721.8045693198299,721.8045693198299,0.0,True,498.43315841645847
1033,63.214856176748405,721.8045693198299,721.8045693198299,0.0,True,498.43315841645847
1034,63.08842646439491,749.9252162338676,749.9252162338676,0.0,True,498.43315841645847
1035,62.96224961146611,699.8579800702238,699.8579800702238,0.0,True,498.43315841645847
1036,62.83632511224318,699.8579800702238,699.8579800702238,0.0,True,498.43315841645847
1037,62.71065246201869,679.6138271002619,679.6138271002619,0.0,True,498.43315841645847
1038,62.585231157094654,726.7629803039288,726.7629803039288,0.0,True,498.43315841645847
1039,62.460060694780466,713.2569926324215,713.2569926324215,0.0,True,498.43315841645847
1040,62.3351405733909,711.9936948477355,711.9936948477355,0.0,True,498.43315841645847
1041,62.21047029224412,705.9518585351686,705.9518585351686,0.0,True,498.43315841645847
1042,62.08604935165963,735.7079525079549,735.7079525079549,0.0,True,498.43315841645847
1043,61.96187725295631,756.3818689222373,756.3818689222373,0.0,True,498.43315841645847
1044,61.8379534984504,758.9914924812731,758.9914924812731,0.0,True,498.43315841645847
1045,61.7142775914535,758.9914924812731,758.9914924812731,0.0,True,498.43315841645847
1046,61.5908490362706,741.5707492450261,741.5707492450261,0.0,True,498.43315841645847
1047,61.467667338198055,741.5707492450261,741.5707492450261,0.0,True,498.43315841645847
1048,61.344732003521656,753.1800693024705,753.1800693024705,0.0,True,498.43315841645847
1049,61.22204253951461,720.2726227398753,720.2726227398753,0.0,True,498.43315841645847
1050,61.09959845443558,758.3436255890788,758.3436255890788,0.0,True,498.43315841645847
1051,60.977399257526706,814.1599403967665,814.1599403967665,0.0,True,498.43315841645847
1052,60.85544445901165,765.4442311905037,765.4442311905037,0.0,True,498.43315841645847
1053,60.73373357009363,734.8787671191329,734.8787671191329,0.0,True,498.43315841645847
1054,60.61226610295344,827.4695167041858,827.4695167041858,0.0,True,498.43315841645847
1055,60.491041570747534,769.2701500460973,769.2701500460973,0.0,True,498.43315841645847
1056,60.370059487606035,769.2701500460973,769.2701500460973,0.0,True,498.43315841645847
1057,60.24931936863082,769.2701500460973,769.2701500460973,0.0,True,498.43315841645847
1058,60.12882072989356,782.2016176944576,782.2016176944576,0.0,True,498.43315841645847
1059,60.008563088433775,782.2016176944576,782.2016176944576,0.0,True,498.43315841645847
1060,59.888545962256906,782.2016176944576,782.2016176944576,0.0,True,498.43315841645847
1061,59.768768870332394,737.2964913846197,737.2964913846197,0.0,True,498.43315841645847
1062,59.64923133259173,680.0303355965364,680.0303355965364,0.0,True,498.43315841645847
1063,59.52993286992655,660.3431513499831,660.3431513499831,0.0,True,498.43315841645847
1064,59.41087300418669,660.4700391636459,660.4700391636459,0.0,True,498.43315841645847
1065,59.29205125817832,704.4135791499966,704.4135791499966,0.0,True,498.43315841645847
1066,59.17346715566196,741.5606797945135,741.5606797945135,0.0,True,498.43315841645847
1067,59.055120221350634,756.8307899892031,756.8307899892031,0.0,True,498.43315841645847
1068,58.93700998090793,765.2601040213132,765.2601040213132,0.0,True,498.43315841645847
1069,58.81913596094611,765.2601040213132,765.2601040213132,0.0,True,498.43315841645847
1070,58.70149768902422,765.2601040213132,765.2601040213132,0.0,True,498.43315841645847
1071,58.58409469364617,857.2697264614537,857.2697264614537,0.0,True,498.43315841645847
1072,58.46692650425888,823.0311620189589,823.0311620189589,0.0,True,498.43315841645847
1073,58.34999265125036,824.5278684098497,824.5278684098497,0.0,True,498.43315841645847
1074,58.23329266594786,824.5278684098497,824.5278684098497,0.0,True,498.43315841645847
1075,58.11682608061596,889.0305974924273,889.0305974924273,0.0,True,498.43315841645847
1076,58.00059242845472,860.1030809818592,860.1030809818592,0.0,True,498.43315841645847
1077,57.88459124359781,790.238266422017,790.238266422017,0.0,True,498.43315841645847
1078,57.76882206111061,790.238266422017,790.238266422017,0.0,True,498.43315841645847
1079,57.65328441698839,790.238266422017,790.238266422017,0.0,True,498.43315841645847
1080,57.53797784815441,743.9757325851924,743.9757325851924,0.0,True,498.43315841645847
1081,57.4229018924581,743.9757325851924,743.9757325851924,0.0,True,498.43315841645847
1082,57.30805608867318,760.9332813006787,760.9332813006787,0.0,True,498.43315841645847
1083,57.19343997649584,752.8348933129323,752.8348933129323,0.0,True,498.43315841645847
1084,57.07905309654285,752.8348933129323,752.8348933129323,0.0,True,498.43315841645847
1085,56.96489499034976,714.9484774545136,714.9484774545136,0.0,True,498.43315841645847
1086,56.85096520036906,703.3763223481137,703.3763223481137,0.0,True,498.43315841645847
1087,56.737263269968324,743.6336678493733,743.6336678493733,0.0,True,498.43315841645847
1088,56.623788743428385,769.324404834523,769.324404834523,0.0,True,498.43315841645847
1089,56.510541165941525,773.3139944375963,773.3139944375963,0.0,True,498.43315841645847
1090,56.39752008360964,747.7722317143366,747.7722317143366,0.0,True,498.43315841645847
1091,56.28472504344242,747.7722317143366,747.7722317143366,0.0,True,498.43315841645847
1092,56.172155593355534,761.0636210253214,761.0636210253214,0.0,True,498.43315841645847
1093,56.05981128216882,748.6835253386591,748.6835253386591,0.0,True,498.43315841645847
1094,55.94769165960449,717.8714303013537,717.8714303013537,0.0,True,498.43315841645847
1095,55.83579627628528,634.8231406160443,634.8231406160443,0.0,True,498.43315841645847
1096,55.72412468373271,616.0341911872282,616.0341911872282,0.0,True,498.43315841645847
1097,55.61267643436525,646.4600388217257,646.4600388217257,0.0,True,498.43315841645847
1098,55.50145108149652,636.3514181763655,636.3514181763655,0.0,True,498.43315841645847
1099,55.390448179333525,585.4840481566525,585.4840481566525,0.0,True,498.43315841645847
1100,55.279667282974856,625.4831925902406,625.4831925902406,0.0,True,498.43315841645847
1101,55.16910794840891,631.2249569873477,631.2249569873477,0.0,True,498.43315841645847
1102,55.05876973251209,631.2249569873477,631.2249569873477,0.0,True,498.43315841645847
1103,54.94865219304707,631.2249569873477,631.2249569873477,0.0,True,498.43315841645847
1104,54.83875488866097,662.8089759544373,662.8089759544373,0.0,True,498.43315841645847
1105,54.72907737888365,549.9633862493614,549.9633862493614,0.0,True,498.43315841645847
1106,54.619619224125884,549.9633862493614,549.9633862493614,0.0,True,498.43315841645847
1107,54.51037998567763,557.8128700082275,557.8128700082275,0.0,True,498.43315841645847
1108,54.40135922570627,557.8128700082275,557.8128700082275,0.0,True,498.43315841645847
1109,54.29255650725486,557.8128700082275,557.8128700082275,0.0,True,498.43315841645847
1110,54.183971394240345,557.8128700082275,557.8128700082275,0.0,True,498.43315841645847
1111,54.07560345145186,557.8128700082275,557.8128700082275,0.0,True,498.43315841645847
1112,53.96745224454896,616.3254764774454,616.3254764774454,0.0,True,498.43315841645847
1113,53.85951734005986,582.977333802943,582.977333802943,0.0,True,498.43315841645847
1114,53.75179830537974,617.9606027923578,617.9606027923578,0.0,True,498.43315841645847
1115,53.644294708768975,579.4080986657143,579.4080986657143,0.0,True,498.43315841645847
1116,53.53700611935144,579.333053710343,579.333053710343,0.0,True,498.43315841645847
1117,53.429932107112734,547.4586905021615,547.4586905021615,0.0,True,498.43315841645847
1118,53.323072242898505,594.2741542739554,594.2741542739554,0.0,True,498.43315841645847
1119,53.21642609841271,594.2741542739554,594.2741542739554,0.0,True,498.43315841645847
1120,53.109993246215886,568.8461032472089,568.8461032472089,0.0,True,498.43315841645847
1121,53.00377325972345,568.8461032472089,568.8461032472089,0.0,True,498.43315841645847
1122,52.897765713204,568.8461032472089,568.8461032472089,0.0,True,498.43315841645847
1123,52.79197018177759,600.2403592230951,600.2403592230951,0.0,True,498.43315841645847
1124,52.686386241414034,600.2403592230951,600.2403592230951,0.0,True,498.43315841645847
1125,52.581013468931204,617.8338196648792,617.8338196648792,0.0,True,498.43315841645847
1126,52.47585144199334,598.2947647740851,598.2947647740851,0.0,True,498.43315841645847
1127,52.370899739109355,603.561596905038,603.561596905038,0.0,True,498.43315841645847
1128,52.266157939631135,579.6986888566342,579.6986888566342,0.0,True,498.43315841645847
1129,52.161625623751874,595.5018882406964,595.5018882406964,0.0,True,498.43315841645847
1130,52.05730237250437,599.6803650890527,599.6803650890527,0.0,True,498.43315841645847
1131,51.95318776775936,609.1427484335095,609.1427484335095,0.0,True,498.43315841645847
1132,51.849281392223844,588.9552136452618,588.9552136452618,0.0,True,498.43315841645847
1133,51.7455828294394,590.9763065475477,590.9763065475477,0.0,True,498.43315841645847
1134,51.64209166378052,640.661302487347,640.661302487347,0.0,True,498.43315841645847
1135,51.53880748045296,630.3317277994208,630.3317277994208,0.0,True,498.43315841645847
1136,51.43572986549206,585.9408515226941,585.9408515226941,0.0,True,498.43315841645847
1137,51.33285840576107,624.6286181695132,624.6286181695132,0.0,True,498.43315841645847
1138,51.23019268894955,624.6286181695132,624.6286181695132,0.0,True,498.43315841645847
1139,51.12773230357165,686.4611448895496,686.4611448895496,0.0,True,498.43315841645847
1140,51.02547683896451,602.7174835892273,602.7174835892273,0.0,True,498.43315841645847
1141,50.923425885286576,602.7174835892273,602.7174835892273,0.0,True,498.43315841645847
1142,50.821579033516,602.7174835892273,602.7174835892273,0.0,True,498.43315841645847
1143,50.71993587544897,602.7174835892273,602.7174835892273,0.0,True,498.43315841645847
1144,50.61849600369807,602.7174835892273,602.7174835892273,0.0,True,498.43315841645847
1145,50.517259011690676,602.7174835892273,602.7174835892273,0.0,True,498.43315841645847
1146,50.41622449366729,602.7174835892273,602.7174835892273,0.0,True,498.43315841645847
1147,50.31539204467996,602.7174835892273,602.7174835892273,0.0,True,498.43315841645847
1148,50.2147612605906,602.7174835892273,602.7174835892273,0.0,True,498.43315841645847
1149,50.11433173806942,627.1070050046944,627.1070050046944,0.0,True,498.43315841645847
1150,50.01410307459328,602.4151906201199,602.4151906201199,0.0,True,498.43315841645847
1151,49.91407486844409,647.3719811889249,647.3719811889249,0.0,True,498.43315841645847
1152,49.8142467187072,638.724131589184,638.724131589184,0.0,True,498.43315841645847
1153,49.71461822526979,638.724131589184,638.724131589184,0.0,True,498.43315841645847
1154,49.61518898881925,638.724131589184,638.724131589184,0.0,True,498.43315841645847
1155,49.51595861084161,641.782273722979,641.782273722979,0.0,True,498.43315841645847
1156,49.41692669361993,641.782273722979,641.782273722979,0.0,True,498.43315841645847
1157,49.31809284023269,668.9334949802208,668.9334949802208,0.0,True,498.43315841645847
1158,49.219456654552225,671.4939831216625,671.4939831216625,0.0,True,498.43315841645847
1159,49.12101774124312,673.0019446920205,673.0019446920205,0.0,True,498.43315841645847
1160,49.02277570576064,709.9650718852124,709.9650718852124,0.0,True,498.43315841645847
1161,48.92473015434911,695.8880496468101,695.8880496468101,0.0,True,498.43315841645847
1162,48.82688069404041,720.4868609571251,720.4868609571251,0.0,True,498.43315841645847
1163,48.72922693265233,736.6019281176953,736.6019281176953,0.0,True,498.43315841645847
1164,48.63176847878702,712.500405399983,712.500405399983,0.0,True,498.43315841645847
1165,48.53450494182945,712.500405399983,712.500405399983,0.0,True,498.43315841645847
1166,48.437435931945785,739.7938645090504,739.7938645090504,0.0,True,498.43315841645847
1167,48.340561060081896,734.9720377205969,734.9720377205969,0.0,True,498.43315841645847
1168,48.24387993796173,751.4642644762671,751.4642644762671,0.0,True,498.43315841645847
1169,48.14739217808581,751.4642644762671,751.4642644762671,0.0,True,498.43315841645847
1170,48.051097393729634,751.4642644762671,751.4642644762671,0.0,True,498.43315841645847
1171,47.95499519894217,732.3492449582978,732.3492449582978,0.0,True,498.43315841645847
1172,47.859085208544286,732.3492449582978,732.3492449582978,0.0,True,498.43315841645847
1173,47.7633670381272,748.287169137521,748.287169137521,0.0,True,498.43315841645847
1174,47.66784030405095,700.7091392501725,700.7091392501725,0.0,True,498.43315841645847
1175,47.572504623442846,700.7091392501725,700.7091392501725,0.0,True,498.43315841645847
1176,47.47735961419596,713.8730897793097,713.8730897793097,0.0,True,498.43315841645847
1177,47.38240489496757,652.0103775536345,650.2723678340767,1.738009719557772e-05,False,498.43315841645847
1178,47.287640085177635,652.0103775536345,650.2723678340767,1.738009719557772e-05,False,498.43315841645847
1179,47.19306480500728,663.8124073724996,663.8124073724996,0.0,True,498.43315841645847
1180,47.09867867539727,663.8124073724996,663.8124073724996,0.0,True,498.43315841645847
1181,47.00448131804647,663.8124073724996,663.8124073724996,0.0,True,498.43315841645847
1182,46.91047235541038,664.1867483867034,664.1867483867034,0.0,True,498.43315841645847
1183,46.816651410699556,671.2034316873787,671.2034316873787,0.0,True,498.43315841645847
1184,46.723018107878154,671.2034316873787,671.2034316873787,0.0,True,498.43315841645847
1185,46.629572071662395,657.4204067153814,646.7880261660845,0.00010632380549296925,False,498.43315841645847
1186,46.53631292751907,682.967042727068,682.967042727068,0.0,True,498.43315841645847
1187,46.443240301664034,682.967042727068,682.967042727068,0.0,True,498.43315841645847
1188,46.35035382106071,670.7580561909006,670.5045238767798,2.535323141207227e-06,False,498.43315841645847
1189,46.257653113418584,699.2669354773897,686.819777821672,0.00012447157655717713,False,498.43315841645847
1190,46.16513780719175,706.0316993513636,706.0316993513636,0.0,True,498.43315841645847
1191,46.07280753157736,706.0316993513636,706.0316993513636,0.0,True,498.43315841645847
1192,45.98066191651421,706.0316993513636,706.0316993513636,0.0,True,498.43315841645847
1193,45.88870059268118,690.6977604880274,690.6977604880274,0.0,True,498.43315841645847
1194,45.79692319149582,690.6977604880274,690.6977604880274,0.0,True,498.43315841645847
1195,45.70532934511283,709.4397973024513,709.4397973024513,0.0,True,498.43315841645847
1196,45.6139186864226,684.7023816379149,684.7023816379149,0.0,True,498.43315841645847
1197,45.52269084904975,684.7023816379149,684.7023816379149,0.0,True,498.43315841645847
1198,45.43164546735165,684.7023816379149,684.7023816379149,0.0,True,498.43315841645847
1199,45.340782176416944,684.7023816379149,684.7023816379149,0.0,True,498.43315841645847
1200,45.25010061206411,684.7023816379149,684.7023816379149,0.0,True,498.43315841645847
1201,45.15960041083998,684.7023816379149,684.7023816379149,0.0,True,498.43315841645847
1202,45.069281210018296,705.76225117191,705.76225117191,0.0,True,498.43315841645847
1203,44.97914264759826,690.5226682383008,688.3075899594895,2.2150782788112223e-05,False,498.43315841645847
1204,44.88918436230306,690.5226682383008,688.3075899594895,2.2150782788112223e-05,False,498.43315841645847
1205,44.79940599357845,817.5927835995083,661.0139462310192,0.0015657883736848901,False,498.43315841645847
1206,44.709807181591295,817.5927835995083,661.0139462310192,0.0015657883736848901,False,498.43315841645847
1207,44.620387567228114,817.5927835995083,661.0139462310192,0.0015657883736848901,False,498.43315841645847
1208,44.53114679209366,755.7364438412257,676.2048274522149,0.0007953161638901081,False,498.43315841645847
1209,44.44208449850947,681.6354126524185,681.6354126524185,0.0,True,498.43315841645847
1210,44.353200329512454,692.9971139907453,692.9971139907453,0.0,True,498.43315841645847
1211,44.264493928853426,688.3965174293186,688.3965174293186,0.0,True,498.43315841645847
1212,44.17596494099572,688.3965174293186,688.3965174293186,0.0,True,498.43315841645847
1213,44.087613011113724,686.7591307787305,684.2637091683799,2.4954216103505555e-05,False,498.43315841645847
1214,43.999437785091494,700.3992587734084,700.3992587734084,0.0,True,498.43315841645847
1215,43.91143890952131,675.5168289896201,675.5168289896201,0.0,True,498.43315841645847
1216,43.823616031702265,675.5168289896201,675.5168289896201,0.0,True,498.43315841645847
1217,43.73596879963886,698.9796597098439,698.9796597098439,0.0,True,498.43315841645847
1218,43.648496862039586,702.5043749709978,702.5043749709978,0.0,True,498.43315841645847
1219,43.561199868315505,702.5043749709978,702.5043749709978,0.0,True,498.43315841645847
1220,43.47407746857888,702.5043749709978,702.5043749709978,0.0,True,498.43315841645847
1221,43.387129313641715,690.6627945725403,690.6627945725403,0.0,True,498.43315841645847
1222,43.30035505501443,712.8308334442187,712.8308334442187,0.0,True,498.43315841645847
1223,43.2137543449044,742.7263642412938,742.7263642412938,0.0,True,498.43315841645847
1224,43.12732683621459,680.9042828253935,680.9042828253935,0.0,True,498.43315841645847
1225,43.041072182542166,680.9042828253935,680.9042828253935,0.0,True,498.43315841645847
1226,42.95499003817708,680.9042828253935,680.9042828253935,0.0,True,498.43315841645847
1227,42.86908005810073,680.9042828253935,680.9042828253935,0.0,True,498.43315841645847
1228,42.78334189798453,680.9042828253935,680.9042828253935,0.0,True,498.43315841645847
1229,42.69777521418856,714.879228907153,714.879228907153,0.0,True,498.43315841645847
1230,42.61237966376018,695.5638475244924,695.5638475244924,0.0,True,498.43315841645847
1231,42.527154904432656,708.8005254393764,708.8005254393764,0.0,True,498.43315841645847
1232,42.44210059462379,764.7339103248339,764.7339103248339,0.0,True,498.43315841645847
1233,42.35721639343454,704.7213649106889,704.7213649106889,0.0,True,498.43315841645847
1234,42.27250196064767,704.7213649106889,704.7213649106889,0.0,True,498.43315841645847
1235,42.18795695672638,704.5489309683029,704.5489309683029,0.0,True,498.43315841645847
1236,42.10358104281293,744.6423306433505,744.6423306433505,0.0,True,498.43315841645847
1237,42.0193738807273,743.3745596698914,743.3745596698914,0.0,True,498.43315841645847
1238,41.93533513296585,717.6304750126916,717.6304750126916,0.0,True,498.43315841645847
1239,41.851464462699916,772.5058715613125,772.5058715613125,0.0,True,498.43315841645847
1240,41.76776153377452,753.6649534876409,753.6649534876409,0.0,True,498.43315841645847
1241,41.68422601070697,718.3424978241615,718.3424978241615,0.0,True,498.43315841645847
1242,41.60085755868556,718.3424978241615,718.3424978241615,0.0,True,498.43315841645847
1243,41.51765584356819,727.3080759518132,727.3080759518132,0.0,True,498.43315841645847
1244,41.43462053188106,727.3080759518132,727.3080759518132,0.0,True,498.43315841645847
1245,41.3517512908173,722.4264934067076,670.3032521230248,0.0005212324128368274,False,498.43315841645847
1246,41.26904778823566,722.4264934067076,670.3032521230248,0.0005212324128368274,False,498.43315841645847
1247,41.186509692659186,722.4264934067076,670.3032521230248,0.0005212324128368274,False,498.43315841645847
1248,41.10413667327387,714.3223460371742,714.3223460371742,0.0,True,498.43315841645847
1249,41.021928399927326,700.3105729632013,699.6326611190681,6.7791184413318755e-06,False,498.43315841645847
1250,40.93988454312747,700.3105729632013,699.6326611190681,6.7791184413318755e-06,False,498.43315841645847
1251,40.85800477404121,677.3207105359838,676.3042151415227,1.0164953944611666e-05,False,498.43315841645847
1252,40.77628876449313,701.5546771776993,701.5546771776993,0.0,True,498.43315841645847
1253,40.69473618696414,701.5546771776993,701.5546771776993,0.0,True,498.43315841645847
1254,40.613346714590215,701.5546771776993,701.5546771776993,0.0,True,498.43315841645847
1255,40.532120021161035,687.1658004490481,656.7506038681613,0.00030415196580886746,False,498.43315841645847
1256,40.45105578111871,687.1658004490481,656.7506038681613,0.00030415196580886746,False,498.43315841645847
1257,40.37015366955647,687.1658004490481,656.7506038681613,0.00030415196580886746,False,498.43315841645847
1258,40.28941336221736,721.4612636118318,721.4612636118318,0.0,True,498.43315841645847
1259,40.208834535492926,724.3639066056584,724.3639066056584,0.0,True,498.43315841645847
1260,40.12841686642194,738.7215304870299,738.7215304870299,0.0,True,498.43315841645847
1261,40.04816003268909,738.7215304870299,738.7215304870299,0.0,True,498.43315841645847
1262,39.96806371262371,726.2338599116206,726.2338599116206,0.0,True,498.43315841645847
1263,39.88812758519846,726.2338599116206,726.2338599116206,0.0,True,498.43315841645847
1264,39.80835133002807,726.2338599116206,726.2338599116206,0.0,True,498.43315841645847
1265,39.72873462736801,742.7203659876855,742.7203659876855,0.0,True,498.43315841645847
1266,39.64927715811328,687.4580241486109,687.4580241486109,0.0,True,498.43315841645847
1267,39.569978603797054,702.5019278518909,702.5019278518909,0.0,True,498.43315841645847
1268,39.49083864658946,702.5019278518909,702.5019278518909,0.0,True,498.43315841645847
1269,39.41185696929628,723.7212406146542,723.7212406146542,0.0,True,498.43315841645847
1270,39.33303325535769,723.7212406146542,723.7212406146542,0.0,True,498.43315841645847
1271,39.25436718884698,695.029273661915,695.029273661915,0.0,True,498.43315841645847
1272,39.175858454469285,695.029273661915,695.029273661915,0.0,True,498.43315841645847
1273,39.097506737560344,695.029273661915,695.029273661915,0.0,True,498.43315841645847
1274,39.01931172408522,679.5698348227811,679.5698348227811,0.0,True,498.43315841645847
1275,38.94127310063705,679.5698348227811,679.5698348227811,0.0,True,498.43315841645847
1276,38.863390554435775,682.9906047142051,674.410624221073,8.579980493132104e-05,False,498.43315841645847
1277,38.7856637733269,682.9906047142051,674.410624221073,8.579980493132104e-05,False,498.43315841645847
1278,38.708092445780245,682.9906047142051,674.410624221073,8.579980493132104e-05,False,498.43315841645847
1279,38.630676260888684,682.9906047142051,674.410624221073,8.579980493132104e-05,False,498.43315841645847
1280,38.5534149083669,689.5834646820315,689.5834646820315,0.0,True,498.43315841645847
1281,38.47630807855017,717.5444115513781,717.5444115513781,0.0,True,498.43315841645847
1282,38.39935546239307,690.6616432408824,690.6616432408824,0.0,True,498.43315841645847
1283,38.322556751468284,690.3622821740154,690.3622821740154,0.0,True,498.43315841645847
1284,38.24591163796535,690.3622821740154,690.3622821740154,0.0,True,498.43315841645847
1285,38.16941981468942,690.3622821740154,690.3622821740154,0.0,True,498.43315841645847
1286,38.09308097506004,680.0979046182072,680.0979046182072,0.0,True,498.43315841645847
1287,38.01689481310992,680.0979046182072,680.0979046182072,0.0,True,498.43315841645847
1288,37.9408610234837,692.8769104804035,692.8769104804035,0.0,True,498.43315841645847
1289,37.86497930143673,720.8924113633454,720.8924113633454,0.0,True,498.43315841645847
1290,37.78924934283386,710.1558659479439,703.2762010612778,6.879664886666118e-05,False,498.43315841645847
1291,37.7136708441482,710.1558659479439,703.2762010612778,6.879664886666118e-05,False,498.43315841645847
1292,37.6382435024599,710.1558659479439,703.2762010612778,6.879664886666118e-05,False,498.43315841645847
1293,37.56296701545498,708.1803738236554,665.1969169108206,0.00042983456912834745,False,498.43315841645847
1294,37.48784108142407,690.2437253324359,690.2437253324359,0.0,True,498.43315841645847
1295,37.41286539926122,690.2437253324359,690.2437253324359,0.0,True,498.43315841645847
1296,37.3380396684627,690.2437253324359,690.2437253324359,0.0,True,498.43315841645847
1297,37.263363589125774,758.9095213414594,758.9095213414594,0.0,True,498.43315841645847
1298,37.18883686194752,705.5812475813977,705.5812475813977,0.0,True,498.43315841645847
1299,37.11445918822363,723.0916305856617,723.0916305856617,0.0,True,498.43315841645847
1300,37.04023026984718,694.9128743484583,694.9128743484583,0.0,True,498.43315841645847
1301,36.96614980930748,676.2353385763817,676.2353385763817,0.0,True,498.43315841645847
1302,36.89221750968887,705.2167035962927,705.2167035962927,0.0,True,498.43315841645847
1303,36.81843307466949,686.6377660397668,686.6377660397668,0.0,True,498.43315841645847
1304,36.74479620852016,691.8418218705963,691.8418218705963,0.0,True,498.43315841645847
1305,36.67130661610312,691.8418218705963,691.8418218705963,0.0,True,498.43315841645847
1306,36.59796400287091,709.0881353630607,709.0881353630607,0.0,True,498.43315841645847
1307,36.524768074865165,669.0199176167271,669.0199176167271,0.0,True,498.43315841645847
1308,36.45171853871543,675.6251025519188,675.6251025519188,0.0,True,498.43315841645847
1309,36.378815101638004,675.6251025519188,675.6251025519188,0.0,True,498.43315841645847
1310,36.30605747143473,687.37771077251,687.37771077251,0.0,True,498.43315841645847
1311,36.233445356491856,726.666447692168,726.666447692168,0.0,True,498.43315841645847
1312,36.160978465778875,752.9885176005662,752.9885176005662,0.0,True,498.43315841645847
1313,36.088656508847315,721.3956654376982,721.3956654376982,0.0,True,498.43315841645847
1314,36.01647919582962,723.063887710151,723.063887710151,0.0,True,498.43315841645847
1315,35.94444623743796,723.063887710151,723.063887710151,0.0,True,498.43315841645847
1316,35.872557344963084,723.063887710151,723.063887710151,0.0,True,498.43315841645847
1317,35.80081223027316,682.7874225203154,682.7874225203154,0.0,True,498.43315841645847
1318,35.72921060581261,668.1533588105697,668.1533588105697,0.0,True,498.43315841645847
1319,35.65775218460099,687.6751312514846,687.6751312514846,0.0,True,498.43315841645847
1320,35.586436680231785,695.8012335533779,695.8012335533779,0.0,True,498.43315841645847
1321,35.515263806871324,695.8012335533779,695.8012335533779,0.0,True,498.43315841645847
1322,35.44423327925758,713.3588345977074,713.3588345977074,0.0,True,498.43315841645847
1323,35.37334481269907,726.9303821495523,726.9303821495523,0.0,True,498.43315841645847
1324,35.30259812307367,668.3050283421603,668.3050283421603,0.0,True,498.43315841645847
1325,35.23199292682752,685.9588547585074,685.9588547585074,0.0,True,498.43315841645847
1326,35.16152894097387,690.3745440044313,690.3745440044313,0.0,True,498.43315841645847
1327,35.09120588309192,690.3745440044313,690.3745440044313,0.0,True,498.43315841645847
1328,35.021023471325734,742.1334588668878,742.1334588668878,0.0,True,498.43315841645847
1329,34.95098142438308,766.8028726009653,766.8028726009653,0.0,True,498.43315841645847
1330,34.88107946153431,723.9617737427807,723.9617737427807,0.0,True,498.43315841645847
1331,34.81131730261124,717.4193745598892,717.4193745598892,0.0,True,498.43315841645847
1332,34.74169466800602,732.844679446692,732.844679446692,0.0,True,498.43315841645847
1333,34.672211278670005,716.6828789312403,716.6828789312403,0.0,True,498.43315841645847
1334,34.60286685611266,753.4405564095031,753.4405564095031,0.0,True,498.43315841645847
1335,34.53366112240044,748.7902453866527,748.7902453866527,0.0,True,498.43315841645847
1336,34.46459380015564,721.8156114952964,721.8156114952964,0.0,True,498.43315841645847
1337,34.39566461255533,721.8156114952964,721.8156114952964,0.0,True,498.43315841645847
1338,34.326873283330215,721.8156114952964,721.8156114952964,0.0,True,498.43315841645847
1339,34.258219536763555,721.8156114952964,721.8156114952964,0.0,True,498.43315841645847
1340,34.18970309769003,704.0067592007796,704.0067592007796,0.0,True,498.43315841645847
1341,34.121323691494645,704.0067592007796,704.0067592007796,0.0,True,498.43315841645847
1342,34.05308104411166,704.0067592007796,704.0067592007796,0.0,True,498.43315841645847
1343,33.98497488202344,660.4130153744347,660.4130153744347,0.0,True,498.43315841645847
1344,33.91700493225939,660.4130153744347,660.4130153744347,0.0,True,498.43315841645847
1345,33.84917092239487,660.4130153744347,660.4130153744347,0.0,True,498.43315841645847
1346,33.78147258055008,660.4130153744347,660.4130153744347,0.0,True,498.43315841645847
1347,33.71390963538898,656.0876498996493,606.8112910211562,0.0004927635887849305,False,498.43315841645847
1348,33.646481816118204,650.5160370571446,650.5160370571446,0.0,True,498.43315841645847
1349,33.57918885248597,676.4305269982058,676.4305269982058,0.0,True,498.43315841645847
1350,33.512030474781,668.0500063783727,668.0500063783727,0.0,True,498.43315841645847
1351,33.445006413831436,656.9930112964109,656.9930112964109,0.0,True,498.43315841645847
1352,33.37811640100377,680.2927378958689,680.2927378958689,0.0,True,498.43315841645847
1353,33.311360168201766,631.6029501731318,631.6029501731318,0.0,True,498.43315841645847
1354,33.24473744786536,588.2168690870881,588.2168690870881,0.0,True,498.43315841645847
1355,33.17824797296963,589.0389369887055,589.0389369887055,0.0,True,498.43315841645847
1356,33.11189147702369,589.0389369887055,589.0389369887055,0.0,True,498.43315841645847
1357,33.04566769406964,638.585466970789,579.9095596581885,0.0005867590731260043,False,498.43315841645847
1358,32.979576358681506,627.0381751730825,590.1120333893092,0.00036926141783773394,False,498.43315841645847
1359,32.913617205964144,627.0381751730825,590.1120333893092,0.00036926141783773394,False,498.43315841645847
1360,32.84778997155222,597.963126345437,597.963126345437,0.0,True,498.43315841645847
1361,32.782094391609114,581.1258386970821,568.6508056760802,0.00012475033021002046,False,498.43315841645847
1362,32.71653020282589,581.1258386970821,568.6508056760802,0.00012475033021002046,False,498.43315841645847
1363,32.65109714242024,630.5766202566946,630.5766202566946,0.0,True,498.43315841645847
1364,32.5857949481354,636.1629772218193,636.1629772218193,0.0,True,498.43315841645847
1365,32.52062335823913,672.7160667945897,672.7160667945897,0.0,True,498.43315841645847
1366,32.45558211152265,648.8939885268653,648.8939885268653,0.0,True,498.43315841645847
1367,32.390670947299604,655.1054889499381,655.1054889499381,0.0,True,498.43315841645847
1368,32.325889605405,620.2721475880231,620.2721475880231,0.0,True,498.43315841645847
1369,32.26123782619419,596.7053184495326,596.7053184495326,0.0,True,498.43315841645847
1370,32.1967153505418,589.8522171577662,589.8522171577662,0.0,True,498.43315841645847
1371,32.13232191984072,589.8522171577662,589.8522171577662,0.0,True,498.43315841645847
1372,32.06805727600104,589.8522171577662,589.8522171577662,0.0,True,498.43315841645847
1373,32.00392116144904,589.8522171577662,589.8522171577662,0.0,True,498.43315841645847
1374,31.939913319126145,589.8522171577662,589.8522171577662,0.0,True,498.43315841645847
1375,31.876033492487892,589.8522171577662,589.8522171577662,0.0,True,498.43315841645847
1376,31.812281425502917,589.8522171577662,589.8522171577662,0.0,True,498.43315841645847
1377,31.74865686265191,589.8522171577662,589.8522171577662,0.0,True,498.43315841645847
1378,31.685159548926606,589.8522171577662,589.8522171577662,0.0,True,498.43315841645847
1379,31.621789229828753,589.8522171577662,589.8522171577662,0.0,True,498.43315841645847
1380,31.558545651369094,589.8522171577662,589.8522171577662,0.0,True,498.43315841645847
1381,31.495428560066355,609.553448906187,605.1946245160344,4.358824390152545e-05,False,498.43315841645847
1382,31.43243770294622,609.553448906187,605.1946245160344,4.358824390152545e-05,False,498.43315841645847
1383,31.369572827540328,610.6625284617324,610.6625284617324,0.0,True,498.43315841645847
1384,31.306833681885248,609.3124496388723,609.3124496388723,0.0,True,498.43315841645847
1385,31.244220014521478,609.3124496388723,609.3124496388723,0.0,True,498.43315841645847
1386,31.181731574492435,609.3124496388723,609.3124496388723,0.0,True,498.43315841645847
1387,31.11936811134345,609.3124496388723,609.3124496388723,0.0,True,498.43315841645847
1388,31.057129375120766,624.2818836446954,624.2818836446954,0.0,True,498.43315841645847
1389,30.995015116370524,639.8547396755463,639.8547396755463,0.0,True,498.43315841645847
1390,30.933025086137782,639.8547396755463,639.8547396755463,0.0,True,498.43315841645847
1391,30.871159035965505,598.8862657682513,598.8862657682513,0.0,True,498.43315841645847
1392,30.809416717893573,598.8862657682513,598.8862657682513,0.0,True,498.43315841645847
1393,30.747797884457785,598.8862657682513,598.8862657682513,0.0,True,498.43315841645847
1394,30.68630228868887,580.5738737886128,580.5738737886128,0.0,True,498.43315841645847
1395,30.624929684111493,584.5442236861619,584.5442236861619,0.0,True,498.43315841645847
1396,30.563679824743268,603.0719439029288,603.0719439029288,0.0,True,498.43315841645847
1397,30.502552465093782,623.712575128346,623.712575128346,0.0,True,498.43315841645847
1398,30.441547360163593,588.9962071563348,588.9962071563348,0.0,True,498.43315841645847
1399,30.380664265443265,631.1761926156614,631.1761926156614,0.0,True,498.43315841645847
1400,30.319902936912378,631.1761926156614,631.1761926156614,0.0,True,498.43315841645847
1401,30.25926313103855,671.2103891686288,671.2103891686288,0.0,True,498.43315841645847
1402,30.198744604776476,715.9607777943271,715.9607777943271,0.0,True,498.43315841645847
1403,30.138347115566923,691.0187287891401,691.0187287891401,0.0,True,498.43315841645847
1404,30.078070421335788,695.3036596272832,695.3036596272832,0.0,True,498.43315841645847
1405,30.017914280493116,646.5557222834406,646.5557222834406,0.0,True,498.43315841645847
1406,29.957878451932128,616.343533741092,616.343533741092,0.0,True,498.43315841645847
1407,29.897962695028262,616.343533741092,616.343533741092,0.0,True,498.43315841645847
1408,29.838166769638207,618.1243807158694,618.1243807158694,0.0,True,498.43315841645847
1409,29.77849043609893,645.484838798154,645.484838798154,0.0,True,498.43315841645847
1410,29.718933455226733,613.2612138818455,613.2612138818455,0.0,True,498.43315841645847
1411,29.65949558831628,613.2612138818455,613.2612138818455,0.0,True,498.43315841645847
1412,29.600176597139647,621.5236103962096,621.5236103962096,0.0,True,498.43315841645847
1413,29.54097624394537,621.5236103962096,621.5236103962096,0.0,True,498.43315841645847
1414,29.48189429145748,627.2662694009128,627.2662694009128,0.0,True,498.43315841645847
1415,29.422930502874564,627.2662694009128,627.2662694009128,0.0,True,498.43315841645847
1416,29.364084641868814,627.2662694009128,627.2662694009128,0.0,True,498.43315841645847
1417,29.305356472585075,611.7760481113232,611.7760481113232,0.0,True,498.43315841645847
1418,29.246745759639904,582.0432375033613,582.0432375033613,0.0,True,498.43315841645847
1419,29.188252268120625,582.0432375033613,582.0432375033613,0.0,True,498.43315841645847
1420,29.129875763584383,582.0432375033613,582.0432375033613,0.0,True,498.43315841645847
1421,29.071616012057216,578.0645870613137,578.0645870613137,0.0,True,498.43315841645847
1422,29.0134727800331,568.5061951961176,568.5061951961176,0.0,True,498.43315841645847
1423,28.955445834473036,568.5061951961176,568.5061951961176,0.0,True,498.43315841645847
1424,28.89753494280409,568.5061951961176,568.5061951961176,0.0,True,498.43315841645847
1425,28.839739872918482,568.5061951961176,568.5061951961176,0.0,True,498.43315841645847
1426,28.782060393172646,568.5061951961176,568.5061951961176,0.0,True,498.43315841645847
1427,28.7244962723863,568.5061951961176,568.5061951961176,0.0,True,498.43315841645847
1428,28.667047279841526,568.5061951961176,568.5061951961176,0.0,True,498.43315841645847
1429,28.609713185281844,568.5061951961176,568.5061951961176,0.0,True,498.43315841645847
1430,28.55249375891128,567.5268538630255,567.5268538630255,0.0,True,498.43315841645847
1431,28.495388771393458,577.5774225366818,577.5774225366818,0.0,True,498.43315841645847
1432,28.43839799385067,574.4442886251252,574.4442886251252,0.0,True,498.43315841645847
1433,28.38152119786297,574.4442886251252,574.4442886251252,0.0,True,498.43315841645847
1434,28.324758155467244,574.4442886251252,574.4442886251252,0.0,True,498.43315841645847
1435,28.26810863915631,574.4442886251252,574.4442886251252,0.0,True,498.43315841645847
1436,28.211572421877996,561.8450118562126,561.8450118562126,0.0,True,498.43315841645847
1437,28.15514927703424,606.5252021423771,606.5252021423771,0.0,True,498.43315841645847
1438,28.09883897848017,606.5252021423771,606.5252021423771,0.0,True,498.43315841645847
1439,28.04264130052321,570.9744994193284,570.9744994193284,0.0,True,498.43315841645847
1440,27.986556017922165,570.9744994193284,570.9744994193284,0.0,True,498.43315841645847
1441,27.93058290588632,556.6728612616549,548.5295057721718,8.143355489483191e-05,False,498.43315841645847
1442,27.87472174007455,556.6728612616549,548.5295057721718,8.143355489483191e-05,False,498.43315841645847
1443,27.8189722965944,582.429309690612,582.429309690612,0.0,True,498.43315841645847
1444,27.76333435200121,583.6202288492233,583.6202288492233,0.0,True,498.43315841645847
1445,27.707807683297208,581.4200136547132,553.990233272634,0.0002742978038207924,False,498.43315841645847
1446,27.652392067930613,581.4200136547132,553.990233272634,0.0002742978038207924,False,498.43315841645847
1447,27.597087283794753,546.2794221122556,546.2794221122556,0.0,True,498.43315841645847
1448,27.541893109227164,546.2794221122556,546.2794221122556,0.0,True,498.43315841645847
1449,27.48680932300871,561.4739423458834,557.8153271806798,3.658615165203659e-05,False,498.43315841645847
1450,27.431835704362694,561.4739423458834,557.8153271806798,3.658615165203659e-05,False,498.43315841645847
1451,27.37697203295397,561.4739423458834,557.8153271806798,3.658615165203659e-05,False,498.43315841645847
1452,27.32221808888806,561.4739423458834,557.8153271806798,3.658615165203659e-05,False,498.43315841645847
1453,27.267573652710286,561.4739423458834,557.8153271806798,3.658615165203659e-05,False,498.43315841645847
1454,27.213038505404867,561.4739423458834,557.8153271806798,3.658615165203659e-05,False,498.43315841645847
1455,27.158612428394058,561.4739423458834,557.8153271806798,3.658615165203659e-05,False,498.43315841645847
1456,27.10429520353727,561.4739423458834,557.8153271806798,3.658615165203659e-05,False,498.43315841645847
1457,27.050086613130194,561.4739423458834,557.8153271806798,3.658615165203659e-05,False,498.43315841645847
1458,26.995986439903934,561.4739423458834,557.8153271806798,3.658615165203659e-05,False,498.43315841645847
1459,26.941994467024127,557.7574103900004,557.7574103900004,0.0,True,498.43315841645847
1460,26.88811047809008,532.7828707649116,532.7828707649116,0.0,True,498.43315841645847
1461,26.8343342571339,532.7828707649116,532.7828707649116,0.0,True,498.43315841645847
1462,26.780665588619634,532.7828707649116,532.7828707649116,0.0,True,498.43315841645847
1463,26.727104257442395,532.7828707649116,532.7828707649116,0.0,True,498.43315841645847
1464,26.67365004892751,505.10291822520134,505.10291822520134,0.0,True,498.43315841645847
1465,26.620302748829655,505.10291822520134,505.10291822520134,0.0,True,498.43315841645847
1466,26.567062143331995,505.10291822520134,505.10291822520134,0.0,True,498.43315841645847
1467,26.51392801904533,505.10291822520134,505.10291822520134,0.0,True,498.43315841645847
1468,26.46090016300724,505.10291822520134,505.10291822520134,0.0,True,498.43315841645847
1469,26.407978362681224,520.73663401111,520.73663401111,0.0,True,498.43315841645847
1470,26.355162405955863,560.7999318666489,560.7999318666489,0.0,True,498.43315841645847
1471,26.30245208114395,560.7999318666489,560.7999318666489,0.0,True,498.43315841645847
1472,26.249847176981664,560.7999318666489,560.7999318666489,0.0,True,498.43315841645847
1473,26.197347482627702,544.2130503343191,543.0024795308951,1.2105708034239574e-05,False,498.43315841645847
1474,26.144952787662447,513.6272118835782,513.2652337364807,3.6197814709750624e-06,False,498.43315841645847
1475,26.092662882087122,513.6272118835782,513.2652337364807,3.6197814709750624e-06,False,498.43315841645847
1476,26.040477556322948,513.6272118835782,513.2652337364807,3.6197814709750624e-06,False,498.43315841645847
1477,25.9883966012103,547.02414193127,547.02414193127,0.0,True,498.43315841645847
1478,25.93641980800788,547.02414193127,547.02414193127,0.0,True,498.43315841645847
1479,25.884546968391863,547.02414193127,547.02414193127,0.0,True,498.43315841645847
1480,25.83277787445508,560.7980285080216,560.7980285080216,0.0,True,498.43315841645847
1481,25.781112318706167,560.7980285080216,560.7980285080216,0.0,True,498.43315841645847
1482,25.729550094068756,560.7980285080216,560.7980285080216,0.0,True,498.43315841645847
1483,25.67809099388062,560.7980285080216,560.7980285080216,0.0,True,498.43315841645847
1484,25.62673481189286,553.6024550402466,553.6024550402466,0.0,True,498.43315841645847
1485,25.575481342269075,559.5639975309493,524.8565828861073,0.0003470741464484209,False,498.43315841645847
1486,25.524330379584537,537.9724989727478,537.9724989727478,0.0,True,498.43315841645847
1487,25.47328171882537,537.9724989727478,537.9724989727478,0.0,True,498.43315841645847
1488,25.422335155387717,537.9724989727478,537.9724989727478,0.0,True,498.43315841645847
1489,25.37149048507694,499.76367121256015,495.1926273460653,4.571043866494849e-05,False,498.43315841645847
1490,25.320747504106787,499.76367121256015,495.1926273460653,4.571043866494849e-05,False,498.43315841645847
1491,25.270106009098573,499.76367121256015,495.1926273460653,4.571043866494849e-05,False,498.43315841645847
1492,25.219565797080374,499.76367121256015,495.1926273460653,4.571043866494849e-05,False,498.43315841645847
1493,25.169126665486214,499.76367121256015,495.1926273460653,4.571043866494849e-05,False,498.43315841645847
1494,25.11878841215524,499.76367121256015,495.1926273460653,4.571043866494849e-05,False,498.43315841645847
1495,25.068550835330928,499.76367121256015,495.1926273460653,4.571043866494849e-05,False,498.43315841645847
1496,25.018413733660267,499.76367121256015,495.1926273460653,4.571043866494849e-05,False,498.43315841645847
1497,24.968376906192947,499.76367121256015,495.1926273460653,4.571043866494849e-05,False,498.43315841645847
1498,24.918440152380562,499.76367121256015,495.1926273460653,4.571043866494849e-05,False,498.43315841645847
1499,24.868603272075802,499.76367121256015,495.1926273460653,4.571043866494849e-05,False,498.43315841645847
1500,24.81886606553165,499.76367121256015,495.1926273460653,4.571043866494849e-05,False,498.43315841645847
1501,24.769228333400587,499.76367121256015,495.1926273460653,4.571043866494849e-05,False,498.43315841645847
1502,24.719689876733785,499.76367121256015,495.1926273460653,4.571043866494849e-05,False,498.43315841645847
1503,24.670250496980316,499.76367121256015,495.1926273460653,4.571043866494849e-05,False,498.43315841645847
1504,24.620909995986356,499.76367121256015,495.1926273460653,4.571043866494849e-05,False,498.43315841645847
1505,24.571668175994382,499.76367121256015,495.1926273460653,4.571043866494849e-05,False,498.43315841645847
1506,24.522524839642394,507.47154727445235,491.285000953533,0.0001618654632091938,False,498.43315841645847
1507,24.473479789963108,507.47154727445235,491.285000953533,0.0001618654632091938,False,498.43315841645847
1508,24.424532830383182,507.47154727445235,491.285000953533,0.0001618654632091938,False,498.43315841645847
1509,24.375683764722414,507.47154727445235,491.285000953533,0.0001618654632091938,False,498.43315841645847
1510,24.32693239719297,507.47154727445235,491.285000953533,0.0001618654632091938,False,498.43315841645847
1511,24.278278532398584,507.47154727445235,491.285000953533,0.0001618654632091938,False,498.43315841645847
1512,24.22972197533379,507.47154727445235,491.285000953533,0.0001618654632091938,False,498.43315841645847
1513,24.18126253138312,507.47154727445235,491.285000953533,0.0001618654632091938,False,498.43315841645847
1514,24.13290000632035,507.47154727445235,491.285000953533,0.0001618654632091938,False,498.43315841645847
1515,24.08463420630771,507.47154727445235,491.285000953533,0.0001618654632091938,False,498.43315841645847
1516,24.036464937895097,531.2464998343662,531.2464998343662,0.0,True,498.43315841645847
1517,23.988392008019307,531.2464998343662,531.2464998343662,0.0,True,498.43315841645847
1518,23.940415224003267,531.2464998343662,531.2464998343662,0.0,True,498.43315841645847
1519,23.89253439355526,531.2464998343662,531.2464998343662,0.0,True,498.43315841645847
1520,23.84474932476815,532.5526900858667,532.5526900858667,0.0,True,498.43315841645847
1521,23.797059826118613,532.5526900858667,532.5526900858667,0.0,True,498.43315841645847
1522,23.749465706466374,568.1418479476163,530.0130737071718,0.00038128774240444495,False,498.43315841645847
1523,23.701966775053442,568.1418479476163,530.0130737071718,0.00038128774240444495,False,498.43315841645847
1524,23.654562841503335,568.1418479476163,530.0130737071718,0.00038128774240444495,False,498.43315841645847
1525,23.607253715820327,528.1197214600286,528.1197214600286,0.0,True,498.43315841645847
1526,23.560039208388687,528.1197214600286,528.1197214600286,0.0,True,498.43315841645847
1527,23.51291912997191,528.1197214600286,528.1197214600286,0.0,True,498.43315841645847
1528,23.465893291711964,528.1197214600286,528.1197214600286,0.0,True,498.43315841645847
1529,23.41896150512854,551.7546501735428,551.7546501735428,0.0,True,498.43315841645847
1530,23.37212358211828,562.6007886358693,562.6007886358693,0.0,True,498.43315841645847
1531,23.325379334954043,535.3568717197629,535.3568717197629,0.0,True,498.43315841645847
1532,23.278728576284134,535.3568717197629,535.3568717197629,0.0,True,498.43315841645847
1533,23.232171119131564,535.3568717197629,535.3568717197629,0.0,True,498.43315841645847
1534,23.1857067768933,535.3568717197629,535.3568717197629,0.0,True,498.43315841645847
1535,23.139335363339516,535.3568717197629,535.3568717197629,0.0,True,498.43315841645847
1536,23.093056692612837,535.3568717197629,535.3568717197629,0.0,True,498.43315841645847
1537,23.046870579227612,535.3568717197629,535.3568717197629,0.0,True,498.43315841645847
1538,23.000776838069157,541.4132398565932,541.4132398565932,0.0,True,498.43315841645847
1539,22.95477528439302,541.4132398565932,541.4132398565932,0.0,True,498.43315841645847
1540,22.908865733824232,536.616028071611,530.7853229431989,5.830705128412035e-05,False,498.43315841645847
1541,22.863048002356585,536.616028071611,530.7853229431989,5.830705128412035e-05,False,498.43315841645847
1542,22.81732190635187,536.616028071611,530.7853229431989,5.830705128412035e-05,False,498.43315841645847
1543,22.771687262539167,536.616028071611,530.7853229431989,5.830705128412035e-05,False,498.43315841645847
1544,22.72614388801409,541.4320733277407,537.7801114585228,3.651961869217896e-05,False,498.43315841645847
1545,22.68069160023806,541.4320733277407,537.7801114585228,3.651961869217896e-05,False,498.43315841645847
1546,22.635330217037584,533.3352015449502,533.3352015449502,0.0,True,498.43315841645847
1547,22.59005955660351,579.0347301856668,579.0347301856668,0.0,True,498.43315841645847
1548,22.5448794374903,579.0347301856668,579.0347301856668,0.0,True,498.43315841645847
1549,22.499789678615322,582.1825941986742,550.9560725011813,0.0003122652169749287,False,498.43315841645847
1550,22.45479009925809,582.1825941986742,550.9560725011813,0.0003122652169749287,False,498.43315841645847
1551,22.409880519059573,582.1825941986742,550.9560725011813,0.0003122652169749287,False,498.43315841645847
1552,22.365060758021453,549.3721926614849,516.8341295401572,0.0003253806312132771,False,498.43315841645847
1553,22.32033063650541,560.5473038707426,560.5473038707426,0.0,True,498.43315841645847
1554,22.2756899752324,591.1582484252989,535.6845668433583,0.0005547368158194062,False,498.43315841645847
1555,22.231138595281934,523.6395260773978,523.6395260773978,0.0,True,498.43315841645847
1556,22.18667631809137,549.5348383022468,549.5348383022468,0.0,True,498.43315841645847
1557,22.142302965455187,537.5516424538715,537.5516424538715,0.0,True,498.43315841645847
1558,22.098018359524275,537.5516424538715,537.5516424538715,0.0,True,498.43315841645847
1559,22.053822322805228,525.944223102316,525.944223102316,0.0,True,498.43315841645847
1560,22.009714678159618,509.48639587545307,509.48639587545307,0.0,True,498.43315841645847
1561,21.9656952488033,510.56853443188913,498.51219690375945,0.00012056337528129695,False,498.43315841645847
1562,21.92176385830569,510.56853443188913,498.51219690375945,0.00012056337528129695,False,498.43315841645847
1563,21.87792033058908,537.4414749622026,537.4414749622026,0.0,True,498.43315841645847
1564,21.834164489927904,508.32528957918214,508.32528957918214,0.0,True,498.43315841645847
1565,21.79049616094805,510.14498630474486,496.51924894249044,0.0001362573736225441,False,498.43315841645847
1566,21.746915168626153,510.14498630474486,496.51924894249044,0.0001362573736225441,False,498.43315841645847
1567,21.7034213382889,514.3733156684254,514.3733156684254,0.0,True,498.43315841645847
1568,21.660014495612323,514.3733156684254,514.3733156684254,0.0,True,498.43315841645847
1569,21.616694466621098,523.1724342617841,523.1724342617841,0.0,True,498.43315841645847
1570,21.573461077687856,523.1724342617841,523.1724342617841,0.0,True,498.43315841645847
1571,21.53031415553248,523.1724342617841,523.1724342617841,0.0,True,498.43315841645847
1572,21.487253527221416,547.2479461865951,547.2479461865951,0.0,True,498.43315841645847
1573,21.444279020166974,547.2479461865951,547.2479461865951,0.0,True,498.43315841645847
1574,21.40139046212664,555.8512479349108,555.8512479349108,0.0,True,498.43315841645847
1575,21.358587681202383,560.6749666164551,560.6749666164551,0.0,True,498.43315841645847
1576,21.315870505839978,536.6549609337924,536.6549609337924,0.0,True,498.43315841645847
1577,21.2732387648283,536.6549609337924,536.6549609337924,0.0,True,498.43315841645847
1578,21.23069228729864,536.6549609337924,536.6549609337924,0.0,True,498.43315841645847
1579,21.188230902724044,536.6549609337924,536.6549609337924,0.0,True,498.43315841645847
1580,21.145854440918594,538.3380748829742,538.3380748829742,0.0,True,498.43315841645847
1581,21.103562732036757,538.3380748829742,538.3380748829742,0.0,True,498.43315841645847
1582,21.061355606572683,512.2241607077062,512.2241607077062,0.0,True,498.43315841645847
1583,21.019232895359536,512.2241607077062,512.2241607077062,0.0,True,498.43315841645847
1584,20.97719442956882,519.549471009977,519.549471009977,0.0,True,498.43315841645847
1585,20.93524004070968,524.7838151925578,524.7838151925578,0.0,True,498.43315841645847
1586,20.89336956062826,534.516231566419,534.516231566419,0.0,True,498.43315841645847
1587,20.851582821507,534.516231566419,534.516231566419,0.0,True,498.43315841645847
1588,20.809879655863988,534.516231566419,534.516231566419,0.0,True,498.43315841645847
1589,20.76825989655226,567.1055685161882,567.1055685161882,0.0,True,498.43315841645847
1590,20.726723376759153,567.1055685161882,567.1055685161882,0.0,True,498.43315841645847
1591,20.685269930005635,573.1883683782376,573.1883683782376,0.0,True,498.43315841645847
1592,20.643899390145624,577.548464154265,577.548464154265,0.0,True,498.43315841645847
1593,20.60261159136533,567.0916112643653,567.0916112643653,0.0,True,498.43315841645847
1594,20.5614063681826,567.0916112643653,567.0916112643653,0.0,True,498.43315841645847
1595,20.520283555446234,569.393340303181,569.393340303181,0.0,True,498.43315841645847
1596,20.47924298833534,601.0012660878549,601.0012660878549,0.0,True,498.43315841645847
1597,20.43828450235867,601.0012660878549,601.0012660878549,0.0,True,498.43315841645847
1598,20.397407933353954,601.0012660878549,601.0012660878549,0.0,True,498.43315841645847
1599,20.356613117487246,599.0005002966255,599.0005002966255,0.0,True,498.43315841645847
1600,20.315899891252272,599.0005002966255,599.0005002966255,0.0,True,498.43315841645847
1601,20.275268091469766,560.9895917408462,560.9895917408462,0.0,True,498.43315841645847
1602,20.234717555286824,560.9895917408462,560.9895917408462,0.0,True,498.43315841645847
1603,20.19424812017625,560.9895917408462,560.9895917408462,0.0,True,498.43315841645847
1604,20.153859623935897,552.7824950482693,510.4394344364712,0.0004234306061179812,False,498.43315841645847
1605,20.113551904688027,546.4545544720996,546.4545544720996,0.0,True,498.43315841645847
1606,20.073324800878652,546.4545544720996,546.4545544720996,0.0,True,498.43315841645847
1607,20.033178151276893,528.0830367057989,526.5896513617178,1.493385344081121e-05,False,498.43315841645847
1608,19.99311179497434,517.8049566681104,517.8049566681104,0.0,True,498.43315841645847
1609,19.95312557138439,543.1804768118816,543.1804768118816,0.0,True,498.43315841645847
1610,19.913219320241623,552.6334679980409,552.6334679980409,0.0,True,498.43315841645847
1611,19.87339288160114,552.6334679980409,552.6334679980409,0.0,True,498.43315841645847
1612,19.83364609583794,552.6334679980409,552.6334679980409,0.0,True,498.43315841645847
1613,19.79397880364626,552.6334679980409,552.6334679980409,0.0,True,498.43315841645847
1614,19.75439084603897,552.6334679980409,552.6334679980409,0.0,True,498.43315841645847
1615,19.71488206434689,552.6334679980409,552.6334679980409,0.0,True,498.43315841645847
1616,19.675452300218197,551.9327913690527,551.9327913690527,0.0,True,498.43315841645847
1617,19.63610139561776,551.9327913690527,551.9327913690527,0.0,True,498.43315841645847
1618,19.596829192826526,551.9327913690527,551.9327913690527,0.0,True,498.43315841645847
1619,19.557635534440873,551.9327913690527,551.9327913690527,0.0,True,498.43315841645847
1620,19.518520263371993,551.9327913690527,551.9327913690527,0.0,True,498.43315841645847
1621,19.47948322284525,566.1383865089089,566.1383865089089,0.0,True,498.43315841645847
1622,19.44052425639956,556.9180348035584,556.0268945639261,8.911402396322469e-06,False,498.43315841645847
1623,19.40164320788676,551.663043690775,522.8841223521666,0.0002877892133860837,False,498.43315841645847
1624,19.362839921470986,535.097491203104,535.097491203104,0.0,True,498.43315841645847
1625,19.324114241628045,544.1530635066258,544.1530635066258,0.0,True,498.43315841645847
1626,19.285466013144788,532.0978520646191,532.0978520646191,0.0,True,498.43315841645847
1627,19.2468950811185,540.3261097974471,540.3261097974471,0.0,True,498.43315841645847
1628,19.20840129095626,546.8584557228116,546.8584557228116,0.0,True,498.43315841645847
1629,19.169984488374347,546.8584557228116,546.8584557228116,0.0,True,498.43315841645847
1630,19.131644519397597,547.0286272149156,547.0286272149156,0.0,True,498.43315841645847
1631,19.0933812303588,547.0286272149156,547.0286272149156,0.0,True,498.43315841645847
1632,19.055194467898083,545.016850933424,544.9842636512806,3.258728214350052e-07,False,498.43315841645847
1633,19.017084078962288,545.016850933424,544.9842636512806,3.258728214350052e-07,False,498.43315841645847
1634,18.979049910804363,545.016850933424,544.9842636512806,3.258728214350052e-07,False,498.43315841645847
1635,18.941091810982755,545.016850933424,544.9842636512806,3.258728214350052e-07,False,498.43315841645847
1636,18.903209627360788,581.1817891581957,581.1817891581957,0.0,True,498.43315841645847
1637,18.865403208106066,564.0003000456271,564.0003000456271,0.0,True,498.43315841645847
1638,18.827672401689853,564.0003000456271,564.0003000456271,0.0,True,498.43315841645847
1639,18.790017056886473,551.5150661574305,551.5150661574305,0.0,True,498.43315841645847
1640,18.7524370227727,551.5150661574305,551.5150661574305,0.0,True,498.43315841645847
1641,18.714932148727154,551.5150661574305,551.5150661574305,0.0,True,498.43315841645847
1642,18.6775022844297,551.5150661574305,551.5150661574305,0.0,True,498.43315841645847
1643,18.64014727986084,551.5150661574305,551.5150661574305,0.0,True,498.43315841645847
1644,18.60286698530112,551.5150661574305,551.5150661574305,0.0,True,498.43315841645847
1645,18.565661251330518,551.5150661574305,551.5150661574305,0.0,True,498.43315841645847
1646,18.528529928827858,560.0910484867411,560.0910484867411,0.0,True,498.43315841645847
1647,18.491472868970202,560.0910484867411,560.0910484867411,0.0,True,498.43315841645847
1648,18.454489923232263,560.0910484867411,560.0910484867411,0.0,True,498.43315841645847
1649,18.417580943385797,560.0910484867411,560.0910484867411,0.0,True,498.43315841645847
1650,18.380745781499026,560.0910484867411,560.0910484867411,0.0,True,498.43315841645847
1651,18.343984289936028,560.0910484867411,560.0910484867411,0.0,True,498.43315841645847
1652,18.307296321356155,560.0910484867411,560.0910484867411,0.0,True,498.43315841645847
1653,18.27068172871344,546.8655902227723,546.8655902227723,0.0,True,498.43315841645847
1654,18.234140365256014,546.8655902227723,546.8655902227723,0.0,True,498.43315841645847
1655,18.1976720845255,546.8655902227723,546.8655902227723,0.0,True,498.43315841645847
1656,18.16127674035645,546.8655902227723,546.8655902227723,0.0,True,498.43315841645847
1657,18.124954186875737,557.8486703058227,486.8179822137719,0.000710306880920507,False,498.43315841645847
1658,18.088704278501986,557.8486703058227,486.8179822137719,0.000710306880920507,False,498.43315841645847
1659,18.05252686994498,597.8741346028669,495.63053834319544,0.0010224359625967139,False,498.43315841645847
1660,18.01642181620509,597.8741346028669,495.63053834319544,0.0010224359625967139,False,498.43315841645847
1661,17.98038897257268,590.4059933148384,495.8771994405955,0.0009452879387424286,False,498.43315841645847
1662,17.944428194627534,590.4059933148384,495.8771994405955,0.0009452879387424286,False,498.43315841645847
1663,17.908539338238278,538.0161142743442,512.7356594249261,0.00025280454849418147,False,498.43315841645847
1664,17.8727222595618,538.0161142743442,512.7356594249261,0.00025280454849418147,False,498.43315841645847
1665,17.83697681504268,538.0161142743442,512.7356594249261,0.00025280454849418147,False,498.43315841645847
1666,17.801302861412594,556.7423264265251,522.5728777148113,0.00034169448711713816,False,498.43315841645847
1667,17.76570025568977,532.0171216630273,532.0171216630273,0.0,True,498.43315841645847
1668,17.730168855178388,532.0171216630273,532.0171216630273,0.0,True,498.43315841645847
1669,17.69470851746803,532.0171216630273,532.0171216630273,0.0,True,498.43315841645847
1670,17.659319100433095,532.0171216630273,532.0171216630273,0.0,True,498.43315841645847
1671,17.624000462232228,532.0171216630273,532.0171216630273,0.0,True,498.43315841645847
1672,17.588752461307763,520.3580095611367,510.6631018311017,9.694907730035001e-05,False,498.43315841645847
1673,17.553574956385148,520.3580095611367,510.6631018311017,9.694907730035001e-05,False,498.43315841645847
1674,17.518467806472376,520.3580095611367,510.6631018311017,9.694907730035001e-05,False,498.43315841645847
1675,17.483430870859433,520.3580095611367,510.6631018311017,9.694907730035001e-05,False,498.43315841645847
1676,17.448464009117714,520.3580095611367,510.6631018311017,9.694907730035001e-05,False,498.43315841645847
1677,17.41356708109948,520.3580095611367,510.6631018311017,9.694907730035001e-05,False,498.43315841645847
1678,17.37873994693728,520.3580095611367,510.6631018311017,9.694907730035001e-05,False,498.43315841645847
1679,17.343982467043407,520.3580095611367,510.6631018311017,9.694907730035001e-05,False,498.43315841645847
1680,17.30929450210932,520.3580095611367,510.6631018311017,9.694907730035001e-05,False,498.43315841645847
1681,17.274675913105103,539.087012797153,539.087012797153,0.0,True,498.43315841645847
1682,17.240126561278892,539.087012797153,539.087012797153,0.0,True,498.43315841645847
1683,17.205646308156336,539.087012797153,539.087012797153,0.0,True,498.43315841645847
1684,17.171235015540024,535.4971459155867,535.4971459155867,0.0,True,498.43315841645847
1685,17.136892545508942,535.4971459155867,535.4971459155867,0.0,True,498.43315841645847
1686,17.102618760417926,535.4971459155867,535.4971459155867,0.0,True,498.43315841645847
1687,17.06841352289709,535.4971459155867,535.4971459155867,0.0,True,498.43315841645847
1688,17.034276695851293,535.4971459155867,535.4971459155867,0.0,True,498.43315841645847
1689,17.00020814245959,535.4971459155867,535.4971459155867,0.0,True,498.43315841645847
1690,16.966207726174673,535.4971459155867,535.4971459155867,0.0,True,498.43315841645847
1691,16.932275310722325,535.4971459155867,535.4971459155867,0.0,True,498.43315841645847
1692,16.89841076010088,535.4971459155867,535.4971459155867,0.0,True,498.43315841645847
1693,16.86461393858068,535.4971459155867,535.4971459155867,0.0,True,498.43315841645847
1694,16.83088471070352,535.4971459155867,535.4971459155867,0.0,True,498.43315841645847
1695,16.79722294128211,535.4971459155867,535.4971459155867,0.0,True,498.43315841645847
1696,16.763628495399548,535.4971459155867,535.4971459155867,0.0,True,498.43315841645847
1697,16.73010123840875,535.4971459155867,535.4971459155867,0.0,True,498.43315841645847
1698,16.696641035931933,535.4971459155867,535.4971459155867,0.0,True,498.43315841645847
1699,16.66324775386007,535.4971459155867,535.4971459155867,0.0,True,498.43315841645847
1700,16.62992125835235,535.4971459155867,535.4971459155867,0.0,True,498.43315841645847
1701,16.596661415835644,535.4971459155867,535.4971459155867,0.0,True,498.43315841645847
1702,16.563468093003973,519.2853023285946,519.2853023285946,0.0,True,498.43315841645847
1703,16.530341156817965,519.2853023285946,519.2853023285946,0.0,True,498.43315841645847
1704,16.49728047450433,519.2853023285946,519.2853023285946,0.0,True,498.43315841645847
1705,16.46428591355532,519.2853023285946,519.2853023285946,0.0,True,498.43315841645847
1706,16.43135734172821,519.2853023285946,519.2853023285946,0.0,True,498.43315841645847
1707,16.39849462704475,520.2449391593677,520.2449391593677,0.0,True,498.43315841645847
1708,16.365697637790664,523.7286611336893,522.6332564838909,1.095404649798408e-05,False,498.43315841645847
1709,16.33296624251508,523.7286611336893,522.6332564838909,1.095404649798408e-05,False,498.43315841645847
1710,16.30030031003005,523.7286611336893,522.6332564838909,1.095404649798408e-05,False,498.43315841645847
1711,16.26769970940999,523.7286611336893,522.6332564838909,1.095404649798408e-05,False,498.43315841645847
1712,16.23516430999117,519.6495329922375,519.6495329922375,0.0,True,498.43315841645847
1713,16.202693981371187,519.6495329922375,519.6495329922375,0.0,True,498.43315841645847
1714,16.170288593408443,531.6723883064014,531.6723883064014,0.0,True,498.43315841645847
1715,16.137948016221628,520.7553188957605,520.7553188957605,0.0,True,498.43315841645847
1716,16.105672120189183,520.7553188957605,520.7553188957605,0.0,True,498.43315841645847
1717,16.073460775948806,520.7553188957605,520.7553188957605,0.0,True,498.43315841645847
1718,16.041313854396908,520.7553188957605,520.7553188957605,0.0,True,498.43315841645847
1719,16.009231226688115,520.7553188957605,520.7553188957605,0.0,True,498.43315841645847
1720,15.97721276423474,578.3841241375425,578.3841241375425,0.0,True,498.43315841645847
1721,15.94525833870627,613.603440727757,559.4596909484832,0.0005414374977927372,False,498.43315841645847
1722,15.913367822028857,613.603440727757,559.4596909484832,0.0005414374977927372,False,498.43315841645847
1723,15.881541086384798,580.2812499138373,580.2812499138373,0.0,True,498.43315841645847
1724,15.849778004212029,580.2812499138373,580.2812499138373,0.0,True,498.43315841645847
1725,15.818078448203604,580.2812499138373,580.2812499138373,0.0,True,498.43315841645847
1726,15.786442291307196,580.2812499138373,580.2812499138373,0.0,True,498.43315841645847
1727,15.754869406724582,580.2812499138373,580.2812499138373,0.0,True,498.43315841645847
1728,15.723359667911133,538.6753568406446,538.6753568406446,0.0,True,498.43315841645847
1729,15.691912948575311,538.6753568406446,538.6753568406446,0.0,True,498.43315841645847
1730,15.66052912267816,538.6753568406446,538.6753568406446,0.0,True,498.43315841645847
1731,15.629208064432802,538.6753568406446,538.6753568406446,0.0,True,498.43315841645847
1732,15.597949648303937,554.6383155857632,554.6383155857632,0.0,True,498.43315841645847
1733,15.56675374900733,548.0234160524591,548.0234160524591,0.0,True,498.43315841645847
1734,15.535620241509315,523.103887305361,508.6657993757745,0.0001443808792958656,False,498.43315841645847
1735,15.504549001026296,523.103887305361,508.6657993757745,0.0001443808792958656,False,498.43315841645847
1736,15.473539903024244,523.103887305361,508.6657993757745,0.0001443808792958656,False,498.43315841645847
1737,15.442592823218195,523.103887305361,508.6657993757745,0.0001443808792958656,False,498.43315841645847
1738,15.411707637571759,523.103887305361,508.6657993757745,0.0001443808792958656,False,498.43315841645847
1739,15.380884222296615,509.42981461426484,509.42981461426484,0.0,True,498.43315841645847
1740,15.350122453852022,513.4205029819425,507.8060710589125,5.614431923030045e-05,False,498.43315841645847
1741,15.319422208944317,528.3635800355087,528.3635800355087,0.0,True,498.43315841645847
1742,15.288783364526429,528.3635800355087,528.3635800355087,0.0,True,498.43315841645847
1743,15.258205797797377,511.2812283056072,511.2812283056072,0.0,True,498.43315841645847
1744,15.227689386201781,511.2812283056072,511.2812283056072,0.0,True,498.43315841645847
1745,15.197234007429378,529.743346602875,529.743346602875,0.0,True,498.43315841645847
1746,15.16683953941452,529.743346602875,529.743346602875,0.0,True,498.43315841645847
1747,15.13650586033569,529.743346602875,529.743346602875,0.0,True,498.43315841645847
1748,15.106232848615019,529.743346602875,529.743346602875,0.0,True,498.43315841645847
1749,15.076020382917788,542.4260787312022,542.4260787312022,0.0,True,498.43315841645847
1750,15.045868342151952,523.170473626154,495.72814667186344,0.0002744232695429055,False,498.43315841645847
1751,15.015776605467648,517.178578845159,510.9169974811402,6.261581364018811e-05,False,498.43315841645847
1752,14.985745052256712,517.178578845159,510.9169974811402,6.261581364018811e-05,False,498.43315841645847
1753,14.9557735621522,528.7255401562682,528.7255401562682,0.0,True,498.43315841645847
1754,14.925862015027894,535.1515117846781,535.1515117846781,0.0,True,498.43315841645847
1755,14.896010290997838,541.2142833369953,541.2142833369953,0.0,True,498.43315841645847
1756,14.866218270415843,517.4164940831197,517.4164940831197,0.0,True,498.43315841645847
1757,14.836485833875011,517.4164940831197,517.4164940831197,0.0,True,498.43315841645847
1758,14.806812862207261,533.9524482974774,533.9524482974774,0.0,True,498.43315841645847
1759,14.777199236482847,533.9524482974774,533.9524482974774,0.0,True,498.43315841645847
1760,14.747644838009881,533.9524482974774,533.9524482974774,0.0,True,498.43315841645847
1761,14.718149548333862,533.9524482974774,533.9524482974774,0.0,True,498.43315841645847
1762,14.688713249237194,547.4414943256623,547.4414943256623,0.0,True,498.43315841645847
1763,14.65933582273872,547.4414943256623,547.4414943256623,0.0,True,498.43315841645847
1764,14.630017151093243,546.2394051446471,506.96373150086686,0.00039275673643780214,False,498.43315841645847
1765,14.600757116791057,523.0769446935992,523.0769446935992,0.0,True,498.43315841645847
1766,14.571555602557474,509.10554115881337,509.10554115881337,0.0,True,498.43315841645847
1767,14.542412491352358,509.10554115881337,509.10554115881337,0.0,True,498.43315841645847
1768,14.513327666369653,509.10554115881337,509.10554115881337,0.0,True,498.43315841645847
1769,14.484301011036914,511.94754105157483,511.94754105157483,0.0,True,498.43315841645847
1770,14.45533240901484,511.94754105157483,511.94754105157483,0.0,True,498.43315841645847
1771,14.42642174419681,511.94754105157483,511.94754105157483,0.0,True,498.43315841645847
1772,14.397568900708416,511.94754105157483,511.94754105157483,0.0,True,498.43315841645847
1773,14.368773762906999,511.94754105157483,511.94754105157483,0.0,True,498.43315841645847
1774,14.340036215381184,511.94754105157483,511.94754105157483,0.0,True,498.43315841645847
1775,14.311356142950421,511.94754105157483,511.94754105157483,0.0,True,498.43315841645847
1776,14.28273343066452,511.94754105157483,511.94754105157483,0.0,True,498.43315841645847
1777,14.25416796380319,511.94754105157483,511.94754105157483,0.0,True,498.43315841645847
1778,14.225659627875585,511.94754105157483,511.94754105157483,0.0,True,498.43315841645847
1779,14.197208308619834,511.94754105157483,511.94754105157483,0.0,True,498.43315841645847
1780,14.168813892002595,511.1647256028574,506.70673363778064,4.457991965076746e-05,False,498.43315841645847
1781,14.14047626421859,511.1647256028574,506.70673363778064,4.457991965076746e-05,False,498.43315841645847
1782,14.112195311690153,511.1647256028574,506.70673363778064,4.457991965076746e-05,False,498.43315841645847
1783,14.083970921066772,511.1647256028574,506.70673363778064,4.457991965076746e-05,False,498.43315841645847
1784,14.055802979224639,511.1647256028574,506.70673363778064,4.457991965076746e-05,False,498.43315841645847
1785,14.02769137326619,511.1647256028574,506.70673363778064,4.457991965076746e-05,False,498.43315841645847
1786,13.999635990519659,511.1647256028574,506.70673363778064,4.457991965076746e-05,False,498.43315841645847
1787,13.971636718538619,511.1647256028574,506.70673363778064,4.457991965076746e-05,False,498.43315841645847
1788,13.943693445101541,523.5625512538934,497.0742918876608,0.00026488259366232587,False,498.43315841645847
1789,13.915806058211338,531.9799886133362,531.9799886133362,0.0,True,498.43315841645847
1790,13.887974446094915,531.9799886133362,531.9799886133362,0.0,True,498.43315841645847
1791,13.860198497202726,531.9799886133362,531.9799886133362,0.0,True,498.43315841645847
1792,13.83247810020832,546.2722518988865,546.2722518988865,0.0,True,498.43315841645847
1793,13.804813144007904,546.2722518988865,546.2722518988865,0.0,True,498.43315841645847
1794,13.777203517719888,545.8434222759728,530.4450018493869,0.00015398420426585886,False,498.43315841645847
1795,13.749649110684448,545.8434222759728,530.4450018493869,0.00015398420426585886,False,498.43315841645847
1796,13.72214981246308,532.837630607455,530.1602656606782,2.6773649467768214e-05,False,498.43315841645847
1797,13.694705512838153,532.837630607455,530.1602656606782,2.6773649467768214e-05,False,498.43315841645847
1798,13.667316101812476,532.837630607455,530.1602656606782,2.6773649467768214e-05,False,498.43315841645847
1799,13.639981469608852,532.837630607455,530.1602656606782,2.6773649467768214e-05,False,498.43315841645847
1800,13.612701506669634,532.837630607455,530.1602656606782,2.6773649467768214e-05,False,498.43315841645847
1801,13.585476103656294,532.837630607455,530.1602656606782,2.6773649467768214e-05,False,498.43315841645847
1802,13.558305151448982,532.837630607455,530.1602656606782,2.6773649467768214e-05,False,498.43315841645847
1803,13.531188541146085,537.2858809549383,537.2858809549383,0.0,True,498.43315841645847
1804,13.504126164063793,537.2858809549383,537.2858809549383,0.0,True,498.43315841645847
1805,13.477117911735666,540.6188230965281,540.6188230965281,0.0,True,498.43315841645847
1806,13.450163675912195,508.61041650283335,508.61041650283335,0.0,True,498.43315841645847
1807,13.42326334856037,529.5716442095164,529.5716442095164,0.0,True,498.43315841645847
1808,13.39641682186325,518.7659432463474,518.7659432463474,0.0,True,498.43315841645847
1809,13.369623988219523,518.7659432463474,518.7659432463474,0.0,True,498.43315841645847
1810,13.342884740243084,543.7736364768995,491.95583394846346,0.0005181780252843596,False,498.43315841645847
1811,13.316198970762597,543.7736364768995,491.95583394846346,0.0005181780252843596,False,498.43315841645847
1812,13.289566572821073,543.7736364768995,491.95583394846346,0.0005181780252843596,False,498.43315841645847
1813,13.262987439675431,512.0760297453394,485.7291576048123,0.00026346872140527096,False,498.43315841645847
1814,13.236461464796081,512.0760297453394,485.7291576048123,0.00026346872140527096,False,498.43315841645847
1815,13.209988541866489,512.0760297453394,485.7291576048123,0.00026346872140527096,False,498.43315841645847
1816,13.183568564782755,512.0760297453394,485.7291576048123,0.00026346872140527096,False,498.43315841645847
1817,13.15720142765319,512.0760297453394,485.7291576048123,0.00026346872140527096,False,498.43315841645847
1818,13.130887024797884,512.0760297453394,485.7291576048123,0.00026346872140527096,False,498.43315841645847
1819,13.104625250748288,512.0760297453394,485.7291576048123,0.00026346872140527096,False,498.43315841645847
1820,13.078416000246792,512.0760297453394,485.7291576048123,0.00026346872140527096,False,498.43315841645847
1821,13.052259168246298,512.0760297453394,485.7291576048123,0.00026346872140527096,False,498.43315841645847
1822,13.026154649909806,512.0760297453394,485.7291576048123,0.00026346872140527096,False,498.43315841645847
1823,13.000102340609986,512.0760297453394,485.7291576048123,0.00026346872140527096,False,498.43315841645847
1824,12.974102135928767,512.0760297453394,485.7291576048123,0.00026346872140527096,False,498.43315841645847
1825,12.94815393165691,512.0760297453394,485.7291576048123,0.00026346872140527096,False,498.43315841645847
1826,12.922257623793596,512.0760297453394,485.7291576048123,0.00026346872140527096,False,498.43315841645847
1827,12.896413108546009,512.0760297453394,485.7291576048123,0.00026346872140527096,False,498.43315841645847
1828,12.870620282328916,512.0760297453394,485.7291576048123,0.00026346872140527096,False,498.43315841645847
1829,12.844879041764258,512.0760297453394,485.7291576048123,0.00026346872140527096,False,498.43315841645847
1830,12.81918928368073,512.0760297453394,485.7291576048123,0.00026346872140527096,False,498.43315841645847
1831,12.793550905113369,512.0760297453394,485.7291576048123,0.00026346872140527096,False,498.43315841645847
1832,12.767963803303141,512.0760297453394,485.7291576048123,0.00026346872140527096,False,498.43315841645847
1833,12.742427875696535,512.0760297453394,485.7291576048123,0.00026346872140527096,False,498.43315841645847
1834,12.716943019945141,512.0760297453394,485.7291576048123,0.00026346872140527096,False,498.43315841645847
1835,12.691509133905251,512.0760297453394,485.7291576048123,0.00026346872140527096,False,498.43315841645847
1836,12.666126115637441,512.0760297453394,485.7291576048123,0.00026346872140527096,False,498.43315841645847
1837,12.640793863406167,512.0760297453394,485.7291576048123,0.00026346872140527096,False,498.43315841645847
1838,12.615512275679354,502.09396518728744,502.09396518728744,0.0,True,498.43315841645847
1839,12.590281251127996,502.09396518728744,502.09396518728744,0.0,True,498.43315841645847
1840,12.56510068862574,502.09396518728744,502.09396518728744,0.0,True,498.43315841645847
1841,12.539970487248489,502.09396518728744,502.09396518728744,0.0,True,498.43315841645847
1842,12.514890546273993,502.09396518728744,502.09396518728744,0.0,True,498.43315841645847
1843,12.489860765181444,502.09396518728744,502.09396518728744,0.0,True,498.43315841645847
1844,12.464881043651081,502.09396518728744,502.09396518728744,0.0,True,498.43315841645847
1845,12.43995128156378,502.09396518728744,502.09396518728744,0.0,True,498.43315841645847
1846,12.415071379000652,502.09396518728744,502.09396518728744,0.0,True,498.43315841645847
1847,12.390241236242652,502.09396518728744,502.09396518728744,0.0,True,498.43315841645847
1848,12.365460753770167,502.09396518728744,502.09396518728744,0.0,True,498.43315841645847
1849,12.340729832262626,502.09396518728744,502.09396518728744,0.0,True,498.43315841645847
1850,12.316048372598102,502.09396518728744,502.09396518728744,0.0,True,498.43315841645847
1851,12.291416275852907,502.09396518728744,502.09396518728744,0.0,True,498.43315841645847
1852,12.2668334433012,498.6902835115451,498.6902835115451,0.0,True,498.43315841645847
1853,12.242299776414598,498.6902835115451,498.6902835115451,0.0,True,498.43315841645847
1854,12.217815176861768,498.6902835115451,498.6902835115451,0.0,True,498.43315841645847
1855,12.193379546508044,498.6902835115451,498.6902835115451,0.0,True,498.43315841645847
1856,12.168992787415029,498.6902835115451,498.6902835115451,0.0,True,498.43315841645847
1857,12.144654801840199,498.6902835115451,498.6902835115451,0.0,True,498.43315841645847
1858,12.120365492236518,498.6902835115451,498.6902835115451,0.0,True,498.43315841645847
1859,12.096124761252044,498.6902835115451,498.6902835115451,0.0,True,498.43315841645847
1860,12.07193251172954,498.6902835115451,498.6902835115451,0.0,True,498.43315841645847
1861,12.047788646706081,498.6902835115451,498.6902835115451,0.0,True,498.43315841645847
1862,12.02369306941267,498.6902835115451,498.6902835115451,0.0,True,498.43315841645847
1863,11.999645683273844,498.6902835115451,498.6902835115451,0.0,True,498.43315841645847
1864,11.975646391907295,498.6902835115451,498.6902835115451,0.0,True,498.43315841645847
1865,11.95169509912348,498.6902835115451,498.6902835115451,0.0,True,498.43315841645847
1866,11.927791708925232,498.6902835115451,498.6902835115451,0.0,True,498.43315841645847
1867,11.903936125507382,498.6902835115451,498.6902835115451,0.0,True,498.43315841645847
1868,11.880128253256368,498.6902835115451,498.6902835115451,0.0,True,498.43315841645847
1869,11.856367996749855,497.66872610210726,497.66872610210726,0.0,True,497.66872610210726
1870,11.832655260756354,497.66872610210726,497.66872610210726,0.0,True,497.66872610210726
1871,11.808989950234842,497.66872610210726,497.66872610210726,0.0,True,497.66872610210726
1872,11.785371970334372,497.66872610210726,497.66872610210726,0.0,True,497.66872610210726
1873,11.761801226393704,497.66872610210726,497.66872610210726,0.0,True,497.66872610210726
1874,11.738277623940917,497.66872610210726,497.66872610210726,0.0,True,497.66872610210726
1875,11.714801068693035,497.66872610210726,497.66872610210726,0.0,True,497.66872610210726
1876,11.69137146655565,497.66872610210726,497.66872610210726,0.0,True,497.66872610210726
1877,11.667988723622537,503.4617867602869,503.4617867602869,0.0,True,497.66872610210726
1878,11.644652746175293,503.4617867602869,503.4617867602869,0.0,True,497.66872610210726
1879,11.621363440682943,503.4617867602869,503.4617867602869,0.0,True,497.66872610210726
1880,11.598120713801578,503.4617867602869,503.4617867602869,0.0,True,497.66872610210726
1881,11.574924472373974,503.4617867602869,503.4617867602869,0.0,True,497.66872610210726
1882,11.551774623429226,503.4617867602869,503.4617867602869,0.0,True,497.66872610210726
1883,11.528671074182368,503.4617867602869,503.4617867602869,0.0,True,497.66872610210726
1884,11.505613732034004,503.4617867602869,503.4617867602869,0.0,True,497.66872610210726
1885,11.482602504569936,503.4617867602869,503.4617867602869,0.0,True,497.66872610210726
1886,11.459637299560796,503.4617867602869,503.4617867602869,0.0,True,497.66872610210726
1887,11.436718024961674,503.4617867602869,503.4617867602869,0.0,True,497.66872610210726
1888,11.41384458891175,503.4617867602869,503.4617867602869,0.0,True,497.66872610210726
1889,11.391016899733927,503.4617867602869,503.4617867602869,0.0,True,497.66872610210726
1890,11.36823486593446,503.4617867602869,503.4617867602869,0.0,True,497.66872610210726
1891,11.34549839620259,503.4617867602869,503.4617867602869,0.0,True,497.66872610210726
1892,11.322807399410184,503.4617867602869,503.4617867602869,0.0,True,497.66872610210726
1893,11.300161784611364,503.4617867602869,503.4617867602869,0.0,True,497.66872610210726
1894,11.27756146104214,510.08019406922887,510.08019406922887,0.0,True,497.66872610210726
1895,11.255006338120056,510.08019406922887,510.08019406922887,0.0,True,497.66872610210726
1896,11.232496325443815,510.08019406922887,510.08019406922887,0.0,True,497.66872610210726
1897,11.210031332792928,510.08019406922887,510.08019406922887,0.0,True,497.66872610210726
1898,11.187611270127343,510.08019406922887,510.08019406922887,0.0,True,497.66872610210726
1899,11.165236047587088,510.08019406922887,510.08019406922887,0.0,True,497.66872610210726
1900,11.142905575491914,545.4381136173045,545.4381136173045,0.0,True,497.66872610210726
1901,11.12061976434093,551.8598541508002,551.8598541508002,0.0,True,497.66872610210726
1902,11.098378524812247,551.8598541508002,551.8598541508002,0.0,True,497.66872610210726
1903,11.076181767762623,544.1839032013804,544.1839032013804,0.0,True,497.66872610210726
1904,11.054029404227098,544.1839032013804,544.1839032013804,0.0,True,497.66872610210726
1905,11.031921345418644,544.1839032013804,544.1839032013804,0.0,True,497.66872610210726
1906,11.009857502727806,515.7694355138383,515.7694355138383,0.0,True,497.66872610210726
1907,10.98783778772235,502.49028763656383,502.49028763656383,0.0,True,497.66872610210726
1908,10.965862112146906,502.49028763656383,502.49028763656383,0.0,True,497.66872610210726
1909,10.943930387922613,502.49028763656383,502.49028763656383,0.0,True,497.66872610210726
1910,10.922042527146768,502.49028763656383,502.49028763656383,0.0,True,497.66872610210726
1911,10.900198442092474,502.49028763656383,502.49028763656383,0.0,True,497.66872610210726
1912,10.87839804520829,502.49028763656383,502.49028763656383,0.0,True,497.66872610210726
1913,10.856641249117873,502.49028763656383,502.49028763656383,0.0,True,497.66872610210726
1914,10.834927966619636,502.49028763656383,502.49028763656383,0.0,True,497.66872610210726
1915,10.813258110686396,502.49028763656383,502.49028763656383,0.0,True,497.66872610210726
1916,10.791631594465024,502.49028763656383,502.49028763656383,0.0,True,497.66872610210726
1917,10.770048331276094,502.49028763656383,502.49028763656383,0.0,True,497.66872610210726
1918,10.748508234613542,502.49028763656383,502.49028763656383,0.0,True,497.66872610210726
1919,10.727011218144314,502.49028763656383,502.49028763656383,0.0,True,497.66872610210726
1920,10.705557195708026,502.49028763656383,502.49028763656383,0.0,True,497.66872610210726
1921,10.68414608131661,502.49028763656383,502.49028763656383,0.0,True,497.66872610210726
1922,10.662777789153978,507.1655075537175,496.7566459193903,0.00010408861634327168,False,497.66872610210726
1923,10.64145223357567,513.7225719345217,513.7225719345217,0.0,True,497.66872610210726
1924,10.620169329108519,513.7225719345217,513.7225719345217,0.0,True,497.66872610210726
1925,10.598928990450302,513.7225719345217,513.7225719345217,0.0,True,497.66872610210726
1926,10.5777311324694,513.7225719345217,513.7225719345217,0.0,True,497.66872610210726
1927,10.556575670204461,513.7225719345217,513.7225719345217,0.0,True,497.66872610210726
1928,10.535462518864053,515.1758750428612,515.1758750428612,0.0,True,497.66872610210726
1929,10.514391593826325,515.1758750428612,515.1758750428612,0.0,True,497.66872610210726
1930,10.493362810638672,515.1758750428612,515.1758750428612,0.0,True,497.66872610210726
1931,10.472376085017395,515.1758750428612,515.1758750428612,0.0,True,497.66872610210726
1932,10.45143133284736,515.1758750428612,515.1758750428612,0.0,True,497.66872610210726
1933,10.430528470181665,515.1758750428612,515.1758750428612,0.0,True,497.66872610210726
1934,10.409667413241301,515.1758750428612,515.1758750428612,0.0,True,497.66872610210726
1935,10.388848078414819,515.1758750428612,515.1758750428612,0.0,True,497.66872610210726
1936,10.36807038225799,515.1758750428612,515.1758750428612,0.0,True,497.66872610210726
1937,10.347334241493474,515.1758750428612,515.1758750428612,0.0,True,497.66872610210726
1938,10.326639573010487,515.1758750428612,515.1758750428612,0.0,True,497.66872610210726
1939,10.305986293864466,515.1758750428612,515.1758750428612,0.0,True,497.66872610210726
1940,10.285374321276738,515.1758750428612,515.1758750428612,0.0,True,497.66872610210726
1941,10.264803572634184,509.2459696316803,509.2459696316803,0.0,True,497.66872610210726
1942,10.244273965488915,509.2459696316803,509.2459696316803,0.0,True,497.66872610210726
1943,10.223785417557938,509.2459696316803,509.2459696316803,0.0,True,497.66872610210726
1944,10.203337846722823,509.2459696316803,509.2459696316803,0.0,True,497.66872610210726
1945,10.182931171029377,509.2459696316803,509.2459696316803,0.0,True,497.66872610210726
1946,10.162565308687318,503.8731446101423,503.8731446101423,0.0,True,497.66872610210726
1947,10.142240178069944,503.8731446101423,503.8731446101423,0.0,True,497.66872610210726
1948,10.121955697713805,503.8731446101423,503.8731446101423,0.0,True,497.66872610210726
1949,10.101711786318377,503.8731446101423,503.8731446101423,0.0,True,497.66872610210726
1950,10.08150836274574,503.8731446101423,503.8731446101423,0.0,True,497.66872610210726
1951,10.061345346020248,503.8731446101423,503.8731446101423,0.0,True,497.66872610210726
1952,10.041222655328207,503.8731446101423,503.8731446101423,0.0,True,497.66872610210726
1953,10.02114021001755,503.8731446101423,503.8731446101423,0.0,True,497.66872610210726
1954,10.001097929597515,503.8731446101423,503.8731446101423,0.0,True,497.66872610210726
1955,9.98109573373832,503.8731446101423,503.8731446101423,0.0,True,497.66872610210726
1956,9.961133542270844,501.5082090607942,501.5082090607942,0.0,True,497.66872610210726
1957,9.941211275186301,501.5082090607942,501.5082090607942,0.0,True,497.66872610210726
1958,9.921328852635929,501.5082090607942,501.5082090607942,0.0,True,497.66872610210726
1959,9.901486194930657,504.2429494874209,504.2429494874209,0.0,True,497.66872610210726
1960,9.881683222540795,503.02454657047224,503.02454657047224,0.0,True,497.66872610210726
1961,9.861919856095714,503.02454657047224,503.02454657047224,0.0,True,497.66872610210726
1962,9.842196016383522,503.02454657047224,503.02454657047224,0.0,True,497.66872610210726
1963,9.822511624350755,503.02454657047224,503.02454657047224,0.0,True,497.66872610210726
1964,9.802866601102053,503.02454657047224,503.02454657047224,0.0,True,497.66872610210726
1965,9.78326086789985,503.02454657047224,503.02454657047224,0.0,True,497.66872610210726
1966,9.76369434616405,503.02454657047224,503.02454657047224,0.0,True,497.66872610210726
1967,9.744166957471721,503.02454657047224,503.02454657047224,0.0,True,497.66872610210726
1968,9.724678623556779,503.02454657047224,503.02454657047224,0.0,True,497.66872610210726
1969,9.705229266309665,503.02454657047224,503.02454657047224,0.0,True,497.66872610210726
1970,9.685818807777046,503.02454657047224,503.02454657047224,0.0,True,497.66872610210726
1971,9.666447170161492,503.02454657047224,503.02454657047224,0.0,True,497.66872610210726
1972,9.647114275821169,503.02454657047224,503.02454657047224,0.0,True,497.66872610210726
1973,9.627820047269527,503.02454657047224,503.02454657047224,0.0,True,497.66872610210726
1974,9.608564407174988,503.02454657047224,503.02454657047224,0.0,True,497.66872610210726
1975,9.589347278360638,503.02454657047224,503.02454657047224,0.0,True,497.66872610210726
1976,9.570168583803916,503.1942878468364,502.9092013671937,2.850864796427174e-06,False,497.66872610210726
1977,9.551028246636308,503.1942878468364,502.9092013671937,2.850864796427174e-06,False,497.66872610210726
1978,9.531926190143036,503.1942878468364,502.9092013671937,2.850864796427174e-06,False,497.66872610210726
1979,9.51286233776275,503.1942878468364,502.9092013671937,2.850864796427174e-06,False,497.66872610210726
1980,9.493836613087224,501.56752251506424,499.6965423187735,1.8709801962907587e-05,False,497.66872610210726
1981,9.47484893986105,501.56752251506424,499.6965423187735,1.8709801962907587e-05,False,497.66872610210726
1982,9.455899241981328,501.56752251506424,499.6965423187735,1.8709801962907587e-05,False,497.66872610210726
1983,9.436987443497365,501.56752251506424,499.6965423187735,1.8709801962907587e-05,False,497.66872610210726
1984,9.41811346861037,501.56752251506424,499.6965423187735,1.8709801962907587e-05,False,497.66872610210726
1985,9.399277241673149,501.56752251506424,499.6965423187735,1.8709801962907587e-05,False,497.66872610210726
1986,9.380478687189802,501.56752251506424,499.6965423187735,1.8709801962907587e-05,False,497.66872610210726
1987,9.361717729815423,501.56752251506424,499.6965423187735,1.8709801962907587e-05,False,497.66872610210726
1988,9.342994294355792,501.56752251506424,499.6965423187735,1.8709801962907587e-05,False,497.66872610210726
1989,9.324308305767081,501.56752251506424,499.6965423187735,1.8709801962907587e-05,False,497.66872610210726
1990,9.305659689155547,501.56752251506424,499.6965423187735,1.8709801962907587e-05,False,497.66872610210726
1991,9.287048369777237,501.56752251506424,499.6965423187735,1.8709801962907587e-05,False,497.66872610210726
1992,9.268474273037683,501.56752251506424,499.6965423187735,1.8709801962907587e-05,False,497.66872610210726
1993,9.249937324491608,501.56752251506424,499.6965423187735,1.8709801962907587e-05,False,497.66872610210726
1994,9.231437449842625,501.56752251506424,499.6965423187735,1.8709801962907587e-05,False,497.66872610210726
1995,9.21297457494294,501.56752251506424,499.6965423187735,1.8709801962907587e-05,False,497.66872610210726
1996,9.194548625793054,501.56752251506424,499.6965423187735,1.8709801962907587e-05,False,497.66872610210726
1997,9.176159528541469,510.34718757934735,492.5465522493321,0.00017800635330015265,False,497.66872610210726
1998,9.157807209484385,510.34718757934735,492.5465522493321,0.00017800635330015265,False,497.66872610210726
1999,9.139491595065417,530.9702547601064,530.9702547601064,0.0,True,497.66872610210726
2000,9.121212611875286,530.9702547601064,530.9702547601064,0.0,True,497.66872610210726
2001,9.102970186651536,530.9702547601064,530.9702547601064,0.0,True,497.66872610210726
2002,9.084764246278233,530.9702547601064,530.9702547601064,0.0,True,497.66872610210726
2003,9.066594717785676,525.058628502827,494.7506206433063,0.0003030800785952062,False,497.66872610210726
2004,9.048461528350105,525.058628502827,494.7506206433063,0.0003030800785952062,False,497.66872610210726
2005,9.030364605293405,525.058628502827,494.7506206433063,0.0003030800785952062,False,497.66872610210726
2006,9.012303876082818,525.058628502827,494.7506206433063,0.0003030800785952062,False,497.66872610210726
2007,8.994279268330652,525.058628502827,494.7506206433063,0.0003030800785952062,False,497.66872610210726
2008,8.976290709793991,522.8881862871351,522.8881862871351,0.0,True,497.66872610210726
2009,8.958338128374404,522.8881862871351,522.8881862871351,0.0,True,497.66872610210726
2010,8.940421452117656,522.8881862871351,522.8881862871351,0.0,True,497.66872610210726
2011,8.92254060921342,542.599876746171,542.599876746171,0.0,True,497.66872610210726
2012,8.904695527994994,509.7352280109648,509.7352280109648,0.0,True,497.66872610210726
2013,8.886886136939003,505.4987499104702,504.6962509070758,8.024990033944167e-06,False,497.66872610210726
2014,8.869112364665124,505.4987499104702,504.6962509070758,8.024990033944167e-06,False,497.66872610210726
2015,8.851374139935794,505.4987499104702,504.6962509070758,8.024990033944167e-06,False,497.66872610210726
2016,8.833671391655923,505.4987499104702,504.6962509070758,8.024990033944167e-06,False,497.66872610210726
2017,8.81600404887261,505.4987499104702,504.6962509070758,8.024990033944167e-06,False,497.66872610210726
2018,8.798372040774865,505.4987499104702,504.6962509070758,8.024990033944167e-06,False,497.66872610210726
2019,8.780775296693315,505.4987499104702,504.6962509070758,8.024990033944167e-06,False,497.66872610210726
2020,8.763213746099929,505.4987499104702,504.6962509070758,8.024990033944167e-06,False,497.66872610210726
2021,8.745687318607729,505.4987499104702,504.6962509070758,8.024990033944167e-06,False,497.66872610210726
2022,8.728195943970514,505.4987499104702,504.6962509070758,8.024990033944167e-06,False,497.66872610210726
2023,8.710739552082572,505.4987499104702,504.6962509070758,8.024990033944167e-06,False,497.66872610210726
2024,8.693318072978407,505.4987499104702,504.6962509070758,8.024990033944167e-06,False,497.66872610210726
2025,8.67593143683245,505.4987499104702,504.6962509070758,8.024990033944167e-06,False,497.66872610210726
2026,8.658579573958784,505.4987499104702,504.6962509070758,8.024990033944167e-06,False,497.66872610210726
2027,8.641262414810866,505.4987499104702,504.6962509070758,8.024990033944167e-06,False,497.66872610210726
2028,8.623979889981245,505.4987499104702,504.6962509070758,8.024990033944167e-06,False,497.66872610210726
2029,8.606731930201281,505.4987499104702,504.6962509070758,8.024990033944167e-06,False,497.66872610210726
2030,8.589518466340879,505.4987499104702,504.6962509070758,8.024990033944167e-06,False,497.66872610210726
2031,8.572339429408197,505.4987499104702,504.6962509070758,8.024990033944167e-06,False,497.66872610210726
2032,8.555194750549381,505.4987499104702,504.6962509070758,8.024990033944167e-06,False,497.66872610210726
2033,8.538084361048282,505.4987499104702,504.6962509070758,8.024990033944167e-06,False,497.66872610210726
2034,8.521008192326185,504.7692498349005,504.7692498349005,0.0,True,497.66872610210726
2035,8.503966175941533,502.37203470345173,502.37203470345173,0.0,True,497.66872610210726
2036,8.486958243589651,502.37203470345173,502.37203470345173,0.0,True,497.66872610210726
2037,8.469984327102472,502.37203470345173,502.37203470345173,0.0,True,497.66872610210726
2038,8.453044358448267,502.37203470345173,502.37203470345173,0.0,True,497.66872610210726
2039,8.436138269731371,502.37203470345173,502.37203470345173,0.0,True,497.66872610210726
2040,8.419265993191908,502.37203470345173,502.37203470345173,0.0,True,497.66872610210726
2041,8.402427461205525,502.37203470345173,502.37203470345173,0.0,True,497.66872610210726
2042,8.385622606283114,502.37203470345173,502.37203470345173,0.0,True,497.66872610210726
2043,8.368851361070547,502.37203470345173,502.37203470345173,0.0,True,497.66872610210726
2044,8.352113658348406,502.37203470345173,502.37203470345173,0.0,True,497.66872610210726
2045,8.33540943103171,502.37203470345173,502.37203470345173,0.0,True,497.66872610210726
2046,8.318738612169646,503.7183735883823,503.7183735883823,0.0,True,497.66872610210726
2047,8.302101134945307,503.7183735883823,503.7183735883823,0.0,True,497.66872610210726
2048,8.285496932675416,503.7183735883823,503.7183735883823,0.0,True,497.66872610210726
2049,8.268925938810066,503.7183735883823,503.7183735883823,0.0,True,497.66872610210726
2050,8.252388086932445,503.7183735883823,503.7183735883823,0.0,True,497.66872610210726
2051,8.235883310758581,503.7183735883823,503.7183735883823,0.0,True,497.66872610210726
2052,8.219411544137063,503.7183735883823,503.7183735883823,0.0,True,497.66872610210726
2053,8.20297272104879,503.7183735883823,503.7183735883823,0.0,True,497.66872610210726
2054,8.186566775606693,503.7183735883823,503.7183735883823,0.0,True,497.66872610210726
2055,8.170193642055478,503.7183735883823,503.7183735883823,0.0,True,497.66872610210726
2056,8.153853254771368,503.7183735883823,503.7183735883823,0.0,True,497.66872610210726
2057,8.137545548261825,503.7183735883823,503.7183735883823,0.0,True,497.66872610210726
2058,8.1212704571653,503.7183735883823,503.7183735883823,0.0,True,497.66872610210726
2059,8.10502791625097,503.7183735883823,503.7183735883823,0.0,True,497.66872610210726
2060,8.088817860418468,503.7183735883823,503.7183735883823,0.0,True,497.66872610210726
2061,8.072640224697631,503.7183735883823,503.7183735883823,0.0,True,497.66872610210726
2062,8.056494944248236,503.7183735883823,503.7183735883823,0.0,True,497.66872610210726
2063,8.04038195435974,503.7183735883823,503.7183735883823,0.0,True,497.66872610210726
2064,8.02430119045102,503.7183735883823,503.7183735883823,0.0,True,497.66872610210726
2065,8.008252588070118,532.3658160378259,532.3658160378259,0.0,True,497.66872610210726
2066,7.992236082893977,531.3905000887602,518.1736609226452,0.00013216839166114945,False,497.66872610210726
2067,7.976251610728189,531.3905000887602,518.1736609226452,0.00013216839166114945,False,497.66872610210726
2068,7.960299107506733,527.3899390773282,519.4261203220423,7.963818755285992e-05,False,497.66872610210726
2069,7.944378509291719,527.3899390773282,519.4261203220423,7.963818755285992e-05,False,497.66872610210726
2070,7.928489752273136,527.3899390773282,519.4261203220423,7.963818755285992e-05,False,497.66872610210726
2071,7.91263277276859,527.3899390773282,519.4261203220423,7.963818755285992e-05,False,497.66872610210726
2072,7.896807507223053,527.3899390773282,519.4261203220423,7.963818755285992e-05,False,497.66872610210726
2073,7.881013892208607,527.3899390773282,519.4261203220423,7.963818755285992e-05,False,497.66872610210726
2074,7.86525186442419,527.3899390773282,519.4261203220423,7.963818755285992e-05,False,497.66872610210726
2075,7.849521360695341,527.3899390773282,519.4261203220423,7.963818755285992e-05,False,497.66872610210726
2076,7.833822317973951,527.3899390773282,519.4261203220423,7.963818755285992e-05,False,497.66872610210726
2077,7.818154673338003,527.3899390773282,519.4261203220423,7.963818755285992e-05,False,497.66872610210726
2078,7.802518363991327,522.0045049744036,522.0045049744036,0.0,True,497.66872610210726
2079,7.786913327263345,522.0045049744036,522.0045049744036,0.0,True,497.66872610210726
2080,7.771339500608818,522.0045049744036,522.0045049744036,0.0,True,497.66872610210726
2081,7.7557968216076,527.7151594955191,527.7151594955191,0.0,True,497.66872610210726
2082,7.740285227964384,527.7151594955191,527.7151594955191,0.0,True,497.66872610210726
2083,7.7248046575084555,527.7151594955191,527.7151594955191,0.0,True,497.66872610210726
2084,7.709355048193439,527.7151594955191,527.7151594955191,0.0,True,497.66872610210726
2085,7.6939363380970525,527.7151594955191,527.7151594955191,0.0,True,497.66872610210726
2086,7.6785484654208584,527.7151594955191,527.7151594955191,0.0,True,497.66872610210726
2087,7.663191368490017,527.7151594955191,527.7151594955191,0.0,True,497.66872610210726
2088,7.647864985753037,527.7151594955191,527.7151594955191,0.0,True,497.66872610210726
2089,7.63256925578153,527.7151594955191,527.7151594955191,0.0,True,497.66872610210726
2090,7.617304117269967,527.7151594955191,527.7151594955191,0.0,True,497.66872610210726
2091,7.602069509035427,527.7151594955191,527.7151594955191,0.0,True,497.66872610210726
2092,7.586865370017357,527.7151594955191,527.7151594955191,0.0,True,497.66872610210726
2093,7.571691639277322,527.7151594955191,527.7151594955191,0.0,True,497.66872610210726
2094,7.556548255998767,526.2435556286704,520.3604587747003,5.8830968539700235e-05,False,497.66872610210726
2095,7.5414351594867695,526.2435556286704,520.3604587747003,5.8830968539700235e-05,False,497.66872610210726
2096,7.526352289167796,526.2435556286704,520.3604587747003,5.8830968539700235e-05,False,497.66872610210726
2097,7.51129958458946,526.2435556286704,520.3604587747003,5.8830968539700235e-05,False,497.66872610210726
2098,7.49627698542028,526.2435556286704,520.3604587747003,5.8830968539700235e-05,False,497.66872610210726
2099,7.48128443144944,526.2435556286704,520.3604587747003,5.8830968539700235e-05,False,497.66872610210726
2100,7.4663218625865415,526.2435556286704,520.3604587747003,5.8830968539700235e-05,False,497.66872610210726
2101,7.451389218861369,526.2435556286704,520.3604587747003,5.8830968539700235e-05,False,497.66872610210726
2102,7.436486440423646,526.2435556286704,520.3604587747003,5.8830968539700235e-05,False,497.66872610210726
2103,7.421613467542799,519.2168196568197,519.2168196568197,0.0,True,497.66872610210726
2104,7.406770240607713,519.2168196568197,519.2168196568197,0.0,True,497.66872610210726
2105,7.391956700126498,519.2168196568197,519.2168196568197,0.0,True,497.66872610210726
2106,7.377172786726245,519.2168196568197,519.2168196568197,0.0,True,497.66872610210726
2107,7.362418441152792,519.2168196568197,519.2168196568197,0.0,True,497.66872610210726
2108,7.347693604270487,519.2168196568197,519.2168196568197,0.0,True,497.66872610210726
2109,7.332998217061945,519.2168196568197,519.2168196568197,0.0,True,497.66872610210726
2110,7.318332220627822,519.2168196568197,519.2168196568197,0.0,True,497.66872610210726
2111,7.303695556186566,519.2168196568197,519.2168196568197,0.0,True,497.66872610210726
2112,7.289088165074193,519.2168196568197,519.2168196568197,0.0,True,497.66872610210726
2113,7.274509988744045,519.2168196568197,519.2168196568197,0.0,True,497.66872610210726
2114,7.259960968766557,512.1858977274724,512.1858977274724,0.0,True,497.66872610210726
2115,7.245441046829024,512.1858977274724,512.1858977274724,0.0,True,497.66872610210726
2116,7.230950164735366,512.1858977274724,512.1858977274724,0.0,True,497.66872610210726
2117,7.216488264405895,512.1858977274724,512.1858977274724,0.0,True,497.66872610210726
2118,7.202055287877084,512.1858977274724,512.1858977274724,0.0,True,497.66872610210726
2119,7.18765117730133,512.1858977274724,512.1858977274724,0.0,True,497.66872610210726
2120,7.173275874946727,512.1858977274724,512.1858977274724,0.0,True,497.66872610210726
2121,7.158929323196833,512.1858977274724,512.1858977274724,0.0,True,497.66872610210726
2122,7.144611464550439,512.1858977274724,512.1858977274724,0.0,True,497.66872610210726
2123,7.1303222416213385,512.1858977274724,512.1858977274724,0.0,True,497.66872610210726
2124,7.116061597138096,511.5862797288165,509.6048643764867,1.9814153523298316e-05,False,497.66872610210726
2125,7.10182947394382,511.5862797288165,509.6048643764867,1.9814153523298316e-05,False,497.66872610210726
2126,7.087625814995932,511.5862797288165,509.6048643764867,1.9814153523298316e-05,False,497.66872610210726
2127,7.07345056336594,511.5862797288165,509.6048643764867,1.9814153523298316e-05,False,497.66872610210726
2128,7.059303662239208,511.5862797288165,509.6048643764867,1.9814153523298316e-05,False,497.66872610210726
2129,7.04518505491473,507.8477580824265,507.8477580824265,0.0,True,497.66872610210726
2130,7.0310946848049,507.38969688333407,489.95976752235777,0.00017429929360976296,False,497.66872610210726
2131,7.0170324954352905,507.38969688333407,489.95976752235777,0.00017429929360976296,False,497.66872610210726
2132,7.0029984304444195,507.38969688333407,489.95976752235777,0.00017429929360976296,False,497.66872610210726
2133,6.9889924335835305,507.38969688333407,489.95976752235777,0.00017429929360976296,False,497.66872610210726
2134,6.9750144487163634,507.38969688333407,489.95976752235777,0.00017429929360976296,False,497.66872610210726
2135,6.961064419818931,507.38969688333407,489.95976752235777,0.00017429929360976296,False,497.66872610210726
2136,6.9471422909792935,507.38969688333407,489.95976752235777,0.00017429929360976296,False,497.66872610210726
2137,6.933248006397335,507.38969688333407,489.95976752235777,0.00017429929360976296,False,497.66872610210726
2138,6.91938151038454,507.38969688333407,489.95976752235777,0.00017429929360976296,False,497.66872610210726
2139,6.905542747363771,507.38969688333407,489.95976752235777,0.00017429929360976296,False,497.66872610210726
2140,6.891731661869044,507.38969688333407,489.95976752235777,0.00017429929360976296,False,497.66872610210726
2141,6.877948198545306,510.97073023426526,510.97073023426526,0.0,True,497.66872610210726
2142,6.864192302148216,510.97073023426526,510.97073023426526,0.0,True,497.66872610210726
2143,6.8504639175439195,510.97073023426526,510.97073023426526,0.0,True,497.66872610210726
2144,6.836762989708832,510.97073023426526,510.97073023426526,0.0,True,497.66872610210726
2145,6.8230894637294135,510.97073023426526,510.97073023426526,0.0,True,497.66872610210726
2146,6.809443284801954,510.97073023426526,510.97073023426526,0.0,True,497.66872610210726
2147,6.795824398232351,510.97073023426526,510.97073023426526,0.0,True,497.66872610210726
2148,6.782232749435886,510.97073023426526,510.97073023426526,0.0,True,497.66872610210726
2149,6.768668283937014,510.97073023426526,510.97073023426526,0.0,True,497.66872610210726
2150,6.75513094736914,510.97073023426526,510.97073023426526,0.0,True,497.66872610210726
2151,6.741620685474402,510.97073023426526,510.97073023426526,0.0,True,497.66872610210726
2152,6.728137444103453,510.97073023426526,510.97073023426526,0.0,True,497.66872610210726
2153,6.714681169215246,510.97073023426526,510.97073023426526,0.0,True,497.66872610210726
2154,6.701251806876815,510.97073023426526,510.97073023426526,0.0,True,497.66872610210726
2155,6.687849303263062,510.97073023426526,510.97073023426526,0.0,True,497.66872610210726
2156,6.674473604656535,510.97073023426526,510.97073023426526,0.0,True,497.66872610210726
2157,6.661124657447222,510.97073023426526,510.97073023426526,0.0,True,497.66872610210726
2158,6.6478024081323275,510.97073023426526,510.97073023426526,0.0,True,497.66872610210726
2159,6.634506803316063,510.97073023426526,510.97073023426526,0.0,True,497.66872610210726
2160,6.62123778970943,510.97073023426526,510.97073023426526,0.0,True,497.66872610210726
2161,6.607995314130012,510.97073023426526,510.97073023426526,0.0,True,497.66872610210726
2162,6.5947793235017516,510.97073023426526,510.97073023426526,0.0,True,497.66872610210726
2163,6.581589764854748,510.97073023426526,510.97073023426526,0.0,True,497.66872610210726
2164,6.568426585325038,510.97073023426526,510.97073023426526,0.0,True,497.66872610210726
2165,6.555289732154388,510.97073023426526,510.97073023426526,0.0,True,497.66872610210726
2166,6.542179152690079,514.5547593144156,494.5296702432695,0.00020025089071146098,False,497.66872610210726
2167,6.529094794384699,513.4381053708249,513.4381053708249,0.0,True,497.66872610210726
2168,6.5160366047959295,513.4381053708249,513.4381053708249,0.0,True,497.66872610210726
2169,6.503004531586337,513.4381053708249,513.4381053708249,0.0,True,497.66872610210726
2170,6.489998522523165,513.4381053708249,513.4381053708249,0.0,True,497.66872610210726
2171,6.477018525478119,513.4381053708249,513.4381053708249,0.0,True,497.66872610210726
2172,6.464064488427162,513.4381053708249,513.4381053708249,0.0,True,497.66872610210726
2173,6.451136359450308,513.4381053708249,513.4381053708249,0.0,True,497.66872610210726
2174,6.438234086731407,513.4381053708249,513.4381053708249,0.0,True,497.66872610210726
2175,6.425357618557944,513.4381053708249,513.4381053708249,0.0,True,497.66872610210726
2176,6.412506903320828,513.4381053708249,513.4381053708249,0.0,True,497.66872610210726
2177,6.399681889514187,512.9341034719138,512.9341034719138,0.0,True,497.66872610210726
2178,6.3868825257351585,512.9341034719138,512.9341034719138,0.0,True,497.66872610210726
2179,6.374108760683688,512.9341034719138,512.9341034719138,0.0,True,497.66872610210726
2180,6.361360543162321,510.334941241101,508.5775724619179,1.757368779183105e-05,False,497.66872610210726
2181,6.348637822075996,504.80001878996643,504.80001878996643,0.0,True,497.66872610210726
2182,6.335940546431844,504.80001878996643,504.80001878996643,0.0,True,497.66872610210726
2183,6.32326866533898,504.80001878996643,504.80001878996643,0.0,True,497.66872610210726
2184,6.310622128008302,504.80001878996643,504.80001878996643,0.0,True,497.66872610210726
2185,6.298000883752286,504.80001878996643,504.80001878996643,0.0,True,497.66872610210726
2186,6.285404881984781,504.80001878996643,504.80001878996643,0.0,True,497.66872610210726
2187,6.272834072220811,504.80001878996643,504.80001878996643,0.0,True,497.66872610210726
2188,6.26028840407637,504.80001878996643,504.80001878996643,0.0,True,497.66872610210726
2189,6.247767827268217,504.80001878996643,504.80001878996643,0.0,True,497.66872610210726
2190,6.235272291613681,504.80001878996643,504.80001878996643,0.0,True,497.66872610210726
2191,6.222801747030454,504.80001878996643,504.80001878996643,0.0,True,497.66872610210726
2192,6.210356143536393,504.80001878996643,504.80001878996643,0.0,True,497.66872610210726
2193,6.197935431249321,504.80001878996643,504.80001878996643,0.0,True,497.66872610210726
2194,6.185539560386823,504.80001878996643,504.80001878996643,0.0,True,497.66872610210726
2195,6.173168481266049,504.80001878996643,504.80001878996643,0.0,True,497.66872610210726
2196,6.160822144303516,504.80001878996643,504.80001878996643,0.0,True,497.66872610210726
2197,6.148500500014909,504.80001878996643,504.80001878996643,0.0,True,497.66872610210726
2198,6.136203499014879,504.80001878996643,504.80001878996643,0.0,True,497.66872610210726
2199,6.12393109201685,504.80001878996643,504.80001878996643,0.0,True,497.66872610210726
2200,6.111683229832816,504.80001878996643,504.80001878996643,0.0,True,497.66872610210726
2201,6.09945986337315,504.80001878996643,504.80001878996643,0.0,True,497.66872610210726
2202,6.087260943646404,504.80001878996643,504.80001878996643,0.0,True,497.66872610210726
2203,6.075086421759112,504.80001878996643,504.80001878996643,0.0,True,497.66872610210726
2204,6.062936248915594,504.80001878996643,504.80001878996643,0.0,True,497.66872610210726
2205,6.050810376417762,504.80001878996643,504.80001878996643,0.0,True,497.66872610210726
2206,6.038708755664927,504.80001878996643,504.80001878996643,0.0,True,497.66872610210726
2207,6.026631338153597,504.80001878996643,504.80001878996643,0.0,True,497.66872610210726
2208,6.0145780754772895,504.80001878996643,504.80001878996643,0.0,True,497.66872610210726
2209,6.002548919326335,504.80001878996643,504.80001878996643,0.0,True,497.66872610210726
2210,5.990543821487682,504.80001878996643,504.80001878996643,0.0,True,497.66872610210726
2211,5.978562733844707,504.80001878996643,504.80001878996643,0.0,True,497.66872610210726
2212,5.966605608377018,504.80001878996643,504.80001878996643,0.0,True,497.66872610210726
2213,5.954672397160263,504.80001878996643,504.80001878996643,0.0,True,497.66872610210726
2214,5.942763052365943,504.80001878996643,504.80001878996643,0.0,True,497.66872610210726
2215,5.930877526261211,504.80001878996643,504.80001878996643,0.0,True,497.66872610210726
2216,5.919015771208689,504.80001878996643,504.80001878996643,0.0,True,497.66872610210726
2217,5.907177739666271,504.80001878996643,504.80001878996643,0.0,True,497.66872610210726
2218,5.895363384186939,514.1776239597042,493.3712271698521,0.00020806396789852059,False,497.66872610210726
2219,5.883572657418565,514.1776239597042,493.3712271698521,0.00020806396789852059,False,497.66872610210726
2220,5.871805512103728,514.1776239597042,493.3712271698521,0.00020806396789852059,False,497.66872610210726
2221,5.86006190107952,514.1776239597042,493.3712271698521,0.00020806396789852059,False,497.66872610210726
2222,5.848341777277361,499.04909553490506,499.04909553490506,0.0,True,497.66872610210726
2223,5.836645093722806,499.04909553490506,499.04909553490506,0.0,True,497.66872610210726
2224,5.824971803535361,499.04909553490506,499.04909553490506,0.0,True,497.66872610210726
2225,5.81332185992829,499.04909553490506,499.04909553490506,0.0,True,497.66872610210726
2226,5.801695216208433,499.04909553490506,499.04909553490506,0.0,True,497.66872610210726
2227,5.790091825776016,499.04909553490506,499.04909553490506,0.0,True,497.66872610210726
2228,5.778511642124464,499.04909553490506,499.04909553490506,0.0,True,497.66872610210726
2229,5.766954618840215,499.04909553490506,499.04909553490506,0.0,True,497.66872610210726
2230,5.755420709602534,499.04909553490506,499.04909553490506,0.0,True,497.66872610210726
2231,5.743909868183329,499.04909553490506,499.04909553490506,0.0,True,497.66872610210726
2232,5.732422048446963,499.04909553490506,499.04909553490506,0.0,True,497.66872610210726
2233,5.720957204350069,499.04909553490506,499.04909553490506,0.0,True,497.66872610210726
2234,5.709515289941368,499.04909553490506,499.04909553490506,0.0,True,497.66872610210726
2235,5.698096259361486,507.33290016119923,499.51874043882253,7.814159722376696e-05,False,497.66872610210726
2236,5.6867000668427625,507.33290016119923,499.51874043882253,7.814159722376696e-05,False,497.66872610210726
2237,5.675326666709077,509.0287090019782,498.9673039677375,0.00010061405034240706,False,497.66872610210726
2238,5.66397601337566,509.0287090019782,498.9673039677375,0.00010061405034240706,False,497.66872610210726
2239,5.652648061348908,509.0287090019782,498.9673039677375,0.00010061405034240706,False,497.66872610210726
2240,5.64134276522621,509.0287090019782,498.9673039677375,0.00010061405034240706,False,497.66872610210726
2241,5.630060079695758,509.0287090019782,498.9673039677375,0.00010061405034240706,False,497.66872610210726
2242,5.618799959536366,508.7198823408776,507.46533614380775,1.2545461970698216e-05,False,497.66872610210726
2243,5.607562359617293,508.7198823408776,507.46533614380775,1.2545461970698216e-05,False,497.66872610210726
2244,5.596347234898058,508.7198823408776,507.46533614380775,1.2545461970698216e-05,False,497.66872610210726
2245,5.585154540428262,508.7198823408776,507.46533614380775,1.2545461970698216e-05,False,497.66872610210726
2246,5.5739842313474055,508.7198823408776,507.46533614380775,1.2545461970698216e-05,False,497.66872610210726
2247,5.56283626288471,508.7198823408776,507.46533614380775,1.2545461970698216e-05,False,497.66872610210726
2248,5.551710590358941,508.7198823408776,507.46533614380775,1.2545461970698216e-05,False,497.66872610210726
2249,5.540607169178223,508.7198823408776,507.46533614380775,1.2545461970698216e-05,False,497.66872610210726
2250,5.529525954839866,508.7198823408776,507.46533614380775,1.2545461970698216e-05,False,497.66872610210726
2251,5.518466902930187,508.7198823408776,507.46533614380775,1.2545461970698216e-05,False,497.66872610210726
2252,5.507429969124327,508.7198823408776,507.46533614380775,1.2545461970698216e-05,False,497.66872610210726
2253,5.496415109186078,508.7198823408776,507.46533614380775,1.2545461970698216e-05,False,497.66872610210726
2254,5.485422278967706,507.2662892396187,507.2662892396187,0.0,True,497.66872610210726
2255,5.474451434409771,507.2662892396187,507.2662892396187,0.0,True,497.66872610210726
2256,5.463502531540951,516.4487243556962,506.04212732223425,0.00010406597033461936,False,497.66872610210726
2257,5.452575526477869,516.4487243556962,506.04212732223425,0.00010406597033461936,False,497.66872610210726
2258,5.441670375424913,516.6823282193214,516.6823282193214,0.0,True,497.66872610210726
2259,5.430787034674063,516.6823282193214,516.6823282193214,0.0,True,497.66872610210726
2260,5.419925460604715,516.6823282193214,516.6823282193214,0.0,True,497.66872610210726
2261,5.409085609683506,515.4250944562395,515.4250944562395,0.0,True,497.66872610210726
2262,5.3982674384641385,515.4250944562395,515.4250944562395,0.0,True,497.66872610210726
2263,5.38747090358721,524.3214500006633,524.3214500006633,0.0,True,497.66872610210726
2264,5.376695961780036,524.3214500006633,524.3214500006633,0.0,True,497.66872610210726
2265,5.365942569856475,514.1980193215343,514.1980193215343,0.0,True,497.66872610210726
2266,5.355210684716762,514.1980193215343,514.1980193215343,0.0,True,497.66872610210726
2267,5.344500263347329,514.1980193215343,514.1980193215343,0.0,True,497.66872610210726
2268,5.3338112628206344,514.1980193215343,514.1980193215343,0.0,True,497.66872610210726
2269,5.323143640294993,514.1980193215343,514.1980193215343,0.0,True,497.66872610210726
2270,5.312497353014403,518.2267611049768,518.2267611049768,0.0,True,497.66872610210726
2271,5.3018723583083744,518.2267611049768,518.2267611049768,0.0,True,497.66872610210726
2272,5.2912686135917575,518.2267611049768,518.2267611049768,0.0,True,497.66872610210726
2273,5.2806860763645735,519.6102003144142,494.69589097899456,0.000249143093354197,False,497.66872610210726
2274,5.270124704211844,519.6102003144142,494.69589097899456,0.000249143093354197,False,497.66872610210726
2275,5.259584454803421,519.6102003144142,494.69589097899456,0.000249143093354197,False,497.66872610210726
2276,5.249065285893814,519.6102003144142,494.69589097899456,0.000249143093354197,False,497.66872610210726
2277,5.238567155322027,523.7691967537721,523.7691967537721,0.0,True,497.66872610210726
2278,5.228090021011383,505.4032429534052,501.47054746329513,3.93269549011005e-05,False,497.66872610210726
2279,5.21763384096936,505.4032429534052,501.47054746329513,3.93269549011005e-05,False,497.66872610210726
2280,5.207198573287421,505.4032429534052,501.47054746329513,3.93269549011005e-05,False,497.66872610210726
2281,5.196784176140846,505.4032429534052,501.47054746329513,3.93269549011005e-05,False,497.66872610210726
2282,5.186390607788565,505.4032429534052,501.47054746329513,3.93269549011005e-05,False,497.66872610210726
2283,5.176017826572988,505.4032429534052,501.47054746329513,3.93269549011005e-05,False,497.66872610210726
2284,5.165665790919841,505.4032429534052,501.47054746329513,3.93269549011005e-05,False,497.66872610210726
2285,5.155334459338001,505.4032429534052,501.47054746329513,3.93269549011005e-05,False,497.66872610210726
2286,5.145023790419326,505.4032429534052,501.47054746329513,3.93269549011005e-05,False,497.66872610210726
2287,5.134733742838487,505.4032429534052,501.47054746329513,3.93269549011005e-05,False,497.66872610210726
2288,5.1244642753528105,503.8928473955312,500.09862585742553,3.794221538105686e-05,False,497.66872610210726
2289,5.114215346802105,503.8928473955312,500.09862585742553,3.794221538105686e-05,False,497.66872610210726
2290,5.103986916108501,503.8928473955312,500.09862585742553,3.794221538105686e-05,False,497.66872610210726
2291,5.093778942276284,503.8928473955312,500.09862585742553,3.794221538105686e-05,False,497.66872610210726
2292,5.083591384391731,509.0502889430186,496.2137515233302,0.00012836537419688425,False,497.66872610210726
2293,5.073424201622948,509.0502889430186,496.2137515233302,0.00012836537419688425,False,497.66872610210726
2294,5.063277353219702,509.0502889430186,496.2137515233302,0.00012836537419688425,False,497.66872610210726
2295,5.053150798513262,509.0502889430186,496.2137515233302,0.00012836537419688425,False,497.66872610210726
2296,5.043044496916235,509.0502889430186,496.2137515233302,0.00012836537419688425,False,497.66872610210726
2297,5.032958407922403,509.0502889430186,496.2137515233302,0.00012836537419688425,False,497.66872610210726
2298,5.022892491106559,509.0502889430186,496.2137515233302,0.00012836537419688425,False,497.66872610210726
2299,5.012846706124345,512.1242025544965,512.1242025544965,0.0,True,497.66872610210726
2300,5.002821012712096,512.1242025544965,512.1242025544965,0.0,True,497.66872610210726
2301,4.992815370686672,512.1242025544965,512.1242025544965,0.0,True,497.66872610210726
2302,4.9828297399452985,510.4984287554156,510.4984287554156,0.0,True,497.66872610210726
2303,4.972864080465408,510.4984287554156,510.4984287554156,0.0,True,497.66872610210726
2304,4.962918352304477,510.4984287554156,510.4984287554156,0.0,True,497.66872610210726
2305,4.952992515599869,510.4984287554156,510.4984287554156,0.0,True,497.66872610210726
2306,4.943086530568669,510.4984287554156,510.4984287554156,0.0,True,497.66872610210726
2307,4.933200357507531,510.4984287554156,510.4984287554156,0.0,True,497.66872610210726
2308,4.923333956792517,510.4984287554156,510.4984287554156,0.0,True,497.66872610210726
2309,4.913487288878931,510.4984287554156,510.4984287554156,0.0,True,497.66872610210726
2310,4.903660314301174,510.4984287554156,510.4984287554156,0.0,True,497.66872610210726
2311,4.893852993672572,510.4984287554156,510.4984287554156,0.0,True,497.66872610210726
2312,4.884065287685226,510.4984287554156,510.4984287554156,0.0,True,497.66872610210726
2313,4.874297157109856,510.4984287554156,510.4984287554156,0.0,True,497.66872610210726
2314,4.864548562795636,510.4984287554156,510.4984287554156,0.0,True,497.66872610210726
2315,4.854819465670045,510.4984287554156,510.4984287554156,0.0,True,497.66872610210726
2316,4.845109826738705,510.4984287554156,510.4984287554156,0.0,True,497.66872610210726
2317,4.835419607085227,510.4984287554156,510.4984287554156,0.0,True,497.66872610210726
2318,4.825748767871056,510.4984287554156,510.4984287554156,0.0,True,497.66872610210726
2319,4.816097270335314,510.4984287554156,510.4984287554156,0.0,True,497.66872610210726
2320,4.806465075794644,510.4984287554156,510.4984287554156,0.0,True,497.66872610210726
2321,4.796852145643054,510.4984287554156,510.4984287554156,0.0,True,497.66872610210726
2322,4.787258441351768,510.4984287554156,510.4984287554156,0.0,True,497.66872610210726
2323,4.7776839244690645,510.4984287554156,510.4984287554156,0.0,True,497.66872610210726
2324,4.768128556620127,510.4984287554156,510.4984287554156,0.0,True,497.66872610210726
2325,4.758592299506886,510.4984287554156,510.4984287554156,0.0,True,497.66872610210726
2326,4.749075114907872,510.4984287554156,510.4984287554156,0.0,True,497.66872610210726
2327,4.739576964678056,510.4984287554156,510.4984287554156,0.0,True,497.66872610210726
2328,4.7300978107487,510.4984287554156,510.4984287554156,0.0,True,497.66872610210726
2329,4.7206376151272025,510.4984287554156,510.4984287554156,0.0,True,497.66872610210726
2330,4.711196339896948,510.4984287554156,510.4984287554156,0.0,True,497.66872610210726
2331,4.701773947217154,510.4984287554156,510.4984287554156,0.0,True,497.66872610210726
2332,4.692370399322719,510.4984287554156,510.4984287554156,0.0,True,497.66872610210726
2333,4.682985658524074,510.4984287554156,510.4984287554156,0.0,True,497.66872610210726
2334,4.673619687207026,510.4984287554156,510.4984287554156,0.0,True,497.66872610210726
2335,4.664272447832612,510.4984287554156,510.4984287554156,0.0,True,497.66872610210726
2336,4.654943902936947,510.4984287554156,510.4984287554156,0.0,True,497.66872610210726
2337,4.645634015131073,510.4984287554156,510.4984287554156,0.0,True,497.66872610210726
2338,4.6363427471008105,510.4984287554156,510.4984287554156,0.0,True,497.66872610210726
2339,4.6270700616066085,510.4984287554156,510.4984287554156,0.0,True,497.66872610210726
2340,4.617815921483396,510.4984287554156,510.4984287554156,0.0,True,497.66872610210726
2341,4.608580289640429,510.4984287554156,510.4984287554156,0.0,True,497.66872610210726
2342,4.599363129061148,510.4984287554156,510.4984287554156,0.0,True,497.66872610210726
2343,4.590164402803025,510.4984287554156,510.4984287554156,0.0,True,497.66872610210726
2344,4.580984073997419,510.4984287554156,510.4984287554156,0.0,True,497.66872610210726
2345,4.571822105849424,510.4984287554156,510.4984287554156,0.0,True,497.66872610210726
2346,4.562678461637725,510.4984287554156,510.4984287554156,0.0,True,497.66872610210726
2347,4.5535531047144495,510.4984287554156,510.4984287554156,0.0,True,497.66872610210726
2348,4.5444459985050205,510.4984287554156,510.4984287554156,0.0,True,497.66872610210726
2349,4.535357106508011,510.4984287554156,510.4984287554156,0.0,True,497.66872610210726
2350,4.5262863922949945,510.4984287554156,510.4984287554156,0.0,True,497.66872610210726
2351,4.5172338195104045,510.4984287554156,510.4984287554156,0.0,True,497.66872610210726
2352,4.508199351871384,510.4984287554156,510.4984287554156,0.0,True,497.66872610210726
2353,4.499182953167641,510.4984287554156,510.4984287554156,0.0,True,497.66872610210726
2354,4.4901845872613055,510.4984287554156,510.4984287554156,0.0,True,497.66872610210726
2355,4.481204218086783,510.4984287554156,510.4984287554156,0.0,True,497.66872610210726
2356,4.47224180965061,510.4984287554156,510.4984287554156,0.0,True,497.66872610210726
2357,4.4632973260313085,510.4984287554156,510.4984287554156,0.0,True,497.66872610210726
2358,4.454370731379246,510.4984287554156,510.4984287554156,0.0,True,497.66872610210726
2359,4.445461989916487,510.4984287554156,510.4984287554156,0.0,True,497.66872610210726
2360,4.436571065936654,510.4984287554156,510.4984287554156,0.0,True,497.66872610210726
2361,4.4276979238047804,510.4984287554156,510.4984287554156,0.0,True,497.66872610210726
2362,4.418842527957171,510.4984287554156,510.4984287554156,0.0,True,497.66872610210726
2363,4.410004842901257,510.4984287554156,510.4984287554156,0.0,True,497.66872610210726
2364,4.401184833215455,510.4984287554156,510.4984287554156,0.0,True,497.66872610210726
2365,4.392382463549024,510.4984287554156,510.4984287554156,0.0,True,497.66872610210726
2366,4.383597698621926,510.4984287554156,510.4984287554156,0.0,True,497.66872610210726
2367,4.374830503224682,510.4984287554156,510.4984287554156,0.0,True,497.66872610210726
2368,4.366080842218232,510.4984287554156,510.4984287554156,0.0,True,497.66872610210726
2369,4.3573486805337955,510.4984287554156,510.4984287554156,0.0,True,497.66872610210726
2370,4.348633983172728,510.4984287554156,510.4984287554156,0.0,True,497.66872610210726
2371,4.339936715206382,510.4984287554156,510.4984287554156,0.0,True,497.66872610210726
2372,4.331256841775969,508.7751181161169,508.7751181161169,0.0,True,497.66872610210726
2373,4.322594328092417,508.7751181161169,508.7751181161169,0.0,True,497.66872610210726
2374,4.313949139436232,508.7751181161169,508.7751181161169,0.0,True,497.66872610210726
2375,4.30532124115736,508.7751181161169,508.7751181161169,0.0,True,497.66872610210726
2376,4.296710598675046,508.7751181161169,508.7751181161169,0.0,True,497.66872610210726
2377,4.288117177477695,508.7751181161169,508.7751181161169,0.0,True,497.66872610210726
2378,4.27954094312274,505.7835030174878,505.7835030174878,0.0,True,497.66872610210726
2379,4.2709818612364945,505.7835030174878,505.7835030174878,0.0,True,497.66872610210726
2380,4.262439897514022,505.7835030174878,505.7835030174878,0.0,True,497.66872610210726
2381,4.2539150177189935,505.7835030174878,505.7835030174878,0.0,True,497.66872610210726
2382,4.245407187683555,505.7835030174878,505.7835030174878,0.0,True,497.66872610210726
2383,4.236916373308188,505.7835030174878,505.7835030174878,0.0,True,497.66872610210726
2384,4.228442540561572,505.7835030174878,505.7835030174878,0.0,True,497.66872610210726
2385,4.219985655480449,505.7835030174878,505.7835030174878,0.0,True,497.66872610210726
2386,4.211545684169488,505.7835030174878,505.7835030174878,0.0,True,497.66872610210726
2387,4.203122592801149,505.7835030174878,505.7835030174878,0.0,True,497.66872610210726
2388,4.194716347615547,505.7835030174878,505.7835030174878,0.0,True,497.66872610210726
2389,4.186326914920316,505.7835030174878,505.7835030174878,0.0,True,497.66872610210726
2390,4.177954261090475,505.7835030174878,505.7835030174878,0.0,True,497.66872610210726
2391,4.169598352568294,505.7835030174878,505.7835030174878,0.0,True,497.66872610210726
2392,4.161259155863157,508.2120938485602,498.11109714367876,0.00010100996704881422,False,497.66872610210726
2393,4.152936637551431,508.2120938485602,498.11109714367876,0.00010100996704881422,False,497.66872610210726
2394,4.144630764276328,508.2120938485602,498.11109714367876,0.00010100996704881422,False,497.66872610210726
2395,4.136341502747775,508.2120938485602,498.11109714367876,0.00010100996704881422,False,497.66872610210726
2396,4.128068819742279,508.2120938485602,498.11109714367876,0.00010100996704881422,False,497.66872610210726
2397,4.119812682102794,508.2120938485602,498.11109714367876,0.00010100996704881422,False,497.66872610210726
2398,4.111573056738589,508.2120938485602,498.11109714367876,0.00010100996704881422,False,497.66872610210726
2399,4.103349910625112,508.2120938485602,498.11109714367876,0.00010100996704881422,False,497.66872610210726
2400,4.095143210803862,508.2120938485602,498.11109714367876,0.00010100996704881422,False,497.66872610210726
2401,4.0869529243822535,508.2120938485602,498.11109714367876,0.00010100996704881422,False,497.66872610210726
2402,4.078779018533489,508.2120938485602,498.11109714367876,0.00010100996704881422,False,497.66872610210726
2403,4.070621460496422,508.2120938485602,498.11109714367876,0.00010100996704881422,False,497.66872610210726
2404,4.0624802175754295,508.2120938485602,498.11109714367876,0.00010100996704881422,False,497.66872610210726
2405,4.054355257140279,508.2120938485602,498.11109714367876,0.00010100996704881422,False,497.66872610210726
2406,4.046246546625999,508.2120938485602,498.11109714367876,0.00010100996704881422,False,497.66872610210726
2407,4.038154053532747,508.2120938485602,498.11109714367876,0.00010100996704881422,False,497.66872610210726
2408,4.0300777454256815,508.2120938485602,498.11109714367876,0.00010100996704881422,False,497.66872610210726
2409,4.02201758993483,507.63763142166374,507.63763142166374,0.0,True,497.66872610210726
2410,4.01397355475496,507.63763142166374,507.63763142166374,0.0,True,497.66872610210726
2411,4.00594560764545,507.63763142166374,507.63763142166374,0.0,True,497.66872610210726
2412,3.997933716430159,507.63763142166374,507.63763142166374,0.0,True,497.66872610210726
2413,3.9899378489972985,507.63763142166374,507.63763142166374,0.0,True,497.66872610210726
2414,3.981957973299304,507.63763142166374,507.63763142166374,0.0,True,497.66872610210726
2415,3.973994057352705,507.63763142166374,507.63763142166374,0.0,True,497.66872610210726
2416,3.9660460692379997,507.63763142166374,507.63763142166374,0.0,True,497.66872610210726
2417,3.958113977099524,507.63763142166374,507.63763142166374,0.0,True,497.66872610210726
2418,3.950197749145325,507.63763142166374,507.63763142166374,0.0,True,497.66872610210726
2419,3.9422973536470343,507.63763142166374,507.63763142166374,0.0,True,497.66872610210726
2420,3.9344127589397404,507.63763142166374,507.63763142166374,0.0,True,497.66872610210726
2421,3.926543933421861,507.63763142166374,507.63763142166374,0.0,True,497.66872610210726
2422,3.918690845555017,516.6553179299385,516.6553179299385,0.0,True,497.66872610210726
2423,3.9108534638639068,516.6553179299385,516.6553179299385,0.0,True,497.66872610210726
2424,3.903031756936179,516.6553179299385,516.6553179299385,0.0,True,497.66872610210726
2425,3.8952256934223066,516.6553179299385,516.6553179299385,0.0,True,497.66872610210726
2426,3.887435242035462,516.6553179299385,516.6553179299385,0.0,True,497.66872610210726
2427,3.879660371551391,516.6553179299385,516.6553179299385,0.0,True,497.66872610210726
2428,3.871901050808288,516.6553179299385,516.6553179299385,0.0,True,497.66872610210726
2429,3.8641572487066713,516.6553179299385,516.6553179299385,0.0,True,497.66872610210726
2430,3.856428934209258,516.6553179299385,516.6553179299385,0.0,True,497.66872610210726
2431,3.8487160763408395,516.6553179299385,516.6553179299385,0.0,True,497.66872610210726
2432,3.841018644188158,516.6553179299385,516.6553179299385,0.0,True,497.66872610210726
2433,3.8333366068997816,516.6553179299385,516.6553179299385,0.0,True,497.66872610210726
2434,3.825669933685982,516.6553179299385,516.6553179299385,0.0,True,497.66872610210726
2435,3.8180185938186098,509.6588795290888,509.6588795290888,0.0,True,497.66872610210726
2436,3.8103825566309726,509.6588795290888,509.6588795290888,0.0,True,497.66872610210726
2437,3.8027617915177108,509.6588795290888,509.6588795290888,0.0,True,497.66872610210726
2438,3.7951562679346753,509.6588795290888,509.6588795290888,0.0,True,497.66872610210726
2439,3.787565955398806,509.6588795290888,509.6588795290888,0.0,True,497.66872610210726
2440,3.7799908234880086,506.4672809007033,506.4672809007033,0.0,True,497.66872610210726
2441,3.7724308418410324,506.4672809007033,506.4672809007033,0.0,True,497.66872610210726
2442,3.7648859801573504,504.6066109952359,502.20433973563206,2.4022712596038016e-05,False,497.66872610210726
2443,3.7573562081970358,504.6066109952359,502.20433973563206,2.4022712596038016e-05,False,497.66872610210726
2444,3.749841495780642,504.6066109952359,502.20433973563206,2.4022712596038016e-05,False,497.66872610210726
2445,3.7423418127890806,504.6066109952359,502.20433973563206,2.4022712596038016e-05,False,497.66872610210726
2446,3.7348571291635024,504.6066109952359,502.20433973563206,2.4022712596038016e-05,False,497.66872610210726
2447,3.7273874149051753,504.6066109952359,502.20433973563206,2.4022712596038016e-05,False,497.66872610210726
2448,3.719932640075365,504.6066109952359,502.20433973563206,2.4022712596038016e-05,False,497.66872610210726
2449,3.7124927747952143,504.6066109952359,502.20433973563206,2.4022712596038016e-05,False,497.66872610210726
2450,3.705067789245624,504.6066109952359,502.20433973563206,2.4022712596038016e-05,False,497.66872610210726
2451,3.697657653667133,504.6066109952359,502.20433973563206,2.4022712596038016e-05,False,497.66872610210726
2452,3.6902623383597986,504.6066109952359,502.20433973563206,2.4022712596038016e-05,False,497.66872610210726
2453,3.6828818136830788,504.6066109952359,502.20433973563206,2.4022712596038016e-05,False,497.66872610210726
2454,3.6755160500557125,504.6066109952359,502.20433973563206,2.4022712596038016e-05,False,497.66872610210726
2455,3.668165017955601,504.6066109952359,502.20433973563206,2.4022712596038016e-05,False,497.66872610210726
2456,3.66082868791969,504.6066109952359,502.20433973563206,2.4022712596038016e-05,False,497.66872610210726
2457,3.653507030543851,504.6066109952359,502.20433973563206,2.4022712596038016e-05,False,497.66872610210726
2458,3.646200016482763,504.6066109952359,502.20433973563206,2.4022712596038016e-05,False,497.66872610210726
2459,3.6389076164497975,504.6066109952359,502.20433973563206,2.4022712596038016e-05,False,497.66872610210726
2460,3.631629801216898,504.6066109952359,502.20433973563206,2.4022712596038016e-05,False,497.66872610210726
2461,3.624366541614464,504.6066109952359,502.20433973563206,2.4022712596038016e-05,False,497.66872610210726
2462,3.617117808531235,504.6066109952359,502.20433973563206,2.4022712596038016e-05,False,497.66872610210726
2463,3.609883572914173,504.6066109952359,502.20433973563206,2.4022712596038016e-05,False,497.66872610210726
2464,3.6026638057683447,504.6066109952359,502.20433973563206,2.4022712596038016e-05,False,497.66872610210726
2465,3.5954584781568077,504.6066109952359,502.20433973563206,2.4022712596038016e-05,False,497.66872610210726
2466,3.588267561200494,504.6066109952359,502.20433973563206,2.4022712596038016e-05,False,497.66872610210726
2467,3.5810910260780933,504.6066109952359,502.20433973563206,2.4022712596038016e-05,False,497.66872610210726
2468,3.573928844025937,504.6066109952359,502.20433973563206,2.4022712596038016e-05,False,497.66872610210726
2469,3.566780986337885,504.6066109952359,502.20433973563206,2.4022712596038016e-05,False,497.66872610210726
2470,3.5596474243652096,504.6066109952359,502.20433973563206,2.4022712596038016e-05,False,497.66872610210726
2471,3.552528129516479,504.6066109952359,502.20433973563206,2.4022712596038016e-05,False,497.66872610210726
2472,3.545423073257446,504.6066109952359,502.20433973563206,2.4022712596038016e-05,False,497.66872610210726
2473,3.538332227110931,504.6066109952359,502.20433973563206,2.4022712596038016e-05,False,497.66872610210726
2474,3.531255562656709,504.6066109952359,502.20433973563206,2.4022712596038016e-05,False,497.66872610210726
2475,3.5241930515313955,504.6066109952359,502.20433973563206,2.4022712596038016e-05,False,497.66872610210726
2476,3.517144665428333,504.6066109952359,502.20433973563206,2.4022712596038016e-05,False,497.66872610210726
2477,3.5101103760974763,504.6066109952359,502.20433973563206,2.4022712596038016e-05,False,497.66872610210726
2478,3.5030901553452813,504.6066109952359,502.20433973563206,2.4022712596038016e-05,False,497.66872610210726
2479,3.496083975034591,504.6066109952359,502.20433973563206,2.4022712596038016e-05,False,497.66872610210726
2480,3.4890918070845216,504.6066109952359,502.20433973563206,2.4022712596038016e-05,False,497.66872610210726
2481,3.4821136234703527,504.6066109952359,502.20433973563206,2.4022712596038016e-05,False,497.66872610210726
2482,3.475149396223412,504.6066109952359,502.20433973563206,2.4022712596038016e-05,False,497.66872610210726
2483,3.468199097430965,504.6066109952359,502.20433973563206,2.4022712596038016e-05,False,497.66872610210726
2484,3.461262699236103,504.6066109952359,502.20433973563206,2.4022712596038016e-05,False,497.66872610210726
2485,3.4543401738376307,504.6066109952359,502.20433973563206,2.4022712596038016e-05,False,497.66872610210726
2486,3.4474314934899555,504.6066109952359,502.20433973563206,2.4022712596038016e-05,False,497.66872610210726
2487,3.4405366305029754,504.6066109952359,502.20433973563206,2.4022712596038016e-05,False,497.66872610210726
2488,3.4336555572419694,504.6066109952359,502.20433973563206,2.4022712596038016e-05,False,497.66872610210726
2489,3.4267882461274852,504.6066109952359,502.20433973563206,2.4022712596038016e-05,False,497.66872610210726
2490,3.4199346696352304,504.6066109952359,502.20433973563206,2.4022712596038016e-05,False,497.66872610210726
2491,3.41309480029596,504.6066109952359,502.20433973563206,2.4022712596038016e-05,False,497.66872610210726
2492,3.406268610695368,504.6066109952359,502.20433973563206,2.4022712596038016e-05,False,497.66872610210726
2493,3.3994560734739774,504.6066109952359,502.20433973563206,2.4022712596038016e-05,False,497.66872610210726
2494,3.3926571613270293,504.6066109952359,502.20433973563206,2.4022712596038016e-05,False,497.66872610210726
2495,3.3858718470043754,504.6066109952359,502.20433973563206,2.4022712596038016e-05,False,497.66872610210726
2496,3.3791001033103667,504.6066109952359,502.20433973563206,2.4022712596038016e-05,False,497.66872610210726
2497,3.372341903103746,504.6066109952359,502.20433973563206,2.4022712596038016e-05,False,497.66872610210726
2498,3.3655972192975385,504.6066109952359,502.20433973563206,2.4022712596038016e-05,False,497.66872610210726
2499,3.3588660248589433,504.6066109952359,502.20433973563206,2.4022712596038016e-05,False,497.66872610210726
2500,3.3521482928092254,504.6066109952359,502.20433973563206,2.4022712596038016e-05,False,497.66872610210726
2501,3.345443996223607,504.6066109952359,502.20433973563206,2.4022712596038016e-05,False,497.66872610210726
2502,3.3387531082311597,504.6066109952359,502.20433973563206,2.4022712596038016e-05,False,497.66872610210726
2503,3.3320756020146973,504.6066109952359,502.20433973563206,2.4022712596038016e-05,False,497.66872610210726
2504,3.325411450810668,504.6066109952359,502.20433973563206,2.4022712596038016e-05,False,497.66872610210726
2505,3.3187606279090462,504.6066109952359,502.20433973563206,2.4022712596038016e-05,False,497.66872610210726
2506,3.312123106653228,504.6066109952359,502.20433973563206,2.4022712596038016e-05,False,497.66872610210726
2507,3.3054988604399216,504.6066109952359,502.20433973563206,2.4022712596038016e-05,False,497.66872610210726
2508,3.2988878627190417,504.6066109952359,502.20433973563206,2.4022712596038016e-05,False,497.66872610210726
2509,3.2922900869936034,504.6066109952359,502.20433973563206,2.4022712596038016e-05,False,497.66872610210726
2510,3.285705506819616,504.6066109952359,502.20433973563206,2.4022712596038016e-05,False,497.66872610210726
2511,3.279134095805977,504.6066109952359,502.20433973563206,2.4022712596038016e-05,False,497.66872610210726
2512,3.272575827614365,504.6066109952359,502.20433973563206,2.4022712596038016e-05,False,497.66872610210726
2513,3.266030675959136,504.6066109952359,502.20433973563206,2.4022712596038016e-05,False,497.66872610210726
2514,3.259498614607218,504.6066109952359,502.20433973563206,2.4022712596038016e-05,False,497.66872610210726
2515,3.2529796173780032,504.6066109952359,502.20433973563206,2.4022712596038016e-05,False,497.66872610210726
2516,3.2464736581432474,504.6066109952359,502.20433973563206,2.4022712596038016e-05,False,497.66872610210726
2517,3.239980710826961,504.6066109952359,502.20433973563206,2.4022712596038016e-05,False,497.66872610210726
2518,3.233500749405307,504.6066109952359,502.20433973563206,2.4022712596038016e-05,False,497.66872610210726
2519,3.2270337479064963,504.6066109952359,502.20433973563206,2.4022712596038016e-05,False,497.66872610210726
2520,3.220579680410683,504.6066109952359,502.20433973563206,2.4022712596038016e-05,False,497.66872610210726
2521,3.2141385210498616,504.6066109952359,502.20433973563206,2.4022712596038016e-05,False,497.66872610210726
2522,3.207710244007762,504.6066109952359,502.20433973563206,2.4022712596038016e-05,False,497.66872610210726
2523,3.2012948235197465,504.6066109952359,502.20433973563206,2.4022712596038016e-05,False,497.66872610210726
2524,3.194892233872707,504.6066109952359,502.20433973563206,2.4022712596038016e-05,False,497.66872610210726
2525,3.1885024494049614,504.6066109952359,502.20433973563206,2.4022712596038016e-05,False,497.66872610210726
2526,3.1821254445061515,504.6066109952359,502.20433973563206,2.4022712596038016e-05,False,497.66872610210726
2527,3.1757611936171393,504.6066109952359,502.20433973563206,2.4022712596038016e-05,False,497.66872610210726
2528,3.169409671229905,504.6066109952359,502.20433973563206,2.4022712596038016e-05,False,497.66872610210726
2529,3.1630708518874453,504.6066109952359,502.20433973563206,2.4022712596038016e-05,False,497.66872610210726
2530,3.1567447101836703,504.6066109952359,502.20433973563206,2.4022712596038016e-05,False,497.66872610210726
2531,3.150431220763303,504.6066109952359,502.20433973563206,2.4022712596038016e-05,False,497.66872610210726
2532,3.1441303583217763,504.6066109952359,502.20433973563206,2.4022712596038016e-05,False,497.66872610210726
2533,3.137842097605133,504.6066109952359,502.20433973563206,2.4022712596038016e-05,False,497.66872610210726
2534,3.1315664134099226,504.6066109952359,502.20433973563206,2.4022712596038016e-05,False,497.66872610210726
2535,3.1253032805831027,504.6066109952359,502.20433973563206,2.4022712596038016e-05,False,497.66872610210726
2536,3.1190526740219364,504.6066109952359,502.20433973563206,2.4022712596038016e-05,False,497.66872610210726
2537,3.1128145686738926,504.6066109952359,502.20433973563206,2.4022712596038016e-05,False,497.66872610210726
2538,3.106588939536545,504.6066109952359,502.20433973563206,2.4022712596038016e-05,False,497.66872610210726
2539,3.100375761657472,504.6066109952359,502.20433973563206,2.4022712596038016e-05,False,497.66872610210726
2540,3.094175010134157,504.6066109952359,502.20433973563206,2.4022712596038016e-05,False,497.66872610210726
2541,3.087986660113889,504.6066109952359,502.20433973563206,2.4022712596038016e-05,False,497.66872610210726
2542,3.081810686793661,504.6066109952359,502.20433973563206,2.4022712596038016e-05,False,497.66872610210726
2543,3.075647065420074,504.6066109952359,502.20433973563206,2.4022712596038016e-05,False,497.66872610210726
2544,3.0694957712892337,504.6066109952359,502.20433973563206,2.4022712596038016e-05,False,497.66872610210726
2545,3.063356779746655,504.6066109952359,502.20433973563206,2.4022712596038016e-05,False,497.66872610210726
2546,3.0572300661871616,504.6066109952359,502.20433973563206,2.4022712596038016e-05,False,497.66872610210726
2547,3.0511156060547875,504.6066109952359,502.20433973563206,2.4022712596038016e-05,False,497.66872610210726
2548,3.0450133748426778,504.6066109952359,502.20433973563206,2.4022712596038016e-05,False,497.66872610210726
2549,3.0389233480929922,504.6066109952359,502.20433973563206,2.4022712596038016e-05,False,497.66872610210726
2550,3.0328455013968063,504.6066109952359,502.20433973563206,2.4022712596038016e-05,False,497.66872610210726
2551,3.0267798103940127,504.6066109952359,502.20433973563206,2.4022712596038016e-05,False,497.66872610210726
2552,3.0207262507732247,504.6066109952359,502.20433973563206,2.4022712596038016e-05,False,497.66872610210726
2553,3.014684798271678,504.6066109952359,502.20433973563206,2.4022712596038016e-05,False,497.66872610210726
2554,3.0086554286751346,504.6066109952359,502.20433973563206,2.4022712596038016e-05,False,497.66872610210726
2555,3.002638117817784,504.6066109952359,502.20433973563206,2.4022712596038016e-05,False,497.66872610210726
2556,2.9966328415821484,504.6066109952359,502.20433973563206,2.4022712596038016e-05,False,497.66872610210726
2557,2.990639575898984,504.6066109952359,502.20433973563206,2.4022712596038016e-05,False,497.66872610210726
2558,2.984658296747186,504.6066109952359,502.20433973563206,2.4022712596038016e-05,False,497.66872610210726
2559,2.9786889801536915,504.6066109952359,502.20433973563206,2.4022712596038016e-05,False,497.66872610210726
2560,2.972731602193384,504.6066109952359,502.20433973563206,2.4022712596038016e-05,False,497.66872610210726
2561,2.966786138988997,504.6066109952359,502.20433973563206,2.4022712596038016e-05,False,497.66872610210726
2562,2.960852566711019,504.6066109952359,502.20433973563206,2.4022712596038016e-05,False,497.66872610210726
2563,2.954930861577597,504.6066109952359,502.20433973563206,2.4022712596038016e-05,False,497.66872610210726
2564,2.949020999854442,504.6066109952359,502.20433973563206,2.4022712596038016e-05,False,497.66872610210726
2565,2.943122957854733,504.6066109952359,502.20433973563206,2.4022712596038016e-05,False,497.66872610210726
2566,2.9372367119390237,504.6066109952359,502.20433973563206,2.4022712596038016e-05,False,497.66872610210726
2567,2.9313622385151454,504.6066109952359,502.20433973563206,2.4022712596038016e-05,False,497.66872610210726
2568,2.925499514038115,504.6066109952359,502.20433973563206,2.4022712596038016e-05,False,497.66872610210726
2569,2.9196485150100386,504.6066109952359,502.20433973563206,2.4022712596038016e-05,False,497.66872610210726
2570,2.9138092179800186,504.6066109952359,502.20433973563206,2.4022712596038016e-05,False,497.66872610210726
2571,2.9079815995440583,504.6066109952359,502.20433973563206,2.4022712596038016e-05,False,497.66872610210726
2572,2.90216563634497,504.6066109952359,502.20433973563206,2.4022712596038016e-05,False,497.66872610210726
2573,2.89636130507228,504.6066109952359,502.20433973563206,2.4022712596038016e-05,False,497.66872610210726
2574,2.8905685824621354,504.6066109952359,502.20433973563206,2.4022712596038016e-05,False,497.66872610210726
2575,2.8847874452972113,504.6066109952359,502.20433973563206,2.4022712596038016e-05,False,497.66872610210726
2576,2.8790178704066167,504.6066109952359,502.20433973563206,2.4022712596038016e-05,False,497.66872610210726
2577,2.8732598346658036,504.6066109952359,502.20433973563206,2.4022712596038016e-05,False,497.66872610210726
2578,2.8675133149964718,504.6066109952359,502.20433973563206,2.4022712596038016e-05,False,497.66872610210726
2579,2.861778288366479,504.6066109952359,502.20433973563206,2.4022712596038016e-05,False,497.66872610210726
2580,2.856054731789746,504.6066109952359,502.20433973563206,2.4022712596038016e-05,False,497.66872610210726
2581,2.8503426223261665,504.6066109952359,502.20433973563206,2.4022712596038016e-05,False,497.66872610210726
2582,2.8446419370815144,504.6066109952359,502.20433973563206,2.4022712596038016e-05,False,497.66872610210726
2583,2.8389526532073512,504.6066109952359,502.20433973563206,2.4022712596038016e-05,False,497.66872610210726
2584,2.8332747479009366,504.6066109952359,502.20433973563206,2.4022712596038016e-05,False,497.66872610210726
2585,2.8276081984051347,504.6066109952359,502.20433973563206,2.4022712596038016e-05,False,497.66872610210726
2586,2.8219529820083245,504.6066109952359,502.20433973563206,2.4022712596038016e-05,False,497.66872610210726
2587,2.8163090760443077,504.6066109952359,502.20433973563206,2.4022712596038016e-05,False,497.66872610210726
2588,2.810676457892219,504.6066109952359,502.20433973563206,2.4022712596038016e-05,False,497.66872610210726
2589,2.805055104976435,504.6066109952359,502.20433973563206,2.4022712596038016e-05,False,497.66872610210726
2590,2.799444994766482,504.6066109952359,502.20433973563206,2.4022712596038016e-05,False,497.66872610210726
2591,2.7938461047769487,504.6066109952359,502.20433973563206,2.4022712596038016e-05,False,497.66872610210726
2592,2.788258412567395,504.6066109952359,502.20433973563206,2.4022712596038016e-05,False,497.66872610210726
2593,2.78268189574226,504.6066109952359,502.20433973563206,2.4022712596038016e-05,False,497.66872610210726
2594,2.777116531950776,504.6066109952359,502.20433973563206,2.4022712596038016e-05,False,497.66872610210726
2595,2.771562298886874,504.6066109952359,502.20433973563206,2.4022712596038016e-05,False,497.66872610210726
2596,2.7660191742891005,504.6066109952359,502.20433973563206,2.4022712596038016e-05,False,497.66872610210726
2597,2.7604871359405223,504.6066109952359,502.20433973563206,2.4022712596038016e-05,False,497.66872610210726
2598,2.754966161668641,504.6066109952359,502.20433973563206,2.4022712596038016e-05,False,497.66872610210726
2599,2.749456229345304,504.6066109952359,502.20433973563206,2.4022712596038016e-05,False,497.66872610210726
2600,2.7439573168866134,504.6066109952359,502.20433973563206,2.4022712596038016e-05,False,497.66872610210726
2601,2.73846940225284,504.6066109952359,502.20433973563206,2.4022712596038016e-05,False,497.66872610210726
2602,2.7329924634483347,504.6066109952359,502.20433973563206,2.4022712596038016e-05,False,497.66872610210726
2603,2.727526478521438,504.6066109952359,502.20433973563206,2.4022712596038016e-05,False,497.66872610210726
2604,2.7220714255643954,504.6066109952359,502.20433973563206,2.4022712596038016e-05,False,497.66872610210726
2605,2.7166272827132665,504.6066109952359,502.20433973563206,2.4022712596038016e-05,False,497.66872610210726
2606,2.71119402814784,504.6066109952359,502.20433973563206,2.4022712596038016e-05,False,497.66872610210726
2607,2.705771640091544,504.6066109952359,502.20433973563206,2.4022712596038016e-05,False,497.66872610210726
2608,2.700360096811361,504.6066109952359,502.20433973563206,2.4022712596038016e-05,False,497.66872610210726
2609,2.694959376617738,504.6066109952359,502.20433973563206,2.4022712596038016e-05,False,497.66872610210726
2610,2.689569457864503,504.6066109952359,502.20433973563206,2.4022712596038016e-05,False,497.66872610210726
2611,2.6841903189487737,504.6066109952359,502.20433973563206,2.4022712596038016e-05,False,497.66872610210726
2612,2.6788219383108762,504.6066109952359,502.20433973563206,2.4022712596038016e-05,False,497.66872610210726
2613,2.6734642944342544,504.6066109952359,502.20433973563206,2.4022712596038016e-05,False,497.66872610210726
2614,2.668117365845386,504.6066109952359,502.20433973563206,2.4022712596038016e-05,False,497.66872610210726
2615,2.6627811311136953,504.6066109952359,502.20433973563206,2.4022712596038016e-05,False,497.66872610210726
2616,2.657455568851468,504.6066109952359,502.20433973563206,2.4022712596038016e-05,False,497.66872610210726
2617,2.652140657713765,504.6066109952359,502.20433973563206,2.4022712596038016e-05,False,497.66872610210726
2618,2.6468363763983374,504.6066109952359,502.20433973563206,2.4022712596038016e-05,False,497.66872610210726
2619,2.641542703645541,504.6066109952359,502.20433973563206,2.4022712596038016e-05,False,497.66872610210726
2620,2.63625961823825,504.6066109952359,502.20433973563206,2.4022712596038016e-05,False,497.66872610210726
2621,2.630987099001773,504.6066109952359,502.20433973563206,2.4022712596038016e-05,False,497.66872610210726
2622,2.6257251248037696,500.8743122117862,500.8743122117862,0.0,True,497.66872610210726
2623,2.620473674554162,500.8743122117862,500.8743122117862,0.0,True,497.66872610210726
2624,2.6152327272050537,500.8743122117862,500.8743122117862,0.0,True,497.66872610210726
2625,2.6100022617506435,500.8743122117862,500.8743122117862,0.0,True,497.66872610210726
2626,2.6047822572271424,500.8743122117862,500.8743122117862,0.0,True,497.66872610210726
2627,2.5995726927126883,500.8743122117862,500.8743122117862,0.0,True,497.66872610210726
2628,2.594373547327263,500.8743122117862,500.8743122117862,0.0,True,497.66872610210726
2629,2.5891848002326086,500.8743122117862,500.8743122117862,0.0,True,497.66872610210726
2630,2.5840064306321433,500.8743122117862,500.8743122117862,0.0,True,497.66872610210726
2631,2.578838417770879,500.8743122117862,500.8743122117862,0.0,True,497.66872610210726
2632,2.573680740935337,500.8743122117862,500.8743122117862,0.0,True,497.66872610210726
2633,2.5685333794534664,500.8743122117862,500.8743122117862,0.0,True,497.66872610210726
2634,2.5633963126945596,500.8743122117862,500.8743122117862,0.0,True,497.66872610210726
2635,2.5582695200691705,500.8743122117862,500.8743122117862,0.0,True,497.66872610210726
2636,2.553152981029032,500.8743122117862,500.8743122117862,0.0,True,497.66872610210726
2637,2.548046675066974,500.8743122117862,500.8743122117862,0.0,True,497.66872610210726
2638,2.5429505817168403,500.8743122117862,500.8743122117862,0.0,True,497.66872610210726
2639,2.5378646805534064,500.8743122117862,500.8743122117862,0.0,True,497.66872610210726
2640,2.5327889511922996,500.8743122117862,500.8743122117862,0.0,True,497.66872610210726
2641,2.527723373289915,500.8743122117862,500.8743122117862,0.0,True,497.66872610210726
2642,2.522667926543335,500.8743122117862,500.8743122117862,0.0,True,497.66872610210726
2643,2.5176225906902485,500.8743122117862,500.8743122117862,0.0,True,497.66872610210726
2644,2.512587345508868,499.45287919910305,499.45287919910305,0.0,True,497.66872610210726
2645,2.50756217081785,499.45287919910305,499.45287919910305,0.0,True,497.66872610210726
2646,2.5025470464762143,499.45287919910305,499.45287919910305,0.0,True,497.66872610210726
2647,2.497541952383262,499.45287919910305,499.45287919910305,0.0,True,497.66872610210726
2648,2.4925468684784957,499.45287919910305,499.45287919910305,0.0,True,497.66872610210726
2649,2.487561774741539,499.45287919910305,499.45287919910305,0.0,True,497.66872610210726
2650,2.482586651192056,499.45287919910305,499.45287919910305,0.0,True,497.66872610210726
2651,2.4776214778896715,499.45287919910305,499.45287919910305,0.0,True,497.66872610210726
2652,2.472666234933892,499.45287919910305,499.45287919910305,0.0,True,497.66872610210726
2653,2.4677209024640243,499.45287919910305,499.45287919910305,0.0,True,497.66872610210726
2654,2.4627854606590964,499.45287919910305,499.45287919910305,0.0,True,497.66872610210726
2655,2.457859889737778,499.45287919910305,499.45287919910305,0.0,True,497.66872610210726
2656,2.4529441699583026,499.45287919910305,499.45287919910305,0.0,True,497.66872610210726
2657,2.448038281618386,499.45287919910305,499.45287919910305,0.0,True,497.66872610210726
2658,2.4431422050551492,499.45287919910305,499.45287919910305,0.0,True,497.66872610210726
2659,2.4382559206450387,499.45287919910305,499.45287919910305,0.0,True,497.66872610210726
2660,2.4333794088037486,499.45287919910305,499.45287919910305,0.0,True,497.66872610210726
2661,2.428512649986141,499.45287919910305,499.45287919910305,0.0,True,497.66872610210726
2662,2.4236556246861687,499.45287919910305,499.45287919910305,0.0,True,497.66872610210726
2663,2.4188083134367964,499.45287919910305,499.45287919910305,0.0,True,497.66872610210726
2664,2.4139706968099226,499.45287919910305,499.45287919910305,0.0,True,497.66872610210726
2665,2.409142755416303,499.45287919910305,499.45287919910305,0.0,True,497.66872610210726
2666,2.4043244699054704,499.45287919910305,499.45287919910305,0.0,True,497.66872610210726
2667,2.3995158209656595,499.45287919910305,499.45287919910305,0.0,True,497.66872610210726
2668,2.394716789323728,499.45287919910305,499.45287919910305,0.0,True,497.66872610210726
2669,2.3899273557450806,499.45287919910305,499.45287919910305,0.0,True,497.66872610210726
2670,2.3851475010335905,499.45287919910305,499.45287919910305,0.0,True,497.66872610210726
2671,2.380377206031523,499.45287919910305,499.45287919910305,0.0,True,497.66872610210726
2672,2.37561645161946,499.45287919910305,499.45287919910305,0.0,True,497.66872610210726
2673,2.370865218716221,499.45287919910305,499.45287919910305,0.0,True,497.66872610210726
2674,2.3661234882787885,499.45287919910305,499.45287919910305,0.0,True,497.66872610210726
2675,2.361391241302231,499.45287919910305,499.45287919910305,0.0,True,497.66872610210726
2676,2.3566684588196263,499.45287919910305,499.45287919910305,0.0,True,497.66872610210726
2677,2.351955121901987,499.45287919910305,499.45287919910305,0.0,True,497.66872610210726
2678,2.347251211658183,499.45287919910305,499.45287919910305,0.0,True,497.66872610210726
2679,2.3425567092348665,499.45287919910305,499.45287919910305,0.0,True,497.66872610210726
2680,2.337871595816397,499.45287919910305,499.45287919910305,0.0,True,497.66872610210726
2681,2.333195852624764,499.45287919910305,499.45287919910305,0.0,True,497.66872610210726
2682,2.3285294609195146,499.45287919910305,499.45287919910305,0.0,True,497.66872610210726
2683,2.3238724019976758,499.45287919910305,499.45287919910305,0.0,True,497.66872610210726
2684,2.3192246571936805,499.45287919910305,499.45287919910305,0.0,True,497.66872610210726
2685,2.314586207879293,499.45287919910305,499.45287919910305,0.0,True,497.66872610210726
2686,2.3099570354635346,499.45287919910305,499.45287919910305,0.0,True,497.66872610210726
2687,2.3053371213926077,499.45287919910305,499.45287919910305,0.0,True,497.66872610210726
2688,2.3007264471498226,499.45287919910305,499.45287919910305,0.0,True,497.66872610210726
2689,2.296124994255523,499.45287919910305,499.45287919910305,0.0,True,497.66872610210726
2690,2.291532744267012,499.45287919910305,499.45287919910305,0.0,True,497.66872610210726
2691,2.286949678778478,499.45287919910305,499.45287919910305,0.0,True,497.66872610210726
2692,2.282375779420921,499.45287919910305,499.45287919910305,0.0,True,497.66872610210726
2693,2.277811027862079,499.45287919910305,499.45287919910305,0.0,True,497.66872610210726
2694,2.273255405806355,499.45287919910305,499.45287919910305,0.0,True,497.66872610210726
2695,2.2687088949947425,499.45287919910305,499.45287919910305,0.0,True,497.66872610210726
2696,2.264171477204753,499.45287919910305,499.45287919910305,0.0,True,497.66872610210726
2697,2.259643134250344,499.45287919910305,499.45287919910305,0.0,True,497.66872610210726
2698,2.255123847981843,499.45287919910305,499.45287919910305,0.0,True,497.66872610210726
2699,2.2506136002858796,499.45287919910305,499.45287919910305,0.0,True,497.66872610210726
2700,2.246112373085308,499.45287919910305,499.45287919910305,0.0,True,497.66872610210726
2701,2.2416201483391376,499.45287919910305,499.45287919910305,0.0,True,497.66872610210726
2702,2.2371369080424595,499.45287919910305,499.45287919910305,0.0,True,497.66872610210726
2703,2.2326626342263745,499.45287919910305,499.45287919910305,0.0,True,497.66872610210726
2704,2.2281973089579217,499.45287919910305,499.45287919910305,0.0,True,497.66872610210726
2705,2.2237409143400058,499.45287919910305,499.45287919910305,0.0,True,497.66872610210726
2706,2.219293432511326,499.45287919910305,499.45287919910305,0.0,True,497.66872610210726
2707,2.214854845646303,499.45287919910305,499.45287919910305,0.0,True,497.66872610210726
2708,2.2104251359550107,499.45287919910305,499.45287919910305,0.0,True,497.66872610210726
2709,2.206004285683101,499.45287919910305,499.45287919910305,0.0,True,497.66872610210726
2710,2.2015922771117347,499.45287919910305,499.45287919910305,0.0,True,497.66872610210726
2711,2.1971890925575113,499.45287919910305,499.45287919910305,0.0,True,497.66872610210726
2712,2.192794714372396,499.45287919910305,499.45287919910305,0.0,True,497.66872610210726
2713,2.188409124943651,499.45287919910305,499.45287919910305,0.0,True,497.66872610210726
2714,2.184032306693764,499.45287919910305,499.45287919910305,0.0,True,497.66872610210726
2715,2.1796642420803765,499.45287919910305,499.45287919910305,0.0,True,497.66872610210726
2716,2.1753049135962157,499.45287919910305,499.45287919910305,0.0,True,497.66872610210726
2717,2.1709543037690233,499.45287919910305,499.45287919910305,0.0,True,497.66872610210726
2718,2.166612395161485,499.45287919910305,499.45287919910305,0.0,True,497.66872610210726
2719,2.162279170371162,499.45287919910305,499.45287919910305,0.0,True,497.66872610210726
2720,2.1579546120304194,499.45287919910305,499.45287919910305,0.0,True,497.66872610210726
2721,2.1536387028063584,499.45287919910305,499.45287919910305,0.0,True,497.66872610210726
2722,2.149331425400746,499.45287919910305,499.45287919910305,0.0,True,497.66872610210726
2723,2.145032762549944,499.45287919910305,499.45287919910305,0.0,True,497.66872610210726
2724,2.1407426970248444,499.45287919910305,499.45287919910305,0.0,True,497.66872610210726
2725,2.136461211630795,499.45287919910305,499.45287919910305,0.0,True,497.66872610210726
2726,2.1321882892075332,499.45287919910305,499.45287919910305,0.0,True,497.66872610210726
2727,2.127923912629118,499.45287919910305,499.45287919910305,0.0,True,497.66872610210726
2728,2.12366806480386,499.45287919910305,499.45287919910305,0.0,True,497.66872610210726
2729,2.1194207286742524,499.45287919910305,499.45287919910305,0.0,True,497.66872610210726
2730,2.1151818872169037,499.45287919910305,499.45287919910305,0.0,True,497.66872610210726
2731,2.11095152344247,499.45287919910305,499.45287919910305,0.0,True,497.66872610210726
2732,2.1067296203955848,499.45287919910305,499.45287919910305,0.0,True,497.66872610210726
2733,2.1025161611547936,499.45287919910305,499.45287919910305,0.0,True,497.66872610210726
2734,2.098311128832484,499.45287919910305,499.45287919910305,0.0,True,497.66872610210726
2735,2.0941145065748192,499.45287919910305,499.45287919910305,0.0,True,497.66872610210726
2736,2.0899262775616694,499.45287919910305,499.45287919910305,0.0,True,497.66872610210726
2737,2.085746425006546,499.45287919910305,499.45287919910305,0.0,True,497.66872610210726
2738,2.0815749321565327,499.45287919910305,499.45287919910305,0.0,True,497.66872610210726
2739,2.0774117822922196,499.45287919910305,499.45287919910305,0.0,True,497.66872610210726
2740,2.0732569587276353,499.45287919910305,499.45287919910305,0.0,True,497.66872610210726
2741,2.06911044481018,499.45287919910305,499.45287919910305,0.0,True,497.66872610210726
2742,2.0649722239205595,499.45287919910305,499.45287919910305,0.0,True,497.66872610210726
2743,2.0608422794727184,499.45287919910305,499.45287919910305,0.0,True,497.66872610210726
2744,2.056720594913773,499.45287919910305,499.45287919910305,0.0,True,497.66872610210726
2745,2.052607153723945,499.45287919910305,499.45287919910305,0.0,True,497.66872610210726
2746,2.0485019394164974,499.45287919910305,499.45287919910305,0.0,True,497.66872610210726
2747,2.0444049355376643,499.45287919910305,499.45287919910305,0.0,True,497.66872610210726
2748,2.040316125666589,499.45287919910305,499.45287919910305,0.0,True,497.66872610210726
2749,2.036235493415256,499.45287919910305,499.45287919910305,0.0,True,497.66872610210726
2750,2.032163022428425,499.45287919910305,499.45287919910305,0.0,True,497.66872610210726
2751,2.028098696383568,499.45287919910305,499.45287919910305,0.0,True,497.66872610210726
2752,2.024042498990801,499.45287919910305,499.45287919910305,0.0,True,497.66872610210726
2753,2.019994413992819,499.45287919910305,499.45287919910305,0.0,True,497.66872610210726
2754,2.0159544251648334,499.45287919910305,499.45287919910305,0.0,True,497.66872610210726
2755,2.011922516314504,499.45287919910305,499.45287919910305,0.0,True,497.66872610210726
2756,2.007898671281875,499.45287919910305,499.45287919910305,0.0,True,497.66872610210726
2757,2.003882873939311,499.45287919910305,499.45287919910305,0.0,True,497.66872610210726
2758,1.9998751081914325,499.45287919910305,499.45287919910305,0.0,True,497.66872610210726
2759,1.9958753579750497,499.45287919910305,499.45287919910305,0.0,True,497.66872610210726
2760,1.9918836072590995,499.45287919910305,499.45287919910305,0.0,True,497.66872610210726
2761,1.9878998400445813,499.45287919910305,499.45287919910305,0.0,True,497.66872610210726
2762,1.9839240403644922,499.45287919910305,499.45287919910305,0.0,True,497.66872610210726
2763,1.9799561922837632,499.45287919910305,499.45287919910305,0.0,True,497.66872610210726
2764,1.9759962798991957,499.45287919910305,499.45287919910305,0.0,True,497.66872610210726
2765,1.9720442873393973,499.45287919910305,499.45287919910305,0.0,True,497.66872610210726
2766,1.9681001987647184,499.45287919910305,499.45287919910305,0.0,True,497.66872610210726
2767,1.964163998367189,499.45287919910305,499.45287919910305,0.0,True,497.66872610210726
2768,1.9602356703704547,499.45287919910305,499.45287919910305,0.0,True,497.66872610210726
2769,1.9563151990297138,499.45287919910305,499.45287919910305,0.0,True,497.66872610210726
2770,1.9524025686316544,499.45287919910305,499.45287919910305,0.0,True,497.66872610210726
2771,1.9484977634943912,499.45287919910305,499.45287919910305,0.0,True,497.66872610210726
2772,1.9446007679674024,499.45287919910305,499.45287919910305,0.0,True,497.66872610210726
2773,1.9407115664314676,499.45287919910305,499.45287919910305,0.0,True,497.66872610210726
2774,1.9368301432986046,499.45287919910305,499.45287919910305,0.0,True,497.66872610210726
2775,1.9329564830120074,499.45287919910305,499.45287919910305,0.0,True,497.66872610210726
2776,1.9290905700459833,499.45287919910305,499.45287919910305,0.0,True,497.66872610210726
2777,1.9252323889058913,499.45287919910305,499.45287919910305,0.0,True,497.66872610210726
2778,1.9213819241280796,499.45287919910305,499.45287919910305,0.0,True,497.66872610210726
2779,1.9175391602798235,499.45287919910305,499.45287919910305,0.0,True,497.66872610210726
2780,1.913704081959264,499.45287919910305,499.45287919910305,0.0,True,497.66872610210726
2781,1.9098766737953454,499.45287919910305,499.45287919910305,0.0,True,497.66872610210726
2782,1.9060569204477547,499.45287919910305,499.45287919910305,0.0,True,497.66872610210726
2783,1.9022448066068591,499.45287919910305,499.45287919910305,0.0,True,497.66872610210726
2784,1.8984403169936455,499.45287919910305,499.45287919910305,0.0,True,497.66872610210726
2785,1.8946434363596583,499.45287919910305,499.45287919910305,0.0,True,497.66872610210726
2786,1.8908541494869389,499.45287919910305,499.45287919910305,0.0,True,497.66872610210726
2787,1.887072441187965,499.45287919910305,499.45287919910305,0.0,True,497.66872610210726
2788,1.8832982963055889,499.45287919910305,499.45287919910305,0.0,True,497.66872610210726
2789,1.8795316997129776,499.45287919910305,499.45287919910305,0.0,True,497.66872610210726
2790,1.8757726363135516,499.45287919910305,499.45287919910305,0.0,True,497.66872610210726
2791,1.8720210910409245,499.45287919910305,499.45287919910305,0.0,True,497.66872610210726
2792,1.8682770488588427,499.45287919910305,499.45287919910305,0.0,True,497.66872610210726
2793,1.864540494761125,499.45287919910305,499.45287919910305,0.0,True,497.66872610210726
2794,1.8608114137716028,499.45287919910305,499.45287919910305,0.0,True,497.66872610210726
2795,1.8570897909440596,499.45287919910305,499.45287919910305,0.0,True,497.66872610210726
2796,1.8533756113621715,499.45287919910305,499.45287919910305,0.0,True,497.66872610210726
2797,1.8496688601394473,499.45287919910305,499.45287919910305,0.0,True,497.66872610210726
2798,1.8459695224191683,499.45287919910305,499.45287919910305,0.0,True,497.66872610210726
2799,1.84227758337433,499.45287919910305,499.45287919910305,0.0,True,497.66872610210726
2800,1.8385930282075813,499.45287919910305,499.45287919910305,0.0,True,497.66872610210726
2801,1.8349158421511662,499.45287919910305,499.45287919910305,0.0,True,497.66872610210726
2802,1.831246010466864,499.45287919910305,499.45287919910305,0.0,True,497.66872610210726
2803,1.8275835184459301,499.45287919910305,499.45287919910305,0.0,True,497.66872610210726
2804,1.8239283514090383,499.45287919910305,499.45287919910305,0.0,True,497.66872610210726
2805,1.8202804947062203,499.45287919910305,499.45287919910305,0.0,True,497.66872610210726
2806,1.816639933716808,499.45287919910305,499.45287919910305,0.0,True,497.66872610210726
2807,1.8130066538493743,499.45287919910305,499.45287919910305,0.0,True,497.66872610210726
2808,1.8093806405416755,499.45287919910305,499.45287919910305,0.0,True,497.66872610210726
2809,1.805761879260592,499.45287919910305,499.45287919910305,0.0,True,497.66872610210726
2810,1.8021503555020708,499.45287919910305,499.45287919910305,0.0,True,497.66872610210726
2811,1.7985460547910668,499.45287919910305,499.45287919910305,0.0,True,497.66872610210726
2812,1.7949489626814847,499.45287919910305,499.45287919910305,0.0,True,497.66872610210726
2813,1.7913590647561217,499.45287919910305,499.45287919910305,0.0,True,497.66872610210726
2814,1.7877763466266094,499.45287919910305,499.45287919910305,0.0,True,497.66872610210726
2815,1.7842007939333562,499.45287919910305,499.45287919910305,0.0,True,497.66872610210726
2816,1.7806323923454894,499.47424398148877,499.47424398148877,0.0,True,497.66872610210726
2817,1.7770711275607984,499.47424398148877,499.47424398148877,0.0,True,497.66872610210726
2818,1.773516985305677,499.47424398148877,499.47424398148877,0.0,True,497.66872610210726
2819,1.7699699513350655,499.47424398148877,499.47424398148877,0.0,True,497.66872610210726
2820,1.7664300114323954,499.47424398148877,499.47424398148877,0.0,True,497.66872610210726
2821,1.7628971514095306,499.47424398148877,499.47424398148877,0.0,True,497.66872610210726
2822,1.7593713571067116,499.47424398148877,499.47424398148877,0.0,True,497.66872610210726
2823,1.7558526143924982,499.47424398148877,499.47424398148877,0.0,True,497.66872610210726
2824,1.7523409091637132,499.47424398148877,499.47424398148877,0.0,True,497.66872610210726
2825,1.7488362273453857,500.48816804010903,497.35168397046493,3.13648406964411e-05,False,497.66872610210726
2826,1.745338554890695,500.48816804010903,497.35168397046493,3.13648406964411e-05,False,497.66872610210726
2827,1.7418478777809137,500.48816804010903,497.35168397046493,3.13648406964411e-05,False,497.66872610210726
2828,1.738364182025352,500.48816804010903,497.35168397046493,3.13648406964411e-05,False,497.66872610210726
2829,1.7348874536613013,500.48816804010903,497.35168397046493,3.13648406964411e-05,False,497.66872610210726
2830,1.7314176787539786,500.48816804010903,497.35168397046493,3.13648406964411e-05,False,497.66872610210726
2831,1.7279548433964707,500.48816804010903,497.35168397046493,3.13648406964411e-05,False,497.66872610210726
2832,1.7244989337096777,500.48816804010903,497.35168397046493,3.13648406964411e-05,False,497.66872610210726
2833,1.7210499358422584,500.48816804010903,497.35168397046493,3.13648406964411e-05,False,497.66872610210726
2834,1.717607835970574,500.48816804010903,497.35168397046493,3.13648406964411e-05,False,497.66872610210726
2835,1.714172620298633,500.48816804010903,497.35168397046493,3.13648406964411e-05,False,497.66872610210726
2836,1.7107442750580357,500.48816804010903,497.35168397046493,3.13648406964411e-05,False,497.66872610210726
2837,1.7073227865079197,500.48816804010903,497.35168397046493,3.13648406964411e-05,False,497.66872610210726
2838,1.703908140934904,500.48816804010903,497.35168397046493,3.13648406964411e-05,False,497.66872610210726
2839,1.7005003246530341,500.48816804010903,497.35168397046493,3.13648406964411e-05,False,497.66872610210726
2840,1.697099324003728,500.48816804010903,497.35168397046493,3.13648406964411e-05,False,497.66872610210726
2841,1.6937051253557205,500.48816804010903,497.35168397046493,3.13648406964411e-05,False,497.66872610210726
2842,1.690317715105009,500.48816804010903,497.35168397046493,3.13648406964411e-05,False,497.66872610210726
2843,1.6869370796747991,500.48816804010903,497.35168397046493,3.13648406964411e-05,False,497.66872610210726
2844,1.6835632055154495,500.48816804010903,497.35168397046493,3.13648406964411e-05,False,497.66872610210726
2845,1.6801960791044186,500.48816804010903,497.35168397046493,3.13648406964411e-05,False,497.66872610210726
2846,1.6768356869462098,500.48816804010903,497.35168397046493,3.13648406964411e-05,False,497.66872610210726
2847,1.6734820155723173,500.48816804010903,497.35168397046493,3.13648406964411e-05,False,497.66872610210726
2848,1.6701350515411728,502.65773423385593,495.2210239027047,7.436710331151229e-05,False,497.66872610210726
2849,1.6667947814380906,502.65773423385593,495.2210239027047,7.436710331151229e-05,False,497.66872610210726
2850,1.6634611918752145,502.65773423385593,495.2210239027047,7.436710331151229e-05,False,497.66872610210726
2851,1.660134269491464,502.65773423385593,495.2210239027047,7.436710331151229e-05,False,497.66872610210726
2852,1.656814000952481,502.65773423385593,495.2210239027047,7.436710331151229e-05,False,497.66872610210726
2853,1.653500372950576,502.65773423385593,495.2210239027047,7.436710331151229e-05,False,497.66872610210726
2854,1.6501933722046749,502.65773423385593,495.2210239027047,7.436710331151229e-05,False,497.66872610210726
2855,1.6468929854602656,502.65773423385593,495.2210239027047,7.436710331151229e-05,False,497.66872610210726
2856,1.643599199489345,502.65773423385593,495.2210239027047,7.436710331151229e-05,False,497.66872610210726
2857,1.6403120010903665,502.65773423385593,495.2210239027047,7.436710331151229e-05,False,497.66872610210726
2858,1.6370313770881857,502.65773423385593,495.2210239027047,7.436710331151229e-05,False,497.66872610210726
2859,1.6337573143340094,502.65773423385593,495.2210239027047,7.436710331151229e-05,False,497.66872610210726
2860,1.6304897997053414,502.65773423385593,495.2210239027047,7.436710331151229e-05,False,497.66872610210726
2861,1.6272288201059306,502.65773423385593,495.2210239027047,7.436710331151229e-05,False,497.66872610210726
2862,1.6239743624657188,502.65773423385593,495.2210239027047,7.436710331151229e-05,False,497.66872610210726
2863,1.6207264137407873,502.65773423385593,495.2210239027047,7.436710331151229e-05,False,497.66872610210726
2864,1.6174849609133057,502.65773423385593,495.2210239027047,7.436710331151229e-05,False,497.66872610210726
2865,1.6142499909914791,502.65773423385593,495.2210239027047,7.436710331151229e-05,False,497.66872610210726
2866,1.6110214910094962,502.65773423385593,495.2210239027047,7.436710331151229e-05,False,497.66872610210726
2867,1.6077994480274773,502.65773423385593,495.2210239027047,7.436710331151229e-05,False,497.66872610210726
2868,1.6045838491314224,502.65773423385593,495.2210239027047,7.436710331151229e-05,False,497.66872610210726
2869,1.6013746814331595,502.65773423385593,495.2210239027047,7.436710331151229e-05,False,497.66872610210726
2870,1.5981719320702932,502.65773423385593,495.2210239027047,7.436710331151229e-05,False,497.66872610210726
2871,1.5949755882061525,502.65773423385593,495.2210239027047,7.436710331151229e-05,False,497.66872610210726
2872,1.59178563702974,502.65773423385593,495.2210239027047,7.436710331151229e-05,False,497.66872610210726
2873,1.5886020657556805,502.65773423385593,495.2210239027047,7.436710331151229e-05,False,497.66872610210726
2874,1.585424861624169,502.65773423385593,495.2210239027047,7.436710331151229e-05,False,497.66872610210726
2875,1.5822540119009207,502.65773423385593,495.2210239027047,7.436710331151229e-05,False,497.66872610210726
2876,1.5790895038771189,502.65773423385593,495.2210239027047,7.436710331151229e-05,False,497.66872610210726
2877,1.5759313248693647,502.65773423385593,495.2210239027047,7.436710331151229e-05,False,497.66872610210726
2878,1.572779462219626,502.65773423385593,495.2210239027047,7.436710331151229e-05,False,497.66872610210726
2879,1.5696339032951867,502.65773423385593,495.2210239027047,7.436710331151229e-05,False,497.66872610210726
2880,1.5664946354885962,502.65773423385593,495.2210239027047,7.436710331151229e-05,False,497.66872610210726
2881,1.563361646217619,502.65773423385593,495.2210239027047,7.436710331151229e-05,False,497.66872610210726
2882,1.5602349229251837,502.65773423385593,495.2210239027047,7.436710331151229e-05,False,497.66872610210726
2883,1.5571144530793333,502.65773423385593,495.2210239027047,7.436710331151229e-05,False,497.66872610210726
2884,1.5540002241731745,502.65773423385593,495.2210239027047,7.436710331151229e-05,False,497.66872610210726
2885,1.5508922237248282,502.65773423385593,495.2210239027047,7.436710331151229e-05,False,497.66872610210726
2886,1.5477904392773785,502.65773423385593,495.2210239027047,7.436710331151229e-05,False,497.66872610210726
2887,1.5446948583988238,502.65773423385593,495.2210239027047,7.436710331151229e-05,False,497.66872610210726
2888,1.5416054686820262,502.65773423385593,495.2210239027047,7.436710331151229e-05,False,497.66872610210726
2889,1.5385222577446622,502.65773423385593,495.2210239027047,7.436710331151229e-05,False,497.66872610210726
2890,1.535445213229173,502.65773423385593,495.2210239027047,7.436710331151229e-05,False,497.66872610210726
2891,1.5323743228027147,502.65773423385593,495.2210239027047,7.436710331151229e-05,False,497.66872610210726
2892,1.5293095741571092,502.65773423385593,495.2210239027047,7.436710331151229e-05,False,497.66872610210726
2893,1.526250955008795,502.65773423385593,495.2210239027047,7.436710331151229e-05,False,497.66872610210726
2894,1.5231984530987774,502.65773423385593,495.2210239027047,7.436710331151229e-05,False,497.66872610210726
2895,1.5201520561925799,502.65773423385593,495.2210239027047,7.436710331151229e-05,False,497.66872610210726
2896,1.5171117520801947,502.65773423385593,495.2210239027047,7.436710331151229e-05,False,497.66872610210726
2897,1.5140775285760342,502.65773423385593,495.2210239027047,7.436710331151229e-05,False,497.66872610210726
2898,1.5110493735188821,502.65773423385593,495.2210239027047,7.436710331151229e-05,False,497.66872610210726
2899,1.5080272747718444,502.65773423385593,495.2210239027047,7.436710331151229e-05,False,497.66872610210726
2900,1.5050112202223007,502.65773423385593,495.2210239027047,7.436710331151229e-05,False,497.66872610210726
2901,1.5020011977818561,502.65773423385593,495.2210239027047,7.436710331151229e-05,False,497.66872610210726
2902,1.4989971953862924,502.65773423385593,495.2210239027047,7.436710331151229e-05,False,497.66872610210726
2903,1.4959992009955199,502.65773423385593,495.2210239027047,7.436710331151229e-05,False,497.66872610210726
2904,1.4930072025935288,502.65773423385593,495.2210239027047,7.436710331151229e-05,False,497.66872610210726
2905,1.4900211881883418,502.65773423385593,495.2210239027047,7.436710331151229e-05,False,497.66872610210726
2906,1.4870411458119652,502.65773423385593,495.2210239027047,7.436710331151229e-05,False,497.66872610210726
2907,1.4840670635203412,502.65773423385593,495.2210239027047,7.436710331151229e-05,False,497.66872610210726
2908,1.4810989293933006,502.65773423385593,495.2210239027047,7.436710331151229e-05,False,497.66872610210726
2909,1.478136731534514,502.65773423385593,495.2210239027047,7.436710331151229e-05,False,497.66872610210726
2910,1.475180458071445,502.65773423385593,495.2210239027047,7.436710331151229e-05,False,497.66872610210726
2911,1.472230097155302,496.17932711644886,494.8330110116258,1.346316104823057e-05,False,497.66872610210726
2912,1.4692856369609912,496.17932711644886,494.8330110116258,1.346316104823057e-05,False,497.66872610210726
2913,1.4663470656870692,496.17932711644886,494.8330110116258,1.346316104823057e-05,False,497.66872610210726
2914,1.463414371555695,496.17932711644886,494.8330110116258,1.346316104823057e-05,False,497.66872610210726
2915,1.4604875428125836,496.17932711644886,494.8330110116258,1.346316104823057e-05,False,497.66872610210726
2916,1.4575665677269585,496.17932711644886,494.8330110116258,1.346316104823057e-05,False,497.66872610210726
2917,1.4546514345915045,496.17932711644886,494.8330110116258,1.346316104823057e-05,False,497.66872610210726
2918,1.4517421317223214,496.17932711644886,494.8330110116258,1.346316104823057e-05,False,497.66872610210726
2919,1.4488386474588768,496.17932711644886,494.8330110116258,1.346316104823057e-05,False,497.66872610210726
2920,1.445940970163959,496.17932711644886,494.8330110116258,1.346316104823057e-05,False,497.66872610210726
2921,1.443049088223631,496.17932711644886,494.8330110116258,1.346316104823057e-05,False,497.66872610210726
2922,1.4401629900471837,496.17932711644886,494.8330110116258,1.346316104823057e-05,False,497.66872610210726
2923,1.4372826640670893,496.17932711644886,494.8330110116258,1.346316104823057e-05,False,497.66872610210726
2924,1.4344080987389551,496.17932711644886,494.8330110116258,1.346316104823057e-05,False,497.66872610210726
2925,1.4315392825414772,496.17932711644886,494.8330110116258,1.346316104823057e-05,False,497.66872610210726
2926,1.4286762039763943,496.17932711644886,494.8330110116258,1.346316104823057e-05,False,497.66872610210726
2927,1.4258188515684416,496.17932711644886,494.8330110116258,1.346316104823057e-05,False,497.66872610210726
2928,1.4229672138653047,496.17932711644886,494.8330110116258,1.346316104823057e-05,False,497.66872610210726
2929,1.4201212794375742,496.17932711644886,494.8330110116258,1.346316104823057e-05,False,497.66872610210726
2930,1.417281036878699,496.17932711644886,494.8330110116258,1.346316104823057e-05,False,497.66872610210726
2931,1.4144464748049417,496.17932711644886,494.8330110116258,1.346316104823057e-05,False,497.66872610210726
2932,1.4116175818553318,496.17932711644886,494.8330110116258,1.346316104823057e-05,False,497.66872610210726
2933,1.408794346691621,496.17932711644886,494.8330110116258,1.346316104823057e-05,False,497.66872610210726
2934,1.4059767579982378,496.17932711644886,494.8330110116258,1.346316104823057e-05,False,497.66872610210726
2935,1.4031648044822413,496.17932711644886,494.8330110116258,1.346316104823057e-05,False,497.66872610210726
2936,1.400358474873277,496.17932711644886,494.8330110116258,1.346316104823057e-05,False,497.66872610210726
2937,1.3975577579235303,496.17932711644886,494.8330110116258,1.346316104823057e-05,False,497.66872610210726
2938,1.3947626424076833,496.17932711644886,494.8330110116258,1.346316104823057e-05,False,497.66872610210726
2939,1.391973117122868,496.17932711644886,494.8330110116258,1.346316104823057e-05,False,497.66872610210726
2940,1.3891891708886221,496.17932711644886,494.8330110116258,1.346316104823057e-05,False,497.66872610210726
2941,1.386410792546845,496.17932711644886,494.8330110116258,1.346316104823057e-05,False,497.66872610210726
2942,1.3836379709617512,496.17932711644886,494.8330110116258,1.346316104823057e-05,False,497.66872610210726
2943,1.3808706950198277,496.17932711644886,494.8330110116258,1.346316104823057e-05,False,497.66872610210726
2944,1.3781089536297881,496.17932711644886,494.8330110116258,1.346316104823057e-05,False,497.66872610210726
2945,1.3753527357225286,496.17932711644886,494.8330110116258,1.346316104823057e-05,False,497.66872610210726
2946,1.3726020302510835,496.17932711644886,494.8330110116258,1.346316104823057e-05,False,497.66872610210726
2947,1.3698568261905812,496.17932711644886,494.8330110116258,1.346316104823057e-05,False,497.66872610210726
2948,1.3671171125382,496.17932711644886,494.8330110116258,1.346316104823057e-05,False,497.66872610210726
2949,1.3643828783131235,496.17932711644886,494.8330110116258,1.346316104823057e-05,False,497.66872610210726
2950,1.3616541125564974,496.17932711644886,494.8330110116258,1.346316104823057e-05,False,497.66872610210726
2951,1.3589308043313844,496.17932711644886,494.8330110116258,1.346316104823057e-05,False,497.66872610210726
2952,1.3562129427227216,496.17932711644886,494.8330110116258,1.346316104823057e-05,False,497.66872610210726
2953,1.3535005168372762,496.17932711644886,494.8330110116258,1.346316104823057e-05,False,497.66872610210726
2954,1.3507935158036017,496.17932711644886,494.8330110116258,1.346316104823057e-05,False,497.66872610210726
2955,1.3480919287719946,496.17932711644886,494.8330110116258,1.346316104823057e-05,False,497.66872610210726
2956,1.3453957449144507,496.17932711644886,494.8330110116258,1.346316104823057e-05,False,497.66872610210726
2957,1.3427049534246218,496.17932711644886,494.8330110116258,1.346316104823057e-05,False,497.66872610210726
2958,1.3400195435177726,496.17932711644886,494.8330110116258,1.346316104823057e-05,False,497.66872610210726
2959,1.337339504430737,496.17932711644886,494.8330110116258,1.346316104823057e-05,False,497.66872610210726
2960,1.3346648254218756,496.17932711644886,494.8330110116258,1.346316104823057e-05,False,497.66872610210726
2961,1.3319954957710318,496.17932711644886,494.8330110116258,1.346316104823057e-05,False,497.66872610210726
2962,1.3293315047794898,496.17932711644886,494.8330110116258,1.346316104823057e-05,False,497.66872610210726
2963,1.3266728417699307,496.17932711644886,494.8330110116258,1.346316104823057e-05,False,497.66872610210726
2964,1.324019496086391,496.17932711644886,494.8330110116258,1.346316104823057e-05,False,497.66872610210726
2965,1.321371457094218,496.17932711644886,494.8330110116258,1.346316104823057e-05,False,497.66872610210726
2966,1.3187287141800297,496.17932711644886,494.8330110116258,1.346316104823057e-05,False,497.66872610210726
2967,1.3160912567516696,496.17932711644886,494.8330110116258,1.346316104823057e-05,False,497.66872610210726
2968,1.3134590742381662,496.17932711644886,494.8330110116258,1.346316104823057e-05,False,497.66872610210726
2969,1.3108321560896898,496.17932711644886,494.8330110116258,1.346316104823057e-05,False,497.66872610210726
2970,1.3082104917775104,496.17932711644886,494.8330110116258,1.346316104823057e-05,False,497.66872610210726
2971,1.3055940707939553,496.17932711644886,494.8330110116258,1.346316104823057e-05,False,497.66872610210726
2972,1.3029828826523673,496.17932711644886,494.8330110116258,1.346316104823057e-05,False,497.66872610210726
2973,1.3003769168870625,496.17932711644886,494.8330110116258,1.346316104823057e-05,False,497.66872610210726
2974,1.2977761630532882,496.17932711644886,494.8330110116258,1.346316104823057e-05,False,497.66872610210726
2975,1.2951806107271817,496.17932711644886,494.8330110116258,1.346316104823057e-05,False,497.66872610210726
2976,1.2925902495057273,496.17932711644886,494.8330110116258,1.346316104823057e-05,False,497.66872610210726
2977,1.290005069006716,496.17932711644886,494.8330110116258,1.346316104823057e-05,False,497.66872610210726
2978,1.2874250588687026,496.17932711644886,494.8330110116258,1.346316104823057e-05,False,497.66872610210726
2979,1.2848502087509652,496.17932711644886,494.8330110116258,1.346316104823057e-05,False,497.66872610210726
2980,1.2822805083334632,496.17932711644886,494.8330110116258,1.346316104823057e-05,False,497.66872610210726
2981,1.2797159473167963,496.17932711644886,494.8330110116258,1.346316104823057e-05,False,497.66872610210726
2982,1.2771565154221627,496.17932711644886,494.8330110116258,1.346316104823057e-05,False,497.66872610210726
2983,1.2746022023913184,496.17932711644886,494.8330110116258,1.346316104823057e-05,False,497.66872610210726
2984,1.2720529979865358,496.17932711644886,494.8330110116258,1.346316104823057e-05,False,497.66872610210726
2985,1.2695088919905628,496.17932711644886,494.8330110116258,1.346316104823057e-05,False,497.66872610210726
2986,1.2669698742065818,496.17932711644886,494.8330110116258,1.346316104823057e-05,False,497.66872610210726
2987,1.2644359344581686,496.17932711644886,494.8330110116258,1.346316104823057e-05,False,497.66872610210726
2988,1.2619070625892523,496.17932711644886,494.8330110116258,1.346316104823057e-05,False,497.66872610210726
2989,1.259383248464074,496.17932711644886,494.8330110116258,1.346316104823057e-05,False,497.66872610210726
2990,1.2568644819671457,496.17932711644886,494.8330110116258,1.346316104823057e-05,False,497.66872610210726
2991,1.2543507530032114,496.17932711644886,494.8330110116258,1.346316104823057e-05,False,497.66872610210726
2992,1.251842051497205,496.17932711644886,494.8330110116258,1.346316104823057e-05,False,497.66872610210726
2993,1.2493383673942107,496.17932711644886,494.8330110116258,1.346316104823057e-05,False,497.66872610210726
2994,1.2468396906594224,496.17932711644886,494.8330110116258,1.346316104823057e-05,False,497.66872610210726
2995,1.2443460112781035,496.17932711644886,494.8330110116258,1.346316104823057e-05,False,497.66872610210726
2996,1.2418573192555473,496.17932711644886,494.8330110116258,1.346316104823057e-05,False,497.66872610210726
2997,1.2393736046170363,496.17932711644886,494.8330110116258,1.346316104823057e-05,False,497.66872610210726
2998,1.2368948574078023,496.17932711644886,494.8330110116258,1.346316104823057e-05,False,497.66872610210726
2999,1.2344210676929865,496.17932711644886,494.8330110116258,1.346316104823057e-05,False,497.66872610210726
3000,1.2319522255576005,496.17932711644886,494.8330110116258,1.346316104823057e-05,False,497.66872610210726
3001,1.2294883211064853,496.17932711644886,494.8330110116258,1.346316104823057e-05,False,497.66872610210726
3002,1.2270293444642724,496.17932711644886,494.8330110116258,1.346316104823057e-05,False,497.66872610210726
3003,1.2245752857753438,496.17932711644886,494.8330110116258,1.346316104823057e-05,False,497.66872610210726
3004,1.222126135203793,496.17932711644886,494.8330110116258,1.346316104823057e-05,False,497.66872610210726
3005,1.2196818829333855,496.17932711644886,494.8330110116258,1.346316104823057e-05,False,497.66872610210726
3006,1.2172425191675187,496.17932711644886,494.8330110116258,1.346316104823057e-05,False,497.66872610210726
3007,1.2148080341291836,496.17932711644886,494.8330110116258,1.346316104823057e-05,False,497.66872610210726
3008,1.2123784180609252,496.17932711644886,494.8330110116258,1.346316104823057e-05,False,497.66872610210726
3009,1.2099536612248034,496.17932711644886,494.8330110116258,1.346316104823057e-05,False,497.66872610210726
3010,1.2075337539023538,496.17932711644886,494.8330110116258,1.346316104823057e-05,False,497.66872610210726
3011,1.205118686394549,496.17932711644886,494.8330110116258,1.346316104823057e-05,False,497.66872610210726
3012,1.20270844902176,496.17932711644886,494.8330110116258,1.346316104823057e-05,False,497.66872610210726
3013,1.2003030321237165,496.17932711644886,494.8330110116258,1.346316104823057e-05,False,497.66872610210726
3014,1.197902426059469,496.17932711644886,494.8330110116258,1.346316104823057e-05,False,497.66872610210726
3015,1.1955066212073502,496.17932711644886,494.8330110116258,1.346316104823057e-05,False,497.66872610210726
3016,1.1931156079649354,496.17932711644886,494.8330110116258,1.346316104823057e-05,False,497.66872610210726
3017,1.1907293767490055,496.17932711644886,494.8330110116258,1.346316104823057e-05,False,497.66872610210726
3018,1.1883479179955074,496.17932711644886,494.8330110116258,1.346316104823057e-05,False,497.66872610210726
3019,1.1859712221595164,496.17932711644886,494.8330110116258,1.346316104823057e-05,False,497.66872610210726
3020,1.1835992797151975,496.17932711644886,494.8330110116258,1.346316104823057e-05,False,497.66872610210726
3021,1.181232081155767,496.17932711644886,494.8330110116258,1.346316104823057e-05,False,497.66872610210726
3022,1.1788696169934556,496.17932711644886,494.8330110116258,1.346316104823057e-05,False,497.66872610210726
3023,1.1765118777594687,496.17932711644886,494.8330110116258,1.346316104823057e-05,False,497.66872610210726
3024,1.1741588540039498,496.17932711644886,494.8330110116258,1.346316104823057e-05,False,497.66872610210726
3025,1.171810536295942,496.17932711644886,494.8330110116258,1.346316104823057e-05,False,497.66872610210726
3026,1.1694669152233501,496.17932711644886,494.8330110116258,1.346316104823057e-05,False,497.66872610210726
3027,1.1671279813929034,496.17932711644886,494.8330110116258,1.346316104823057e-05,False,497.66872610210726
3028,1.1647937254301175,496.17932711644886,494.8330110116258,1.346316104823057e-05,False,497.66872610210726
3029,1.1624641379792573,496.17932711644886,494.8330110116258,1.346316104823057e-05,False,497.66872610210726
3030,1.1601392097032988,496.17932711644886,494.8330110116258,1.346316104823057e-05,False,497.66872610210726
3031,1.1578189312838922,496.17932711644886,494.8330110116258,1.346316104823057e-05,False,497.66872610210726
3032,1.1555032934213245,496.17932711644886,494.8330110116258,1.346316104823057e-05,False,497.66872610210726
3033,1.153192286834482,496.17932711644886,494.8330110116258,1.346316104823057e-05,False,497.66872610210726
3034,1.1508859022608129,496.17932711644886,494.8330110116258,1.346316104823057e-05,False,497.66872610210726
3035,1.1485841304562912,496.17932711644886,494.8330110116258,1.346316104823057e-05,False,497.66872610210726
3036,1.1462869621953786,496.17932711644886,494.8330110116258,1.346316104823057e-05,False,497.66872610210726
3037,1.1439943882709878,496.17932711644886,494.8330110116258,1.346316104823057e-05,False,497.66872610210726
3038,1.1417063994944459,496.17932711644886,494.8330110116258,1.346316104823057e-05,False,497.66872610210726
3039,1.139422986695457,496.17932711644886,494.8330110116258,1.346316104823057e-05,False,497.66872610210726
3040,1.1371441407220662,496.17932711644886,494.8330110116258,1.346316104823057e-05,False,497.66872610210726
3041,1.134869852440622,496.17932711644886,494.8330110116258,1.346316104823057e-05,False,497.66872610210726
3042,1.1326001127357408,496.17932711644886,494.8330110116258,1.346316104823057e-05,False,497.66872610210726
3043,1.1303349125102693,496.17932711644886,494.8330110116258,1.346316104823057e-05,False,497.66872610210726
3044,1.1280742426852488,496.17932711644886,494.8330110116258,1.346316104823057e-05,False,497.66872610210726
3045,1.1258180941998783,496.17932711644886,494.8330110116258,1.346316104823057e-05,False,497.66872610210726
3046,1.1235664580114786,496.17932711644886,494.8330110116258,1.346316104823057e-05,False,497.66872610210726
3047,1.1213193250954556,496.17932711644886,494.8330110116258,1.346316104823057e-05,False,497.66872610210726
3048,1.1190766864452648,496.17932711644886,494.8330110116258,1.346316104823057e-05,False,497.66872610210726
3049,1.1168385330723742,496.17932711644886,494.8330110116258,1.346316104823057e-05,False,497.66872610210726
3050,1.1146048560062294,496.17932711644886,494.8330110116258,1.346316104823057e-05,False,497.66872610210726
3051,1.112375646294217,496.17932711644886,494.8330110116258,1.346316104823057e-05,False,497.66872610210726
3052,1.1101508950016286,496.17932711644886,494.8330110116258,1.346316104823057e-05,False,497.66872610210726
3053,1.1079305932116252,496.17932711644886,494.8330110116258,1.346316104823057e-05,False,497.66872610210726
3054,1.1057147320252019,496.17932711644886,494.8330110116258,1.346316104823057e-05,False,497.66872610210726
3055,1.1035033025611514,496.17932711644886,494.8330110116258,1.346316104823057e-05,False,497.66872610210726
3056,1.101296295956029,496.17932711644886,494.8330110116258,1.346316104823057e-05,False,497.66872610210726
3057,1.099093703364117,496.17932711644886,494.8330110116258,1.346316104823057e-05,False,497.66872610210726
3058,1.0968955159573888,496.17932711644886,494.8330110116258,1.346316104823057e-05,False,497.66872610210726
3059,1.094701724925474,496.17932711644886,494.8330110116258,1.346316104823057e-05,False,497.66872610210726
3060,1.0925123214756232,496.17932711644886,494.8330110116258,1.346316104823057e-05,False,497.66872610210726
3061,1.0903272968326718,496.17932711644886,494.8330110116258,1.346316104823057e-05,False,497.66872610210726
3062,1.0881466422390065,496.17932711644886,494.8330110116258,1.346316104823057e-05,False,497.66872610210726
3063,1.0859703489545285,496.17932711644886,494.8330110116258,1.346316104823057e-05,False,497.66872610210726
3064,1.0837984082566194,496.17932711644886,494.8330110116258,1.346316104823057e-05,False,497.66872610210726
3065,1.081630811440106,496.17932711644886,494.8330110116258,1.346316104823057e-05,False,497.66872610210726
3066,1.079467549817226,496.17932711644886,494.8330110116258,1.346316104823057e-05,False,497.66872610210726
3067,1.0773086147175914,496.17932711644886,494.8330110116258,1.346316104823057e-05,False,497.66872610210726
3068,1.0751539974881563,496.17932711644886,494.8330110116258,1.346316104823057e-05,False,497.66872610210726
3069,1.07300368949318,496.17932711644886,494.8330110116258,1.346316104823057e-05,False,497.66872610210726
3070,1.0708576821141937,496.17932711644886,494.8330110116258,1.346316104823057e-05,False,497.66872610210726
3071,1.0687159667499653,496.17932711644886,494.8330110116258,1.346316104823057e-05,False,497.66872610210726
3072,1.0665785348164654,496.17932711644886,494.8330110116258,1.346316104823057e-05,False,497.66872610210726
3073,1.0644453777468323,496.17932711644886,494.8330110116258,1.346316104823057e-05,False,497.66872610210726
3074,1.0623164869913386,496.17932711644886,494.8330110116258,1.346316104823057e-05,False,497.66872610210726
3075,1.060191854017356,496.17932711644886,494.8330110116258,1.346316104823057e-05,False,497.66872610210726
3076,1.0580714703093212,496.17932711644886,494.8330110116258,1.346316104823057e-05,False,497.66872610210726
3077,1.0559553273687026,496.17932711644886,494.8330110116258,1.346316104823057e-05,False,497.66872610210726
3078,1.0538434167139652,496.17932711644886,494.8330110116258,1.346316104823057e-05,False,497.66872610210726
3079,1.0517357298805372,496.17932711644886,494.8330110116258,1.346316104823057e-05,False,497.66872610210726
3080,1.0496322584207762,496.17932711644886,494.8330110116258,1.346316104823057e-05,False,497.66872610210726
3081,1.0475329939039346,496.17932711644886,494.8330110116258,1.346316104823057e-05,False,497.66872610210726
3082,1.0454379279161268,496.17932711644886,494.8330110116258,1.346316104823057e-05,False,497.66872610210726
3083,1.0433470520602945,496.17932711644886,494.8330110116258,1.346316104823057e-05,False,497.66872610210726
3084,1.0412603579561739,496.17932711644886,494.8330110116258,1.346316104823057e-05,False,497.66872610210726
3085,1.0391778372402616,496.17932711644886,494.8330110116258,1.346316104823057e-05,False,497.66872610210726
3086,1.037099481565781,496.17932711644886,494.8330110116258,1.346316104823057e-05,False,497.66872610210726
3087,1.0350252826026494,496.17932711644886,494.8330110116258,1.346316104823057e-05,False,497.66872610210726
3088,1.032955232037444,496.17932711644886,494.8330110116258,1.346316104823057e-05,False,497.66872610210726
3089,1.0308893215733692,496.17932711644886,494.8330110116258,1.346316104823057e-05,False,497.66872610210726
3090,1.0288275429302225,496.17932711644886,494.8330110116258,1.346316104823057e-05,False,497.66872610210726
3091,1.026769887844362,496.17932711644886,494.8330110116258,1.346316104823057e-05,False,497.66872610210726
3092,1.0247163480686734,496.17932711644886,494.8330110116258,1.346316104823057e-05,False,497.66872610210726
3093,1.022666915372536,496.17932711644886,494.8330110116258,1.346316104823057e-05,False,497.66872610210726
3094,1.020621581541791,496.17932711644886,494.8330110116258,1.346316104823057e-05,False,497.66872610210726
3095,1.0185803383787073,496.17932711644886,494.8330110116258,1.346316104823057e-05,False,497.66872610210726
3096,1.0165431777019498,496.17932711644886,494.8330110116258,1.346316104823057e-05,False,497.66872610210726
3097,1.014510091346546,496.17932711644886,494.8330110116258,1.346316104823057e-05,False,497.66872610210726
3098,1.0124810711638528,496.17932711644886,494.8330110116258,1.346316104823057e-05,False,497.66872610210726
3099,1.0104561090215252,496.17932711644886,494.8330110116258,1.346316104823057e-05,False,497.66872610210726
3100,1.0084351968034821,496.17932711644886,494.8330110116258,1.346316104823057e-05,False,497.66872610210726
3101,1.0064183264098752,496.17932711644886,494.8330110116258,1.346316104823057e-05,False,497.66872610210726
3102,1.0044054897570553,496.17932711644886,494.8330110116258,1.346316104823057e-05,False,497.66872610210726
3103,1.0023966787775411,496.17932711644886,494.8330110116258,1.346316104823057e-05,False,497.66872610210726
3104,1.000391885419986,496.17932711644886,494.8330110116258,1.346316104823057e-05,False,497.66872610210726
3105,0.998391101649146,496.17932711644886,494.8330110116258,1.346316104823057e-05,False,497.66872610210726
3106,0.9963943194458478,496.17932711644886,494.8330110116258,1.346316104823057e-05,False,497.66872610210726
3107,0.994401530806956,496.17932711644886,494.8330110116258,1.346316104823057e-05,False,497.66872610210726
3108,0.9924127277453422,496.17932711644886,494.8330110116258,1.346316104823057e-05,False,497.66872610210726
3109,0.9904279022898514,496.17932711644886,494.8330110116258,1.346316104823057e-05,False,497.66872610210726
3110,0.9884470464852717,496.17932711644886,494.8330110116258,1.346316104823057e-05,False,497.66872610210726
3111,0.9864701523923012,496.17932711644886,494.8330110116258,1.346316104823057e-05,False,497.66872610210726
3112,0.9844972120875166,496.17932711644886,494.8330110116258,1.346316104823057e-05,False,497.66872610210726
3113,0.9825282176633415,496.17932711644886,494.8330110116258,1.346316104823057e-05,False,497.66872610210726
3114,0.9805631612280148,496.17932711644886,494.8330110116258,1.346316104823057e-05,False,497.66872610210726
3115,0.9786020349055587,496.17932711644886,494.8330110116258,1.346316104823057e-05,False,497.66872610210726
3116,0.9766448308357476,496.17932711644886,494.8330110116258,1.346316104823057e-05,False,497.66872610210726
3117,0.9746915411740761,496.17932711644886,494.8330110116258,1.346316104823057e-05,False,497.66872610210726
3118,0.9727421580917279,496.17932711644886,494.8330110116258,1.346316104823057e-05,False,497.66872610210726
3119,0.9707966737755445,496.17932711644886,494.8330110116258,1.346316104823057e-05,False,497.66872610210726
3120,0.9688550804279934,496.17932711644886,494.8330110116258,1.346316104823057e-05,False,497.66872610210726
3121,0.9669173702671374,496.17932711644886,494.8330110116258,1.346316104823057e-05,False,497.66872610210726
3122,0.9649835355266031,496.17932711644886,494.8330110116258,1.346316104823057e-05,False,497.66872610210726
3123,0.9630535684555499,496.17932711644886,494.8330110116258,1.346316104823057e-05,False,497.66872610210726
3124,0.9611274613186388,496.17932711644886,494.8330110116258,1.346316104823057e-05,False,497.66872610210726
3125,0.9592052063960015,496.17932711644886,494.8330110116258,1.346316104823057e-05,False,497.66872610210726
3126,0.9572867959832094,496.17932711644886,494.8330110116258,1.346316104823057e-05,False,497.66872610210726
3127,0.955372222391243,496.17932711644886,494.8330110116258,1.346316104823057e-05,False,497.66872610210726
3128,0.9534614779464605,496.17932711644886,494.8330110116258,1.346316104823057e-05,False,497.66872610210726
3129,0.9515545549905676,496.17932711644886,494.8330110116258,1.346316104823057e-05,False,497.66872610210726
3130,0.9496514458805865,496.17932711644886,494.8330110116258,1.346316104823057e-05,False,497.66872610210726
3131,0.9477521429888253,496.17932711644886,494.8330110116258,1.346316104823057e-05,False,497.66872610210726
3132,0.9458566387028476,496.17932711644886,494.8330110116258,1.346316104823057e-05,False,497.66872610210726
3133,0.943964925425442,496.17932711644886,494.8330110116258,1.346316104823057e-05,False,497.66872610210726
3134,0.9420769955745911,496.17932711644886,494.8330110116258,1.346316104823057e-05,False,497.66872610210726
3135,0.940192841583442,496.17932711644886,494.8330110116258,1.346316104823057e-05,False,497.66872610210726
3136,0.9383124559002751,496.17932711644886,494.8330110116258,1.346316104823057e-05,False,497.66872610210726
3137,0.9364358309884746,496.17932711644886,494.8330110116258,1.346316104823057e-05,False,497.66872610210726
3138,0.9345629593264977,496.17932711644886,494.8330110116258,1.346316104823057e-05,False,497.66872610210726
3139,0.9326938334078447,496.17932711644886,494.8330110116258,1.346316104823057e-05,False,497.66872610210726
3140,0.9308284457410291,496.17932711644886,494.8330110116258,1.346316104823057e-05,False,497.66872610210726
3141,0.928966788849547,496.17932711644886,494.8330110116258,1.346316104823057e-05,False,497.66872610210726
3142,0.9271088552718478,496.17932711644886,494.8330110116258,1.346316104823057e-05,False,497.66872610210726
3143,0.9252546375613041,496.17932711644886,494.8330110116258,1.346316104823057e-05,False,497.66872610210726
3144,0.9234041282861815,496.17932711644886,494.8330110116258,1.346316104823057e-05,False,497.66872610210726
3145,0.9215573200296091,496.17932711644886,494.8330110116258,1.346316104823057e-05,False,497.66872610210726
3146,0.9197142053895498,496.17932711644886,494.8330110116258,1.346316104823057e-05,False,497.66872610210726
3147,0.9178747769787707,496.17932711644886,494.8330110116258,1.346316104823057e-05,False,497.66872610210726
3148,0.9160390274248132,496.17932711644886,494.8330110116258,1.346316104823057e-05,False,497.66872610210726
3149,0.9142069493699636,496.17932711644886,494.8330110116258,1.346316104823057e-05,False,497.66872610210726
3150,0.9123785354712237,496.17932711644886,494.8330110116258,1.346316104823057e-05,False,497.66872610210726
3151,0.9105537784002813,496.17932711644886,494.8330110116258,1.346316104823057e-05,False,497.66872610210726
3152,0.9087326708434807,496.17932711644886,494.8330110116258,1.346316104823057e-05,False,497.66872610210726
3153,0.9069152055017938,496.17932711644886,494.8330110116258,1.346316104823057e-05,False,497.66872610210726
3154,0.9051013750907902,496.17932711644886,494.8330110116258,1.346316104823057e-05,False,497.66872610210726
3155,0.9032911723406086,496.17932711644886,494.8330110116258,1.346316104823057e-05,False,497.66872610210726
3156,0.9014845899959274,496.17932711644886,494.8330110116258,1.346316104823057e-05,False,497.66872610210726
3157,0.8996816208159355,496.17932711644886,494.8330110116258,1.346316104823057e-05,False,497.66872610210726
3158,0.8978822575743036,496.17932711644886,494.8330110116258,1.346316104823057e-05,False,497.66872610210726
3159,0.896086493059155,496.17932711644886,494.8330110116258,1.346316104823057e-05,False,497.66872610210726
3160,0.8942943200730367,496.17932711644886,494.8330110116258,1.346316104823057e-05,False,497.66872610210726
3161,0.8925057314328906,496.17932711644886,494.8330110116258,1.346316104823057e-05,False,497.66872610210726
3162,0.8907207199700248,496.17932711644886,494.8330110116258,1.346316104823057e-05,False,497.66872610210726
3163,0.8889392785300847,496.17932711644886,494.8330110116258,1.346316104823057e-05,False,497.66872610210726
3164,0.8871613999730246,496.17932711644886,494.8330110116258,1.346316104823057e-05,False,497.66872610210726
3165,0.8853870771730785,496.17932711644886,494.8330110116258,1.346316104823057e-05,False,497.66872610210726
3166,0.8836163030187324,496.17932711644886,494.8330110116258,1.346316104823057e-05,False,497.66872610210726
3167,0.8818490704126949,496.17932711644886,494.8330110116258,1.346316104823057e-05,False,497.66872610210726
3168,0.8800853722718694,496.17932711644886,494.8330110116258,1.346316104823057e-05,False,497.66872610210726
3169,0.8783252015273257,496.17932711644886,494.8330110116258,1.346316104823057e-05,False,497.66872610210726
3170,0.8765685511242711,496.17932711644886,494.8330110116258,1.346316104823057e-05,False,497.66872610210726
3171,0.8748154140220226,496.17932711644886,494.8330110116258,1.346316104823057e-05,False,497.66872610210726
3172,0.8730657831939785,496.17932711644886,494.8330110116258,1.346316104823057e-05,False,497.66872610210726
3173,0.8713196516275906,496.17932711644886,494.8330110116258,1.346316104823057e-05,False,497.66872610210726
3174,0.8695770123243355,496.17932711644886,494.8330110116258,1.346316104823057e-05,False,497.66872610210726
3175,0.8678378582996868,496.17932711644886,494.8330110116258,1.346316104823057e-05,False,497.66872610210726
3176,0.8661021825830875,496.17932711644886,494.8330110116258,1.346316104823057e-05,False,497.66872610210726
3177,0.8643699782179213,496.17932711644886,494.8330110116258,1.346316104823057e-05,False,497.66872610210726
3178,0.8626412382614854,496.17932711644886,494.8330110116258,1.346316104823057e-05,False,497.66872610210726
3179,0.8609159557849625,496.17932711644886,494.8330110116258,1.346316104823057e-05,False,497.66872610210726
3180,0.8591941238733926,496.17932711644886,494.8330110116258,1.346316104823057e-05,False,497.66872610210726
3181,0.8574757356256457,496.17932711644886,494.8330110116258,1.346316104823057e-05,False,497.66872610210726
3182,0.8557607841543944,496.17932711644886,494.8330110116258,1.346316104823057e-05,False,497.66872610210726
3183,0.8540492625860856,496.17932711644886,494.8330110116258,1.346316104823057e-05,False,497.66872610210726
3184,0.8523411640609134,496.17932711644886,494.8330110116258,1.346316104823057e-05,False,497.66872610210726
3185,0.8506364817327916,496.17932711644886,494.8330110116258,1.346316104823057e-05,False,497.66872610210726
3186,0.848935208769326,496.17932711644886,494.8330110116258,1.346316104823057e-05,False,497.66872610210726
3187,0.8472373383517874,496.17932711644886,494.8330110116258,1.346316104823057e-05,False,497.66872610210726
3188,0.8455428636750838,496.17932711644886,494.8330110116258,1.346316104823057e-05,False,497.66872610210726
3189,0.8438517779477336,496.17932711644886,494.8330110116258,1.346316104823057e-05,False,497.66872610210726
3190,0.8421640743918382,496.17932711644886,494.8330110116258,1.346316104823057e-05,False,497.66872610210726
3191,0.8404797462430544,496.17932711644886,494.8330110116258,1.346316104823057e-05,False,497.66872610210726
3192,0.8387987867505683,496.17932711644886,494.8330110116258,1.346316104823057e-05,False,497.66872610210726
3193,0.8371211891770671,496.17932711644886,494.8330110116258,1.346316104823057e-05,False,497.66872610210726
3194,0.835446946798713,496.17932711644886,494.8330110116258,1.346316104823057e-05,False,497.66872610210726
3195,0.8337760529051156,496.17932711644886,494.8330110116258,1.346316104823057e-05,False,497.66872610210726
3196,0.8321085007993053,496.17932711644886,494.8330110116258,1.346316104823057e-05,False,497.66872610210726
3197,0.8304442837977067,496.17932711644886,494.8330110116258,1.346316104823057e-05,False,497.66872610210726
3198,0.8287833952301114,496.17932711644886,494.8330110116258,1.346316104823057e-05,False,497.66872610210726
3199,0.8271258284396511,496.17932711644886,494.8330110116258,1.346316104823057e-05,False,497.66872610210726
3200,0.8254715767827718,496.17932711644886,494.8330110116258,1.346316104823057e-05,False,497.66872610210726
3201,0.8238206336292063,496.17932711644886,494.8330110116258,1.346316104823057e-05,False,497.66872610210726
3202,0.822172992361948,496.17932711644886,494.8330110116258,1.346316104823057e-05,False,497.66872610210726
3203,0.8205286463772241,496.17932711644886,494.8330110116258,1.346316104823057e-05,False,497.66872610210726
3204,0.8188875890844697,496.17932711644886,494.8330110116258,1.346316104823057e-05,False,497.66872610210726
3205,0.8172498139063007,496.17932711644886,494.8330110116258,1.346316104823057e-05,False,497.66872610210726
3206,0.8156153142784881,496.17932711644886,494.8330110116258,1.346316104823057e-05,False,497.66872610210726
3207,0.8139840836499311,496.17932711644886,494.8330110116258,1.346316104823057e-05,False,497.66872610210726
3208,0.8123561154826313,496.17932711644886,494.8330110116258,1.346316104823057e-05,False,497.66872610210726
3209,0.810731403251666,496.17932711644886,494.8330110116258,1.346316104823057e-05,False,497.66872610210726
3210,0.8091099404451627,496.17932711644886,494.8330110116258,1.346316104823057e-05,False,497.66872610210726
3211,0.8074917205642724,496.17932711644886,494.8330110116258,1.346316104823057e-05,False,497.66872610210726
3212,0.8058767371231439,496.17932711644886,494.8330110116258,1.346316104823057e-05,False,497.66872610210726
3213,0.8042649836488976,496.17932711644886,494.8330110116258,1.346316104823057e-05,False,497.66872610210726
3214,0.8026564536815999,496.17932711644886,494.8330110116258,1.346316104823057e-05,False,497.66872610210726
3215,0.8010511407742367,496.17932711644886,494.8330110116258,1.346316104823057e-05,False,497.66872610210726
3216,0.7994490384926882,496.17932711644886,494.8330110116258,1.346316104823057e-05,False,497.66872610210726
3217,0.7978501404157028,496.17932711644886,494.8330110116258,1.346316104823057e-05,False,497.66872610210726
3218,0.7962544401348713,496.17932711644886,494.8330110116258,1.346316104823057e-05,False,497.66872610210726
3219,0.7946619312546016,496.17932711644886,494.8330110116258,1.346316104823057e-05,False,497.66872610210726
3220,0.7930726073920924,496.17932711644886,494.8330110116258,1.346316104823057e-05,False,497.66872610210726
3221,0.7914864621773082,496.17932711644886,494.8330110116258,1.346316104823057e-05,False,497.66872610210726
3222,0.7899034892529536,496.17932711644886,494.8330110116258,1.346316104823057e-05,False,497.66872610210726
3223,0.7883236822744477,496.17932711644886,494.8330110116258,1.346316104823057e-05,False,497.66872610210726
3224,0.7867470349098988,496.17932711644886,494.8330110116258,1.346316104823057e-05,False,497.66872610210726
3225,0.7851735408400791,496.17932711644886,494.8330110116258,1.346316104823057e-05,False,497.66872610210726
3226,0.7836031937583989,496.17932711644886,494.8330110116258,1.346316104823057e-05,False,497.66872610210726
3227,0.7820359873708821,496.17932711644886,494.8330110116258,1.346316104823057e-05,False,497.66872610210726
3228,0.7804719153961404,496.17932711644886,494.8330110116258,1.346316104823057e-05,False,497.66872610210726
3229,0.778910971565348,496.17932711644886,494.8330110116258,1.346316104823057e-05,False,497.66872610210726
3230,0.7773531496222174,496.17932711644886,494.8330110116258,1.346316104823057e-05,False,497.66872610210726
3231,0.7757984433229729,496.17932711644886,494.8330110116258,1.346316104823057e-05,False,497.66872610210726
3232,0.7742468464363269,496.17932711644886,494.8330110116258,1.346316104823057e-05,False,497.66872610210726
3233,0.7726983527434542,496.17932711644886,494.8330110116258,1.346316104823057e-05,False,497.66872610210726
3234,0.7711529560379673,496.17932711644886,494.8330110116258,1.346316104823057e-05,False,497.66872610210726
3235,0.7696106501258914,496.17932711644886,494.8330110116258,1.346316104823057e-05,False,497.66872610210726
3236,0.7680714288256396,496.17932711644886,494.8330110116258,1.346316104823057e-05,False,497.66872610210726
3237,0.7665352859679884,496.17932711644886,494.8330110116258,1.346316104823057e-05,False,497.66872610210726
3238,0.7650022153960524,496.17932711644886,494.8330110116258,1.346316104823057e-05,False,497.66872610210726
3239,0.7634722109652603,496.17932711644886,494.8330110116258,1.346316104823057e-05,False,497.66872610210726
3240,0.7619452665433297,496.17932711644886,494.8330110116258,1.346316104823057e-05,False,497.66872610210726
3241,0.7604213760102431,496.17932711644886,494.8330110116258,1.346316104823057e-05,False,497.66872610210726
3242,0.7589005332582226,496.17932711644886,494.8330110116258,1.346316104823057e-05,False,497.66872610210726
3243,0.7573827321917062,496.17932711644886,494.8330110116258,1.346316104823057e-05,False,497.66872610210726
3244,0.7558679667273227,496.17932711644886,494.8330110116258,1.346316104823057e-05,False,497.66872610210726
3245,0.754356230793868,496.17932711644886,494.8330110116258,1.346316104823057e-05,False,497.66872610210726
3246,0.7528475183322803,496.17932711644886,494.8330110116258,1.346316104823057e-05,False,497.66872610210726
3247,0.7513418232956157,496.17932711644886,494.8330110116258,1.346316104823057e-05,False,497.66872610210726
3248,0.7498391396490245,496.17932711644886,494.8330110116258,1.346316104823057e-05,False,497.66872610210726
3249,0.7483394613697264,496.17932711644886,494.8330110116258,1.346316104823057e-05,False,497.66872610210726
3250,0.746842782446987,496.17932711644886,494.8330110116258,1.346316104823057e-05,False,497.66872610210726
3251,0.745349096882093,496.17932711644886,494.8330110116258,1.346316104823057e-05,False,497.66872610210726
3252,0.7438583986883288,496.17932711644886,494.8330110116258,1.346316104823057e-05,False,497.66872610210726
3253,0.7423706818909521,496.17932711644886,494.8330110116258,1.346316104823057e-05,False,497.66872610210726
3254,0.7408859405271702,496.17932711644886,494.8330110116258,1.346316104823057e-05,False,497.66872610210726
3255,0.7394041686461158,496.17932711644886,494.8330110116258,1.346316104823057e-05,False,497.66872610210726
3256,0.7379253603088236,496.17932711644886,494.8330110116258,1.346316104823057e-05,False,497.66872610210726
3257,0.736449509588206,496.17932711644886,494.8330110116258,1.346316104823057e-05,False,497.66872610210726
3258,0.7349766105690295,496.17932711644886,494.8330110116258,1.346316104823057e-05,False,497.66872610210726
3259,0.7335066573478914,496.17932711644886,494.8330110116258,1.346316104823057e-05,False,497.66872610210726
3260,0.7320396440331957,496.17932711644886,494.8330110116258,1.346316104823057e-05,False,497.66872610210726
3261,0.7305755647451293,496.17932711644886,494.8330110116258,1.346316104823057e-05,False,497.66872610210726
3262,0.729114413615639,496.17932711644886,494.8330110116258,1.346316104823057e-05,False,497.66872610210726
3263,0.7276561847884078,496.17932711644886,494.8330110116258,1.346316104823057e-05,False,497.66872610210726
3264,0.7262008724188309,496.17932711644886,494.8330110116258,1.346316104823057e-05,False,497.66872610210726
3265,0.7247484706739933,496.17932711644886,494.8330110116258,1.346316104823057e-05,False,497.66872610210726
3266,0.7232989737326453,496.17932711644886,494.8330110116258,1.346316104823057e-05,False,497.66872610210726
3267,0.72185237578518,496.17932711644886,494.8330110116258,1.346316104823057e-05,False,497.66872610210726
3268,0.7204086710336096,496.17932711644886,494.8330110116258,1.346316104823057e-05,False,497.66872610210726
3269,0.7189678536915424,496.17932711644886,494.8330110116258,1.346316104823057e-05,False,497.66872610210726
3270,0.7175299179841593,496.17932711644886,494.8330110116258,1.346316104823057e-05,False,497.66872610210726
3271,0.716094858148191,496.17932711644886,494.8330110116258,1.346316104823057e-05,False,497.66872610210726
3272,0.7146626684318946,496.17932711644886,494.8330110116258,1.346316104823057e-05,False,497.66872610210726
3273,0.7132333430950308,496.17932711644886,494.8330110116258,1.346316104823057e-05,False,497.66872610210726
3274,0.7118068764088408,496.17932711644886,494.8330110116258,1.346316104823057e-05,False,497.66872610210726
3275,0.7103832626560231,496.17932711644886,494.8330110116258,1.346316104823057e-05,False,497.66872610210726
3276,0.708962496130711,496.17932711644886,494.8330110116258,1.346316104823057e-05,False,497.66872610210726
3277,0.7075445711384496,496.17932711644886,494.8330110116258,1.346316104823057e-05,False,497.66872610210726
3278,0.7061294819961726,496.17932711644886,494.8330110116258,1.346316104823057e-05,False,497.66872610210726
3279,0.7047172230321803,496.17932711644886,494.8330110116258,1.346316104823057e-05,False,497.66872610210726
3280,0.703307788586116,496.17932711644886,494.8330110116258,1.346316104823057e-05,False,497.66872610210726
3281,0.7019011730089437,496.17932711644886,494.8330110116258,1.346316104823057e-05,False,497.66872610210726
3282,0.7004973706629258,496.17932711644886,494.8330110116258,1.346316104823057e-05,False,497.66872610210726
3283,0.6990963759216,496.17932711644886,494.8330110116258,1.346316104823057e-05,False,497.66872610210726
3284,0.6976981831697568,496.17932711644886,494.8330110116258,1.346316104823057e-05,False,497.66872610210726
3285,0.6963027868034173,496.17932711644886,494.8330110116258,1.346316104823057e-05,False,497.66872610210726
3286,0.6949101812298104,496.17932711644886,494.8330110116258,1.346316104823057e-05,False,497.66872610210726
3287,0.6935203608673508,496.17932711644886,494.8330110116258,1.346316104823057e-05,False,497.66872610210726
3288,0.6921333201456161,496.17932711644886,494.8330110116258,1.346316104823057e-05,False,497.66872610210726
3289,0.6907490535053249,496.17932711644886,494.8330110116258,1.346316104823057e-05,False,497.66872610210726
3290,0.6893675553983143,496.17932711644886,494.8330110116258,1.346316104823057e-05,False,497.66872610210726
3291,0.6879888202875176,496.17932711644886,494.8330110116258,1.346316104823057e-05,False,497.66872610210726
3292,0.6866128426469426,496.17932711644886,494.8330110116258,1.346316104823057e-05,False,497.66872610210726
3293,0.6852396169616487,496.17932711644886,494.8330110116258,1.346316104823057e-05,False,497.66872610210726
3294,0.6838691377277254,496.17932711644886,494.8330110116258,1.346316104823057e-05,False,497.66872610210726
3295,0.68250139945227,496.17932711644886,494.8330110116258,1.346316104823057e-05,False,497.66872610210726
3296,0.6811363966533655,496.17932711644886,494.8330110116258,1.346316104823057e-05,False,497.66872610210726
3297,0.6797741238600588,496.17932711644886,494.8330110116258,1.346316104823057e-05,False,497.66872610210726
3298,0.6784145756123386,496.17932711644886,494.8330110116258,1.346316104823057e-05,False,497.66872610210726
3299,0.6770577464611139,496.17932711644886,494.8330110116258,1.346316104823057e-05,False,497.66872610210726
3300,0.6757036309681917,496.17932711644886,494.8330110116258,1.346316104823057e-05,False,497.66872610210726
3301,0.6743522237062554,496.17932711644886,494.8330110116258,1.346316104823057e-05,False,497.66872610210726
3302,0.6730035192588428,496.17932711644886,494.8330110116258,1.346316104823057e-05,False,497.66872610210726
3303,0.6716575122203251,496.17932711644886,494.8330110116258,1.346316104823057e-05,False,497.66872610210726
3304,0.6703141971958845,496.17932711644886,494.8330110116258,1.346316104823057e-05,False,497.66872610210726
3305,0.6689735688014927,496.17932711644886,494.8330110116258,1.346316104823057e-05,False,497.66872610210726
3306,0.6676356216638898,496.17932711644886,494.8330110116258,1.346316104823057e-05,False,497.66872610210726
3307,0.666300350420562,496.17932711644886,494.8330110116258,1.346316104823057e-05,False,497.66872610210726
3308,0.6649677497197208,496.17932711644886,494.8330110116258,1.346316104823057e-05,False,497.66872610210726
3309,0.6636378142202813,496.17932711644886,494.8330110116258,1.346316104823057e-05,False,497.66872610210726
3310,0.6623105385918407,496.17932711644886,494.8330110116258,1.346316104823057e-05,False,497.66872610210726
3311,0.6609859175146571,496.17932711644886,494.8330110116258,1.346316104823057e-05,False,497.66872610210726
3312,0.6596639456796277,496.17932711644886,494.8330110116258,1.346316104823057e-05,False,497.66872610210726
3313,0.6583446177882685,496.17932711644886,494.8330110116258,1.346316104823057e-05,False,497.66872610210726
3314,0.657027928552692,496.17932711644886,494.8330110116258,1.346316104823057e-05,False,497.66872610210726
3315,0.6557138726955866,496.17932711644886,494.8330110116258,1.346316104823057e-05,False,497.66872610210726
3316,0.6544024449501954,496.17932711644886,494.8330110116258,1.346316104823057e-05,False,497.66872610210726
3317,0.653093640060295,496.17932711644886,494.8330110116258,1.346316104823057e-05,False,497.66872610210726
3318,0.6517874527801745,496.17932711644886,494.8330110116258,1.346316104823057e-05,False,497.66872610210726
3319,0.6504838778746141,496.17932711644886,494.8330110116258,1.346316104823057e-05,False,497.66872610210726
3320,0.6491829101188649,496.17932711644886,494.8330110116258,1.346316104823057e-05,False,497.66872610210726
3321,0.6478845442986272,496.17932711644886,494.8330110116258,1.346316104823057e-05,False,497.66872610210726
3322,0.6465887752100299,496.17932711644886,494.8330110116258,1.346316104823057e-05,False,497.66872610210726
3323,0.6452955976596099,496.17932711644886,494.8330110116258,1.346316104823057e-05,False,497.66872610210726
3324,0.6440050064642906,496.17932711644886,494.8330110116258,1.346316104823057e-05,False,497.66872610210726
3325,0.642716996451362,496.17932711644886,494.8330110116258,1.346316104823057e-05,False,497.66872610210726
3326,0.6414315624584593,496.17932711644886,494.8330110116258,1.346316104823057e-05,False,497.66872610210726
3327,0.6401486993335425,496.17932711644886,494.8330110116258,1.346316104823057e-05,False,497.66872610210726
3328,0.6388684019348754,496.17932711644886,494.8330110116258,1.346316104823057e-05,False,497.66872610210726
3329,0.6375906651310056,496.17932711644886,494.8330110116258,1.346316104823057e-05,False,497.66872610210726
3330,0.6363154838007435,496.17932711644886,494.8330110116258,1.346316104823057e-05,False,497.66872610210726
3331,0.6350428528331421,496.17932711644886,494.8330110116258,1.346316104823057e-05,False,497.66872610210726
3332,0.6337727671274758,496.17932711644886,494.8330110116258,1.346316104823057e-05,False,497.66872610210726
3333,0.6325052215932209,496.17932711644886,494.8330110116258,1.346316104823057e-05,False,497.66872610210726
3334,0.6312402111500344,496.17932711644886,494.8330110116258,1.346316104823057e-05,False,497.66872610210726
3335,0.6299777307277343,496.17932711644886,494.8330110116258,1.346316104823057e-05,False,497.66872610210726
3336,0.6287177752662788,496.17932711644886,494.8330110116258,1.346316104823057e-05,False,497.66872610210726
3337,0.6274603397157462,496.17932711644886,494.8330110116258,1.346316104823057e-05,False,497.66872610210726
3338,0.6262054190363148,496.17932711644886,494.8330110116258,1.346316104823057e-05,False,497.66872610210726
3339,0.6249530081982422,496.17932711644886,494.8330110116258,1.346316104823057e-05,False,497.66872610210726
3340,0.6237031021818457,496.17932711644886,494.8330110116258,1.346316104823057e-05,False,497.66872610210726
3341,0.622455695977482,496.17932711644886,494.8330110116258,1.346316104823057e-05,False,497.66872610210726
3342,0.621210784585527,496.17932711644886,494.8330110116258,1.346316104823057e-05,False,497.66872610210726
3343,0.6199683630163559,496.17932711644886,494.8330110116258,1.346316104823057e-05,False,497.66872610210726
3344,0.6187284262903232,496.17932711644886,494.8330110116258,1.346316104823057e-05,False,497.66872610210726
3345,0.6174909694377425,496.17932711644886,494.8330110116258,1.346316104823057e-05,False,497.66872610210726
3346,0.616255987498867,496.17932711644886,494.8330110116258,1.346316104823057e-05,False,497.66872610210726
3347,0.6150234755238693,496.17932711644886,494.8330110116258,1.346316104823057e-05,False,497.66872610210726
3348,0.6137934285728215,496.17932711644886,494.8330110116258,1.346316104823057e-05,False,497.66872610210726
3349,0.6125658417156759,496.17932711644886,494.8330110116258,1.346316104823057e-05,False,497.66872610210726
3350,0.6113407100322445,496.17932711644886,494.8330110116258,1.346316104823057e-05,False,497.66872610210726
3351,0.61011802861218,496.17932711644886,494.8330110116258,1.346316104823057e-05,False,497.66872610210726
3352,0.6088977925549557,496.17932711644886,494.8330110116258,1.346316104823057e-05,False,497.66872610210726
3353,0.6076799969698458,496.17932711644886,494.8330110116258,1.346316104823057e-05,False,497.66872610210726
3354,0.606464636975906,496.17932711644886,494.8330110116258,1.346316104823057e-05,False,497.66872610210726
3355,0.6052517077019542,496.17932711644886,494.8330110116258,1.346316104823057e-05,False,497.66872610210726
3356,0.6040412042865503,496.17932711644886,494.8330110116258,1.346316104823057e-05,False,497.66872610210726
3357,0.6028331218779772,496.17932711644886,494.8330110116258,1.346316104823057e-05,False,497.66872610210726
3358,0.6016274556342213,496.17932711644886,494.8330110116258,1.346316104823057e-05,False,497.66872610210726
3359,0.6004242007229528,496.17932711644886,494.8330110116258,1.346316104823057e-05,False,497.66872610210726
3360,0.5992233523215069,496.17932711644886,494.8330110116258,1.346316104823057e-05,False,497.66872610210726
3361,0.5980249056168639,496.17932711644886,494.8330110116258,1.346316104823057e-05,False,497.66872610210726
3362,0.5968288558056302,496.17932711644886,494.8330110116258,1.346316104823057e-05,False,497.66872610210726
3363,0.5956351980940189,496.17932711644886,494.8330110116258,1.346316104823057e-05,False,497.66872610210726
3364,0.5944439276978308,496.17932711644886,494.8330110116258,1.346316104823057e-05,False,497.66872610210726
3365,0.5932550398424352,496.17932711644886,494.8330110116258,1.346316104823057e-05,False,497.66872610210726
3366,0.5920685297627504,496.17932711644886,494.8330110116258,1.346316104823057e-05,False,497.66872610210726
3367,0.5908843927032249,496.17932711644886,494.8330110116258,1.346316104823057e-05,False,497.66872610210726
3368,0.5897026239178185,496.17932711644886,494.8330110116258,1.346316104823057e-05,False,497.66872610210726
3369,0.5885232186699828,496.17932711644886,494.8330110116258,1.346316104823057e-05,False,497.66872610210726
3370,0.5873461722326428,496.17932711644886,494.8330110116258,1.346316104823057e-05,False,497.66872610210726
3371,0.5861714798881775,496.17932711644886,494.8330110116258,1.346316104823057e-05,False,497.66872610210726
3372,0.5849991369284012,496.17932711644886,494.8330110116258,1.346316104823057e-05,False,497.66872610210726
3373,0.5838291386545444,496.17932711644886,494.8330110116258,1.346316104823057e-05,False,497.66872610210726
3374,0.5826614803772353,496.17932711644886,494.8330110116258,1.346316104823057e-05,False,497.66872610210726
3375,0.5814961574164809,496.17932711644886,494.8330110116258,1.346316104823057e-05,False,497.66872610210726
3376,0.5803331651016479,496.17932711644886,494.8330110116258,1.346316104823057e-05,False,497.66872610210726
3377,0.5791724987714446,496.17932711644886,494.8330110116258,1.346316104823057e-05,False,497.66872610210726
3378,0.5780141537739018,496.17932711644886,494.8330110116258,1.346316104823057e-05,False,497.66872610210726
3379,0.576858125466354,496.17932711644886,494.8330110116258,1.346316104823057e-05,False,497.66872610210726
3380,0.5757044092154212,496.17932711644886,494.8330110116258,1.346316104823057e-05,False,497.66872610210726
3381,0.5745530003969904,496.17932711644886,494.8330110116258,1.346316104823057e-05,False,497.66872610210726
3382,0.5734038943961964,496.17932711644886,494.8330110116258,1.346316104823057e-05,False,497.66872610210726
3383,0.572257086607404,496.17932711644886,494.8330110116258,1.346316104823057e-05,False,497.66872610210726
3384,0.5711125724341892,496.17932711644886,494.8330110116258,1.346316104823057e-05,False,497.66872610210726
3385,0.5699703472893208,496.17932711644886,494.8330110116258,1.346316104823057e-05,False,497.66872610210726
3386,0.5688304065947422,496.17932711644886,494.8330110116258,1.346316104823057e-05,False,497.66872610210726
3387,0.5676927457815527,496.17932711644886,494.8330110116258,1.346316104823057e-05,False,497.66872610210726
3388,0.5665573602899896,496.17932711644886,494.8330110116258,1.346316104823057e-05,False,497.66872610210726
3389,0.5654242455694096,496.17932711644886,494.8330110116258,1.346316104823057e-05,False,497.66872610210726
3390,0.5642933970782708,496.17932711644886,494.8330110116258,1.346316104823057e-05,False,497.66872610210726
3391,0.5631648102841142,496.17932711644886,494.8330110116258,1.346316104823057e-05,False,497.66872610210726
3392,0.562038480663546,496.17932711644886,494.8330110116258,1.346316104823057e-05,False,497.66872610210726
3393,0.5609144037022189,496.17932711644886,494.8330110116258,1.346316104823057e-05,False,497.66872610210726
3394,0.5597925748948145,496.17932711644886,494.8330110116258,1.346316104823057e-05,False,497.66872610210726
3395,0.5586729897450249,496.17932711644886,494.8330110116258,1.346316104823057e-05,False,497.66872610210726
3396,0.5575556437655348,496.17932711644886,494.8330110116258,1.346316104823057e-05,False,497.66872610210726
3397,0.5564405324780037,496.17932711644886,494.8330110116258,1.346316104823057e-05,False,497.66872610210726
3398,0.5553276514130477,496.17932711644886,494.8330110116258,1.346316104823057e-05,False,497.66872610210726
3399,0.5542169961102217,496.17932711644886,494.8330110116258,1.346316104823057e-05,False,497.66872610210726
3400,0.5531085621180012,496.17932711644886,494.8330110116258,1.346316104823057e-05,False,497.66872610210726
3401,0.5520023449937652,496.17932711644886,494.8330110116258,1.346316104823057e-05,False,497.66872610210726
3402,0.5508983403037777,496.17932711644886,494.8330110116258,1.346316104823057e-05,False,497.66872610210726
3403,0.5497965436231702,496.17932711644886,494.8330110116258,1.346316104823057e-05,False,497.66872610210726
3404,0.5486969505359238,496.17932711644886,494.8330110116258,1.346316104823057e-05,False,497.66872610210726
3405,0.5475995566348519,496.17932711644886,494.8330110116258,1.346316104823057e-05,False,497.66872610210726
3406,0.5465043575215822,496.17932711644886,494.8330110116258,1.346316104823057e-05,False,497.66872610210726
3407,0.5454113488065391,496.17932711644886,494.8330110116258,1.346316104823057e-05,False,497.66872610210726
3408,0.544320526108926,496.17932711644886,494.8330110116258,1.346316104823057e-05,False,497.66872610210726
3409,0.5432318850567082,496.17932711644886,494.8330110116258,1.346316104823057e-05,False,497.66872610210726
3410,0.5421454212865947,496.17932711644886,494.8330110116258,1.346316104823057e-05,False,497.66872610210726
3411,0.5410611304440215,496.17932711644886,494.8330110116258,1.346316104823057e-05,False,497.66872610210726
3412,0.5399790081831335,496.17932711644886,494.8330110116258,1.346316104823057e-05,False,497.66872610210726
3413,0.5388990501667672,496.17932711644886,494.8330110116258,1.346316104823057e-05,False,497.66872610210726
3414,0.5378212520664337,496.17932711644886,494.8330110116258,1.346316104823057e-05,False,497.66872610210726
3415,0.5367456095623009,496.17932711644886,494.8330110116258,1.346316104823057e-05,False,497.66872610210726
3416,0.5356721183431763,496.17932711644886,494.8330110116258,1.346316104823057e-05,False,497.66872610210726
3417,0.53460077410649,496.17932711644886,494.8330110116258,1.346316104823057e-05,False,497.66872610210726
3418,0.533531572558277,496.17932711644886,494.8330110116258,1.346316104823057e-05,False,497.66872610210726
3419,0.5324645094131605,496.17932711644886,494.8330110116258,1.346316104823057e-05,False,497.66872610210726
3420,0.5313995803943341,496.17932711644886,494.8330110116258,1.346316104823057e-05,False,497.66872610210726
3421,0.5303367812335454,496.17932711644886,494.8330110116258,1.346316104823057e-05,False,497.66872610210726
3422,0.5292761076710784,496.17932711644886,494.8330110116258,1.346316104823057e-05,False,497.66872610210726
3423,0.5282175554557362,496.17932711644886,494.8330110116258,1.346316104823057e-05,False,497.66872610210726
3424,0.5271611203448248,496.17932711644886,494.8330110116258,1.346316104823057e-05,False,497.66872610210726
3425,0.5261067981041351,496.17932711644886,494.8330110116258,1.346316104823057e-05,False,497.66872610210726
3426,0.5250545845079269,496.17932711644886,494.8330110116258,1.346316104823057e-05,False,497.66872610210726
3427,0.524004475338911,496.17932711644886,494.8330110116258,1.346316104823057e-05,False,497.66872610210726
3428,0.5229564663882332,496.17932711644886,494.8330110116258,1.346316104823057e-05,False,497.66872610210726
3429,0.5219105534554568,496.17932711644886,494.8330110116258,1.346316104823057e-05,False,497.66872610210726
3430,0.5208667323485459,496.17932711644886,494.8330110116258,1.346316104823057e-05,False,497.66872610210726
3431,0.5198249988838488,496.17932711644886,494.8330110116258,1.346316104823057e-05,False,497.66872610210726
3432,0.5187853488860811,496.17932711644886,494.8330110116258,1.346316104823057e-05,False,497.66872610210726
3433,0.5177477781883089,496.17932711644886,494.8330110116258,1.346316104823057e-05,False,497.66872610210726
3434,0.5167122826319323,496.17932711644886,494.8330110116258,1.346316104823057e-05,False,497.66872610210726
3435,0.5156788580666684,496.17932711644886,494.8330110116258,1.346316104823057e-05,False,497.66872610210726
3436,0.514647500350535,496.17932711644886,494.8330110116258,1.346316104823057e-05,False,497.66872610210726
3437,0.5136182053498339,496.17932711644886,494.8330110116258,1.346316104823057e-05,False,497.66872610210726
3438,0.5125909689391343,496.17932711644886,494.8330110116258,1.346316104823057e-05,False,497.66872610210726
3439,0.511565787001256,496.17932711644886,494.8330110116258,1.346316104823057e-05,False,497.66872610210726
3440,0.5105426554272535,496.17932711644886,494.8330110116258,1.346316104823057e-05,False,497.66872610210726
3441,0.509521570116399,496.17932711644886,494.8330110116258,1.346316104823057e-05,False,497.66872610210726
3442,0.5085025269761662,496.17932711644886,494.8330110116258,1.346316104823057e-05,False,497.66872610210726
3443,0.5074855219222139,496.17932711644886,494.8330110116258,1.346316104823057e-05,False,497.66872610210726
3444,0.5064705508783695,496.17932711644886,494.8330110116258,1.346316104823057e-05,False,497.66872610210726
3445,0.5054576097766127,496.17932711644886,494.8330110116258,1.346316104823057e-05,False,497.66872610210726
3446,0.5044466945570595,496.17932711644886,494.8330110116258,1.346316104823057e-05,False,497.66872610210726
3447,0.5034378011679453,496.17932711644886,494.8330110116258,1.346316104823057e-05,False,497.66872610210726
3448,0.5024309255656094,496.17932711644886,494.8330110116258,1.346316104823057e-05,False,497.66872610210726
3449,0.5014260637144782,496.17932711644886,494.8330110116258,1.346316104823057e-05,False,497.66872610210726
3450,0.5004232115870492,496.17932711644886,494.8330110116258,1.346316104823057e-05,False,497.66872610210726
3451,0.49942236516387506,496.17932711644886,494.8330110116258,1.346316104823057e-05,False,497.66872610210726
3452,0.4984235204335473,496.17932711644886,494.8330110116258,1.346316104823057e-05,False,497.66872610210726
3453,0.4974266733926802,496.17932711644886,494.8330110116258,1.346316104823057e-05,False,497.66872610210726
3454,0.49643182004589487,496.17932711644886,494.8330110116258,1.346316104823057e-05,False,497.66872610210726
3455,0.4954389564058031,496.17932711644886,494.8330110116258,1.346316104823057e-05,False,497.66872610210726
3456,0.4944480784929915,496.17932711644886,494.8330110116258,1.346316104823057e-05,False,497.66872610210726
3457,0.4934591823360055,496.17932711644886,494.8330110116258,1.346316104823057e-05,False,497.66872610210726
3458,0.4924722639713335,496.17932711644886,494.8330110116258,1.346316104823057e-05,False,497.66872610210726
3459,0.4914873194433908,496.17932711644886,494.8330110116258,1.346316104823057e-05,False,497.66872610210726
3460,0.490504344804504,496.17932711644886,494.8330110116258,1.346316104823057e-05,False,497.66872610210726
3461,0.489523336114895,496.17932711644886,494.8330110116258,1.346316104823057e-05,False,497.66872610210726
3462,0.4885442894426652,496.17932711644886,494.8330110116258,1.346316104823057e-05,False,497.66872610210726
3463,0.48756720086377986,496.17932711644886,494.8330110116258,1.346316104823057e-05,False,497.66872610210726
3464,0.4865920664620523,496.17932711644886,494.8330110116258,1.346316104823057e-05,False,497.66872610210726
3465,0.48561888232912814,496.17932711644886,494.8330110116258,1.346316104823057e-05,False,497.66872610210726
3466,0.4846476445644699,496.17932711644886,494.8330110116258,1.346316104823057e-05,False,497.66872610210726
3467,0.483678349275341,496.17932711644886,494.8330110116258,1.346316104823057e-05,False,497.66872610210726
3468,0.4827109925767903,496.17932711644886,494.8330110116258,1.346316104823057e-05,False,497.66872610210726
3469,0.4817455705916367,496.17932711644886,494.8330110116258,1.346316104823057e-05,False,497.66872610210726
3470,0.4807820794504534,496.17932711644886,494.8330110116258,1.346316104823057e-05,False,497.66872610210726
3471,0.4798205152915525,496.17932711644886,494.8330110116258,1.346316104823057e-05,False,497.66872610210726
3472,0.4788608742609694,496.17932711644886,494.8330110116258,1.346316104823057e-05,False,497.66872610210726
3473,0.47790315251244747,496.17932711644886,494.8330110116258,1.346316104823057e-05,False,497.66872610210726
3474,0.4769473462074226,496.17932711644886,494.8330110116258,1.346316104823057e-05,False,497.66872610210726
3475,0.4759934515150077,496.17932711644886,494.8330110116258,1.346316104823057e-05,False,497.66872610210726
3476,0.4750414646119777,496.17932711644886,494.8330110116258,1.346316104823057e-05,False,497.66872610210726
3477,0.4740913816827538,496.17932711644886,494.8330110116258,1.346316104823057e-05,False,497.66872610210726
3478,0.4731431989193883,496.17932711644886,494.8330110116258,1.346316104823057e-05,False,497.66872610210726
3479,0.4721969125215495,496.17932711644886,494.8330110116258,1.346316104823057e-05,False,497.66872610210726
3480,0.4712525186965064,496.17932711644886,494.8330110116258,1.346316104823057e-05,False,497.66872610210726
3481,0.4703100136591134,496.17932711644886,494.8330110116258,1.346316104823057e-05,False,497.66872610210726
3482,0.4693693936317952,496.17932711644886,494.8330110116258,1.346316104823057e-05,False,497.66872610210726
3483,0.4684306548445316,496.17932711644886,494.8330110116258,1.346316104823057e-05,False,497.66872610210726
3484,0.46749379353484255,496.17932711644886,494.8330110116258,1.346316104823057e-05,False,497.66872610210726
3485,0.4665588059477729,496.17932711644886,494.8330110116258,1.346316104823057e-05,False,497.66872610210726
3486,0.4656256883358773,496.17932711644886,494.8330110116258,1.346316104823057e-05,False,497.66872610210726
3487,0.46469443695920554,496.17932711644886,494.8330110116258,1.346316104823057e-05,False,497.66872610210726
3488,0.4637650480852871,496.17932711644886,494.8330110116258,1.346316104823057e-05,False,497.66872610210726
3489,0.46283751798911654,496.17932711644886,494.8330110116258,1.346316104823057e-05,False,497.66872610210726
3490,0.4619118429531383,496.17932711644886,494.8330110116258,1.346316104823057e-05,False,497.66872610210726
3491,0.46098801926723204,496.17932711644886,494.8330110116258,1.346316104823057e-05,False,497.66872610210726
3492,0.4600660432286976,496.17932711644886,494.8330110116258,1.346316104823057e-05,False,497.66872610210726
3493,0.4591459111422402,496.17932711644886,494.8330110116258,1.346316104823057e-05,False,497.66872610210726
3494,0.4582276193199557,496.17932711644886,494.8330110116258,1.346316104823057e-05,False,497.66872610210726
3495,0.4573111640813158,496.17932711644886,494.8330110116258,1.346316104823057e-05,False,497.66872610210726
3496,0.45639654175315314,496.17932711644886,494.8330110116258,1.346316104823057e-05,False,497.66872610210726
3497,0.45548374866964686,496.17932711644886,494.8330110116258,1.346316104823057e-05,False,497.66872610210726
3498,0.45457278117230754,496.17932711644886,494.8330110116258,1.346316104823057e-05,False,497.66872610210726
3499,0.4536636356099629,496.17932711644886,494.8330110116258,1.346316104823057e-05,False,497.66872610210726
3500,0.452756308338743,496.17932711644886,494.8330110116258,1.346316104823057e-05,False,497.66872610210726
3501,0.4518507957220655,496.17932711644886,494.8330110116258,1.346316104823057e-05,False,497.66872610210726
3502,0.45094709413062134,496.17932711644886,494.8330110116258,1.346316104823057e-05,False,497.66872610210726
3503,0.4500451999423601,496.17932711644886,494.8330110116258,1.346316104823057e-05,False,497.66872610210726
3504,0.4491451095424754,496.17932711644886,494.8330110116258,1.346316104823057e-05,False,497.66872610210726
3505,0.44824681932339044,496.17932711644886,494.8330110116258,1.346316104823057e-05,False,497.66872610210726
3506,0.44735032568474364,496.17932711644886,494.8330110116258,1.346316104823057e-05,False,497.66872610210726
3507,0.44645562503337416,496.17932711644886,494.8330110116258,1.346316104823057e-05,False,497.66872610210726
3508,0.4455627137833074,496.17932711644886,494.8330110116258,1.346316104823057e-05,False,497.66872610210726
3509,0.4446715883557408,496.17932711644886,494.8330110116258,1.346316104823057e-05,False,497.66872610210726
3510,0.4437822451790293,496.17932711644886,494.8330110116258,1.346316104823057e-05,False,497.66872610210726
3511,0.44289468068867127,496.17932711644886,494.8330110116258,1.346316104823057e-05,False,497.66872610210726
3512,0.44200889132729393,496.17932711644886,494.8330110116258,1.346316104823057e-05,False,497.66872610210726
3513,0.44112487354463936,496.17932711644886,494.8330110116258,1.346316104823057e-05,False,497.66872610210726
3514,0.4402426237975501,496.17932711644886,494.8330110116258,1.346316104823057e-05,False,497.66872610210726
3515,0.439362138549955,496.17932711644886,494.8330110116258,1.346316104823057e-05,False,497.66872610210726
3516,0.4384834142728551,496.17932711644886,494.8330110116258,1.346316104823057e-05,False,497.66872610210726
3517,0.4376064474443094,496.17932711644886,494.8330110116258,1.346316104823057e-05,False,497.66872610210726
3518,0.43673123454942075,496.17932711644886,494.8330110116258,1.346316104823057e-05,False,497.66872610210726
3519,0.4358577720803219,496.17932711644886,494.8330110116258,1.346316104823057e-05,False,497.66872610210726
3520,0.43498605653616124,496.17932711644886,494.8330110116258,1.346316104823057e-05,False,497.66872610210726
3521,0.4341160844230889,496.17932711644886,494.8330110116258,1.346316104823057e-05,False,497.66872610210726
3522,0.4332478522542427,496.17932711644886,494.8330110116258,1.346316104823057e-05,False,497.66872610210726
3523,0.43238135654973425,496.17932711644886,494.8330110116258,1.346316104823057e-05,False,497.66872610210726
3524,0.43151659383663477,496.17932711644886,494.8330110116258,1.346316104823057e-05,False,497.66872610210726
3525,0.4306535606489615,496.17932711644886,494.8330110116258,1.346316104823057e-05,False,497.66872610210726
3526,0.42979225352766354,496.17932711644886,494.8330110116258,1.346316104823057e-05,False,497.66872610210726
3527,0.4289326690206082,496.17932711644886,494.8330110116258,1.346316104823057e-05,False,497.66872610210726
3528,0.428074803682567,496.17932711644886,494.8330110116258,1.346316104823057e-05,False,497.66872610210726
3529,0.4272186540752019,496.17932711644886,494.8330110116258,1.346316104823057e-05,False,497.66872610210726
3530,0.4263642167670515,496.17932711644886,494.8330110116258,1.346316104823057e-05,False,497.66872610210726
3531,0.4255114883335174,496.17932711644886,494.8330110116258,1.346316104823057e-05,False,497.66872610210726
3532,0.4246604653568503,496.17932711644886,494.8330110116258,1.346316104823057e-05,False,497.66872610210726
3533,0.4238111444261366,496.17932711644886,494.8330110116258,1.346316104823057e-05,False,497.66872610210726
3534,0.42296352213728433,496.17932711644886,494.8330110116258,1.346316104823057e-05,False,497.66872610210726
3535,0.4221175950930098,496.17932711644886,494.8330110116258,1.346316104823057e-05,False,497.66872610210726
3536,0.4212733599028238,496.17932711644886,494.8330110116258,1.346316104823057e-05,False,497.66872610210726
3537,0.4204308131830181,496.17932711644886,494.8330110116258,1.346316104823057e-05,False,497.66872610210726
3538,0.4195899515566521,496.17932711644886,494.8330110116258,1.346316104823057e-05,False,497.66872610210726
3539,0.41875077165353874,496.17932711644886,494.8330110116258,1.346316104823057e-05,False,497.66872610210726
3540,0.41791327011023166,496.17932711644886,494.8330110116258,1.346316104823057e-05,False,497.66872610210726
3541,0.4170774435700112,496.17932711644886,494.8330110116258,1.346316104823057e-05,False,497.66872610210726
3542,0.4162432886828712,496.17932711644886,494.8330110116258,1.346316104823057e-05,False,497.66872610210726
3543,0.41541080210550546,496.17932711644886,494.8330110116258,1.346316104823057e-05,False,497.66872610210726
3544,0.41457998050129446,496.17932711644886,494.8330110116258,1.346316104823057e-05,False,497.66872610210726
3545,0.4137508205402919,496.17932711644886,494.8330110116258,1.346316104823057e-05,False,497.66872610210726
3546,0.4129233188992113,496.17932711644886,494.8330110116258,1.346316104823057e-05,False,497.66872610210726
3547,0.41209747226141286,496.17932711644886,494.8330110116258,1.346316104823057e-05,False,497.66872610210726
3548,0.41127327731689,496.17932711644886,494.8330110116258,1.346316104823057e-05,False,497.66872610210726
3549,0.41045073076225624,496.17932711644886,494.8330110116258,1.346316104823057e-05,False,497.66872610210726
3550,0.4096298293007317,496.17932711644886,494.8330110116258,1.346316104823057e-05,False,497.66872610210726
3551,0.40881056964213025,496.17932711644886,494.8330110116258,1.346316104823057e-05,False,497.66872610210726
3552,0.407992948502846,496.17932711644886,494.8330110116258,1.346316104823057e-05,False,497.66872610210726
3553,0.4071769626058403,496.17932711644886,494.8330110116258,1.346316104823057e-05,False,497.66872610210726
3554,0.4063626086806286,496.17932711644886,494.8330110116258,1.346316104823057e-05,False,497.66872610210726
3555,0.40554988346326737,496.17932711644886,494.8330110116258,1.346316104823057e-05,False,497.66872610210726
3556,0.4047387836963408,496.17932711644886,494.8330110116258,1.346316104823057e-05,False,497.66872610210726
3557,0.4039293061289481,496.17932711644886,494.8330110116258,1.346316104823057e-05,False,497.66872610210726
3558,0.4031214475166902,496.17932711644886,494.8330110116258,1.346316104823057e-05,False,497.66872610210726
3559,0.4023152046216568,496.17932711644886,494.8330110116258,1.346316104823057e-05,False,497.66872610210726
3560,0.4015105742124135,496.17932711644886,494.8330110116258,1.346316104823057e-05,False,497.66872610210726
3561,0.40070755306398864,496.17932711644886,494.8330110116258,1.346316104823057e-05,False,497.66872610210726
3562,0.3999061379578607,496.17932711644886,494.8330110116258,1.346316104823057e-05,False,497.66872610210726
3563,0.39910632568194493,496.17932711644886,494.8330110116258,1.346316104823057e-05,False,497.66872610210726
3564,0.39830811303058106,496.17932711644886,494.8330110116258,1.346316104823057e-05,False,497.66872610210726
3565,0.3975114968045199,496.17932711644886,494.8330110116258,1.346316104823057e-05,False,497.66872610210726
3566,0.39671647381091085,496.17932711644886,494.8330110116258,1.346316104823057e-05,False,497.66872610210726
3567,0.39592304086328906,496.17932711644886,494.8330110116258,1.346316104823057e-05,False,497.66872610210726
3568,0.3951311947815625,496.17932711644886,494.8330110116258,1.346316104823057e-05,False,497.66872610210726
3569,0.39434093239199935,496.17932711644886,494.8330110116258,1.346316104823057e-05,False,497.66872610210726
3570,0.3935522505272154,496.17932711644886,494.8330110116258,1.346316104823057e-05,False,497.66872610210726
3571,0.3927651460261609,496.17932711644886,494.8330110116258,1.346316104823057e-05,False,497.66872610210726
3572,0.3919796157341086,496.17932711644886,494.8330110116258,1.346316104823057e-05,False,497.66872610210726
3573,0.3911956565026404,496.17932711644886,494.8330110116258,1.346316104823057e-05,False,497.66872610210726
3574,0.3904132651896351,496.17932711644886,494.8330110116258,1.346316104823057e-05,False,497.66872610210726
3575,0.38963243865925584,496.17932711644886,494.8330110116258,1.346316104823057e-05,False,497.66872610210726
3576,0.38885317378193734,496.17932711644886,494.8330110116258,1.346316104823057e-05,False,497.66872610210726
3577,0.3880754674343735,496.17932711644886,494.8330110116258,1.346316104823057e-05,False,497.66872610210726
3578,0.3872993164995047,496.17932711644886,494.8330110116258,1.346316104823057e-05,False,497.66872610210726
3579,0.3865247178665057,496.17932711644886,494.8330110116258,1.346316104823057e-05,False,497.66872610210726
3580,0.3857516684307727,496.17932711644886,494.8330110116258,1.346316104823057e-05,False,497.66872610210726
3581,0.38498016509391114,496.17932711644886,494.8330110116258,1.346316104823057e-05,False,497.66872610210726
3582,0.3842102047637233,496.17932711644886,494.8330110116258,1.346316104823057e-05,False,497.66872610210726
3583,0.38344178435419585,496.17932711644886,494.8330110116258,1.346316104823057e-05,False,497.66872610210726
3584,0.38267490078548744,496.17932711644886,494.8330110116258,1.346316104823057e-05,False,497.66872610210726
3585,0.38190955098391643,496.17932711644886,494.8330110116258,1.346316104823057e-05,False,497.66872610210726
3586,0.3811457318819486,496.17932711644886,494.8330110116258,1.346316104823057e-05,False,497.66872610210726
3587,0.3803834404181847,496.17932711644886,494.8330110116258,1.346316104823057e-05,False,497.66872610210726
3588,0.37962267353734835,496.17932711644886,494.8330110116258,1.346316104823057e-05,False,497.66872610210726
3589,0.37886342819027363,496.17932711644886,494.8330110116258,1.346316104823057e-05,False,497.66872610210726
3590,0.3781057013338931,496.17932711644886,494.8330110116258,1.346316104823057e-05,False,497.66872610210726
3591,0.3773494899312253,496.17932711644886,494.8330110116258,1.346316104823057e-05,False,497.66872610210726
3592,0.37659479095136283,496.17932711644886,494.8330110116258,1.346316104823057e-05,False,497.66872610210726
3593,0.3758416013694601,496.17932711644886,494.8330110116258,1.346316104823057e-05,False,497.66872610210726
3594,0.37508991816672116,496.17932711644886,494.8330110116258,1.346316104823057e-05,False,497.66872610210726
3595,0.3743397383303877,496.17932711644886,494.8330110116258,1.346316104823057e-05,False,497.66872610210726
3596,0.3735910588537269,496.17932711644886,494.8330110116258,1.346316104823057e-05,False,497.66872610210726
3597,0.37284387673601943,496.17932711644886,494.8330110116258,1.346316104823057e-05,False,497.66872610210726
3598,0.3720981889825474,496.17932711644886,494.8330110116258,1.346316104823057e-05,False,497.66872610210726
3599,0.3713539926045823,496.17932711644886,494.8330110116258,1.346316104823057e-05,False,497.66872610210726
3600,0.37061128461937315,496.17932711644886,494.8330110116258,1.346316104823057e-05,False,497.66872610210726
3601,0.3698700620501344,496.17932711644886,494.8330110116258,1.346316104823057e-05,False,497.66872610210726
3602,0.3691303219260341,496.17932711644886,494.8330110116258,1.346316104823057e-05,False,497.66872610210726
3603,0.36839206128218205,496.17932711644886,494.8330110116258,1.346316104823057e-05,False,497.66872610210726
3604,0.3676552771596177,496.17932711644886,494.8330110116258,1.346316104823057e-05,False,497.66872610210726
3605,0.36691996660529846,496.17932711644886,494.8330110116258,1.346316104823057e-05,False,497.66872610210726
3606,0.3661861266720879,496.17932711644886,494.8330110116258,1.346316104823057e-05,False,497.66872610210726
3607,0.3654537544187437,496.17932711644886,494.8330110116258,1.346316104823057e-05,False,497.66872610210726
3608,0.36472284690990625,496.17932711644886,494.8330110116258,1.346316104823057e-05,False,497.66872610210726
3609,0.3639934012160864,496.17932711644886,494.8330110116258,1.346316104823057e-05,False,497.66872610210726
3610,0.36326541441365423,496.17932711644886,494.8330110116258,1.346316104823057e-05,False,497.66872610210726
3611,0.36253888358482694,496.17932711644886,494.8330110116258,1.346316104823057e-05,False,497.66872610210726
3612,0.36181380581765726,496.17932711644886,494.8330110116258,1.346316104823057e-05,False,497.66872610210726
3613,0.36109017820602196,496.17932711644886,494.8330110116258,1.346316104823057e-05,False,497.66872610210726
3614,0.36036799784960993,496.17932711644886,494.8330110116258,1.346316104823057e-05,False,497.66872610210726
3615,0.3596472618539107,496.17932711644886,494.8330110116258,1.346316104823057e-05,False,497.66872610210726
3616,0.3589279673302029,496.17932711644886,494.8330110116258,1.346316104823057e-05,False,497.66872610210726
3617,0.3582101113955425,496.17932711644886,494.8330110116258,1.346316104823057e-05,False,497.66872610210726
3618,0.3574936911727514,496.17932711644886,494.8330110116258,1.346316104823057e-05,False,497.66872610210726
3619,0.35677870379040594,496.17932711644886,494.8330110116258,1.346316104823057e-05,False,497.66872610210726
3620,0.3560651463828251,496.17932711644886,494.8330110116258,1.346316104823057e-05,False,497.66872610210726
3621,0.3553530160900594,496.17932711644886,494.8330110116258,1.346316104823057e-05,False,497.66872610210726
3622,0.35464231005787933,496.17932711644886,494.8330110116258,1.346316104823057e-05,False,497.66872610210726
3623,0.35393302543776356,496.17932711644886,494.8330110116258,1.346316104823057e-05,False,497.66872610210726
3624,0.35322515938688803,496.17932711644886,494.8330110116258,1.346316104823057e-05,False,497.66872610210726
3625,0.3525187090681143,496.17932711644886,494.8330110116258,1.346316104823057e-05,False,497.66872610210726
3626,0.35181367164997807,496.17932711644886,494.8330110116258,1.346316104823057e-05,False,497.66872610210726
3627,0.3511100443066781,496.17932711644886,494.8330110116258,1.346316104823057e-05,False,497.66872610210726
3628,0.3504078242180647,496.17932711644886,494.8330110116258,1.346316104823057e-05,False,497.66872610210726
3629,0.3497070085696286,496.17932711644886,494.8330110116258,1.346316104823057e-05,False,497.66872610210726
3630,0.34900759455248936,496.17932711644886,494.8330110116258,1.346316104823057e-05,False,497.66872610210726
3631,0.34830957936338436,496.17932711644886,494.8330110116258,1.346316104823057e-05,False,497.66872610210726
3632,0.3476129602046576,496.17932711644886,494.8330110116258,1.346316104823057e-05,False,497.66872610210726
3633,0.34691773428424827,496.17932711644886,494.8330110116258,1.346316104823057e-05,False,497.66872610210726
3634,0.3462238988156798,496.17932711644886,494.8330110116258,1.346316104823057e-05,False,497.66872610210726
3635,0.34553145101804844,496.17932711644886,494.8330110116258,1.346316104823057e-05,False,497.66872610210726
3636,0.34484038811601236,496.17932711644886,494.8330110116258,1.346316104823057e-05,False,497.66872610210726
3637,0.3441507073397803,496.17932711644886,494.8330110116258,1.346316104823057e-05,False,497.66872610210726
3638,0.34346240592510074,496.17932711644886,494.8330110116258,1.346316104823057e-05,False,497.66872610210726
3639,0.34277548111325057,496.17932711644886,494.8330110116258,1.346316104823057e-05,False,497.66872610210726
3640,0.34208993015102407,496.17932711644886,494.8330110116258,1.346316104823057e-05,False,497.66872610210726
3641,0.341405750290722,496.17932711644886,494.8330110116258,1.346316104823057e-05,False,497.66872610210726
3642,0.34072293879014054,496.17932711644886,494.8330110116258,1.346316104823057e-05,False,497.66872610210726
3643,0.34004149291256025,496.17932711644886,494.8330110116258,1.346316104823057e-05,False,497.66872610210726
3644,0.33936140992673514,496.17932711644886,494.8330110116258,1.346316104823057e-05,False,497.66872610210726
3645,0.33868268710688165,496.17932711644886,494.8330110116258,1.346316104823057e-05,False,497.66872610210726
3646,0.3380053217326679,496.17932711644886,494.8330110116258,1.346316104823057e-05,False,497.66872610210726
3647,0.33732931108920255,496.17932711644886,494.8330110116258,1.346316104823057e-05,False,497.66872610210726
3648,0.33665465246702414,496.17932711644886,494.8330110116258,1.346316104823057e-05,False,497.66872610210726
3649,0.3359813431620901,496.17932711644886,494.8330110116258,1.346316104823057e-05,False,497.66872610210726
3650,0.3353093804757659,496.17932711644886,494.8330110116258,1.346316104823057e-05,False,497.66872610210726
3651,0.3346387617148144,496.17932711644886,494.8330110116258,1.346316104823057e-05,False,497.66872610210726
3652,0.3339694841913847,496.17932711644886,494.8330110116258,1.346316104823057e-05,False,497.66872610210726
3653,0.3333015452230019,496.17932711644886,494.8330110116258,1.346316104823057e-05,False,497.66872610210726
3654,0.3326349421325559,496.17932711644886,494.8330110116258,1.346316104823057e-05,False,497.66872610210726
3655,0.33196967224829077,496.17932711644886,494.8330110116258,1.346316104823057e-05,False,497.66872610210726
3656,0.33130573290379417,496.17932711644886,494.8330110116258,1.346316104823057e-05,False,497.66872610210726
3657,0.3306431214379866,496.17932711644886,494.8330110116258,1.346316104823057e-05,False,497.66872610210726
3658,0.3299818351951106,496.17932711644886,494.8330110116258,1.346316104823057e-05,False,497.66872610210726
3659,0.32932187152472037,496.17932711644886,494.8330110116258,1.346316104823057e-05,False,497.66872610210726
3660,0.32866322778167095,496.17932711644886,494.8330110116258,1.346316104823057e-05,False,497.66872610210726
3661,0.32800590132610763,496.17932711644886,494.8330110116258,1.346316104823057e-05,False,497.66872610210726
3662,0.3273498895234554,496.17932711644886,494.8330110116258,1.346316104823057e-05,False,497.66872610210726
3663,0.3266951897444085,496.17932711644886,494.8330110116258,1.346316104823057e-05,False,497.66872610210726
3664,0.32604179936491967,496.17932711644886,494.8330110116258,1.346316104823057e-05,False,497.66872610210726
3665,0.32538971576618986,496.17932711644886,494.8330110116258,1.346316104823057e-05,False,497.66872610210726
3666,0.3247389363346575,496.17932711644886,494.8330110116258,1.346316104823057e-05,False,497.66872610210726
3667,0.32408945846198817,496.17932711644886,494.8330110116258,1.346316104823057e-05,False,497.66872610210726
3668,0.3234412795450642,496.17932711644886,494.8330110116258,1.346316104823057e-05,False,497.66872610210726
3669,0.32279439698597406,496.17932711644886,494.8330110116258,1.346316104823057e-05,False,497.66872610210726
3670,0.3221488081920021,496.17932711644886,494.8330110116258,1.346316104823057e-05,False,497.66872610210726
3671,0.3215045105756181,496.17932711644886,494.8330110116258,1.346316104823057e-05,False,497.66872610210726
3672,0.32086150155446685,496.17932711644886,494.8330110116258,1.346316104823057e-05,False,497.66872610210726
3673,0.3202197785513579,496.17932711644886,494.8330110116258,1.346316104823057e-05,False,497.66872610210726
3674,0.3195793389942552,496.17932711644886,494.8330110116258,1.346316104823057e-05,False,497.66872610210726
3675,0.3189401803162667,496.17932711644886,494.8330110116258,1.346316104823057e-05,False,497.66872610210726
3676,0.31830229995563414,496.17932711644886,494.8330110116258,1.346316104823057e-05,False,497.66872610210726
3677,0.31766569535572287,496.17932711644886,494.8330110116258,1.346316104823057e-05,False,497.66872610210726
3678,0.31703036396501144,496.17932711644886,494.8330110116258,1.346316104823057e-05,False,497.66872610210726
3679,0.3163963032370814,496.17932711644886,494.8330110116258,1.346316104823057e-05,False,497.66872610210726
3680,0.31576351063060726,496.17932711644886,494.8330110116258,1.346316104823057e-05,False,497.66872610210726
3681,0.315131983609346,496.17932711644886,494.8330110116258,1.346316104823057e-05,False,497.66872610210726
3682,0.3145017196421273,496.17932711644886,494.8330110116258,1.346316104823057e-05,False,497.66872610210726
3683,0.31387271620284307,496.17932711644886,494.8330110116258,1.346316104823057e-05,False,497.66872610210726
3684,0.3132449707704374,496.17932711644886,494.8330110116258,1.346316104823057e-05,False,497.66872610210726
3685,0.31261848082889654,496.17932711644886,494.8330110116258,1.346316104823057e-05,False,497.66872610210726
3686,0.31199324386723876,496.17932711644886,494.8330110116258,1.346316104823057e-05,False,497.66872610210726
3687,0.31136925737950427,496.17932711644886,494.8330110116258,1.346316104823057e-05,False,497.66872610210726
3688,0.31074651886474525,496.17932711644886,494.8330110116258,1.346316104823057e-05,False,497.66872610210726
3689,0.31012502582701573,496.17932711644886,494.8330110116258,1.346316104823057e-05,False,497.66872610210726
3690,0.3095047757753617,496.17932711644886,494.8330110116258,1.346316104823057e-05,False,497.66872610210726
3691,0.308885766223811,496.17932711644886,494.8330110116258,1.346316104823057e-05,False,497.66872610210726
3692,0.30826799469136335,496.17932711644886,494.8330110116258,1.346316104823057e-05,False,497.66872610210726
3693,0.30765145870198063,496.17932711644886,494.8330110116258,1.346316104823057e-05,False,497.66872610210726
3694,0.30703615578457666,496.17932711644886,494.8330110116258,1.346316104823057e-05,False,497.66872610210726
3695,0.3064220834730075,496.17932711644886,494.8330110116258,1.346316104823057e-05,False,497.66872610210726
3696,0.30580923930606146,496.17932711644886,494.8330110116258,1.346316104823057e-05,False,497.66872610210726
3697,0.30519762082744933,496.17932711644886,494.8330110116258,1.346316104823057e-05,False,497.66872610210726
3698,0.30458722558579443,496.17932711644886,494.8330110116258,1.346316104823057e-05,False,497.66872610210726
3699,0.30397805113462284,496.17932711644886,494.8330110116258,1.346316104823057e-05,False,497.66872610210726
3700,0.30337009503235357,496.17932711644886,494.8330110116258,1.346316104823057e-05,False,497.66872610210726
3701,0.3027633548422889,496.17932711644886,494.8330110116258,1.346316104823057e-05,False,497.66872610210726
3702,0.30215782813260433,496.17932711644886,494.8330110116258,1.346316104823057e-05,False,497.66872610210726
3703,0.3015535124763391,496.17932711644886,494.8330110116258,1.346316104823057e-05,False,497.66872610210726
3704,0.3009504054513864,496.17932711644886,494.8330110116258,1.346316104823057e-05,False,497.66872610210726
3705,0.3003485046404836,496.17932711644886,494.8330110116258,1.346316104823057e-05,False,497.66872610210726
3706,0.2997478076312027,496.17932711644886,494.8330110116258,1.346316104823057e-05,False,497.66872610210726
3707,0.2991483120159403,496.17932711644886,494.8330110116258,1.346316104823057e-05,False,497.66872610210726
3708,0.2985500153919084,496.17932711644886,494.8330110116258,1.346316104823057e-05,False,497.66872610210726
3709,0.29795291536112456,496.17932711644886,494.8330110116258,1.346316104823057e-05,False,497.66872610210726
3710,0.2973570095304023,496.17932711644886,494.8330110116258,1.346316104823057e-05,False,497.66872610210726
3711,0.2967622955113415,496.17932711644886,494.8330110116258,1.346316104823057e-05,False,497.66872610210726
3712,0.2961687709203188,496.17932711644886,494.8330110116258,1.346316104823057e-05,False,497.66872610210726
3713,0.29557643337847817,496.17932711644886,494.8330110116258,1.346316104823057e-05,False,497.66872610210726
3714,0.2949852805117212,496.17932711644886,494.8330110116258,1.346316104823057e-05,False,497.66872610210726
3715,0.29439530995069774,496.17932711644886,494.8330110116258,1.346316104823057e-05,False,497.66872610210726
3716,0.2938065193307963,496.17932711644886,494.8330110116258,1.346316104823057e-05,False,497.66872610210726
3717,0.2932189062921347,496.17932711644886,494.8330110116258,1.346316104823057e-05,False,497.66872610210726
3718,0.29263246847955043,496.17932711644886,494.8330110116258,1.346316104823057e-05,False,497.66872610210726
3719,0.29204720354259134,496.17932711644886,494.8330110116258,1.346316104823057e-05,False,497.66872610210726
3720,0.29146310913550616,496.17932711644886,494.8330110116258,1.346316104823057e-05,False,497.66872610210726
3721,0.29088018291723516,496.17932711644886,494.8330110116258,1.346316104823057e-05,False,497.66872610210726
3722,0.2902984225514007,496.17932711644886,494.8330110116258,1.346316104823057e-05,False,497.66872610210726
3723,0.2897178257062979,496.17932711644886,494.8330110116258,1.346316104823057e-05,False,497.66872610210726
3724,0.2891383900548853,496.17932711644886,494.8330110116258,1.346316104823057e-05,False,497.66872610210726
3725,0.2885601132747755,496.17932711644886,494.8330110116258,1.346316104823057e-05,False,497.66872610210726
3726,0.28798299304822594,496.17932711644886,494.8330110116258,1.346316104823057e-05,False,497.66872610210726
3727,0.2874070270621295,496.17932711644886,494.8330110116258,1.346316104823057e-05,False,497.66872610210726
3728,0.28683221300800527,496.17932711644886,494.8330110116258,1.346316104823057e-05,False,497.66872610210726
3729,0.28625854858198924,496.17932711644886,494.8330110116258,1.346316104823057e-05,False,497.66872610210726
3730,0.28568603148482524,496.17932711644886,494.8330110116258,1.346316104823057e-05,False,497.66872610210726
3731,0.2851146594218556,496.17932711644886,494.8330110116258,1.346316104823057e-05,False,497.66872610210726
3732,0.2845444301030119,496.17932711644886,494.8330110116258,1.346316104823057e-05,False,497.66872610210726
3733,0.2839753412428059,496.17932711644886,494.8330110116258,1.346316104823057e-05,False,497.66872610210726
3734,0.28340739056032027,496.17932711644886,494.8330110116258,1.346316104823057e-05,False,497.66872610210726
3735,0.28284057577919963,496.17932711644886,494.8330110116258,1.346316104823057e-05,False,497.66872610210726
3736,0.2822748946276412,496.17932711644886,494.8330110116258,1.346316104823057e-05,False,497.66872610210726
3737,0.2817103448383859,496.17932711644886,494.8330110116258,1.346316104823057e-05,False,497.66872610210726
3738,0.2811469241487091,496.17932711644886,494.8330110116258,1.346316104823057e-05,False,497.66872610210726
3739,0.2805846303004117,496.17932711644886,494.8330110116258,1.346316104823057e-05,False,497.66872610210726
3740,0.28002346103981085,496.17932711644886,494.8330110116258,1.346316104823057e-05,False,497.66872610210726
3741,0.27946341411773123,496.17932711644886,494.8330110116258,1.346316104823057e-05,False,497.66872610210726
3742,0.2789044872894958,496.17932711644886,494.8330110116258,1.346316104823057e-05,False,497.66872610210726
3743,0.27834667831491683,496.17932711644886,494.8330110116258,1.346316104823057e-05,False,497.66872610210726
3744,0.277789984958287,496.17932711644886,494.8330110116258,1.346316104823057e-05,False,497.66872610210726
3745,0.27723440498837043,496.17932711644886,494.8330110116258,1.346316104823057e-05,False,497.66872610210726
3746,0.2766799361783937,496.17932711644886,494.8330110116258,1.346316104823057e-05,False,497.66872610210726
3747,0.27612657630603693,496.17932711644886,494.8330110116258,1.346316104823057e-05,False,497.66872610210726
3748,0.27557432315342484,496.17932711644886,494.8330110116258,1.346316104823057e-05,False,497.66872610210726
3749,0.275023174507118,496.17932711644886,494.8330110116258,1.346316104823057e-05,False,497.66872610210726
3750,0.27447312815810376,496.17932711644886,494.8330110116258,1.346316104823057e-05,False,497.66872610210726
3751,0.2739241819017876,496.17932711644886,494.8330110116258,1.346316104823057e-05,False,497.66872610210726
3752,0.273376333537984,496.17932711644886,494.8330110116258,1.346316104823057e-05,False,497.66872610210726
3753,0.27282958087090803,496.17932711644886,494.8330110116258,1.346316104823057e-05,False,497.66872610210726
3754,0.2722839217091662,496.17932711644886,494.8330110116258,1.346316104823057e-05,False,497.66872610210726
3755,0.2717393538657479,496.17932711644886,494.8330110116258,1.346316104823057e-05,False,497.66872610210726
3756,0.2711958751580164,496.17932711644886,494.8330110116258,1.346316104823057e-05,False,497.66872610210726
3757,0.2706534834077004,496.17932711644886,494.8330110116258,1.346316104823057e-05,False,497.66872610210726
3758,0.270112176440885,496.17932711644886,494.8330110116258,1.346316104823057e-05,False,497.66872610210726
3759,0.2695719520880032,496.17932711644886,494.8330110116258,1.346316104823057e-05,False,497.66872610210726
3760,0.2690328081838272,496.17932711644886,494.8330110116258,1.346316104823057e-05,False,497.66872610210726
3761,0.26849474256745953,496.17932711644886,494.8330110116258,1.346316104823057e-05,False,497.66872610210726
3762,0.2679577530823246,496.17932711644886,494.8330110116258,1.346316104823057e-05,False,497.66872610210726
3763,0.26742183757615995,496.17932711644886,494.8330110116258,1.346316104823057e-05,False,497.66872610210726
3764,0.2668869939010076,496.17932711644886,494.8330110116258,1.346316104823057e-05,False,497.66872610210726
3765,0.2663532199132056,496.17932711644886,494.8330110116258,1.346316104823057e-05,False,497.66872610210726
3766,0.2658205134733792,496.17932711644886,494.8330110116258,1.346316104823057e-05,False,497.66872610210726
3767,0.26528887244643246,496.17932711644886,494.8330110116258,1.346316104823057e-05,False,497.66872610210726
3768,0.2647582947015396,496.17932711644886,494.8330110116258,1.346316104823057e-05,False,497.66872610210726
3769,0.2642287781121365,496.17932711644886,494.8330110116258,1.346316104823057e-05,False,497.66872610210726
3770,0.26370032055591225,496.17932711644886,494.8330110116258,1.346316104823057e-05,False,497.66872610210726
3771,0.2631729199148004,496.17932711644886,494.8330110116258,1.346316104823057e-05,False,497.66872610210726
3772,0.26264657407497083,496.17932711644886,494.8330110116258,1.346316104823057e-05,False,497.66872610210726
3773,0.2621212809268209,496.17932711644886,494.8330110116258,1.346316104823057e-05,False,497.66872610210726
3774,0.2615970383649673,496.17932711644886,494.8330110116258,1.346316104823057e-05,False,497.66872610210726
3775,0.2610738442882373,496.17932711644886,494.8330110116258,1.346316104823057e-05,False,497.66872610210726
3776,0.2605516965996608,496.17932711644886,494.8330110116258,1.346316104823057e-05,False,497.66872610210726
3777,0.2600305932064615,496.17932711644886,494.8330110116258,1.346316104823057e-05,False,497.66872610210726
3778,0.2595105320200486,496.17932711644886,494.8330110116258,1.346316104823057e-05,False,497.66872610210726
3779,0.2589915109560085,496.17932711644886,494.8330110116258,1.346316104823057e-05,False,497.66872610210726
3780,0.25847352793409645,496.17932711644886,494.8330110116258,1.346316104823057e-05,False,497.66872610210726
3781,0.25795658087822826,496.17932711644886,494.8330110116258,1.346316104823057e-05,False,497.66872610210726
3782,0.2574406677164718,496.17932711644886,494.8330110116258,1.346316104823057e-05,False,497.66872610210726
3783,0.25692578638103886,496.17932711644886,494.8330110116258,1.346316104823057e-05,False,497.66872610210726
3784,0.2564119348082768,496.17932711644886,494.8330110116258,1.346316104823057e-05,False,497.66872610210726
3785,0.25589911093866025,496.17932711644886,494.8330110116258,1.346316104823057e-05,False,497.66872610210726
3786,0.25538731271678294,496.17932711644886,494.8330110116258,1.346316104823057e-05,False,497.66872610210726
3787,0.25487653809134936,496.17932711644886,494.8330110116258,1.346316104823057e-05,False,497.66872610210726
3788,0.2543667850151667,496.17932711644886,494.8330110116258,1.346316104823057e-05,False,497.66872610210726
3789,0.25385805144513635,496.17932711644886,494.8330110116258,1.346316104823057e-05,False,497.66872610210726
3790,0.25335033534224605,496.17932711644886,494.8330110116258,1.346316104823057e-05,False,497.66872610210726
3791,0.25284363467156157,496.17932711644886,494.8330110116258,1.346316104823057e-05,False,497.66872610210726
3792,0.25233794740221843,496.17932711644886,494.8330110116258,1.346316104823057e-05,False,497.66872610210726
3793,0.25183327150741397,496.17932711644886,494.8330110116258,1.346316104823057e-05,False,497.66872610210726
3794,0.25132960496439916,496.17932711644886,494.8330110116258,1.346316104823057e-05,False,497.66872610210726
3795,0.25082694575447034,496.17932711644886,494.8330110116258,1.346316104823057e-05,False,497.66872610210726
3796,0.2503252918629614,496.17932711644886,494.8330110116258,1.346316104823057e-05,False,497.66872610210726
3797,0.24982464127923545,496.17932711644886,494.8330110116258,1.346316104823057e-05,False,497.66872610210726
3798,0.249324991996677,496.17932711644886,494.8330110116258,1.346316104823057e-05,False,497.66872610210726
3799,0.24882634201268364,496.17932711644886,494.8330110116258,1.346316104823057e-05,False,497.66872610210726
3800,0.24832868932865826,496.17932711644886,494.8330110116258,1.346316104823057e-05,False,497.66872610210726
3801,0.24783203195000095,496.17932711644886,494.8330110116258,1.346316104823057e-05,False,497.66872610210726
3802,0.24733636788610094,496.17932711644886,494.8330110116258,1.346316104823057e-05,False,497.66872610210726
3803,0.24684169515032875,496.17932711644886,494.8330110116258,1.346316104823057e-05,False,497.66872610210726
3804,0.2463480117600281,496.17932711644886,494.8330110116258,1.346316104823057e-05,False,497.66872610210726
3805,0.24585531573650804,496.17932711644886,494.8330110116258,1.346316104823057e-05,False,497.66872610210726
3806,0.24536360510503502,496.17932711644886,494.8330110116258,1.346316104823057e-05,False,497.66872610210726
3807,0.24487287789482495,496.17932711644886,494.8330110116258,1.346316104823057e-05,False,497.66872610210726
3808,0.24438313213903531,496.17932711644886,494.8330110116258,1.346316104823057e-05,False,497.66872610210726
3809,0.24389436587475724,496.17932711644886,494.8330110116258,1.346316104823057e-05,False,497.66872610210726
3810,0.24340657714300773,496.17932711644886,494.8330110116258,1.346316104823057e-05,False,497.66872610210726
3811,0.24291976398872173,496.17932711644886,494.8330110116258,1.346316104823057e-05,False,497.66872610210726
3812,0.24243392446074427,496.17932711644886,494.8330110116258,1.346316104823057e-05,False,497.66872610210726
3813,0.24194905661182278,496.17932711644886,494.8330110116258,1.346316104823057e-05,False,497.66872610210726
3814,0.24146515849859915,496.17932711644886,494.8330110116258,1.346316104823057e-05,False,497.66872610210726
3815,0.24098222818160195,496.17932711644886,494.8330110116258,1.346316104823057e-05,False,497.66872610210726
3816,0.24050026372523875,496.17932711644886,494.8330110116258,1.346316104823057e-05,False,497.66872610210726
3817,0.24001926319778827,496.17932711644886,494.8330110116258,1.346316104823057e-05,False,497.66872610210726
3818,0.2395392246713927,496.17932711644886,494.8330110116258,1.346316104823057e-05,False,497.66872610210726
3819,0.2390601462220499,496.17932711644886,494.8330110116258,1.346316104823057e-05,False,497.66872610210726
3820,0.2385820259296058,496.17932711644886,494.8330110116258,1.346316104823057e-05,False,497.66872610210726
3821,0.2381048618777466,496.17932711644886,494.8330110116258,1.346316104823057e-05,False,497.66872610210726
3822,0.2376286521539911,496.17932711644886,494.8330110116258,1.346316104823057e-05,False,497.66872610210726
3823,0.23715339484968312,496.17932711644886,494.8330110116258,1.346316104823057e-05,False,497.66872610210726
3824,0.23667908805998375,496.17932711644886,494.8330110116258,1.346316104823057e-05,False,497.66872610210726
3825,0.2362057298838638,496.17932711644886,494.8330110116258,1.346316104823057e-05,False,497.66872610210726
3826,0.23573331842409606,496.17932711644886,494.8330110116258,1.346316104823057e-05,False,497.66872610210726
3827,0.23526185178724787,496.17932711644886,494.8330110116258,1.346316104823057e-05,False,497.66872610210726
3828,0.23479132808367337,496.17932711644886,494.8330110116258,1.346316104823057e-05,False,497.66872610210726
3829,0.23432174542750603,496.17932711644886,494.8330110116258,1.346316104823057e-05,False,497.66872610210726
3830,0.23385310193665101,496.17932711644886,494.8330110116258,1.346316104823057e-05,False,497.66872610210726
3831,0.23338539573277772,496.17932711644886,494.8330110116258,1.346316104823057e-05,False,497.66872610210726
3832,0.23291862494131216,496.17932711644886,494.8330110116258,1.346316104823057e-05,False,497.66872610210726
3833,0.23245278769142955,496.17932711644886,494.8330110116258,1.346316104823057e-05,False,497.66872610210726
3834,0.23198788211604668,496.17932711644886,494.8330110116258,1.346316104823057e-05,False,497.66872610210726
3835,0.23152390635181458,496.17932711644886,494.8330110116258,1.346316104823057e-05,False,497.66872610210726
3836,0.23106085853911096,496.17932711644886,494.8330110116258,1.346316104823057e-05,False,497.66872610210726
3837,0.23059873682203275,496.17932711644886,494.8330110116258,1.346316104823057e-05,False,497.66872610210726
3838,0.23013753934838868,496.17932711644886,494.8330110116258,1.346316104823057e-05,False,497.66872610210726
3839,0.2296772642696919,496.17932711644886,494.8330110116258,1.346316104823057e-05,False,497.66872610210726
3840,0.22921790974115253,496.17932711644886,494.8330110116258,1.346316104823057e-05,False,497.66872610210726
3841,0.22875947392167023,496.17932711644886,494.8330110116258,1.346316104823057e-05,False,497.66872610210726
3842,0.22830195497382688,496.17932711644886,494.8330110116258,1.346316104823057e-05,False,497.66872610210726
3843,0.22784535106387924,496.17932711644886,494.8330110116258,1.346316104823057e-05,False,497.66872610210726
3844,0.22738966036175148,496.17932711644886,494.8330110116258,1.346316104823057e-05,False,497.66872610210726
3845,0.226934881041028,496.17932711644886,494.8330110116258,1.346316104823057e-05,False,497.66872610210726
3846,0.22648101127894593,496.17932711644886,494.8330110116258,1.346316104823057e-05,False,497.66872610210726
3847,0.22602804925638803,496.17932711644886,494.8330110116258,1.346316104823057e-05,False,497.66872610210726
3848,0.22557599315787524,496.17932711644886,494.8330110116258,1.346316104823057e-05,False,497.66872610210726
3849,0.22512484117155948,496.17932711644886,494.8330110116258,1.346316104823057e-05,False,497.66872610210726
3850,0.22467459148921637,496.17932711644886,494.8330110116258,1.346316104823057e-05,False,497.66872610210726
3851,0.22422524230623794,496.17932711644886,494.8330110116258,1.346316104823057e-05,False,497.66872610210726
3852,0.22377679182162546,496.17932711644886,494.8330110116258,1.346316104823057e-05,False,497.66872610210726
3853,0.2233292382379822,496.17932711644886,494.8330110116258,1.346316104823057e-05,False,497.66872610210726
3854,0.22288257976150624,496.17932711644886,494.8330110116258,1.346316104823057e-05,False,497.66872610210726
3855,0.22243681460198322,496.17932711644886,494.8330110116258,1.346316104823057e-05,False,497.66872610210726
3856,0.22199194097277924,496.17932711644886,494.8330110116258,1.346316104823057e-05,False,497.66872610210726
3857,0.2215479570908337,496.17932711644886,494.8330110116258,1.346316104823057e-05,False,497.66872610210726
3858,0.221104861176652,496.17932711644886,494.8330110116258,1.346316104823057e-05,False,497.66872610210726
3859,0.2206626514542987,496.17932711644886,494.8330110116258,1.346316104823057e-05,False,497.66872610210726
3860,0.2202213261513901,496.17932711644886,494.8330110116258,1.346316104823057e-05,False,497.66872610210726
3861,0.2197808834990873,496.17932711644886,494.8330110116258,1.346316104823057e-05,False,497.66872610210726
3862,0.21934132173208915,496.17932711644886,494.8330110116258,1.346316104823057e-05,False,497.66872610210726
3863,0.21890263908862498,496.17932711644886,494.8330110116258,1.346316104823057e-05,False,497.66872610210726
3864,0.21846483381044773,496.17932711644886,494.8330110116258,1.346316104823057e-05,False,497.66872610210726
3865,0.21802790414282683,496.17932711644886,494.8330110116258,1.346316104823057e-05,False,497.66872610210726
3866,0.21759184833454118,496.17932711644886,494.8330110116258,1.346316104823057e-05,False,497.66872610210726
3867,0.2171566646378721,496.17932711644886,494.8330110116258,1.346316104823057e-05,False,497.66872610210726
3868,0.21672235130859635,496.17932711644886,494.8330110116258,1.346316104823057e-05,False,497.66872610210726
3869,0.21628890660597916,496.17932711644886,494.8330110116258,1.346316104823057e-05,False,497.66872610210726
3870,0.2158563287927672,496.17932711644886,494.8330110116258,1.346316104823057e-05,False,497.66872610210726
3871,0.21542461613518166,496.17932711644886,494.8330110116258,1.346316104823057e-05,False,497.66872610210726
3872,0.2149937669029113,496.17932711644886,494.8330110116258,1.346316104823057e-05,False,497.66872610210726
3873,0.21456377936910548,496.17932711644886,494.8330110116258,1.346316104823057e-05,False,497.66872610210726
3874,0.21413465181036725,496.17932711644886,494.8330110116258,1.346316104823057e-05,False,497.66872610210726
3875,0.2137063825067465,496.17932711644886,494.8330110116258,1.346316104823057e-05,False,497.66872610210726
3876,0.21327896974173302,496.17932711644886,494.8330110116258,1.346316104823057e-05,False,497.66872610210726
3877,0.21285241180224956,496.17932711644886,494.8330110116258,1.346316104823057e-05,False,497.66872610210726
3878,0.21242670697864507,496.17932711644886,494.8330110116258,1.346316104823057e-05,False,497.66872610210726
3879,0.2120018535646878,496.17932711644886,494.8330110116258,1.346316104823057e-05,False,497.66872610210726
3880,0.2115778498575584,496.17932711644886,494.8330110116258,1.346316104823057e-05,False,497.66872610210726
3881,0.21115469415784327,496.17932711644886,494.8330110116258,1.346316104823057e-05,False,497.66872610210726
3882,0.21073238476952758,496.17932711644886,494.8330110116258,1.346316104823057e-05,False,497.66872610210726
3883,0.21031091999998852,496.17932711644886,494.8330110116258,1.346316104823057e-05,False,497.66872610210726
3884,0.20989029815998855,496.17932711644886,494.8330110116258,1.346316104823057e-05,False,497.66872610210726
3885,0.20947051756366858,496.17932711644886,494.8330110116258,1.346316104823057e-05,False,497.66872610210726
3886,0.20905157652854126,496.17932711644886,494.8330110116258,1.346316104823057e-05,False,497.66872610210726
3887,0.20863347337548419,496.17932711644886,494.8330110116258,1.346316104823057e-05,False,497.66872610210726
3888,0.20821620642873323,496.17932711644886,494.8330110116258,1.346316104823057e-05,False,497.66872610210726
3889,0.20779977401587577,496.17932711644886,494.8330110116258,1.346316104823057e-05,False,497.66872610210726
3890,0.20738417446784402,496.17932711644886,494.8330110116258,1.346316104823057e-05,False,497.66872610210726
3891,0.20696940611890832,496.17932711644886,494.8330110116258,1.346316104823057e-05,False,497.66872610210726
3892,0.20655546730667051,496.17932711644886,494.8330110116258,1.346316104823057e-05,False,497.66872610210726
3893,0.20614235637205716,496.17932711644886,494.8330110116258,1.346316104823057e-05,False,497.66872610210726
3894,0.20573007165931304,496.17932711644886,494.8330110116258,1.346316104823057e-05,False,497.66872610210726
3895,0.2053186115159944,496.17932711644886,494.8330110116258,1.346316104823057e-05,False,497.66872610210726
3896,0.2049079742929624,496.17932711644886,494.8330110116258,1.346316104823057e-05,False,497.66872610210726
3897,0.20449815834437648,496.17932711644886,494.8330110116258,1.346316104823057e-05,False,497.66872610210726
3898,0.20408916202768773,496.17932711644886,494.8330110116258,1.346316104823057e-05,False,497.66872610210726
3899,0.20368098370363236,496.17932711644886,494.8330110116258,1.346316104823057e-05,False,497.66872610210726
3900,0.2032736217362251,496.17932711644886,494.8330110116258,1.346316104823057e-05,False,497.66872610210726
3901,0.20286707449275265,496.17932711644886,494.8330110116258,1.346316104823057e-05,False,497.66872610210726
3902,0.20246134034376714,496.17932711644886,494.8330110116258,1.346316104823057e-05,False,497.66872610210726
3903,0.2020564176630796,496.17932711644886,494.8330110116258,1.346316104823057e-05,False,497.66872610210726
3904,0.20165230482775345,496.17932711644886,494.8330110116258,1.346316104823057e-05,False,497.66872610210726
3905,0.20124900021809794,496.17932711644886,494.8330110116258,1.346316104823057e-05,False,497.66872610210726
3906,0.20084650221766173,496.17932711644886,494.8330110116258,1.346316104823057e-05,False,497.66872610210726
3907,0.2004448092132264,496.17932711644886,494.8330110116258,1.346316104823057e-05,False,497.66872610210726
3908,0.20004391959479995,496.17932711644886,494.8330110116258,1.346316104823057e-05,False,497.66872610210726
3909,0.19964383175561035,496.17932711644886,494.8330110116258,1.346316104823057e-05,False,497.66872610210726
3910,0.19924454409209913,496.17932711644886,494.8330110116258,1.346316104823057e-05,False,497.66872610210726
3911,0.19884605500391492,496.17932711644886,494.8330110116258,1.346316104823057e-05,False,497.66872610210726
3912,0.19844836289390708,496.17932711644886,494.8330110116258,1.346316104823057e-05,False,497.66872610210726
3913,0.19805146616811925,496.17932711644886,494.8330110116258,1.346316104823057e-05,False,497.66872610210726
3914,0.197655363235783,496.17932711644886,494.8330110116258,1.346316104823057e-05,False,497.66872610210726
3915,0.19726005250931145,496.17932711644886,494.8330110116258,1.346316104823057e-05,False,497.66872610210726
3916,0.19686553240429283,496.17932711644886,494.8330110116258,1.346316104823057e-05,False,497.66872610210726
3917,0.19647180133948425,496.17932711644886,494.8330110116258,1.346316104823057e-05,False,497.66872610210726
3918,0.19607885773680528,496.17932711644886,494.8330110116258,1.346316104823057e-05,False,497.66872610210726
3919,0.19568670002133168,496.17932711644886,494.8330110116258,1.346316104823057e-05,False,497.66872610210726
3920,0.195295326621289,496.17932711644886,494.8330110116258,1.346316104823057e-05,False,497.66872610210726
3921,0.19490473596804644,496.17932711644886,494.8330110116258,1.346316104823057e-05,False,497.66872610210726
3922,0.19451492649611035,496.17932711644886,494.8330110116258,1.346316104823057e-05,False,497.66872610210726
3923,0.19412589664311813,496.17932711644886,494.8330110116258,1.346316104823057e-05,False,497.66872610210726
3924,0.19373764484983189,496.17932711644886,494.8330110116258,1.346316104823057e-05,False,497.66872610210726
3925,0.19335016956013223,496.17932711644886,494.8330110116258,1.346316104823057e-05,False,497.66872610210726
3926,0.19296346922101196,496.17932711644886,494.8330110116258,1.346316104823057e-05,False,497.66872610210726
3927,0.19257754228256993,496.17932711644886,494.8330110116258,1.346316104823057e-05,False,497.66872610210726
3928,0.1921923871980048,496.17932711644886,494.8330110116258,1.346316104823057e-05,False,497.66872610210726
3929,0.1918080024236088,496.17932711644886,494.8330110116258,1.346316104823057e-05,False,497.66872610210726
3930,0.19142438641876158,496.17932711644886,494.8330110116258,1.346316104823057e-05,False,497.66872610210726
3931,0.19104153764592405,496.17932711644886,494.8330110116258,1.346316104823057e-05,False,497.66872610210726
3932,0.1906594545706322,496.17932711644886,494.8330110116258,1.346316104823057e-05,False,497.66872610210726
3933,0.19027813566149093,496.17932711644886,494.8330110116258,1.346316104823057e-05,False,497.66872610210726
3934,0.18989757939016794,496.17932711644886,494.8330110116258,1.346316104823057e-05,False,497.66872610210726
3935,0.1895177842313876,496.17932711644886,494.8330110116258,1.346316104823057e-05,False,497.66872610210726
3936,0.18913874866292482,496.17932711644886,494.8330110116258,1.346316104823057e-05,False,497.66872610210726
3937,0.18876047116559896,496.17932711644886,494.8330110116258,1.346316104823057e-05,False,497.66872610210726
3938,0.18838295022326776,496.17932711644886,494.8330110116258,1.346316104823057e-05,False,497.66872610210726
3939,0.18800618432282123,496.17932711644886,494.8330110116258,1.346316104823057e-05,False,497.66872610210726
3940,0.18763017195417558,496.17932711644886,494.8330110116258,1.346316104823057e-05,False,497.66872610210726
3941,0.18725491161026722,496.17932711644886,494.8330110116258,1.346316104823057e-05,False,497.66872610210726
3942,0.18688040178704668,496.17932711644886,494.8330110116258,1.346316104823057e-05,False,497.66872610210726
3943,0.18650664098347258,496.17932711644886,494.8330110116258,1.346316104823057e-05,False,497.66872610210726
3944,0.18613362770150563,496.17932711644886,494.8330110116258,1.346316104823057e-05,False,497.66872610210726
3945,0.1857613604461026,496.17932711644886,494.8330110116258,1.346316104823057e-05,False,497.66872610210726
3946,0.18538983772521042,496.17932711644886,494.8330110116258,1.346316104823057e-05,False,497.66872610210726
3947,0.18501905804976,496.17932711644886,494.8330110116258,1.346316104823057e-05,False,497.66872610210726
3948,0.18464901993366048,496.17932711644886,494.8330110116258,1.346316104823057e-05,False,497.66872610210726
3949,0.18427972189379316,496.17932711644886,494.8330110116258,1.346316104823057e-05,False,497.66872610210726
3950,0.18391116245000558,496.17932711644886,494.8330110116258,1.346316104823057e-05,False,497.66872610210726
3951,0.18354334012510556,496.17932711644886,494.8330110116258,1.346316104823057e-05,False,497.66872610210726
3952,0.18317625344485536,496.17932711644886,494.8330110116258,1.346316104823057e-05,False,497.66872610210726
3953,0.18280990093796565,496.17932711644886,494.8330110116258,1.346316104823057e-05,False,497.66872610210726
3954,0.1824442811360897,496.17932711644886,494.8330110116258,1.346316104823057e-05,False,497.66872610210726
3955,0.18207939257381753,496.17932711644886,494.8330110116258,1.346316104823057e-05,False,497.66872610210726
3956,0.18171523378866988,496.17932711644886,494.8330110116258,1.346316104823057e-05,False,497.66872610210726
3957,0.18135180332109255,496.17932711644886,494.8330110116258,1.346316104823057e-05,False,497.66872610210726
3958,0.18098909971445037,496.17932711644886,494.8330110116258,1.346316104823057e-05,False,497.66872610210726
3959,0.18062712151502147,496.17932711644886,494.8330110116258,1.346316104823057e-05,False,497.66872610210726
3960,0.18026586727199143,496.17932711644886,494.8330110116258,1.346316104823057e-05,False,497.66872610210726
3961,0.17990533553744745,496.17932711644886,494.8330110116258,1.346316104823057e-05,False,497.66872610210726
3962,0.17954552486637254,496.17932711644886,494.8330110116258,1.346316104823057e-05,False,497.66872610210726
3963,0.1791864338166398,496.17932711644886,494.8330110116258,1.346316104823057e-05,False,497.66872610210726
3964,0.17882806094900652,496.17932711644886,494.8330110116258,1.346316104823057e-05,False,497.66872610210726
3965,0.17847040482710852,496.17932711644886,494.8330110116258,1.346316104823057e-05,False,497.66872610210726
3966,0.17811346401745431,496.17932711644886,494.8330110116258,1.346316104823057e-05,False,497.66872610210726
3967,0.1777572370894194,496.17932711644886,494.8330110116258,1.346316104823057e-05,False,497.66872610210726
3968,0.17740172261524056,496.17932711644886,494.8330110116258,1.346316104823057e-05,False,497.66872610210726
3969,0.1770469191700101,496.17932711644886,494.8330110116258,1.346316104823057e-05,False,497.66872610210726
3970,0.17669282533167008,496.17932711644886,494.8330110116258,1.346316104823057e-05,False,497.66872610210726
3971,0.17633943968100674,496.17932711644886,494.8330110116258,1.346316104823057e-05,False,497.66872610210726
3972,0.17598676080164471,496.17932711644886,494.8330110116258,1.346316104823057e-05,False,497.66872610210726
3973,0.17563478728004142,496.17932711644886,494.8330110116258,1.346316104823057e-05,False,497.66872610210726
3974,0.17528351770548134,496.17932711644886,494.8330110116258,1.346316104823057e-05,False,497.66872610210726
3975,0.17493295067007036,496.17932711644886,494.8330110116258,1.346316104823057e-05,False,497.66872610210726
3976,0.17458308476873022,496.17932711644886,494.8330110116258,1.346316104823057e-05,False,497.66872610210726
3977,0.17423391859919277,496.17932711644886,494.8330110116258,1.346316104823057e-05,False,497.66872610210726
3978,0.17388545076199438,496.17932711644886,494.8330110116258,1.346316104823057e-05,False,497.66872610210726
3979,0.1735376798604704,496.17932711644886,494.8330110116258,1.346316104823057e-05,False,497.66872610210726
3980,0.17319060450074944,496.17932711644886,494.8330110116258,1.346316104823057e-05,False,497.66872610210726
3981,0.17284422329174795,496.17932711644886,494.8330110116258,1.346316104823057e-05,False,497.66872610210726
3982,0.17249853484516445,496.17932711644886,494.8330110116258,1.346316104823057e-05,False,497.66872610210726
3983,0.17215353777547412,496.17932711644886,494.8330110116258,1.346316104823057e-05,False,497.66872610210726
3984,0.17180923069992318,496.17932711644886,494.8330110116258,1.346316104823057e-05,False,497.66872610210726
3985,0.17146561223852333,496.17932711644886,494.8330110116258,1.346316104823057e-05,False,497.66872610210726
3986,0.1711226810140463,496.17932711644886,494.8330110116258,1.346316104823057e-05,False,497.66872610210726
3987,0.1707804356520182,496.17932711644886,494.8330110116258,1.346316104823057e-05,False,497.66872610210726
3988,0.17043887478071415,496.17932711644886,494.8330110116258,1.346316104823057e-05,False,497.66872610210726
3989,0.17009799703115272,496.17932711644886,494.8330110116258,1.346316104823057e-05,False,497.66872610210726
3990,0.16975780103709043,496.17932711644886,494.8330110116258,1.346316104823057e-05,False,497.66872610210726
3991,0.16941828543501625,496.17932711644886,494.8330110116258,1.346316104823057e-05,False,497.66872610210726
3992,0.16907944886414622,496.17932711644886,494.8330110116258,1.346316104823057e-05,False,497.66872610210726
3993,0.16874128996641793,496.17932711644886,494.8330110116258,1.346316104823057e-05,False,497.66872610210726
3994,0.1684038073864851,496.17932711644886,494.8330110116258,1.346316104823057e-05,False,497.66872610210726
3995,0.16806699977171213,496.17932711644886,494.8330110116258,1.346316104823057e-05,False,497.66872610210726
3996,0.1677308657721687,496.17932711644886,494.8330110116258,1.346316104823057e-05,False,497.66872610210726
3997,0.16739540404062436,496.17932711644886,494.8330110116258,1.346316104823057e-05,False,497.66872610210726
3998,0.16706061323254312,496.17932711644886,494.8330110116258,1.346316104823057e-05,False,497.66872610210726
3999,0.16672649200607803,496.17932711644886,494.8330110116258,1.346316104823057e-05,False,497.66872610210726
4000,0.16639303902206587,496.17932711644886,494.8330110116258,1.346316104823057e-05,False,497.66872610210726
4001,0.16606025294402174,496.17932711644886,494.8330110116258,1.346316104823057e-05,False,497.66872610210726
4002,0.1657281324381337,496.17932711644886,494.8330110116258,1.346316104823057e-05,False,497.66872610210726
4003,0.16539667617325743,496.17932711644886,494.8330110116258,1.346316104823057e-05,False,497.66872610210726
4004,0.16506588282091092,496.17932711644886,494.8330110116258,1.346316104823057e-05,False,497.66872610210726
4005,0.1647357510552691,496.17932711644886,494.8330110116258,1.346316104823057e-05,False,497.66872610210726
4006,0.16440627955315856,496.17932711644886,494.8330110116258,1.346316104823057e-05,False,497.66872610210726
4007,0.16407746699405223,496.17932711644886,494.8330110116258,1.346316104823057e-05,False,497.66872610210726
4008,0.16374931206006413,496.17932711644886,494.8330110116258,1.346316104823057e-05,False,497.66872610210726
4009,0.163421813435944,496.17932711644886,494.8330110116258,1.346316104823057e-05,False,497.66872610210726
4010,0.16309496980907212,496.17932711644886,494.8330110116258,1.346316104823057e-05,False,497.66872610210726
4011,0.16276877986945398,496.17932711644886,494.8330110116258,1.346316104823057e-05,False,497.66872610210726
4012,0.16244324230971507,496.17932711644886,494.8330110116258,1.346316104823057e-05,False,497.66872610210726
4013,0.16211835582509565,496.17932711644886,494.8330110116258,1.346316104823057e-05,False,497.66872610210726
4014,0.16179411911344546,496.17932711644886,494.8330110116258,1.346316104823057e-05,False,497.66872610210726
4015,0.16147053087521857,496.17932711644886,494.8330110116258,1.346316104823057e-05,False,497.66872610210726
4016,0.16114758981346813,496.17932711644886,494.8330110116258,1.346316104823057e-05,False,497.66872610210726
4017,0.1608252946338412,496.17932711644886,494.8330110116258,1.346316104823057e-05,False,497.66872610210726
4018,0.16050364404457354,496.17932711644886,494.8330110116258,1.346316104823057e-05,False,497.66872610210726
4019,0.1601826367564844,496.17932711644886,494.8330110116258,1.346316104823057e-05,False,497.66872610210726
4020,0.1598622714829714,496.17932711644886,494.8330110116258,1.346316104823057e-05,False,497.66872610210726
4021,0.15954254694000547,496.17932711644886,494.8330110116258,1.346316104823057e-05,False,497.66872610210726
4022,0.15922346184612546,496.17932711644886,494.8330110116258,1.346316104823057e-05,False,497.66872610210726
4023,0.1589050149224332,496.17932711644886,494.8330110116258,1.346316104823057e-05,False,497.66872610210726
4024,0.15858720489258832,496.17932711644886,494.8330110116258,1.346316104823057e-05,False,497.66872610210726
4025,0.15827003048280314,496.17932711644886,494.8330110116258,1.346316104823057e-05,False,497.66872610210726
4026,0.15795349042183754,496.17932711644886,494.8330110116258,1.346316104823057e-05,False,497.66872610210726
4027,0.15763758344099385,496.17932711644886,494.8330110116258,1.346316104823057e-05,False,497.66872610210726
4028,0.15732230827411187,496.17932711644886,494.8330110116258,1.346316104823057e-05,False,497.66872610210726
4029,0.15700766365756363,496.17932711644886,494.8330110116258,1.346316104823057e-05,False,497.66872610210726
4030,0.15669364833024851,496.17932711644886,494.8330110116258,1.346316104823057e-05,False,497.66872610210726
4031,0.15638026103358801,496.17932711644886,494.8330110116258,1.346316104823057e-05,False,497.66872610210726
4032,0.15606750051152085,496.17932711644886,494.8330110116258,1.346316104823057e-05,False,497.66872610210726
4033,0.15575536551049782,496.17932711644886,494.8330110116258,1.346316104823057e-05,False,497.66872610210726
4034,0.1554438547794768,496.17932711644886,494.8330110116258,1.346316104823057e-05,False,497.66872610210726
4035,0.15513296706991786,496.17932711644886,494.8330110116258,1.346316104823057e-05,False,497.66872610210726
4036,0.15482270113577803,496.17932711644886,494.8330110116258,1.346316104823057e-05,False,497.66872610210726
4037,0.1545130557335065,496.17932711644886,494.8330110116258,1.346316104823057e-05,False,497.66872610210726
4038,0.15420402962203947,496.17932711644886,494.8330110116258,1.346316104823057e-05,False,497.66872610210726
4039,0.15389562156279538,496.17932711644886,494.8330110116258,1.346316104823057e-05,False,497.66872610210726
4040,0.15358783031966977,496.17932711644886,494.8330110116258,1.346316104823057e-05,False,497.66872610210726
4041,0.15328065465903043,496.17932711644886,494.8330110116258,1.346316104823057e-05,False,497.66872610210726
4042,0.15297409334971238,496.17932711644886,494.8330110116258,1.346316104823057e-05,False,497.66872610210726
4043,0.15266814516301294,496.17932711644886,494.8330110116258,1.346316104823057e-05,False,497.66872610210726
4044,0.1523628088726869,496.17932711644886,494.8330110116258,1.346316104823057e-05,False,497.66872610210726
4045,0.15205808325494155,496.17932711644886,494.8330110116258,1.346316104823057e-05,False,497.66872610210726
4046,0.15175396708843167,496.17932711644886,494.8330110116258,1.346316104823057e-05,False,497.66872610210726
4047,0.1514504591542548,496.17932711644886,494.8330110116258,1.346316104823057e-05,False,497.66872610210726
4048,0.1511475582359463,496.17932711644886,494.8330110116258,1.346316104823057e-05,False,497.66872610210726
4049,0.1508452631194744,496.17932711644886,494.8330110116258,1.346316104823057e-05,False,497.66872610210726
4050,0.15054357259323545,496.17932711644886,494.8330110116258,1.346316104823057e-05,False,497.66872610210726
4051,0.15024248544804897,496.17932711644886,494.8330110116258,1.346316104823057e-05,False,497.66872610210726
4052,0.14994200047715286,496.17932711644886,494.8330110116258,1.346316104823057e-05,False,497.66872610210726
4053,0.14964211647619857,496.17932711644886,494.8330110116258,1.346316104823057e-05,False,497.66872610210726
4054,0.14934283224324618,496.17932711644886,494.8330110116258,1.346316104823057e-05,False,497.66872610210726
4055,0.1490441465787597,496.17932711644886,494.8330110116258,1.346316104823057e-05,False,497.66872610210726
4056,0.14874605828560217,496.17932711644886,494.8330110116258,1.346316104823057e-05,False,497.66872610210726
4057,0.14844856616903096,496.17932711644886,494.8330110116258,1.346316104823057e-05,False,497.66872610210726
4058,0.14815166903669288,496.17932711644886,494.8330110116258,1.346316104823057e-05,False,497.66872610210726
4059,0.1478553656986195,496.17932711644886,494.8330110116258,1.346316104823057e-05,False,497.66872610210726
4060,0.14755965496722226,496.17932711644886,494.8330110116258,1.346316104823057e-05,False,497.66872610210726
4061,0.1472645356572878,496.17932711644886,494.8330110116258,1.346316104823057e-05,False,497.66872610210726
4062,0.14697000658597323,496.17932711644886,494.8330110116258,1.346316104823057e-05,False,497.66872610210726
4063,0.14667606657280127,496.17932711644886,494.8330110116258,1.346316104823057e-05,False,497.66872610210726
4064,0.14638271443965567,496.17932711644886,494.8330110116258,1.346316104823057e-05,False,497.66872610210726
4065,0.14608994901077635,496.17932711644886,494.8330110116258,1.346316104823057e-05,False,497.66872610210726
4066,0.1457977691127548,496.17932711644886,494.8330110116258,1.346316104823057e-05,False,497.66872610210726
4067,0.1455061735745293,496.17932711644886,494.8330110116258,1.346316104823057e-05,False,497.66872610210726
4068,0.14521516122738024,496.17932711644886,494.8330110116258,1.346316104823057e-05,False,497.66872610210726
4069,0.14492473090492547,496.17932711644886,494.8330110116258,1.346316104823057e-05,False,497.66872610210726
4070,0.14463488144311562,496.17932711644886,494.8330110116258,1.346316104823057e-05,False,497.66872610210726
4071,0.14434561168022939,496.17932711644886,494.8330110116258,1.346316104823057e-05,False,497.66872610210726
4072,0.14405692045686894,496.17932711644886,494.8330110116258,1.346316104823057e-05,False,497.66872610210726
4073,0.1437688066159552,496.17932711644886,494.8330110116258,1.346316104823057e-05,False,497.66872610210726
4074,0.1434812690027233,496.17932711644886,494.8330110116258,1.346316104823057e-05,False,497.66872610210726
4075,0.14319430646471784,496.17932711644886,494.8330110116258,1.346316104823057e-05,False,497.66872610210726
4076,0.1429079178517884,496.17932711644886,494.8330110116258,1.346316104823057e-05,False,497.66872610210726
4077,0.14262210201608483,496.17932711644886,494.8330110116258,1.346316104823057e-05,False,497.66872610210726
4078,0.14233685781205266,496.17932711644886,494.8330110116258,1.346316104823057e-05,False,497.66872610210726
4079,0.14205218409642856,496.17932711644886,494.8330110116258,1.346316104823057e-05,False,497.66872610210726
4080,0.1417680797282357,496.17932711644886,494.8330110116258,1.346316104823057e-05,False,497.66872610210726
4081,0.14148454356877924,496.17932711644886,494.8330110116258,1.346316104823057e-05,False,497.66872610210726
4082,0.14120157448164167,496.17932711644886,494.8330110116258,1.346316104823057e-05,False,497.66872610210726
4083,0.1409191713326784,496.17932711644886,494.8330110116258,1.346316104823057e-05,False,497.66872610210726
4084,0.14063733299001305,496.17932711644886,494.8330110116258,1.346316104823057e-05,False,497.66872610210726
4085,0.14035605832403303,496.17932711644886,494.8330110116258,1.346316104823057e-05,False,497.66872610210726
4086,0.14007534620738496,496.17932711644886,494.8330110116258,1.346316104823057e-05,False,497.66872610210726
4087,0.1397951955149702,496.17932711644886,494.8330110116258,1.346316104823057e-05,False,497.66872610210726
4088,0.13951560512394026,496.17932711644886,494.8330110116258,1.346316104823057e-05,False,497.66872610210726
4089,0.13923657391369237,496.17932711644886,494.8330110116258,1.346316104823057e-05,False,497.66872610210726
4090,0.13895810076586498,496.17932711644886,494.8330110116258,1.346316104823057e-05,False,497.66872610210726
4091,0.13868018456433326,496.17932711644886,494.8330110116258,1.346316104823057e-05,False,497.66872610210726
4092,0.13840282419520458,496.17932711644886,494.8330110116258,1.346316104823057e-05,False,497.66872610210726
4093,0.13812601854681417,496.17932711644886,494.8330110116258,1.346316104823057e-05,False,497.66872610210726
4094,0.13784976650972053,496.17932711644886,494.8330110116258,1.346316104823057e-05,False,497.66872610210726
4095,0.13757406697670108,496.17932711644886,494.8330110116258,1.346316104823057e-05,False,497.66872610210726
4096,0.13729891884274767,496.17932711644886,494.8330110116258,1.346316104823057e-05,False,497.66872610210726
4097,0.13702432100506218,496.17932711644886,494.8330110116258,1.346316104823057e-05,False,497.66872610210726
4098,0.13675027236305204,496.17932711644886,494.8330110116258,1.346316104823057e-05,False,497.66872610210726
4099,0.13647677181832593,496.17932711644886,494.8330110116258,1.346316104823057e-05,False,497.66872610210726
4100,0.13620381827468928,496.17932711644886,494.8330110116258,1.346316104823057e-05,False,497.66872610210726
4101,0.1359314106381399,496.17932711644886,494.8330110116258,1.346316104823057e-05,False,497.66872610210726
4102,0.13565954781686362,496.17932711644886,494.8330110116258,1.346316104823057e-05,False,497.66872610210726
4103,0.1353882287212299,496.17932711644886,494.8330110116258,1.346316104823057e-05,False,497.66872610210726
4104,0.13511745226378744,496.17932711644886,494.8330110116258,1.346316104823057e-05,False,497.66872610210726
4105,0.13484721735925986,496.17932711644886,494.8330110116258,1.346316104823057e-05,False,497.66872610210726
4106,0.13457752292454134,496.17932711644886,494.8330110116258,1.346316104823057e-05,False,497.66872610210726
4107,0.13430836787869224,496.17932711644886,494.8330110116258,1.346316104823057e-05,False,497.66872610210726
4108,0.13403975114293487,496.17932711644886,494.8330110116258,1.346316104823057e-05,False,497.66872610210726
4109,0.13377167164064901,496.17932711644886,494.8330110116258,1.346316104823057e-05,False,497.66872610210726
4110,0.1335041282973677,496.17932711644886,494.8330110116258,1.346316104823057e-05,False,497.66872610210726
4111,0.13323712004077298,496.17932711644886,494.8330110116258,1.346316104823057e-05,False,497.66872610210726
4112,0.13297064580069143,496.17932711644886,494.8330110116258,1.346316104823057e-05,False,497.66872610210726
4113,0.13270470450909005,496.17932711644886,494.8330110116258,1.346316104823057e-05,False,497.66872610210726
4114,0.13243929510007188,496.17932711644886,494.8330110116258,1.346316104823057e-05,False,497.66872610210726
4115,0.13217441650987174,496.17932711644886,494.8330110116258,1.346316104823057e-05,False,497.66872610210726
4116,0.131910067676852,496.17932711644886,494.8330110116258,1.346316104823057e-05,False,497.66872610210726
4117,0.1316462475414983,496.17932711644886,494.8330110116258,1.346316104823057e-05,False,497.66872610210726
4118,0.1313829550464153,496.17932711644886,494.8330110116258,1.346316104823057e-05,False,497.66872610210726
4119,0.13112018913632248,496.17932711644886,494.8330110116258,1.346316104823057e-05,False,497.66872610210726
4120,0.13085794875804985,496.17932711644886,494.8330110116258,1.346316104823057e-05,False,497.66872610210726
4121,0.13059623286053373,496.17932711644886,494.8330110116258,1.346316104823057e-05,False,497.66872610210726
4122,0.13033504039481267,496.17932711644886,494.8330110116258,1.346316104823057e-05,False,497.66872610210726
4123,0.13007437031402305,496.17932711644886,494.8330110116258,1.346316104823057e-05,False,497.66872610210726
4124,0.129814221573395,496.17932711644886,494.8330110116258,1.346316104823057e-05,False,497.66872610210726
4125,0.12955459313024822,496.17932711644886,494.8330110116258,1.346316104823057e-05,False,497.66872610210726
4126,0.12929548394398774,496.17932711644886,494.8330110116258,1.346316104823057e-05,False,497.66872610210726
4127,0.12903689297609977,496.17932711644886,494.8330110116258,1.346316104823057e-05,False,497.66872610210726
4128,0.12877881919014758,496.17932711644886,494.8330110116258,1.346316104823057e-05,False,497.66872610210726
4129,0.1285212615517673,496.17932711644886,494.8330110116258,1.346316104823057e-05,False,497.66872610210726
4130,0.12826421902866375,496.17932711644886,494.8330110116258,1.346316104823057e-05,False,497.66872610210726
4131,0.12800769059060643,496.17932711644886,494.8330110116258,1.346316104823057e-05,False,497.66872610210726
4132,0.1277516752094252,496.17932711644886,494.8330110116258,1.346316104823057e-05,False,497.66872610210726
4133,0.12749617185900636,496.17932711644886,494.8330110116258,1.346316104823057e-05,False,497.66872610210726
4134,0.12724117951528835,496.17932711644886,494.8330110116258,1.346316104823057e-05,False,497.66872610210726
4135,0.12698669715625777,496.17932711644886,494.8330110116258,1.346316104823057e-05,False,497.66872610210726
4136,0.12673272376194525,496.17932711644886,494.8330110116258,1.346316104823057e-05,False,497.66872610210726
4137,0.12647925831442136,496.17932711644886,494.8330110116258,1.346316104823057e-05,False,497.66872610210726
4138,0.1262262997977925,496.17932711644886,494.8330110116258,1.346316104823057e-05,False,497.66872610210726
4139,0.12597384719819693,496.17932711644886,494.8330110116258,1.346316104823057e-05,False,497.66872610210726
4140,0.12572189950380053,496.17932711644886,494.8330110116258,1.346316104823057e-05,False,497.66872610210726
4141,0.12547045570479293,496.17932711644886,494.8330110116258,1.346316104823057e-05,False,497.66872610210726
4142,0.12521951479338334,496.17932711644886,494.8330110116258,1.346316104823057e-05,False,497.66872610210726
4143,0.12496907576379657,496.17932711644886,494.8330110116258,1.346316104823057e-05,False,497.66872610210726
4144,0.12471913761226898,496.17932711644886,494.8330110116258,1.346316104823057e-05,False,497.66872610210726
4145,0.12446969933704444,496.17932711644886,494.8330110116258,1.346316104823057e-05,False,497.66872610210726
4146,0.12422075993837035,496.17932711644886,494.8330110116258,1.346316104823057e-05,False,497.66872610210726
4147,0.12397231841849361,496.17932711644886,494.8330110116258,1.346316104823057e-05,False,497.66872610210726
4148,0.12372437378165663,496.17932711644886,494.8330110116258,1.346316104823057e-05,False,497.66872610210726
4149,0.12347692503409331,496.17932711644886,494.8330110116258,1.346316104823057e-05,False,497.66872610210726
4150,0.12322997118402512,496.17932711644886,494.8330110116258,1.346316104823057e-05,False,497.66872610210726
4151,0.12298351124165707,496.17932711644886,494.8330110116258,1.346316104823057e-05,False,497.66872610210726
4152,0.12273754421917375,496.17932711644886,494.8330110116258,1.346316104823057e-05,False,497.66872610210726
4153,0.1224920691307354,496.17932711644886,494.8330110116258,1.346316104823057e-05,False,497.66872610210726
4154,0.12224708499247393,496.17932711644886,494.8330110116258,1.346316104823057e-05,False,497.66872610210726
4155,0.12200259082248897,496.17932711644886,494.8330110116258,1.346316104823057e-05,False,497.66872610210726
4156,0.12175858564084399,496.17932711644886,494.8330110116258,1.346316104823057e-05,False,497.66872610210726
4157,0.12151506846956231,496.17932711644886,494.8330110116258,1.346316104823057e-05,False,497.66872610210726
4158,0.12127203833262319,496.17932711644886,494.8330110116258,1.346316104823057e-05,False,497.66872610210726
4159,0.12102949425595795,496.17932711644886,494.8330110116258,1.346316104823057e-05,False,497.66872610210726
4160,0.12078743526744604,496.17932711644886,494.8330110116258,1.346316104823057e-05,False,497.66872610210726
4161,0.12054586039691115,496.17932711644886,494.8330110116258,1.346316104823057e-05,False,497.66872610210726
4162,0.12030476867611732,496.17932711644886,494.8330110116258,1.346316104823057e-05,False,497.66872610210726
4163,0.12006415913876509,496.17932711644886,494.8330110116258,1.346316104823057e-05,False,497.66872610210726
4164,0.11982403082048755,496.17932711644886,494.8330110116258,1.346316104823057e-05,False,497.66872610210726
4165,0.11958438275884657,496.17932711644886,494.8330110116258,1.346316104823057e-05,False,497.66872610210726
4166,0.11934521399332888,496.17932711644886,494.8330110116258,1.346316104823057e-05,False,497.66872610210726
4167,0.11910652356534222,496.17932711644886,494.8330110116258,1.346316104823057e-05,False,497.66872610210726
4168,0.11886831051821153,496.17932711644886,494.8330110116258,1.346316104823057e-05,False,497.66872610210726
4169,0.11863057389717512,496.17932711644886,494.8330110116258,1.346316104823057e-05,False,497.66872610210726
4170,0.11839331274938077,496.17932711644886,494.8330110116258,1.346316104823057e-05,False,497.66872610210726
4171,0.118156526123882,496.17932711644886,494.8330110116258,1.346316104823057e-05,False,497.66872610210726
4172,0.11792021307163424,496.17932711644886,494.8330110116258,1.346316104823057e-05,False,497.66872610210726
4173,0.11768437264549096,496.17932711644886,494.8330110116258,1.346316104823057e-05,False,497.66872610210726
4174,0.11744900390019998,496.17932711644886,494.8330110116258,1.346316104823057e-05,False,497.66872610210726
4175,0.11721410589239958,496.17932711644886,494.8330110116258,1.346316104823057e-05,False,497.66872610210726
4176,0.11697967768061479,496.17932711644886,494.8330110116258,1.346316104823057e-05,False,497.66872610210726
4177,0.11674571832525356,496.17932711644886,494.8330110116258,1.346316104823057e-05,False,497.66872610210726
4178,0.11651222688860305,496.17932711644886,494.8330110116258,1.346316104823057e-05,False,497.66872610210726
4179,0.11627920243482584,496.17932711644886,494.8330110116258,1.346316104823057e-05,False,497.66872610210726
4180,0.1160466440299562,496.17932711644886,494.8330110116258,1.346316104823057e-05,False,497.66872610210726
4181,0.11581455074189628,496.17932711644886,494.8330110116258,1.346316104823057e-05,False,497.66872610210726
4182,0.11558292164041249,496.17932711644886,494.8330110116258,1.346316104823057e-05,False,497.66872610210726
4183,0.11535175579713167,496.17932711644886,494.8330110116258,1.346316104823057e-05,False,497.66872610210726
4184,0.1151210522855374,496.17932711644886,494.8330110116258,1.346316104823057e-05,False,497.66872610210726
4185,0.11489081018096632,496.17932711644886,494.8330110116258,1.346316104823057e-05,False,497.66872610210726
4186,0.1146610285606044,496.17932711644886,494.8330110116258,1.346316104823057e-05,False,497.66872610210726
4187,0.11443170650348318,496.17932711644886,494.8330110116258,1.346316104823057e-05,False,497.66872610210726
4188,0.11420284309047621,496.17932711644886,494.8330110116258,1.346316104823057e-05,False,497.66872610210726
4189,0.11397443740429526,496.17932711644886,494.8330110116258,1.346316104823057e-05,False,497.66872610210726
4190,0.11374648852948667,496.17932711644886,494.8330110116258,1.346316104823057e-05,False,497.66872610210726
4191,0.1135189955524277,496.17932711644886,494.8330110116258,1.346316104823057e-05,False,497.66872610210726
4192,0.11329195756132285,496.17932711644886,494.8330110116258,1.346316104823057e-05,False,497.66872610210726
4193,0.1130653736462002,496.17932711644886,494.8330110116258,1.346316104823057e-05,False,497.66872610210726
4194,0.1128392428989078,496.17932711644886,494.8330110116258,1.346316104823057e-05,False,497.66872610210726
4195,0.11261356441310999,496.17932711644886,494.8330110116258,1.346316104823057e-05,False,497.66872610210726
4196,0.11238833728428377,496.17932711644886,494.8330110116258,1.346316104823057e-05,False,497.66872610210726
4197,0.1121635606097152,496.17932711644886,494.8330110116258,1.346316104823057e-05,False,497.66872610210726
4198,0.11193923348849577,496.17932711644886,494.8330110116258,1.346316104823057e-05,False,497.66872610210726
4199,0.11171535502151878,496.17932711644886,494.8330110116258,1.346316104823057e-05,False,497.66872610210726
4200,0.11149192431147574,496.17932711644886,494.8330110116258,1.346316104823057e-05,False,497.66872610210726
4201,0.1112689404628528,496.17932711644886,494.8330110116258,1.346316104823057e-05,False,497.66872610210726
4202,0.11104640258192709,496.17932711644886,494.8330110116258,1.346316104823057e-05,False,497.66872610210726
4203,0.11082430977676323,496.17932711644886,494.8330110116258,1.346316104823057e-05,False,497.66872610210726
4204,0.11060266115720971,496.17932711644886,494.8330110116258,1.346316104823057e-05,False,497.66872610210726
4205,0.1103814558348953,496.17932711644886,494.8330110116258,1.346316104823057e-05,False,497.66872610210726
4206,0.1101606929232255,496.17932711644886,494.8330110116258,1.346316104823057e-05,False,497.66872610210726
4207,0.10994037153737905,496.17932711644886,494.8330110116258,1.346316104823057e-05,False,497.66872610210726
4208,0.10972049079430429,496.17932711644886,494.8330110116258,1.346316104823057e-05,False,497.66872610210726
4209,0.10950104981271569,496.17932711644886,494.8330110116258,1.346316104823057e-05,False,497.66872610210726
4210,0.10928204771309026,496.17932711644886,494.8330110116258,1.346316104823057e-05,False,497.66872610210726
4211,0.10906348361766408,496.17932711644886,494.8330110116258,1.346316104823057e-05,False,497.66872610210726
4212,0.10884535665042874,496.17932711644886,494.8330110116258,1.346316104823057e-05,False,497.66872610210726
4213,0.10862766593712789,496.17932711644886,494.8330110116258,1.346316104823057e-05,False,497.66872610210726
4214,0.10841041060525364,496.17932711644886,494.8330110116258,1.346316104823057e-05,False,497.66872610210726
4215,0.10819358978404313,496.17932711644886,494.8330110116258,1.346316104823057e-05,False,497.66872610210726
4216,0.10797720260447505,496.17932711644886,494.8330110116258,1.346316104823057e-05,False,497.66872610210726
4217,0.1077612481992661,496.17932711644886,494.8330110116258,1.346316104823057e-05,False,497.66872610210726
4218,0.10754572570286756,496.17932711644886,494.8330110116258,1.346316104823057e-05,False,497.66872610210726
4219,0.10733063425146183,496.17932711644886,494.8330110116258,1.346316104823057e-05,False,497.66872610210726
4220,0.10711597298295891,496.17932711644886,494.8330110116258,1.346316104823057e-05,False,497.66872610210726
4221,0.106901741036993,496.17932711644886,494.8330110116258,1.346316104823057e-05,False,497.66872610210726
4222,0.10668793755491901,496.17932711644886,494.8330110116258,1.346316104823057e-05,False,497.66872610210726
4223,0.10647456167980918,496.17932711644886,494.8330110116258,1.346316104823057e-05,False,497.66872610210726
4224,0.10626161255644956,496.17932711644886,494.8330110116258,1.346316104823057e-05,False,497.66872610210726
4225,0.10604908933133667,496.17932711644886,494.8330110116258,1.346316104823057e-05,False,497.66872610210726
4226,0.10583699115267399,496.17932711644886,494.8330110116258,1.346316104823057e-05,False,497.66872610210726
4227,0.10562531717036865,496.17932711644886,494.8330110116258,1.346316104823057e-05,False,497.66872610210726
4228,0.1054140665360279,496.17932711644886,494.8330110116258,1.346316104823057e-05,False,497.66872610210726
4229,0.10520323840295585,496.17932711644886,494.8330110116258,1.346316104823057e-05,False,497.66872610210726
4230,0.10499283192614994,496.17932711644886,494.8330110116258,1.346316104823057e-05,False,497.66872610210726
4231,0.10478284626229764,496.17932711644886,494.8330110116258,1.346316104823057e-05,False,497.66872610210726
4232,0.10457328056977304,496.17932711644886,494.8330110116258,1.346316104823057e-05,False,497.66872610210726
4233,0.1043641340086335,496.17932711644886,494.8330110116258,1.346316104823057e-05,False,497.66872610210726
4234,0.10415540574061623,496.17932711644886,494.8330110116258,1.346316104823057e-05,False,497.66872610210726
4235,0.103947094929135,496.17932711644886,494.8330110116258,1.346316104823057e-05,False,497.66872610210726
4236,0.10373920073927673,496.17932711644886,494.8330110116258,1.346316104823057e-05,False,497.66872610210726
4237,0.10353172233779817,496.17932711644886,494.8330110116258,1.346316104823057e-05,False,497.66872610210726
4238,0.10332465889312258,496.17932711644886,494.8330110116258,1.346316104823057e-05,False,497.66872610210726
4239,0.10311800957533633,496.17932711644886,494.8330110116258,1.346316104823057e-05,False,497.66872610210726
4240,0.10291177355618565,496.17932711644886,494.8330110116258,1.346316104823057e-05,False,497.66872610210726
4241,0.10270595000907327,496.17932711644886,494.8330110116258,1.346316104823057e-05,False,497.66872610210726
4242,0.10250053810905513,496.17932711644886,494.8330110116258,1.346316104823057e-05,False,497.66872610210726
4243,0.10229553703283702,496.17932711644886,494.8330110116258,1.346316104823057e-05,False,497.66872610210726
4244,0.10209094595877134,496.17932711644886,494.8330110116258,1.346316104823057e-05,False,497.66872610210726
4245,0.1018867640668538,496.17932711644886,494.8330110116258,1.346316104823057e-05,False,497.66872610210726
4246,0.1016829905387201,496.17932711644886,494.8330110116258,1.346316104823057e-05,False,497.66872610210726
4247,0.10147962455764266,496.17932711644886,494.8330110116258,1.346316104823057e-05,False,497.66872610210726
4248,0.10127666530852737,496.17932711644886,494.8330110116258,1.346316104823057e-05,False,497.66872610210726
4249,0.10107411197791032,496.17932711644886,494.8330110116258,1.346316104823057e-05,False,497.66872610210726
4250,0.10087196375395449,496.17932711644886,494.8330110116258,1.346316104823057e-05,False,497.66872610210726
4251,0.10067021982644658,496.17932711644886,494.8330110116258,1.346316104823057e-05,False,497.66872610210726
4252,0.10046887938679369,496.17932711644886,494.8330110116258,1.346316104823057e-05,False,497.66872610210726
4253,0.10026794162802011,496.17932711644886,494.8330110116258,1.346316104823057e-05,False,497.66872610210726
4254,0.10006740574476407,496.17932711644886,494.8330110116258,1.346316104823057e-05,False,497.66872610210726
4255,0.09986727093327454,496.17932711644886,494.8330110116258,1.346316104823057e-05,False,497.66872610210726
4256,0.09966753639140799,496.17932711644886,494.8330110116258,1.346316104823057e-05,False,497.66872610210726
4257,0.09946820131862517,496.17932711644886,494.8330110116258,1.346316104823057e-05,False,497.66872610210726
4258,0.09926926491598792,496.17932711644886,494.8330110116258,1.346316104823057e-05,False,497.66872610210726
4259,0.09907072638615594,496.17932711644886,494.8330110116258,1.346316104823057e-05,False,497.66872610210726
4260,0.09887258493338362,496.17932711644886,494.8330110116258,1.346316104823057e-05,False,497.66872610210726
4261,0.09867483976351685,496.17932711644886,494.8330110116258,1.346316104823057e-05,False,497.66872610210726
4262,0.09847749008398982,496.17932711644886,494.8330110116258,1.346316104823057e-05,False,497.66872610210726
4263,0.09828053510382184,496.17932711644886,494.8330110116258,1.346316104823057e-05,False,497.66872610210726
4264,0.0980839740336142,496.17932711644886,494.8330110116258,1.346316104823057e-05,False,497.66872610210726
4265,0.09788780608554697,496.17932711644886,494.8330110116258,1.346316104823057e-05,False,497.66872610210726
4266,0.09769203047337587,496.17932711644886,494.8330110116258,1.346316104823057e-05,False,497.66872610210726
4267,0.09749664641242911,496.17932711644886,494.8330110116258,1.346316104823057e-05,False,497.66872610210726
4268,0.09730165311960426,496.17932711644886,494.8330110116258,1.346316104823057e-05,False,497.66872610210726
4269,0.09710704981336506,496.17932711644886,494.8330110116258,1.346316104823057e-05,False,497.66872610210726
4270,0.09691283571373832,496.17932711644886,494.8330110116258,1.346316104823057e-05,False,497.66872610210726
4271,0.09671901004231084,496.17932711644886,494.8330110116258,1.346316104823057e-05,False,497.66872610210726
4272,0.09652557202222622,496.17932711644886,494.8330110116258,1.346316104823057e-05,False,497.66872610210726
4273,0.09633252087818177,496.17932711644886,494.8330110116258,1.346316104823057e-05,False,497.66872610210726
4274,0.09613985583642541,496.17932711644886,494.8330110116258,1.346316104823057e-05,False,497.66872610210726
4275,0.09594757612475256,496.17932711644886,494.8330110116258,1.346316104823057e-05,False,497.66872610210726
4276,0.09575568097250306,496.17932711644886,494.8330110116258,1.346316104823057e-05,False,497.66872610210726
4277,0.09556416961055805,496.17932711644886,494.8330110116258,1.346316104823057e-05,False,497.66872610210726
4278,0.09537304127133693,496.17932711644886,494.8330110116258,1.346316104823057e-05,False,497.66872610210726
4279,0.09518229518879426,496.17932711644886,494.8330110116258,1.346316104823057e-05,False,497.66872610210726
4280,0.09499193059841667,496.17932711644886,494.8330110116258,1.346316104823057e-05,False,497.66872610210726
4281,0.09480194673721984,496.17932711644886,494.8330110116258,1.346316104823057e-05,False,497.66872610210726
4282,0.0946123428437454,496.17932711644886,494.8330110116258,1.346316104823057e-05,False,497.66872610210726
4283,0.0944231181580579,496.17932711644886,494.8330110116258,1.346316104823057e-05,False,497.66872610210726
4284,0.09423427192174179,496.17932711644886,494.8330110116258,1.346316104823057e-05,False,497.66872610210726
4285,0.09404580337789831,496.17932711644886,494.8330110116258,1.346316104823057e-05,False,497.66872610210726
4286,0.09385771177114251,496.17932711644886,494.8330110116258,1.346316104823057e-05,False,497.66872610210726
4287,0.09366999634760022,496.17932711644886,494.8330110116258,1.346316104823057e-05,False,497.66872610210726
4288,0.09348265635490502,496.17932711644886,494.8330110116258,1.346316104823057e-05,False,497.66872610210726
4289,0.0932956910421952,496.17932711644886,494.8330110116258,1.346316104823057e-05,False,497.66872610210726
4290,0.09310909966011081,496.17932711644886,494.8330110116258,1.346316104823057e-05,False,497.66872610210726
4291,0.0929228814607906,496.17932711644886,494.8330110116258,1.346316104823057e-05,False,497.66872610210726
4292,0.09273703569786902,496.17932711644886,494.8330110116258,1.346316104823057e-05,False,497.66872610210726
4293,0.09255156162647328,496.17932711644886,494.8330110116258,1.346316104823057e-05,False,497.66872610210726
4294,0.09236645850322034,496.17932711644886,494.8330110116258,1.346316104823057e-05,False,497.66872610210726
4295,0.0921817255862139,496.17932711644886,494.8330110116258,1.346316104823057e-05,False,497.66872610210726
4296,0.09199736213504148,496.17932711644886,494.8330110116258,1.346316104823057e-05,False,497.66872610210726
4297,0.0918133674107714,496.17932711644886,494.8330110116258,1.346316104823057e-05,False,497.66872610210726
4298,0.09162974067594985,496.17932711644886,494.8330110116258,1.346316104823057e-05,False,497.66872610210726
4299,0.09144648119459796,496.17932711644886,494.8330110116258,1.346316104823057e-05,False,497.66872610210726
4300,0.09126358823220876,496.17932711644886,494.8330110116258,1.346316104823057e-05,False,497.66872610210726
4301,0.09108106105574434,496.17932711644886,494.8330110116258,1.346316104823057e-05,False,497.66872610210726
4302,0.09089889893363286,496.17932711644886,494.8330110116258,1.346316104823057e-05,False,497.66872610210726
4303,0.09071710113576559,496.17932711644886,494.8330110116258,1.346316104823057e-05,False,497.66872610210726
4304,0.09053566693349406,496.17932711644886,494.8330110116258,1.346316104823057e-05,False,497.66872610210726
4305,0.09035459559962707,496.17932711644886,494.8330110116258,1.346316104823057e-05,False,497.66872610210726
4306,0.09017388640842781,496.17932711644886,494.8330110116258,1.346316104823057e-05,False,497.66872610210726
4307,0.08999353863561096,496.17932711644886,494.8330110116258,1.346316104823057e-05,False,497.66872610210726
4308,0.08981355155833974,496.17932711644886,494.8330110116258,1.346316104823057e-05,False,497.66872610210726
4309,0.08963392445522306,496.17932711644886,494.8330110116258,1.346316104823057e-05,False,497.66872610210726
4310,0.0894546566063126,496.17932711644886,494.8330110116258,1.346316104823057e-05,False,497.66872610210726
4311,0.08927574729309998,496.17932711644886,494.8330110116258,1.346316104823057e-05,False,497.66872610210726
4312,0.08909719579851377,496.17932711644886,494.8330110116258,1.346316104823057e-05,False,497.66872610210726
4313,0.08891900140691675,496.17932711644886,494.8330110116258,1.346316104823057e-05,False,497.66872610210726
4314,0.08874116340410292,496.17932711644886,494.8330110116258,1.346316104823057e-05,False,497.66872610210726
4315,0.0885636810772947,496.17932711644886,494.8330110116258,1.346316104823057e-05,False,497.66872610210726
4316,0.08838655371514012,496.17932711644886,494.8330110116258,1.346316104823057e-05,False,497.66872610210726
4317,0.08820978060770984,496.17932711644886,494.8330110116258,1.346316104823057e-05,False,497.66872610210726
4318,0.08803336104649442,496.17932711644886,494.8330110116258,1.346316104823057e-05,False,497.66872610210726
4319,0.08785729432440144,496.17932711644886,494.8330110116258,1.346316104823057e-05,False,497.66872610210726
4320,0.08768157973575263,496.17932711644886,494.8330110116258,1.346316104823057e-05,False,497.66872610210726
4321,0.08750621657628113,496.17932711644886,494.8330110116258,1.346316104823057e-05,False,497.66872610210726
4322,0.08733120414312857,496.17932711644886,494.8330110116258,1.346316104823057e-05,False,497.66872610210726
4323,0.08715654173484232,496.17932711644886,494.8330110116258,1.346316104823057e-05,False,497.66872610210726
4324,0.08698222865137263,496.17932711644886,494.8330110116258,1.346316104823057e-05,False,497.66872610210726
4325,0.08680826419406988,496.17932711644886,494.8330110116258,1.346316104823057e-05,False,497.66872610210726
4326,0.08663464766568174,496.17932711644886,494.8330110116258,1.346316104823057e-05,False,497.66872610210726
4327,0.08646137837035038,496.17932711644886,494.8330110116258,1.346316104823057e-05,False,497.66872610210726
4328,0.08628845561360968,496.17932711644886,494.8330110116258,1.346316104823057e-05,False,497.66872610210726
4329,0.08611587870238245,496.17932711644886,494.8330110116258,1.346316104823057e-05,False,497.66872610210726
4330,0.08594364694497769,496.17932711644886,494.8330110116258,1.346316104823057e-05,False,497.66872610210726
4331,0.08577175965108774,496.17932711644886,494.8330110116258,1.346316104823057e-05,False,497.66872610210726
4332,0.08560021613178556,496.17932711644886,494.8330110116258,1.346316104823057e-05,False,497.66872610210726
4333,0.08542901569952199,496.17932711644886,494.8330110116258,1.346316104823057e-05,False,497.66872610210726
4334,0.08525815766812295,496.17932711644886,494.8330110116258,1.346316104823057e-05,False,497.66872610210726
4335,0.0850876413527867,496.17932711644886,494.8330110116258,1.346316104823057e-05,False,497.66872610210726
4336,0.08491746607008112,496.17932711644886,494.8330110116258,1.346316104823057e-05,False,497.66872610210726
4337,0.08474763113794095,496.17932711644886,494.8330110116258,1.346316104823057e-05,False,497.66872610210726
4338,0.08457813587566507,496.17932711644886,494.8330110116258,1.346316104823057e-05,False,497.66872610210726
4339,0.08440897960391373,496.17932711644886,494.8330110116258,1.346316104823057e-05,False,497.66872610210726
4340,0.08424016164470591,496.17932711644886,494.8330110116258,1.346316104823057e-05,False,497.66872610210726
4341,0.0840716813214165,496.17932711644886,494.8330110116258,1.346316104823057e-05,False,497.66872610210726
4342,0.08390353795877367,496.17932711644886,494.8330110116258,1.346316104823057e-05,False,497.66872610210726
4343,0.08373573088285613,496.17932711644886,494.8330110116258,1.346316104823057e-05,False,497.66872610210726
4344,0.08356825942109042,496.17932711644886,494.8330110116258,1.346316104823057e-05,False,497.66872610210726
4345,0.08340112290224824,496.17932711644886,494.8330110116258,1.346316104823057e-05,False,497.66872610210726
4346,0.08323432065644375,496.17932711644886,494.8330110116258,1.346316104823057e-05,False,497.66872610210726
4347,0.08306785201513087,496.17932711644886,494.8330110116258,1.346316104823057e-05,False,497.66872610210726
4348,0.0829017163111006,496.17932711644886,494.8330110116258,1.346316104823057e-05,False,497.66872610210726
4349,0.0827359128784784,496.17932711644886,494.8330110116258,1.346316104823057e-05,False,497.66872610210726
4350,0.08257044105272143,496.17932711644886,494.8330110116258,1.346316104823057e-05,False,497.66872610210726
4351,0.082405300170616,496.17932711644886,494.8330110116258,1.346316104823057e-05,False,497.66872610210726
4352,0.08224048957027476,496.17932711644886,494.8330110116258,1.346316104823057e-05,False,497.66872610210726
4353,0.0820760085911342,496.17932711644886,494.8330110116258,1.346316104823057e-05,False,497.66872610210726
4354,0.08191185657395193,496.17932711644886,494.8330110116258,1.346316104823057e-05,False,497.66872610210726
4355,0.08174803286080402,496.17932711644886,494.8330110116258,1.346316104823057e-05,False,497.66872610210726
4356,0.08158453679508242,496.17932711644886,494.8330110116258,1.346316104823057e-05,False,497.66872610210726
4357,0.08142136772149225,496.17932711644886,494.8330110116258,1.346316104823057e-05,False,497.66872610210726
4358,0.08125852498604927,496.17932711644886,494.8330110116258,1.346316104823057e-05,False,497.66872610210726
4359,0.08109600793607717,496.17932711644886,494.8330110116258,1.346316104823057e-05,False,497.66872610210726
4360,0.08093381592020502,496.17932711644886,494.8330110116258,1.346316104823057e-05,False,497.66872610210726
4361,0.0807719482883646,496.17932711644886,494.8330110116258,1.346316104823057e-05,False,497.66872610210726
4362,0.08061040439178788,496.17932711644886,494.8330110116258,1.346316104823057e-05,False,497.66872610210726
4363,0.0804491835830043,496.17932711644886,494.8330110116258,1.346316104823057e-05,False,497.66872610210726
4364,0.08028828521583829,496.17932711644886,494.8330110116258,1.346316104823057e-05,False,497.66872610210726
4365,0.08012770864540661,496.17932711644886,494.8330110116258,1.346316104823057e-05,False,497.66872610210726
4366,0.0799674532281158,496.17932711644886,494.8330110116258,1.346316104823057e-05,False,497.66872610210726
4367,0.07980751832165957,496.17932711644886,494.8330110116258,1.346316104823057e-05,False,497.66872610210726
4368,0.07964790328501625,496.17932711644886,494.8330110116258,1.346316104823057e-05,False,497.66872610210726
4369,0.07948860747844622,496.17932711644886,494.8330110116258,1.346316104823057e-05,False,497.66872610210726
4370,0.07932963026348933,496.17932711644886,494.8330110116258,1.346316104823057e-05,False,497.66872610210726
4371,0.07917097100296235,496.17932711644886,494.8330110116258,1.346316104823057e-05,False,497.66872610210726
4372,0.07901262906095642,496.17932711644886,494.8330110116258,1.346316104823057e-05,False,497.66872610210726
4373,0.0788546038028345,496.17932711644886,494.8330110116258,1.346316104823057e-05,False,497.66872610210726
4374,0.07869689459522883,496.17932711644886,494.8330110116258,1.346316104823057e-05,False,497.66872610210726
4375,0.07853950080603837,496.17932711644886,494.8330110116258,1.346316104823057e-05,False,497.66872610210726
4376,0.0783824218044263,496.17932711644886,494.8330110116258,1.346316104823057e-05,False,497.66872610210726
4377,0.07822565696081744,496.17932711644886,494.8330110116258,1.346316104823057e-05,False,497.66872610210726
4378,0.0780692056468958,496.17932711644886,494.8330110116258,1.346316104823057e-05,False,497.66872610210726
4379,0.07791306723560201,496.17932711644886,494.8330110116258,1.346316104823057e-05,False,497.66872610210726
4380,0.0777572411011308,496.17932711644886,494.8330110116258,1.346316104823057e-05,False,497.66872610210726
4381,0.07760172661892854,496.17932711644886,494.8330110116258,1.346316104823057e-05,False,497.66872610210726
4382,0.07744652316569069,496.17932711644886,494.8330110116258,1.346316104823057e-05,False,497.66872610210726
4383,0.0772916301193593,496.17932711644886,494.8330110116258,1.346316104823057e-05,False,497.66872610210726
4384,0.07713704685912058,496.17932711644886,494.8330110116258,1.346316104823057e-05,False,497.66872610210726
4385,0.07698277276540234,496.17932711644886,494.8330110116258,1.346316104823057e-05,False,497.66872610210726
4386,0.07682880721987154,496.17932711644886,494.8330110116258,1.346316104823057e-05,False,497.66872610210726
4387,0.0766751496054318,496.17932711644886,494.8330110116258,1.346316104823057e-05,False,497.66872610210726
4388,0.07652179930622094,496.17932711644886,494.8330110116258,1.346316104823057e-05,False,497.66872610210726
4389,0.0763687557076085,496.17932711644886,494.8330110116258,1.346316104823057e-05,False,497.66872610210726
4390,0.07621601819619328,496.17932711644886,494.8330110116258,1.346316104823057e-05,False,497.66872610210726
4391,0.0760635861598009,496.17932711644886,494.8330110116258,1.346316104823057e-05,False,497.66872610210726
4392,0.07591145898748129,496.17932711644886,494.8330110116258,1.346316104823057e-05,False,497.66872610210726
4393,0.07575963606950634,496.17932711644886,494.8330110116258,1.346316104823057e-05,False,497.66872610210726
4394,0.07560811679736733,496.17932711644886,494.8330110116258,1.346316104823057e-05,False,497.66872610210726
4395,0.07545690056377259,496.17932711644886,494.8330110116258,1.346316104823057e-05,False,497.66872610210726
4396,0.07530598676264505,496.17932711644886,494.8330110116258,1.346316104823057e-05,False,497.66872610210726
4397,0.07515537478911975,496.17932711644886,494.8330110116258,1.346316104823057e-05,False,497.66872610210726
4398,0.07500506403954152,496.17932711644886,494.8330110116258,1.346316104823057e-05,False,497.66872610210726
4399,0.07485505391146244,496.17932711644886,494.8330110116258,1.346316104823057e-05,False,497.66872610210726
4400,0.07470534380363951,496.17932711644886,494.8330110116258,1.346316104823057e-05,False,497.66872610210726
4401,0.07455593311603223,496.17932711644886,494.8330110116258,1.346316104823057e-05,False,497.66872610210726
4402,0.07440682124980016,496.17932711644886,494.8330110116258,1.346316104823057e-05,False,497.66872610210726
4403,0.07425800760730056,496.17932711644886,494.8330110116258,1.346316104823057e-05,False,497.66872610210726
4404,0.07410949159208596,496.17932711644886,494.8330110116258,1.346316104823057e-05,False,497.66872610210726
4405,0.07396127260890178,496.17932711644886,494.8330110116258,1.346316104823057e-05,False,497.66872610210726
4406,0.07381335006368397,496.17932711644886,494.8330110116258,1.346316104823057e-05,False,497.66872610210726
4407,0.0736657233635566,496.17932711644886,494.8330110116258,1.346316104823057e-05,False,497.66872610210726
4408,0.07351839191682949,496.17932711644886,494.8330110116258,1.346316104823057e-05,False,497.66872610210726
4409,0.07337135513299584,496.17932711644886,494.8330110116258,1.346316104823057e-05,False,497.66872610210726
4410,0.07322461242272985,496.17932711644886,494.8330110116258,1.346316104823057e-05,False,497.66872610210726
4411,0.07307816319788439,496.17932711644886,494.8330110116258,1.346316104823057e-05,False,497.66872610210726
4412,0.07293200687148862,496.17932711644886,494.8330110116258,1.346316104823057e-05,False,497.66872610210726
4413,0.07278614285774565,496.17932711644886,494.8330110116258,1.346316104823057e-05,False,497.66872610210726
4414,0.07264057057203016,496.17932711644886,494.8330110116258,1.346316104823057e-05,False,497.66872610210726
4415,0.0724952894308861,496.17932711644886,494.8330110116258,1.346316104823057e-05,False,497.66872610210726
4416,0.07235029885202432,496.17932711644886,494.8330110116258,1.346316104823057e-05,False,497.66872610210726
4417,0.07220559825432027,496.17932711644886,494.8330110116258,1.346316104823057e-05,False,497.66872610210726
4418,0.07206118705781163,496.17932711644886,494.8330110116258,1.346316104823057e-05,False,497.66872610210726
4419,0.071917064683696,496.17932711644886,494.8330110116258,1.346316104823057e-05,False,497.66872610210726
4420,0.07177323055432862,496.17932711644886,494.8330110116258,1.346316104823057e-05,False,497.66872610210726
4421,0.07162968409321996,496.17932711644886,494.8330110116258,1.346316104823057e-05,False,497.66872610210726
4422,0.07148642472503351,496.17932711644886,494.8330110116258,1.346316104823057e-05,False,497.66872610210726
4423,0.07134345187558344,496.17932711644886,494.8330110116258,1.346316104823057e-05,False,497.66872610210726
4424,0.07120076497183228,496.17932711644886,494.8330110116258,1.346316104823057e-05,False,497.66872610210726
4425,0.07105836344188862,496.17932711644886,494.8330110116258,1.346316104823057e-05,False,497.66872610210726
4426,0.07091624671500485,496.17932711644886,494.8330110116258,1.346316104823057e-05,False,497.66872610210726
4427,0.07077441422157484,496.17932711644886,494.8330110116258,1.346316104823057e-05,False,497.66872610210726
4428,0.07063286539313168,496.17932711644886,494.8330110116258,1.346316104823057e-05,False,497.66872610210726
4429,0.07049159966234542,496.17932711644886,494.8330110116258,1.346316104823057e-05,False,497.66872610210726
4430,0.07035061646302072,496.17932711644886,494.8330110116258,1.346316104823057e-05,False,497.66872610210726
4431,0.07020991523009468,496.17932711644886,494.8330110116258,1.346316104823057e-05,False,497.66872610210726
4432,0.07006949539963449,496.17932711644886,494.8330110116258,1.346316104823057e-05,False,497.66872610210726
4433,0.06992935640883521,496.17932711644886,494.8330110116258,1.346316104823057e-05,False,497.66872610210726
4434,0.06978949769601754,496.17932711644886,494.8330110116258,1.346316104823057e-05,False,497.66872610210726
4435,0.06964991870062551,496.17932711644886,494.8330110116258,1.346316104823057e-05,False,497.66872610210726
4436,0.06951061886322425,496.17932711644886,494.8330110116258,1.346316104823057e-05,False,497.66872610210726
4437,0.0693715976254978,496.17932711644886,494.8330110116258,1.346316104823057e-05,False,497.66872610210726
4438,0.0692328544302468,496.17932711644886,494.8330110116258,1.346316104823057e-05,False,497.66872610210726
4439,0.06909438872138632,496.17932711644886,494.8330110116258,1.346316104823057e-05,False,497.66872610210726
4440,0.06895619994394354,496.17932711644886,494.8330110116258,1.346316104823057e-05,False,497.66872610210726
4441,0.06881828754405565,496.17932711644886,494.8330110116258,1.346316104823057e-05,False,497.66872610210726
4442,0.06868065096896754,496.17932711644886,494.8330110116258,1.346316104823057e-05,False,497.66872610210726
4443,0.0685432896670296,496.17932711644886,494.8330110116258,1.346316104823057e-05,False,497.66872610210726
4444,0.06840620308769554,496.17932711644886,494.8330110116258,1.346316104823057e-05,False,497.66872610210726
4445,0.06826939068152016,496.17932711644886,494.8330110116258,1.346316104823057e-05,False,497.66872610210726
4446,0.06813285190015712,496.17932711644886,494.8330110116258,1.346316104823057e-05,False,497.66872610210726
4447,0.0679965861963568,496.17932711644886,494.8330110116258,1.346316104823057e-05,False,497.66872610210726
4448,0.06786059302396409,496.17932711644886,494.8330110116258,1.346316104823057e-05,False,497.66872610210726
4449,0.06772487183791616,496.17932711644886,494.8330110116258,1.346316104823057e-05,False,497.66872610210726
4450,0.06758942209424032,496.17932711644886,494.8330110116258,1.346316104823057e-05,False,497.66872610210726
4451,0.06745424325005184,496.17932711644886,494.8330110116258,1.346316104823057e-05,False,497.66872610210726
4452,0.06731933476355173,496.17932711644886,494.8330110116258,1.346316104823057e-05,False,497.66872610210726
4453,0.06718469609402462,496.17932711644886,494.8330110116258,1.346316104823057e-05,False,497.66872610210726
4454,0.06705032670183657,496.17932711644886,494.8330110116258,1.346316104823057e-05,False,497.66872610210726
4455,0.06691622604843289,496.17932711644886,494.8330110116258,1.346316104823057e-05,False,497.66872610210726
4456,0.06678239359633603,496.17932711644886,494.8330110116258,1.346316104823057e-05,False,497.66872610210726
4457,0.06664882880914336,496.17932711644886,494.8330110116258,1.346316104823057e-05,False,497.66872610210726
4458,0.06651553115152507,496.17932711644886,494.8330110116258,1.346316104823057e-05,False,497.66872610210726
4459,0.06638250008922203,496.17932711644886,494.8330110116258,1.346316104823057e-05,False,497.66872610210726
4460,0.06624973508904358,496.17932711644886,494.8330110116258,1.346316104823057e-05,False,497.66872610210726
4461,0.0661172356188655,496.17932711644886,494.8330110116258,1.346316104823057e-05,False,497.66872610210726
4462,0.06598500114762777,496.17932711644886,494.8330110116258,1.346316104823057e-05,False,497.66872610210726
4463,0.06585303114533252,496.17932711644886,494.8330110116258,1.346316104823057e-05,False,497.66872610210726
4464,0.06572132508304185,496.17932711644886,494.8330110116258,1.346316104823057e-05,False,497.66872610210726
4465,0.06558988243287577,496.17932711644886,494.8330110116258,1.346316104823057e-05,False,497.66872610210726
4466,0.06545870266801002,496.17932711644886,494.8330110116258,1.346316104823057e-05,False,497.66872610210726
4467,0.06532778526267399,496.17932711644886,494.8330110116258,1.346316104823057e-05,False,497.66872610210726
4468,0.06519712969214865,496.17932711644886,494.8330110116258,1.346316104823057e-05,False,497.66872610210726
4469,0.06506673543276435,496.17932711644886,494.8330110116258,1.346316104823057e-05,False,497.66872610210726
4470,0.06493660196189882,496.17932711644886,494.8330110116258,1.346316104823057e-05,False,497.66872610210726
4471,0.06480672875797502,496.17932711644886,494.8330110116258,1.346316104823057e-05,False,497.66872610210726
4472,0.06467711530045907,496.17932711644886,494.8330110116258,1.346316104823057e-05,False,497.66872610210726
4473,0.06454776106985816,496.17932711644886,494.8330110116258,1.346316104823057e-05,False,497.66872610210726
4474,0.06441866554771844,496.17932711644886,494.8330110116258,1.346316104823057e-05,False,497.66872610210726
4475,0.064289828216623,496.17932711644886,494.8330110116258,1.346316104823057e-05,False,497.66872610210726
4476,0.06416124856018976,496.17932711644886,494.8330110116258,1.346316104823057e-05,False,497.66872610210726
4477,0.06403292606306939,496.17932711644886,494.8330110116258,1.346316104823057e-05,False,497.66872610210726
4478,0.06390486021094324,496.17932711644886,494.8330110116258,1.346316104823057e-05,False,497.66872610210726
4479,0.06377705049052136,496.17932711644886,494.8330110116258,1.346316104823057e-05,False,497.66872610210726
4480,0.06364949638954032,496.17932711644886,494.8330110116258,1.346316104823057e-05,False,497.66872610210726
4481,0.06352219739676124,496.17932711644886,494.8330110116258,1.346316104823057e-05,False,497.66872610210726
4482,0.06339515300196771,496.17932711644886,494.8330110116258,1.346316104823057e-05,False,497.66872610210726
4483,0.06326836269596378,496.17932711644886,494.8330110116258,1.346316104823057e-05,False,497.66872610210726
4484,0.06314182597057186,496.17932711644886,494.8330110116258,1.346316104823057e-05,False,497.66872610210726
4485,0.06301554231863071,496.17932711644886,494.8330110116258,1.346316104823057e-05,False,497.66872610210726
4486,0.06288951123399344,496.17932711644886,494.8330110116258,1.346316104823057e-05,False,497.66872610210726
4487,0.06276373221152545,496.17932711644886,494.8330110116258,1.346316104823057e-05,False,497.66872610210726
4488,0.0626382047471024,496.17932711644886,494.8330110116258,1.346316104823057e-05,False,497.66872610210726
4489,0.06251292833760819,496.17932711644886,494.8330110116258,1.346316104823057e-05,False,497.66872610210726
4490,0.06238790248093297,496.17932711644886,494.8330110116258,1.346316104823057e-05,False,497.66872610210726
4491,0.0622631266759711,496.17932711644886,494.8330110116258,1.346316104823057e-05,False,497.66872610210726
4492,0.06213860042261916,496.17932711644886,494.8330110116258,1.346316104823057e-05,False,497.66872610210726
4493,0.06201432322177392,496.17932711644886,494.8330110116258,1.346316104823057e-05,False,497.66872610210726
4494,0.06189029457533037,496.17932711644886,494.8330110116258,1.346316104823057e-05,False,497.66872610210726
4495,0.06176651398617971,496.17932711644886,494.8330110116258,1.346316104823057e-05,False,497.66872610210726
4496,0.06164298095820735,496.17932711644886,494.8330110116258,1.346316104823057e-05,False,497.66872610210726
4497,0.06151969499629093,496.17932711644886,494.8330110116258,1.346316104823057e-05,False,497.66872610210726
4498,0.061396655606298346,496.17932711644886,494.8330110116258,1.346316104823057e-05,False,497.66872610210726
4499,0.06127386229508575,496.17932711644886,494.8330110116258,1.346316104823057e-05,False,497.66872610210726
4500,0.06115131457049558,496.17932711644886,494.8330110116258,1.346316104823057e-05,False,497.66872610210726
4501,0.061029011941354586,496.17932711644886,494.8330110116258,1.346316104823057e-05,False,497.66872610210726
4502,0.060906953917471876,496.17932711644886,494.8330110116258,1.346316104823057e-05,False,497.66872610210726
4503,0.06078514000963693,496.17932711644886,494.8330110116258,1.346316104823057e-05,False,497.66872610210726
4504,0.06066356972961766,496.17932711644886,494.8330110116258,1.346316104823057e-05,False,497.66872610210726
4505,0.060542242590158425,496.17932711644886,494.8330110116258,1.346316104823057e-05,False,497.66872610210726
4506,0.060421158104978105,496.17932711644886,494.8330110116258,1.346316104823057e-05,False,497.66872610210726
4507,0.06030031578876815,496.17932711644886,494.8330110116258,1.346316104823057e-05,False,497.66872610210726
4508,0.06017971515719061,496.17932711644886,494.8330110116258,1.346316104823057e-05,False,497.66872610210726
4509,0.06005935572687623,496.17932711644886,494.8330110116258,1.346316104823057e-05,False,497.66872610210726
4510,0.059939237015422475,496.17932711644886,494.8330110116258,1.346316104823057e-05,False,497.66872610210726
4511,0.05981935854139163,496.17932711644886,494.8330110116258,1.346316104823057e-05,False,497.66872610210726
4512,0.05969971982430885,496.17932711644886,494.8330110116258,1.346316104823057e-05,False,497.66872610210726
4513,0.05958032038466023,496.17932711644886,494.8330110116258,1.346316104823057e-05,False,497.66872610210726
4514,0.059461159743890914,496.17932711644886,494.8330110116258,1.346316104823057e-05,False,497.66872610210726
4515,0.05934223742440313,496.17932711644886,494.8330110116258,1.346316104823057e-05,False,497.66872610210726
4516,0.05922355294955432,496.17932711644886,494.8330110116258,1.346316104823057e-05,False,497.66872610210726
4517,0.05910510584365521,496.17932711644886,494.8330110116258,1.346316104823057e-05,False,497.66872610210726
4518,0.058986895631967906,496.17932711644886,494.8330110116258,1.346316104823057e-05,False,497.66872610210726
4519,0.05886892184070397,496.17932711644886,494.8330110116258,1.346316104823057e-05,False,497.66872610210726
4520,0.05875118399702256,496.17932711644886,494.8330110116258,1.346316104823057e-05,False,497.66872610210726
4521,0.05863368162902852,496.17932711644886,494.8330110116258,1.346316104823057e-05,False,497.66872610210726
4522,0.05851641426577046,496.17932711644886,494.8330110116258,1.346316104823057e-05,False,497.66872610210726
4523,0.05839938143723892,496.17932711644886,494.8330110116258,1.346316104823057e-05,False,497.66872610210726
4524,0.05828258267436444,496.17932711644886,494.8330110116258,1.346316104823057e-05,False,497.66872610210726
4525,0.05816601750901571,496.17932711644886,494.8330110116258,1.346316104823057e-05,False,497.66872610210726
4526,0.05804968547399768,496.17932711644886,494.8330110116258,1.346316104823057e-05,False,497.66872610210726
4527,0.05793358610304968,496.17932711644886,494.8330110116258,1.346316104823057e-05,False,497.66872610210726
4528,0.05781771893084358,496.17932711644886,494.8330110116258,1.346316104823057e-05,False,497.66872610210726
4529,0.05770208349298189,496.17932711644886,494.8330110116258,1.346316104823057e-05,False,497.66872610210726
4530,0.057586679325995926,496.17932711644886,494.8330110116258,1.346316104823057e-05,False,497.66872610210726
4531,0.05747150596734393,496.17932711644886,494.8330110116258,1.346316104823057e-05,False,497.66872610210726
4532,0.057356562955409245,496.17932711644886,494.8330110116258,1.346316104823057e-05,False,497.66872610210726
4533,0.057241849829498426,496.17932711644886,494.8330110116258,1.346316104823057e-05,False,497.66872610210726
4534,0.05712736612983943,496.17932711644886,494.8330110116258,1.346316104823057e-05,False,497.66872610210726
4535,0.05701311139757975,496.17932711644886,494.8330110116258,1.346316104823057e-05,False,497.66872610210726
4536,0.05689908517478459,496.17932711644886,494.8330110116258,1.346316104823057e-05,False,497.66872610210726
4537,0.056785287004435026,496.17932711644886,494.8330110116258,1.346316104823057e-05,False,497.66872610210726
4538,0.05667171643042616,496.17932711644886,494.8330110116258,1.346316104823057e-05,False,497.66872610210726
4539,0.056558372997565304,496.17932711644886,494.8330110116258,1.346316104823057e-05,False,497.66872610210726
4540,0.056445256251570174,496.17932711644886,494.8330110116258,1.346316104823057e-05,False,497.66872610210726
4541,0.05633236573906703,496.17932711644886,494.8330110116258,1.346316104823057e-05,False,497.66872610210726
4542,0.0562197010075889,496.17932711644886,494.8330110116258,1.346316104823057e-05,False,497.66872610210726
4543,0.05610726160557372,496.17932711644886,494.8330110116258,1.346316104823057e-05,False,497.66872610210726
4544,0.055995047082362574,496.17932711644886,494.8330110116258,1.346316104823057e-05,False,497.66872610210726
4545,0.05588305698819785,496.17932711644886,494.8330110116258,1.346316104823057e-05,False,497.66872610210726
4546,0.05577129087422145,496.17932711644886,494.8330110116258,1.346316104823057e-05,False,497.66872610210726
4547,0.05565974829247301,496.17932711644886,494.8330110116258,1.346316104823057e-05,False,497.66872610210726
4548,0.05554842879588807,496.17932711644886,494.8330110116258,1.346316104823057e-05,False,497.66872610210726
4549,0.055437331938296294,496.17932711644886,494.8330110116258,1.346316104823057e-05,False,497.66872610210726
4550,0.055326457274419705,496.17932711644886,494.8330110116258,1.346316104823057e-05,False,497.66872610210726
4551,0.05521580435987086,496.17932711644886,494.8330110116258,1.346316104823057e-05,False,497.66872610210726
4552,0.05510537275115112,496.17932711644886,494.8330110116258,1.346316104823057e-05,False,497.66872610210726
4553,0.054995162005648815,496.17932711644886,494.8330110116258,1.346316104823057e-05,False,497.66872610210726
4554,0.05488517168163752,496.17932711644886,494.8330110116258,1.346316104823057e-05,False,497.66872610210726
4555,0.05477540133827424,496.17932711644886,494.8330110116258,1.346316104823057e-05,False,497.66872610210726
4556,0.05466585053559769,496.17932711644886,494.8330110116258,1.346316104823057e-05,False,497.66872610210726
4557,0.054556518834526495,496.17932711644886,494.8330110116258,1.346316104823057e-05,False,497.66872610210726
4558,0.05444740579685744,496.17932711644886,494.8330110116258,1.346316104823057e-05,False,497.66872610210726
4559,0.054338510985263724,496.17932711644886,494.8330110116258,1.346316104823057e-05,False,497.66872610210726
4560,0.0542298339632932,496.17932711644886,494.8330110116258,1.346316104823057e-05,False,497.66872610210726
4561,0.05412137429536661,496.17932711644886,494.8330110116258,1.346316104823057e-05,False,497.66872610210726
4562,0.05401313154677588,496.17932711644886,494.8330110116258,1.346316104823057e-05,False,497.66872610210726
4563,0.05390510528368233,496.17932711644886,494.8330110116258,1.346316104823057e-05,False,497.66872610210726
4564,0.05379729507311497,496.17932711644886,494.8330110116258,1.346316104823057e-05,False,497.66872610210726
4565,0.053689700482968734,496.17932711644886,494.8330110116258,1.346316104823057e-05,False,497.66872610210726
4566,0.053582321082002796,496.17932711644886,494.8330110116258,1.346316104823057e-05,False,497.66872610210726
4567,0.05347515643983879,496.17932711644886,494.8330110116258,1.346316104823057e-05,False,497.66872610210726
4568,0.05336820612695912,496.17932711644886,494.8330110116258,1.346316104823057e-05,False,497.66872610210726
4569,0.0532614697147052,496.17932711644886,494.8330110116258,1.346316104823057e-05,False,497.66872610210726
4570,0.05315494677527579,496.17932711644886,494.8330110116258,1.346316104823057e-05,False,497.66872610210726
4571,0.05304863688172524,496.17932711644886,494.8330110116258,1.346316104823057e-05,False,497.66872610210726
4572,0.05294253960796179,496.17932711644886,494.8330110116258,1.346316104823057e-05,False,497.66872610210726
4573,0.05283665452874586,496.17932711644886,494.8330110116258,1.346316104823057e-05,False,497.66872610210726
4574,0.052730981219688375,496.17932711644886,494.8330110116258,1.346316104823057e-05,False,497.66872610210726
4575,0.052625519257248995,496.17932711644886,494.8330110116258,1.346316104823057e-05,False,497.66872610210726
4576,0.0525202682187345,496.17932711644886,494.8330110116258,1.346316104823057e-05,False,497.66872610210726
4577,0.052415227682297026,496.17932711644886,494.8330110116258,1.346316104823057e-05,False,497.66872610210726
4578,0.05231039722693243,496.17932711644886,494.8330110116258,1.346316104823057e-05,False,497.66872610210726
4579,0.05220577643247857,496.17932711644886,494.8330110116258,1.346316104823057e-05,False,497.66872610210726
4580,0.052101364879613615,496.17932711644886,494.8330110116258,1.346316104823057e-05,False,497.66872610210726
4581,0.051997162149854385,496.17932711644886,494.8330110116258,1.346316104823057e-05,False,497.66872610210726
4582,0.05189316782555468,496.17932711644886,494.8330110116258,1.346316104823057e-05,False,497.66872610210726
4583,0.051789381489903565,496.17932711644886,494.8330110116258,1.346316104823057e-05,False,497.66872610210726
4584,0.05168580272692376,496.17932711644886,494.8330110116258,1.346316104823057e-05,False,497.66872610210726
4585,0.051582431121469915,496.17932711644886,494.8330110116258,1.346316104823057e-05,False,497.66872610210726
4586,0.051479266259226976,496.17932711644886,494.8330110116258,1.346316104823057e-05,False,497.66872610210726
4587,0.05137630772670852,496.17932711644886,494.8330110116258,1.346316104823057e-05,False,497.66872610210726
4588,0.05127355511125511,496.17932711644886,494.8330110116258,1.346316104823057e-05,False,497.66872610210726
4589,0.051171008001032595,496.17932711644886,494.8330110116258,1.346316104823057e-05,False,497.66872610210726
4590,0.05106866598503053,496.17932711644886,494.8330110116258,1.346316104823057e-05,False,497.66872610210726
4591,0.05096652865306047,496.17932711644886,494.8330110116258,1.346316104823057e-05,False,497.66872610210726
4592,0.05086459559575435,496.17932711644886,494.8330110116258,1.346316104823057e-05,False,497.66872610210726
4593,0.05076286640456284,496.17932711644886,494.8330110116258,1.346316104823057e-05,False,497.66872610210726
4594,0.050661340671753714,496.17932711644886,494.8330110116258,1.346316104823057e-05,False,497.66872610210726
4595,0.050560017990410204,496.17932711644886,494.8330110116258,1.346316104823057e-05,False,497.66872610210726
4596,0.050458897954429385,496.17932711644886,494.8330110116258,1.346316104823057e-05,False,497.66872610210726
4597,0.05035798015852053,496.17932711644886,494.8330110116258,1.346316104823057e-05,False,497.66872610210726
4598,0.050257264198203484,496.17932711644886,494.8330110116258,1.346316104823057e-05,False,497.66872610210726
4599,0.05015674966980708,496.17932711644886,494.8330110116258,1.346316104823057e-05,False,497.66872610210726
4600,0.05005643617046746,496.17932711644886,494.8330110116258,1.346316104823057e-05,False,497.66872610210726
4601,0.04995632329812653,496.17932711644886,494.8330110116258,1.346316104823057e-05,False,497.66872610210726
4602,0.04985641065153027,496.17932711644886,494.8330110116258,1.346316104823057e-05,False,497.66872610210726
4603,0.04975669783022721,496.17932711644886,494.8330110116258,1.346316104823057e-05,False,497.66872610210726
4604,0.04965718443456676,496.17932711644886,494.8330110116258,1.346316104823057e-05,False,497.66872610210726
4605,0.049557870065697625,496.17932711644886,494.8330110116258,1.346316104823057e-05,False,497.66872610210726
4606,0.04945875432556623,496.17932711644886,494.8330110116258,1.346316104823057e-05,False,497.66872610210726
4607,0.049359836816915095,496.17932711644886,494.8330110116258,1.346316104823057e-05,False,497.66872610210726
4608,0.04926111714328126,496.17932711644886,494.8330110116258,1.346316104823057e-05,False,497.66872610210726
4609,0.049162594908994696,496.17932711644886,494.8330110116258,1.346316104823057e-05,False,497.66872610210726
4610,0.049064269719176705,496.17932711644886,494.8330110116258,1.346316104823057e-05,False,497.66872610210726
4611,0.048966141179738354,496.17932711644886,494.8330110116258,1.346316104823057e-05,False,497.66872610210726
4612,0.048868208897378876,496.17932711644886,494.8330110116258,1.346316104823057e-05,False,497.66872610210726
4613,0.04877047247958412,496.17932711644886,494.8330110116258,1.346316104823057e-05,False,497.66872610210726
4614,0.04867293153462495,496.17932711644886,494.8330110116258,1.346316104823057e-05,False,497.66872610210726
4615,0.048575585671555704,496.17932711644886,494.8330110116258,1.346316104823057e-05,False,497.66872610210726
4616,0.048478434500212594,496.17932711644886,494.8330110116258,1.346316104823057e-05,False,497.66872610210726
4617,0.04838147763121217,496.17932711644886,494.8330110116258,1.346316104823057e-05,False,497.66872610210726
4618,0.04828471467594975,496.17932711644886,494.8330110116258,1.346316104823057e-05,False,497.66872610210726
4619,0.04818814524659785,496.17932711644886,494.8330110116258,1.346316104823057e-05,False,497.66872610210726
4620,0.048091768956104654,496.17932711644886,494.8330110116258,1.346316104823057e-05,False,497.66872610210726
4621,0.047995585418192446,496.17932711644886,494.8330110116258,1.346316104823057e-05,False,497.66872610210726
4622,0.04789959424735606,496.17932711644886,494.8330110116258,1.346316104823057e-05,False,497.66872610210726
4623,0.04780379505886135,496.17932711644886,494.8330110116258,1.346316104823057e-05,False,497.66872610210726
4624,0.047708187468743626,496.17932711644886,494.8330110116258,1.346316104823057e-05,False,497.66872610210726
4625,0.04761277109380614,496.17932711644886,494.8330110116258,1.346316104823057e-05,False,497.66872610210726
4626,0.04751754555161853,496.17932711644886,494.8330110116258,1.346316104823057e-05,False,497.66872610210726
4627,0.047422510460515294,496.17932711644886,494.8330110116258,1.346316104823057e-05,False,497.66872610210726
4628,0.04732766543959426,496.17932711644886,494.8330110116258,1.346316104823057e-05,False,497.66872610210726
4629,0.04723301010871507,496.17932711644886,494.8330110116258,1.346316104823057e-05,False,497.66872610210726
4630,0.04713854408849764,496.17932711644886,494.8330110116258,1.346316104823057e-05,False,497.66872610210726
4631,0.04704426700032064,496.17932711644886,494.8330110116258,1.346316104823057e-05,False,497.66872610210726
4632,0.04695017846632,496.17932711644886,494.8330110116258,1.346316104823057e-05,False,497.66872610210726
4633,0.04685627810938736,496.17932711644886,494.8330110116258,1.346316104823057e-05,False,497.66872610210726
4634,0.046762565553168586,496.17932711644886,494.8330110116258,1.346316104823057e-05,False,497.66872610210726
4635,0.04666904042206225,496.17932711644886,494.8330110116258,1.346316104823057e-05,False,497.66872610210726
4636,0.04657570234121813,496.17932711644886,494.8330110116258,1.346316104823057e-05,False,497.66872610210726
4637,0.046482550936535694,496.17932711644886,494.8330110116258,1.346316104823057e-05,False,497.66872610210726
4638,0.04638958583466262,496.17932711644886,494.8330110116258,1.346316104823057e-05,False,497.66872610210726
4639,0.046296806662993295,496.17932711644886,494.8330110116258,1.346316104823057e-05,False,497.66872610210726
4640,0.046204213049667306,496.17932711644886,494.8330110116258,1.346316104823057e-05,False,497.66872610210726
4641,0.046111804623567974,496.17932711644886,494.8330110116258,1.346316104823057e-05,False,497.66872610210726
4642,0.04601958101432084,496.17932711644886,494.8330110116258,1.346316104823057e-05,False,497.66872610210726
4643,0.0459275418522922,496.17932711644886,494.8330110116258,1.346316104823057e-05,False,497.66872610210726
4644,0.04583568676858761,496.17932711644886,494.8330110116258,1.346316104823057e-05,False,497.66872610210726
4645,0.045744015395050436,496.17932711644886,494.8330110116258,1.346316104823057e-05,False,497.66872610210726
4646,0.045652527364260335,496.17932711644886,494.8330110116258,1.346316104823057e-05,False,497.66872610210726
4647,0.045561222309531815,496.17932711644886,494.8330110116258,1.346316104823057e-05,False,497.66872610210726
4648,0.04547009986491275,496.17932711644886,494.8330110116258,1.346316104823057e-05,False,497.66872610210726
4649,0.045379159665182925,496.17932711644886,494.8330110116258,1.346316104823057e-05,False,497.66872610210726
4650,0.04528840134585256,496.17932711644886,494.8330110116258,1.346316104823057e-05,False,497.66872610210726
4651,0.045197824543160854,496.17932711644886,494.8330110116258,1.346316104823057e-05,False,497.66872610210726
4652,0.045107428894074535,496.17932711644886,494.8330110116258,1.346316104823057e-05,False,497.66872610210726
4653,0.04501721403628638,496.17932711644886,494.8330110116258,1.346316104823057e-05,False,497.66872610210726
4654,0.04492717960821381,496.17932711644886,494.8330110116258,1.346316104823057e-05,False,497.66872610210726
4655,0.04483732524899738,496.17932711644886,494.8330110116258,1.346316104823057e-05,False,497.66872610210726
4656,0.04474765059849939,496.17932711644886,494.8330110116258,1.346316104823057e-05,False,497.66872610210726
4657,0.04465815529730239,496.17932711644886,494.8330110116258,1.346316104823057e-05,False,497.66872610210726
4658,0.044568838986707784,496.17932711644886,494.8330110116258,1.346316104823057e-05,False,497.66872610210726
4659,0.04447970130873437,496.17932711644886,494.8330110116258,1.346316104823057e-05,False,497.66872610210726
4660,0.0443907419061169,496.17932711644886,494.8330110116258,1.346316104823057e-05,False,497.66872610210726
4661,0.044301960422304665,496.17932711644886,494.8330110116258,1.346316104823057e-05,False,497.66872610210726
4662,0.044213356501460056,496.17932711644886,494.8330110116258,1.346316104823057e-05,False,497.66872610210726
4663,0.04412492978845713,496.17932711644886,494.8330110116258,1.346316104823057e-05,False,497.66872610210726
4664,0.04403667992888022,496.17932711644886,494.8330110116258,1.346316104823057e-05,False,497.66872610210726
4665,0.043948606569022455,496.17932711644886,494.8330110116258,1.346316104823057e-05,False,497.66872610210726
4666,0.04386070935588441,496.17932711644886,494.8330110116258,1.346316104823057e-05,False,497.66872610210726
4667,0.043772987937172644,496.17932711644886,494.8330110116258,1.346316104823057e-05,False,497.66872610210726
4668,0.043685441961298296,496.17932711644886,494.8330110116258,1.346316104823057e-05,False,497.66872610210726
4669,0.0435980710773757,496.17932711644886,494.8330110116258,1.346316104823057e-05,False,497.66872610210726
4670,0.04351087493522095,496.17932711644886,494.8330110116258,1.346316104823057e-05,False,497.66872610210726
4671,0.043423853185350504,496.17932711644886,494.8330110116258,1.346316104823057e-05,False,497.66872610210726
4672,0.043337005478979805,496.17932711644886,494.8330110116258,1.346316104823057e-05,False,497.66872610210726
4673,0.043250331468021846,496.17932711644886,494.8330110116258,1.346316104823057e-05,False,497.66872610210726
4674,0.043163830805085804,496.17932711644886,494.8330110116258,1.346316104823057e-05,False,497.66872610210726
4675,0.04307750314347563,496.17932711644886,494.8330110116258,1.346316104823057e-05,False,497.66872610210726
4676,0.042991348137188676,496.17932711644886,494.8330110116258,1.346316104823057e-05,False,497.66872610210726
4677,0.0429053654409143,496.17932711644886,494.8330110116258,1.346316104823057e-05,False,497.66872610210726
4678,0.04281955471003247,496.17932711644886,494.8330110116258,1.346316104823057e-05,False,497.66872610210726
4679,0.04273391560061241,496.17932711644886,494.8330110116258,1.346316104823057e-05,False,497.66872610210726
4680,0.04264844776941119,496.17932711644886,494.8330110116258,1.346316104823057e-05,False,497.66872610210726
4681,0.042563150873872364,496.17932711644886,494.8330110116258,1.346316104823057e-05,False,497.66872610210726
4682,0.04247802457212462,496.17932711644886,494.8330110116258,1.346316104823057e-05,False,497.66872610210726
4683,0.04239306852298037,496.17932711644886,494.8330110116258,1.346316104823057e-05,False,497.66872610210726
4684,0.04230828238593441,496.17932711644886,494.8330110116258,1.346316104823057e-05,False,497.66872610210726
4685,0.04222366582116254,496.17932711644886,494.8330110116258,1.346316104823057e-05,False,497.66872610210726
4686,0.042139218489520215,496.17932711644886,494.8330110116258,1.346316104823057e-05,False,497.66872610210726
4687,0.04205494005254117,496.17932711644886,494.8330110116258,1.346316104823057e-05,False,497.66872610210726
4688,0.04197083017243609,496.17932711644886,494.8330110116258,1.346316104823057e-05,False,497.66872610210726
4689,0.041886888512091214,496.17932711644886,494.8330110116258,1.346316104823057e-05,False,497.66872610210726
4690,0.04180311473506703,496.17932711644886,494.8330110116258,1.346316104823057e-05,False,497.66872610210726
4691,0.04171950850559689,496.17932711644886,494.8330110116258,1.346316104823057e-05,False,497.66872610210726
4692,0.0416360694885857,496.17932711644886,494.8330110116258,1.346316104823057e-05,False,497.66872610210726
4693,0.041552797349608525,496.17932711644886,494.8330110116258,1.346316104823057e-05,False,497.66872610210726
4694,0.041469691754909305,496.17932711644886,494.8330110116258,1.346316104823057e-05,False,497.66872610210726
4695,0.041386752371399486,496.17932711644886,494.8330110116258,1.346316104823057e-05,False,497.66872610210726
4696,0.04130397886665669,496.17932711644886,494.8330110116258,1.346316104823057e-05,False,497.66872610210726
4697,0.041221370908923374,496.17932711644886,494.8330110116258,1.346316104823057e-05,False,497.66872610210726
4698,0.04113892816710553,496.17932711644886,494.8330110116258,1.346316104823057e-05,False,497.66872610210726
4699,0.04105665031077132,496.17932711644886,494.8330110116258,1.346316104823057e-05,False,497.66872610210726
4700,0.040974537010149775,496.17932711644886,494.8330110116258,1.346316104823057e-05,False,497.66872610210726
4701,0.040892587936129474,496.17932711644886,494.8330110116258,1.346316104823057e-05,False,497.66872610210726
4702,0.04081080276025721,496.17932711644886,494.8330110116258,1.346316104823057e-05,False,497.66872610210726
4703,0.0407291811547367,496.17932711644886,494.8330110116258,1.346316104823057e-05,False,497.66872610210726
4704,0.040647722792427225,496.17932711644886,494.8330110116258,1.346316104823057e-05,False,497.66872610210726
4705,0.04056642734684237,496.17932711644886,494.8330110116258,1.346316104823057e-05,False,497.66872610210726
4706,0.04048529449214869,496.17932711644886,494.8330110116258,1.346316104823057e-05,False,497.66872610210726
4707,0.04040432390316439,496.17932711644886,494.8330110116258,1.346316104823057e-05,False,497.66872610210726
4708,0.04032351525535806,496.17932711644886,494.8330110116258,1.346316104823057e-05,False,497.66872610210726
4709,0.04024286822484734,496.17932711644886,494.8330110116258,1.346316104823057e-05,False,497.66872610210726
4710,0.040162382488397645,496.17932711644886,494.8330110116258,1.346316104823057e-05,False,497.66872610210726
4711,0.04008205772342085,496.17932711644886,494.8330110116258,1.346316104823057e-05,False,497.66872610210726
4712,0.04000189360797401,496.17932711644886,494.8330110116258,1.346316104823057e-05,False,497.66872610210726
4713,0.03992188982075806,496.17932711644886,494.8330110116258,1.346316104823057e-05,False,497.66872610210726
4714,0.03984204604111655,496.17932711644886,494.8330110116258,1.346316104823057e-05,False,497.66872610210726
4715,0.03976236194903431,496.17932711644886,494.8330110116258,1.346316104823057e-05,False,497.66872610210726
4716,0.03968283722513624,496.17932711644886,494.8330110116258,1.346316104823057e-05,False,497.66872610210726
4717,0.03960347155068597,496.17932711644886,494.8330110116258,1.346316104823057e-05,False,497.66872610210726
4718,0.0395242646075846,496.17932711644886,494.8330110116258,1.346316104823057e-05,False,497.66872610210726
4719,0.03944521607836943,496.17932711644886,494.8330110116258,1.346316104823057e-05,False,497.66872610210726
4720,0.03936632564621269,496.17932711644886,494.8330110116258,1.346316104823057e-05,False,497.66872610210726
4721,0.03928759299492026,496.17932711644886,494.8330110116258,1.346316104823057e-05,False,497.66872610210726
4722,0.03920901780893042,496.17932711644886,494.8330110116258,1.346316104823057e-05,False,497.66872610210726
4723,0.03913059977331256,496.17932711644886,494.8330110116258,1.346316104823057e-05,False,497.66872610210726
4724,0.039052338573765936,496.17932711644886,494.8330110116258,1.346316104823057e-05,False,497.66872610210726
4725,0.0389742338966184,496.17932711644886,494.8330110116258,1.346316104823057e-05,False,497.66872610210726
4726,0.038896285428825166,496.17932711644886,494.8330110116258,1.346316104823057e-05,False,497.66872610210726
4727,0.03881849285796751,496.17932711644886,494.8330110116258,1.346316104823057e-05,False,497.66872610210726
4728,0.038740855872251574,496.17932711644886,494.8330110116258,1.346316104823057e-05,False,497.66872610210726
4729,0.03866337416050707,496.17932711644886,494.8330110116258,1.346316104823057e-05,False,497.66872610210726
4730,0.03858604741218606,496.17932711644886,494.8330110116258,1.346316104823057e-05,False,497.66872610210726
4731,0.03850887531736169,496.17932711644886,494.8330110116258,1.346316104823057e-05,False,497.66872610210726
4732,0.038431857566726964,496.17932711644886,494.8330110116258,1.346316104823057e-05,False,497.66872610210726
4733,0.03835499385159351,496.17932711644886,494.8330110116258,1.346316104823057e-05,False,497.66872610210726
4734,0.038278283863890324,496.17932711644886,494.8330110116258,1.346316104823057e-05,False,497.66872610210726
4735,0.038201727296162544,496.17932711644886,494.8330110116258,1.346316104823057e-05,False,497.66872610210726
4736,0.03812532384157022,496.17932711644886,494.8330110116258,1.346316104823057e-05,False,497.66872610210726
4737,0.038049073193887076,496.17932711644886,494.8330110116258,1.346316104823057e-05,False,497.66872610210726
4738,0.0379729750474993,496.17932711644886,494.8330110116258,1.346316104823057e-05,False,497.66872610210726
4739,0.037897029097404306,496.17932711644886,494.8330110116258,1.346316104823057e-05,False,497.66872610210726
4740,0.0378212350392095,496.17932711644886,494.8330110116258,1.346316104823057e-05,False,497.66872610210726
4741,0.03774559256913108,496.17932711644886,494.8330110116258,1.346316104823057e-05,False,497.66872610210726
4742,0.037670101383992814,496.17932711644886,494.8330110116258,1.346316104823057e-05,False,497.66872610210726
4743,0.03759476118122483,496.17932711644886,494.8330110116258,1.346316104823057e-05,False,497.66872610210726
4744,0.03751957165886238,496.17932711644886,494.8330110116258,1.346316104823057e-05,False,497.66872610210726
4745,0.03744453251554466,496.17932711644886,494.8330110116258,1.346316104823057e-05,False,497.66872610210726
4746,0.03736964345051357,496.17932711644886,494.8330110116258,1.346316104823057e-05,False,497.66872610210726
4747,0.037294904163612544,496.17932711644886,494.8330110116258,1.346316104823057e-05,False,497.66872610210726
4748,0.03722031435528532,496.17932711644886,494.8330110116258,1.346316104823057e-05,False,497.66872610210726
4749,0.03714587372657475,496.17932711644886,494.8330110116258,1.346316104823057e-05,False,497.66872610210726
4750,0.037071581979121596,496.17932711644886,494.8330110116258,1.346316104823057e-05,False,497.66872610210726
4751,0.036997438815163354,496.17932711644886,494.8330110116258,1.346316104823057e-05,False,497.66872610210726
4752,0.03692344393753303,496.17932711644886,494.8330110116258,1.346316104823057e-05,False,497.66872610210726
4753,0.03684959704965796,496.17932711644886,494.8330110116258,1.346316104823057e-05,False,497.66872610210726
4754,0.03677589785555865,496.17932711644886,494.8330110116258,1.346316104823057e-05,False,497.66872610210726
4755,0.036702346059847527,496.17932711644886,494.8330110116258,1.346316104823057e-05,False,497.66872610210726
4756,0.03662894136772783,496.17932711644886,494.8330110116258,1.346316104823057e-05,False,497.66872610210726
4757,0.03655568348499238,496.17932711644886,494.8330110116258,1.346316104823057e-05,False,497.66872610210726
4758,0.036482572118022395,496.17932711644886,494.8330110116258,1.346316104823057e-05,False,497.66872610210726
4759,0.03640960697378635,496.17932711644886,494.8330110116258,1.346316104823057e-05,False,497.66872610210726
4760,0.03633678775983878,496.17932711644886,494.8330110116258,1.346316104823057e-05,False,497.66872610210726
4761,0.0362641141843191,496.17932711644886,494.8330110116258,1.346316104823057e-05,False,497.66872610210726
4762,0.03619158595595046,496.17932711644886,494.8330110116258,1.346316104823057e-05,False,497.66872610210726
4763,0.03611920278403856,496.17932711644886,494.8330110116258,1.346316104823057e-05,False,497.66872610210726
4764,0.036046964378470485,496.17932711644886,494.8330110116258,1.346316104823057e-05,False,497.66872610210726
4765,0.03597487044971354,496.17932711644886,494.8330110116258,1.346316104823057e-05,False,497.66872610210726
4766,0.035902920708814116,496.17932711644886,494.8330110116258,1.346316104823057e-05,False,497.66872610210726
4767,0.035831114867396485,496.17932711644886,494.8330110116258,1.346316104823057e-05,False,497.66872610210726
4768,0.03575945263766169,496.17932711644886,494.8330110116258,1.346316104823057e-05,False,497.66872610210726
4769,0.035687933732386365,496.17932711644886,494.8330110116258,1.346316104823057e-05,False,497.66872610210726
4770,0.03561655786492159,496.17932711644886,494.8330110116258,1.346316104823057e-05,False,497.66872610210726
4771,0.035545324749191747,496.17932711644886,494.8330110116258,1.346316104823057e-05,False,497.66872610210726
4772,0.035474234099693365,496.17932711644886,494.8330110116258,1.346316104823057e-05,False,497.66872610210726
4773,0.035403285631493975,496.17932711644886,494.8330110116258,1.346316104823057e-05,False,497.66872610210726
4774,0.03533247906023099,496.17932711644886,494.8330110116258,1.346316104823057e-05,False,497.66872610210726
4775,0.035261814102110524,496.17932711644886,494.8330110116258,1.346316104823057e-05,False,497.66872610210726
4776,0.0351912904739063,496.17932711644886,494.8330110116258,1.346316104823057e-05,False,497.66872610210726
4777,0.03512090789295849,496.17932711644886,494.8330110116258,1.346316104823057e-05,False,497.66872610210726
4778,0.035050666077172575,496.17932711644886,494.8330110116258,1.346316104823057e-05,False,497.66872610210726
4779,0.034980564745018226,496.17932711644886,494.8330110116258,1.346316104823057e-05,False,497.66872610210726
4780,0.03491060361552819,496.17932711644886,494.8330110116258,1.346316104823057e-05,False,497.66872610210726
4781,0.03484078240829713,496.17932711644886,494.8330110116258,1.346316104823057e-05,False,497.66872610210726
4782,0.03477110084348054,496.17932711644886,494.8330110116258,1.346316104823057e-05,False,497.66872610210726
4783,0.03470155864179358,496.17932711644886,494.8330110116258,1.346316104823057e-05,False,497.66872610210726
4784,0.03463215552450999,496.17932711644886,494.8330110116258,1.346316104823057e-05,False,497.66872610210726
4785,0.03456289121346097,496.17932711644886,494.8330110116258,1.346316104823057e-05,False,497.66872610210726
4786,0.034493765431034044,496.17932711644886,494.8330110116258,1.346316104823057e-05,False,497.66872610210726
4787,0.034424777900171975,496.17932711644886,494.8330110116258,1.346316104823057e-05,False,497.66872610210726
4788,0.03435592834437163,496.17932711644886,494.8330110116258,1.346316104823057e-05,False,497.66872610210726
4789,0.03428721648768289,496.17932711644886,494.8330110116258,1.346316104823057e-05,False,497.66872610210726
4790,0.034218642054707524,496.17932711644886,494.8330110116258,1.346316104823057e-05,False,497.66872610210726
4791,0.03415020477059811,496.17932711644886,494.8330110116258,1.346316104823057e-05,False,497.66872610210726
4792,0.03408190436105692,496.17932711644886,494.8330110116258,1.346316104823057e-05,False,497.66872610210726
4793,0.034013740552334804,496.17932711644886,494.8330110116258,1.346316104823057e-05,False,497.66872610210726
4794,0.033945713071230135,496.17932711644886,494.8330110116258,1.346316104823057e-05,False,497.66872610210726
4795,0.03387782164508767,496.17932711644886,494.8330110116258,1.346316104823057e-05,False,497.66872610210726
4796,0.0338100660017975,496.17932711644886,494.8330110116258,1.346316104823057e-05,False,497.66872610210726
4797,0.033742445869793906,496.17932711644886,494.8330110116258,1.346316104823057e-05,False,497.66872610210726
4798,0.03367496097805432,496.17932711644886,494.8330110116258,1.346316104823057e-05,False,497.66872610210726
4799,0.03360761105609821,496.17932711644886,494.8330110116258,1.346316104823057e-05,False,497.66872610210726
4800,0.03354039583398601,496.17932711644886,494.8330110116258,1.346316104823057e-05,False,497.66872610210726
4801,0.03347331504231804,496.17932711644886,494.8330110116258,1.346316104823057e-05,False,497.66872610210726
4802,0.033406368412233406,496.17932711644886,494.8330110116258,1.346316104823057e-05,False,497.66872610210726
4803,0.03333955567540894,496.17932711644886,494.8330110116258,1.346316104823057e-05,False,497.66872610210726
4804,0.03327287656405812,496.17932711644886,494.8330110116258,1.346316104823057e-05,False,497.66872610210726
4805,0.03320633081093,496.17932711644886,494.8330110116258,1.346316104823057e-05,False,497.66872610210726
4806,0.03313991814930814,496.17932711644886,494.8330110116258,1.346316104823057e-05,False,497.66872610210726
4807,0.033073638313009524,496.17932711644886,494.8330110116258,1.346316104823057e-05,False,497.66872610210726
4808,0.03300749103638351,496.17932711644886,494.8330110116258,1.346316104823057e-05,False,497.66872610210726
4809,0.03294147605431074,496.17932711644886,494.8330110116258,1.346316104823057e-05,False,497.66872610210726
4810,0.032875593102202116,496.17932711644886,494.8330110116258,1.346316104823057e-05,False,497.66872610210726
4811,0.032809841915997714,496.17932711644886,494.8330110116258,1.346316104823057e-05,False,497.66872610210726
4812,0.03274422223216572,496.17932711644886,494.8330110116258,1.346316104823057e-05,False,497.66872610210726
4813,0.03267873378770139,496.17932711644886,494.8330110116258,1.346316104823057e-05,False,497.66872610210726
4814,0.03261337632012599,496.17932711644886,494.8330110116258,1.346316104823057e-05,False,497.66872610210726
4815,0.03254814956748574,496.17932711644886,494.8330110116258,1.346316104823057e-05,False,497.66872610210726
4816,0.03248305326835076,496.17932711644886,494.8330110116258,1.346316104823057e-05,False,497.66872610210726
4817,0.03241808716181406,496.17932711644886,494.8330110116258,1.346316104823057e-05,False,497.66872610210726
4818,0.03235325098749043,496.17932711644886,494.8330110116258,1.346316104823057e-05,False,497.66872610210726
4819,0.03228854448551545,496.17932711644886,494.8330110116258,1.346316104823057e-05,False,497.66872610210726
4820,0.03222396739654442,496.17932711644886,494.8330110116258,1.346316104823057e-05,False,497.66872610210726
4821,0.03215951946175133,496.17932711644886,494.8330110116258,1.346316104823057e-05,False,497.66872610210726
4822,0.032095200422827826,496.17932711644886,494.8330110116258,1.346316104823057e-05,False,497.66872610210726
4823,0.03203101002198217,496.17932711644886,494.8330110116258,1.346316104823057e-05,False,497.66872610210726
4824,0.03196694800193821,496.17932711644886,494.8330110116258,1.346316104823057e-05,False,497.66872610210726
4825,0.03190301410593433,496.17932711644886,494.8330110116258,1.346316104823057e-05,False,497.66872610210726
4826,0.03183920807772246,496.17932711644886,494.8330110116258,1.346316104823057e-05,False,497.66872610210726
4827,0.03177552966156701,496.17932711644886,494.8330110116258,1.346316104823057e-05,False,497.66872610210726
4828,0.03171197860224388,496.17932711644886,494.8330110116258,1.346316104823057e-05,False,497.66872610210726
4829,0.03164855464503939,496.17932711644886,494.8330110116258,1.346316104823057e-05,False,497.66872610210726
4830,0.03158525753574931,496.17932711644886,494.8330110116258,1.346316104823057e-05,False,497.66872610210726
4831,0.03152208702067781,496.17932711644886,494.8330110116258,1.346316104823057e-05,False,497.66872610210726
4832,0.031459042846636455,496.17932711644886,494.8330110116258,1.346316104823057e-05,False,497.66872610210726
4833,0.03139612476094318,496.17932711644886,494.8330110116258,1.346316104823057e-05,False,497.66872610210726
4834,0.03133333251142129,496.17932711644886,494.8330110116258,1.346316104823057e-05,False,497.66872610210726
4835,0.03127066584639845,496.17932711644886,494.8330110116258,1.346316104823057e-05,False,497.66872610210726
4836,0.03120812451470565,496.17932711644886,494.8330110116258,1.346316104823057e-05,False,497.66872610210726
4837,0.03114570826567624,496.17932711644886,494.8330110116258,1.346316104823057e-05,False,497.66872610210726
4838,0.031083416849144885,496.17932711644886,494.8330110116258,1.346316104823057e-05,False,497.66872610210726
4839,0.031021250015446596,496.17932711644886,494.8330110116258,1.346316104823057e-05,False,497.66872610210726
4840,0.030959207515415702,496.17932711644886,494.8330110116258,1.346316104823057e-05,False,497.66872610210726
4841,0.030897289100384872,496.17932711644886,494.8330110116258,1.346316104823057e-05,False,497.66872610210726
4842,0.030835494522184103,496.17932711644886,494.8330110116258,1.346316104823057e-05,False,497.66872610210726
4843,0.030773823533139736,496.17932711644886,494.8330110116258,1.346316104823057e-05,False,497.66872610210726
4844,0.030712275886073455,496.17932711644886,494.8330110116258,1.346316104823057e-05,False,497.66872610210726
4845,0.03065085133430131,496.17932711644886,494.8330110116258,1.346316104823057e-05,False,497.66872610210726
4846,0.030589549631632705,496.17932711644886,494.8330110116258,1.346316104823057e-05,False,497.66872610210726
4847,0.03052837053236944,496.17932711644886,494.8330110116258,1.346316104823057e-05,False,497.66872610210726
4848,0.0304673137913047,496.17932711644886,494.8330110116258,1.346316104823057e-05,False,497.66872610210726
4849,0.030406379163722092,496.17932711644886,494.8330110116258,1.346316104823057e-05,False,497.66872610210726
4850,0.03034556640539465,496.17932711644886,494.8330110116258,1.346316104823057e-05,False,497.66872610210726
4851,0.03028487527258386,496.17932711644886,494.8330110116258,1.346316104823057e-05,False,497.66872610210726
4852,0.030224305522038693,496.17932711644886,494.8330110116258,1.346316104823057e-05,False,497.66872610210726
4853,0.030163856910994616,496.17932711644886,494.8330110116258,1.346316104823057e-05,False,497.66872610210726
4854,0.030103529197172626,496.17932711644886,494.8330110116258,1.346316104823057e-05,False,497.66872610210726
4855,0.03004332213877828,496.17932711644886,494.8330110116258,1.346316104823057e-05,False,497.66872610210726
4856,0.029983235494500726,496.17932711644886,494.8330110116258,1.346316104823057e-05,False,497.66872610210726
4857,0.029923269023511723,496.17932711644886,494.8330110116258,1.346316104823057e-05,False,497.66872610210726
4858,0.0298634224854647,496.17932711644886,494.8330110116258,1.346316104823057e-05,False,497.66872610210726
4859,0.02980369564049377,496.17932711644886,494.8330110116258,1.346316104823057e-05,False,497.66872610210726
4860,0.029744088249212784,496.17932711644886,494.8330110116258,1.346316104823057e-05,False,497.66872610210726
4861,0.029684600072714357,496.17932711644886,494.8330110116258,1.346316104823057e-05,False,497.66872610210726
4862,0.02962523087256893,496.17932711644886,494.8330110116258,1.346316104823057e-05,False,497.66872610210726
4863,0.02956598041082379,496.17932711644886,494.8330110116258,1.346316104823057e-05,False,497.66872610210726
4864,0.029506848450002142,496.17932711644886,494.8330110116258,1.346316104823057e-05,False,497.66872610210726
4865,0.02944783475310214,496.17932711644886,494.8330110116258,1.346316104823057e-05,False,497.66872610210726
4866,0.029388939083595935,496.17932711644886,494.8330110116258,1.346316104823057e-05,False,497.66872610210726
4867,0.029330161205428744,496.17932711644886,494.8330110116258,1.346316104823057e-05,False,497.66872610210726
4868,0.029271500883017887,496.17932711644886,494.8330110116258,1.346316104823057e-05,False,497.66872610210726
4869,0.02921295788125185,496.17932711644886,494.8330110116258,1.346316104823057e-05,False,497.66872610210726
4870,0.029154531965489346,496.17932711644886,494.8330110116258,1.346316104823057e-05,False,497.66872610210726
4871,0.029096222901558368,496.17932711644886,494.8330110116258,1.346316104823057e-05,False,497.66872610210726
4872,0.029038030455755252,496.17932711644886,494.8330110116258,1.346316104823057e-05,False,497.66872610210726
4873,0.028979954394843743,496.17932711644886,494.8330110116258,1.346316104823057e-05,False,497.66872610210726
4874,0.028921994486054054,496.17932711644886,494.8330110116258,1.346316104823057e-05,False,497.66872610210726
4875,0.028864150497081947,496.17932711644886,494.8330110116258,1.346316104823057e-05,False,497.66872610210726
4876,0.028806422196087783,496.17932711644886,494.8330110116258,1.346316104823057e-05,False,497.66872610210726
4877,0.028748809351695607,496.17932711644886,494.8330110116258,1.346316104823057e-05,False,497.66872610210726
4878,0.028691311732992216,496.17932711644886,494.8330110116258,1.346316104823057e-05,False,497.66872610210726
4879,0.02863392910952623,496.17932711644886,494.8330110116258,1.346316104823057e-05,False,497.66872610210726
4880,0.02857666125130718,496.17932711644886,494.8330110116258,1.346316104823057e-05,False,497.66872610210726
4881,0.028519507928804564,496.17932711644886,494.8330110116258,1.346316104823057e-05,False,497.66872610210726
4882,0.028462468912946955,496.17932711644886,494.8330110116258,1.346316104823057e-05,False,497.66872610210726
4883,0.028405543975121062,496.17932711644886,494.8330110116258,1.346316104823057e-05,False,497.66872610210726
4884,0.02834873288717082,496.17932711644886,494.8330110116258,1.346316104823057e-05,False,497.66872610210726
4885,0.02829203542139648,496.17932711644886,494.8330110116258,1.346316104823057e-05,False,497.66872610210726
4886,0.02823545135055369,496.17932711644886,494.8330110116258,1.346316104823057e-05,False,497.66872610210726
4887,0.02817898044785258,496.17932711644886,494.8330110116258,1.346316104823057e-05,False,497.66872610210726
4888,0.028122622486956874,496.17932711644886,494.8330110116258,1.346316104823057e-05,False,497.66872610210726
4889,0.02806637724198296,496.17932711644886,494.8330110116258,1.346316104823057e-05,False,497.66872610210726
4890,0.028010244487498996,496.17932711644886,494.8330110116258,1.346316104823057e-05,False,497.66872610210726
4891,0.027954223998523996,496.17932711644886,494.8330110116258,1.346316104823057e-05,False,497.66872610210726
4892,0.027898315550526947,496.17932711644886,494.8330110116258,1.346316104823057e-05,False,497.66872610210726
4893,0.027842518919425893,496.17932711644886,494.8330110116258,1.346316104823057e-05,False,497.66872610210726
4894,0.02778683388158704,496.17932711644886,494.8330110116258,1.346316104823057e-05,False,497.66872610210726
4895,0.027731260213823865,496.17932711644886,494.8330110116258,1.346316104823057e-05,False,497.66872610210726
4896,0.027675797693396217,496.17932711644886,494.8330110116258,1.346316104823057e-05,False,497.66872610210726
4897,0.027620446098009423,496.17932711644886,494.8330110116258,1.346316104823057e-05,False,497.66872610210726
4898,0.027565205205813403,496.17932711644886,494.8330110116258,1.346316104823057e-05,False,497.66872610210726
4899,0.027510074795401778,496.17932711644886,494.8330110116258,1.346316104823057e-05,False,497.66872610210726
4900,0.027455054645810974,496.17932711644886,494.8330110116258,1.346316104823057e-05,False,497.66872610210726
4901,0.02740014453651935,496.17932711644886,494.8330110116258,1.346316104823057e-05,False,497.66872610210726
4902,0.027345344247446314,496.17932711644886,494.8330110116258,1.346316104823057e-05,False,497.66872610210726
4903,0.02729065355895142,496.17932711644886,494.8330110116258,1.346316104823057e-05,False,497.66872610210726
4904,0.02723607225183352,496.17932711644886,494.8330110116258,1.346316104823057e-05,False,497.66872610210726
4905,0.027181600107329854,496.17932711644886,494.8330110116258,1.346316104823057e-05,False,497.66872610210726
4906,0.027127236907115194,496.17932711644886,494.8330110116258,1.346316104823057e-05,False,497.66872610210726
4907,0.027072982433300963,496.17932711644886,494.8330110116258,1.346316104823057e-05,False,497.66872610210726
4908,0.02701883646843436,496.17932711644886,494.8330110116258,1.346316104823057e-05,False,497.66872610210726
4909,0.026964798795497492,496.17932711644886,494.8330110116258,1.346316104823057e-05,False,497.66872610210726
4910,0.026910869197906497,496.17932711644886,494.8330110116258,1.346316104823057e-05,False,497.66872610210726
4911,0.026857047459510685,496.17932711644886,494.8330110116258,1.346316104823057e-05,False,497.66872610210726
4912,0.026803333364591665,496.17932711644886,494.8330110116258,1.346316104823057e-05,False,497.66872610210726
4913,0.02674972669786248,496.17932711644886,494.8330110116258,1.346316104823057e-05,False,497.66872610210726
4914,0.026696227244466755,496.17932711644886,494.8330110116258,1.346316104823057e-05,False,497.66872610210726
4915,0.026642834789977823,496.17932711644886,494.8330110116258,1.346316104823057e-05,False,497.66872610210726
4916,0.02658954912039787,496.17932711644886,494.8330110116258,1.346316104823057e-05,False,497.66872610210726
4917,0.026536370022157075,496.17932711644886,494.8330110116258,1.346316104823057e-05,False,497.66872610210726
4918,0.02648329728211276,496.17932711644886,494.8330110116258,1.346316104823057e-05,False,497.66872610210726
4919,0.026430330687548534,496.17932711644886,494.8330110116258,1.346316104823057e-05,False,497.66872610210726
4920,0.026377470026173435,496.17932711644886,494.8330110116258,1.346316104823057e-05,False,497.66872610210726
4921,0.026324715086121088,496.17932711644886,494.8330110116258,1.346316104823057e-05,False,497.66872610210726
4922,0.026272065655948845,496.17932711644886,494.8330110116258,1.346316104823057e-05,False,497.66872610210726
4923,0.026219521524636948,496.17932711644886,494.8330110116258,1.346316104823057e-05,False,497.66872610210726
4924,0.026167082481587674,496.17932711644886,494.8330110116258,1.346316104823057e-05,False,497.66872610210726
4925,0.026114748316624498,496.17932711644886,494.8330110116258,1.346316104823057e-05,False,497.66872610210726
4926,0.02606251881999125,496.17932711644886,494.8330110116258,1.346316104823057e-05,False,497.66872610210726
4927,0.026010393782351267,496.17932711644886,494.8330110116258,1.346316104823057e-05,False,497.66872610210726
4928,0.025958372994786563,496.17932711644886,494.8330110116258,1.346316104823057e-05,False,497.66872610210726
4929,0.025906456248796988,496.17932711644886,494.8330110116258,1.346316104823057e-05,False,497.66872610210726
4930,0.025854643336299395,496.17932711644886,494.8330110116258,1.346316104823057e-05,False,497.66872610210726
4931,0.025802934049626795,496.17932711644886,494.8330110116258,1.346316104823057e-05,False,497.66872610210726
4932,0.025751328181527543,496.17932711644886,494.8330110116258,1.346316104823057e-05,False,497.66872610210726
4933,0.025699825525164487,496.17932711644886,494.8330110116258,1.346316104823057e-05,False,497.66872610210726
4934,0.02564842587411416,496.17932711644886,494.8330110116258,1.346316104823057e-05,False,497.66872610210726
4935,0.025597129022365932,496.17932711644886,494.8330110116258,1.346316104823057e-05,False,497.66872610210726
4936,0.0255459347643212,496.17932711644886,494.8330110116258,1.346316104823057e-05,False,497.66872610210726
4937,0.025494842894792556,496.17932711644886,494.8330110116258,1.346316104823057e-05,False,497.66872610210726
4938,0.02544385320900297,496.17932711644886,494.8330110116258,1.346316104823057e-05,False,497.66872610210726
4939,0.025392965502584963,496.17932711644886,494.8330110116258,1.346316104823057e-05,False,497.66872610210726
4940,0.025342179571579793,496.17932711644886,494.8330110116258,1.346316104823057e-05,False,497.66872610210726
4941,0.025291495212436635,496.17932711644886,494.8330110116258,1.346316104823057e-05,False,497.66872610210726
4942,0.02524091222201176,496.17932711644886,494.8330110116258,1.346316104823057e-05,False,497.66872610210726
4943,0.025190430397567735,496.17932711644886,494.8330110116258,1.346316104823057e-05,False,497.66872610210726
4944,0.0251400495367726,496.17932711644886,494.8330110116258,1.346316104823057e-05,False,497.66872610210726
4945,0.025089769437699055,496.17932711644886,494.8330110116258,1.346316104823057e-05,False,497.66872610210726
4946,0.02503958989882366,496.17932711644886,494.8330110116258,1.346316104823057e-05,False,497.66872610210726
4947,0.024989510719026012,496.17932711644886,494.8330110116258,1.346316104823057e-05,False,497.66872610210726
4948,0.02493953169758796,496.17932711644886,494.8330110116258,1.346316104823057e-05,False,497.66872610210726
4949,0.024889652634192783,496.17932711644886,494.8330110116258,1.346316104823057e-05,False,497.66872610210726
4950,0.024839873328924397,496.17932711644886,494.8330110116258,1.346316104823057e-05,False,497.66872610210726
4951,0.024790193582266546,496.17932711644886,494.8330110116258,1.346316104823057e-05,False,497.66872610210726
4952,0.024740613195102013,496.17932711644886,494.8330110116258,1.346316104823057e-05,False,497.66872610210726
4953,0.024691131968711807,496.17932711644886,494.8330110116258,1.346316104823057e-05,False,497.66872610210726
4954,0.024641749704774382,496.17932711644886,494.8330110116258,1.346316104823057e-05,False,497.66872610210726
4955,0.024592466205364833,496.17932711644886,494.8330110116258,1.346316104823057e-05,False,497.66872610210726
4956,0.024543281272954104,496.17932711644886,494.8330110116258,1.346316104823057e-05,False,497.66872610210726
4957,0.024494194710408194,496.17932711644886,494.8330110116258,1.346316104823057e-05,False,497.66872610210726
4958,0.02444520632098738,496.17932711644886,494.8330110116258,1.346316104823057e-05,False,497.66872610210726
4959,0.024396315908345404,496.17932711644886,494.8330110116258,1.346316104823057e-05,False,497.66872610210726
4960,0.024347523276528713,496.17932711644886,494.8330110116258,1.346316104823057e-05,False,497.66872610210726
4961,0.024298828229975655,496.17932711644886,494.8330110116258,1.346316104823057e-05,False,497.66872610210726
4962,0.024250230573515705,496.17932711644886,494.8330110116258,1.346316104823057e-05,False,497.66872610210726
4963,0.024201730112368675,496.17932711644886,494.8330110116258,1.346316104823057e-05,False,497.66872610210726
4964,0.02415332665214394,496.17932711644886,494.8330110116258,1.346316104823057e-05,False,497.66872610210726
4965,0.02410501999883965,496.17932711644886,494.8330110116258,1.346316104823057e-05,False,497.66872610210726
4966,0.024056809958841973,496.17932711644886,494.8330110116258,1.346316104823057e-05,False,497.66872610210726
4967,0.024008696338924287,496.17932711644886,494.8330110116258,1.346316104823057e-05,False,497.66872610210726
4968,0.023960678946246438,496.17932711644886,494.8330110116258,1.346316104823057e-05,False,497.66872610210726
4969,0.023912757588353945,496.17932711644886,494.8330110116258,1.346316104823057e-05,False,497.66872610210726
4970,0.023864932073177237,496.17932711644886,494.8330110116258,1.346316104823057e-05,False,497.66872610210726
4971,0.023817202209030882,496.17932711644886,494.8330110116258,1.346316104823057e-05,False,497.66872610210726
4972,0.02376956780461282,496.17932711644886,494.8330110116258,1.346316104823057e-05,False,497.66872610210726
4973,0.023722028669003595,496.17932711644886,494.8330110116258,1.346316104823057e-05,False,497.66872610210726
4974,0.023674584611665588,496.17932711644886,494.8330110116258,1.346316104823057e-05,False,497.66872610210726
4975,0.023627235442442256,496.17932711644886,494.8330110116258,1.346316104823057e-05,False,497.66872610210726
4976,0.023579980971557373,496.17932711644886,494.8330110116258,1.346316104823057e-05,False,497.66872610210726
4977,0.02353282100961426,496.17932711644886,494.8330110116258,1.346316104823057e-05,False,497.66872610210726
4978,0.02348575536759503,496.17932711644886,494.8330110116258,1.346316104823057e-05,False,497.66872610210726
4979,0.02343878385685984,496.17932711644886,494.8330110116258,1.346316104823057e-05,False,497.66872610210726
4980,0.02339190628914612,496.17932711644886,494.8330110116258,1.346316104823057e-05,False,497.66872610210726
4981,0.02334512247656783,496.17932711644886,494.8330110116258,1.346316104823057e-05,False,497.66872610210726
4982,0.023298432231614694,496.17932711644886,494.8330110116258,1.346316104823057e-05,False,497.66872610210726
4983,0.023251835367151464,496.17932711644886,494.8330110116258,1.346316104823057e-05,False,497.66872610210726
4984,0.023205331696417163,496.17932711644886,494.8330110116258,1.346316104823057e-05,False,497.66872610210726
4985,0.02315892103302433,496.17932711644886,494.8330110116258,1.346316104823057e-05,False,497.66872610210726
4986,0.02311260319095828,496.17932711644886,494.8330110116258,1.346316104823057e-05,False,497.66872610210726
4987,0.023066377984576364,496.17932711644886,494.8330110116258,1.346316104823057e-05,False,497.66872610210726
4988,0.02302024522860721,496.17932711644886,494.8330110116258,1.346316104823057e-05,False,497.66872610210726
4989,0.022974204738149998,496.17932711644886,494.8330110116258,1.346316104823057e-05,False,497.66872610210726
4990,0.022928256328673697,496.17932711644886,494.8330110116258,1.346316104823057e-05,False,497.66872610210726
4991,0.02288239981601635,496.17932711644886,494.8330110116258,1.346316104823057e-05,False,497.66872610210726
4992,0.022836635016384315,496.17932711644886,494.8330110116258,1.346316104823057e-05,False,497.66872610210726
4993,0.022790961746351545,496.17932711644886,494.8330110116258,1.346316104823057e-05,False,497.66872610210726
4994,0.022745379822858843,496.17932711644886,494.8330110116258,1.346316104823057e-05,False,497.66872610210726
4995,0.022699889063213127,496.17932711644886,494.8330110116258,1.346316104823057e-05,False,497.66872610210726
4996,0.0226544892850867,496.17932711644886,494.8330110116258,1.346316104823057e-05,False,497.66872610210726
4997,0.022609180306516527,496.17932711644886,494.8330110116258,1.346316104823057e-05,False,497.66872610210726
4998,0.022563961945903495,496.17932711644886,494.8330110116258,1.346316104823057e-05,False,497.66872610210726
4999,0.02251883402201169,496.17932711644886,494.8330110116258,1.346316104823057e-05,False,497.66872610210726
